B,1,33473547.35,3058867.741
C,2,33473439.26,3059069.005
B,3,33473832.96,3059281.053
B,4,33474083.22,3059457.01
D,5,33474129.65,3059811.87
B,6,33474473.37,3059958.419
D,7,33474386.98,3060215.306
D,8,33474682.42,3060563.177
D,9,33474979.84,3060937.456
D,10,33475327.23,3061187.98
D,11,33475319.16,3061676.316
C,12,33475769.91,3061507.66
D,13,33476341.45,3061907.325
D,14,33475741.12,3062114.879
D,15,33476671.91,3062381.359
D,16,33477254.62,3062446.554
D,17,33477662.65,3062712.807
D,18,33477994.9,3062927.465
D,19,33478263.12,3063127.604
D,20,33478593.36,3063490.508
E,21,33470188.81,3050810.258
F,22,33469814.27,3050852.504
E,23,33469346.6,3050828.545
E,24,33468946.56,3051150.069
E,25,33469700.33,3051198.973
F,26,33470509.22,3051742.595
E,27,33468768.61,3051586.955
E,28,33470241.81,3051381.686
F,29,33469686,3051697.139
F,30,33469879.14,3052031.501
F,31,33469846.9,3052184.759
E,32,33468699.91,3051931.38
F,33,33471121.11,3052115.941
E,34,33470680.42,3052066.478
E,35,33470876.08,3051491.117
F,36,33471890.69,3052057.595
E,37,33468511.87,3052256.131
F,38,33471368.81,3051979.4
E,39,33473999.75,3052634.657
F,40,33473550,3052521.92
F,41,33471950.65,3052584.542
E,42,33468502.33,3052606.541
E,43,33468999.42,3052565.807
F,44,33472819.11,3052489.136
E,45,33468228.92,3052733.328
E,46,33470262.97,3052667.271
F,47,33470635.25,3052686.112
F,48,33474279.61,3052922.866
F,49,33471066.94,3052646.39
F,50,33469810.47,3052621.198
E,51,33469496.38,3052420.548
F,52,33471932.5,3052949.441
F,53,33469278.55,3052147.312
F,54,33473218.57,3052568.318
F,55,33473750.85,3052990.606
F,56,33472639.47,3053050.252
E,57,33468108.18,3053037.578
F,58,33472969.71,3052988.001
F,59,33469074.48,3053106.658
E,60,33468983.76,3053269.177
F,61,33472189.83,3053336.139
E,62,33468819.71,3053412.977
E,63,33467807.38,3053360.698
F,64,33470325.88,3053437.203
F,65,33471538.64,3053437.087
G,66,33474501.39,3053361.67
F,67,33472617.11,3053665.784
F,68,33472166.94,3053680.255
F,69,33470997.95,3053404.228
F,70,33470533.33,3053314.727
F,71,33472947.34,3053689.123
F,72,33470608.22,3053811.116
F,73,33473274.52,3053700.892
E,74,33468261.02,3053674.154
F,75,33473476.18,3053679.982
F,76,33470066.21,3053534.348
G,77,33473834.33,3053500.43
F,78,33472072.9,3053880.434
F,79,33469728.1,3053642.734
D,80,33475317.05,3053865.853
F,81,33469128.13,3053875.978
F,82,33468004.64,3054057.151
G,83,33473381.52,3054108.876
F,84,33468788.56,3054064.901
E,85,33467354.69,3053563.235
G,86,33470664.66,3054104.799
D,87,33474228.42,3053973.039
D,88,33474792.59,3053909.408
F,89,33472114.33,3054133.866
F,90,33472636.5,3054154.906
G,91,33469827.57,3054280.844
G,92,33473881.1,3054426.479
E,93,33468337.4,3054447.636
D,94,33479101.97,3054670.317
G,95,33473295.73,3054598.6
D,96,33474264.45,3054661.287
E,97,33468692.86,3054676.899
F,98,33469342.7,3054557.705
D,99,33475483.7,3054414.581
G,100,33472245.05,3054632.694
D,101,33478676.71,3054747.79
G,102,33470437.87,3054423.927
G,103,33470326.94,3054785.732
G,104,33472850.62,3054748.039
G,105,33471162.87,3054272.746
B,106,33478344.42,3054879.43
F,107,33469713.98,3054844.553
H,108,33471651.88,3054569.931
D,109,33475890.97,3054657.626
D,110,33479337.31,3054981.306
D,111,33474574.46,3054854.801
E,112,33468936.29,3055048.078
G,113,33471279.78,3054661.99
C,114,33478895.45,3055041.959
F,115,33469940.06,3055100.637
D,116,33475009.06,3054820.155
I,117,33478005.7,3055150.576
H,118,33471821.86,3055040.63
G,119,33470475.43,3055181.563
C,120,33476564.69,3055286.41
D,121,33476160.15,3054989.492
D,122,33473868.68,3055102.422
C,123,33478623.55,3055227.629
C,124,33479055.92,3055238.602
H,125,33472652.76,3055123.625
D,126,33475199.35,3055180.646
D,127,33471960.88,3055311.306
H,128,33472507.12,3055297.987
C,129,33477673.09,3055380.855
D,130,33473055.75,3055155.605
C,131,33471028.16,3055510.047
F,132,33469898.58,3055459.032
I,133,33476803.12,3055531.628
D,134,33478567.91,3055450.565
H,135,33471414.77,3055260.855
B,136,33475862.93,3055608.274
H,137,33472552.1,3055593.252
J,138,33479797.3,3055639.944
H,139,33471898.62,3055588.46
J,140,33479474.97,3055499.744
D,141,33475284.83,3055502.831
F,142,33469265.15,3055451.968
D,143,33473635.42,3055557.041
J,144,33484165.5,3055608.725
C,145,33477746.11,3055781.341
D,146,33476122.07,3055807.1
D,147,33476236.11,3055482.997
C,148,33473305.63,3055265.963
G,149,33470580.72,3055525.107
J,150,33476654.46,3055771.452
H,151,33471848.22,3055777.345
D,152,33474136.03,3055373.872
D,153,33475409,3055814.695
J,154,33480136.89,3055764.503
B,155,33477450.1,3055824.53
I,156,33476535.03,3055818.003
B,157,33476013.14,3055931.831
J,158,33477843.66,3056137.361
H,159,33472489.66,3055961.615
D,160,33478528.75,3055799.024
B,161,33476498.27,3055968.404
C,162,33470997.08,3055832.809
G,163,33469984.41,3055850.159
C,164,33479321.55,3055989.336
I,165,33476403.69,3056124.188
D,166,33474325.95,3055736.53
D,167,33472624.72,3055893.016
C,168,33479661.43,3055928.755
I,169,33477321.94,3056208.09
B,170,33478096.82,3055830.648
D,171,33473105.52,3056057.55
H,172,33471757.71,3056066.252
C,173,33470990.38,3056138.599
D,174,33475512.29,3056382.318
C,175,33477168.48,3056340.509
D,176,33473801.12,3055985.191
D,177,33484004.28,3056170.973
D,178,33483595.4,3055997.047
G,179,33470366.11,3056092.603
B,180,33475596.24,3056161.13
H,181,33478849.57,3056076.094
H,182,33472375.84,3056198.391
I,183,33476024.19,3056306.624
D,184,33474652.95,3056088.378
C,185,33480032.89,3056191.98
D,186,33484848.81,3056197.269
I,187,33475568.8,3056502.762
J,188,33480551.5,3056184.175
D,189,33484155.12,3056395.783
C,190,33472839.53,3056402.33
C,191,33473286.09,3055970.658
H,192,33479064.17,3056272.447
G,193,33470513.57,3056469.766
C,194,33473511.62,3056248.887
D,195,33482980.01,3056281.656
C,196,33480340.55,3056399.874
D,197,33478509.11,3056389.214
F,198,33489883.96,3056036.857
C,199,33476966.12,3056646.364
D,200,33474754.62,3056442.526
C,201,33471325.12,3056486.51
J,202,33477764.96,3056584.288
H,203,33471939.9,3056436.185
C,204,33478118.35,3056390.921
D,205,33485763.45,3056500.708
H,206,33472213.24,3056516.948
H,207,33479336.83,3056483.396
C,208,33478018.3,3056653.117
D,209,33475114.35,3056523.803
D,210,33473195.23,3056653.65
D,211,33471634.61,3056791.723
E,212,33490236.32,3056061.461
I,213,33476055.68,3056870.515
C,214,33480380.52,3056798.886
C,215,33472424.09,3056767.348
D,216,33473483.9,3056739.374
D,217,33486770.55,3056779.4
D,218,33486372.07,3056700.577
D,219,33474189.57,3056574.318
D,220,33473105.26,3056971.452
F,221,33469766.25,3056321.372
I,222,33475582.09,3056943.081
C,223,33476831.1,3056959.924
H,224,33479669.73,3056693.575
C,225,33477251.6,3056936.546
C,226,33478765.19,3056955.434
G,227,33470840.74,3056791.406
D,228,33484688.8,3056785.518
D,229,33485269.55,3056668.439
C,230,33477638.05,3056889.684
G,231,33483276.93,3056866.504
H,232,33479929.89,3056953.874
F,233,33489253.92,3056673.494
C,234,33478446.94,3056751.889
C,235,33477307.96,3057145.366
D,236,33473304.01,3057179.738
C,237,33478045.6,3056981.487
D,238,33480683.48,3056758.712
B,239,33473030.93,3057191.922
F,240,33489584.59,3056576.226
D,241,33484343.8,3057005.507
G,242,33470457.52,3056989.799
F,243,33490151.57,3056975.345
G,244,33489014.38,3057065.514
D,245,33487454.39,3056976.532
D,246,33474622.32,3056982.555
C,247,33472449.4,3057160.418
D,248,33483852.89,3056927.385
D,249,33472838.47,3056913.015
D,250,33475123.2,3057021.69
C,251,33477774.96,3057233.297
C,252,33480650.58,3057171.386
C,253,33473726.15,3056832.49
D,254,33473808.53,3057052.356
J,255,33478545.14,3057295.744
B,256,33473281.87,3057381.961
C,257,33485931.33,3057205.715
C,258,33477206.28,3057328.759
D,259,33481723.14,3057147.848
C,260,33471899.9,3057129.822
G,261,33482488.87,3057300.216
D,262,33471206.95,3057155.239
J,263,33475508.85,3057312.885
C,264,33476884.62,3057457.072
G,265,33483451.86,3057304.465
J,266,33480573.65,3057360.619
D,267,33487080.25,3057182.953
G,268,33486563.28,3057264.718
D,269,33488503.9,3057322.886
E,270,33483009,3057113.134
D,271,33479157.89,3057001.469
G,272,33470279.29,3057283.422
H,273,33480131.5,3057340.137
C,274,33478921.14,3057296.031
D,275,33478241.4,3057473.099
B,276,33474776.75,3057559.948
J,277,33479368.71,3057594.684
F,278,33490478.92,3057445.917
J,279,33479100.11,3057455.744
G,280,33485060.69,3057449.202
G,281,33489077.63,3057562.934
D,282,33470947.14,3057511.429
G,283,33485927.9,3057690.561
C,284,33471781.15,3057503.244
H,285,33479851.03,3057605.997
G,286,33484449.11,3057520.317
K,287,33478645.78,3057426.741
C,288,33477809.17,3057636.434
D,289,33476775.33,3057668.193
C,290,33474341.54,3057772.111
D,291,33478574.68,3057773.361
C,292,33470726.98,3057758.245
F,293,33489687.67,3057678.018
G,294,33488315.89,3057752.339
D,295,33472324.92,3057714.697
B,296,33474263.16,3057940.113
D,297,33478460.36,3057948.634
D,298,33481421.29,3057513.321
D,299,33471590.32,3057797.106
D,300,33487786.39,3057571.009
D,301,33473149.03,3057688.472
B,302,33475363.13,3057933.522
F,303,33482844.12,3057679.806
B,304,33476348.42,3057835.234
G,305,33487020.6,3057815.855
G,306,33483512.36,3057788.049
B,307,33475073.14,3057875.565
C,308,33474041.97,3057991.211
J,309,33477183.57,3057925.301
C,310,33479204.37,3057917.7
J,311,33480737.27,3057787.74
C,312,33478001.64,3058043.549
D,313,33480119.09,3057928.05
J,314,33481092.28,3058058.95
F,315,33485653.22,3058081.843
G,316,33487402.26,3057975.721
B,317,33487750.24,3058164.738
E,318,33483432.69,3058014.268
E,319,33491156.18,3057828.613
D,320,33482343.04,3057831.504
J,321,33477418.45,3058156.851
G,322,33483995.41,3057912.838
D,323,33471577.91,3058133.311
F,324,33485124.57,3058066.207
D,325,33476585.14,3058271.695
C,326,33475916.47,3058283.07
D,327,33487340.87,3058402.726
F,328,33490124.78,3057982.472
H,329,33481014.71,3058388.176
F,330,33486036.64,3058111.474
J,331,33474873.77,3058259.978
D,332,33481826.73,3058097.721
F,333,33484525.78,3058157.258
B,334,33474113.56,3058377.454
C,335,33473769.11,3058307.63
D,336,33474574.67,3058418.771
F,337,33490809.34,3058134.058
C,338,33471164,3058285.339
J,339,33477757.47,3058374.576
F,340,33489023.01,3058118.338
D,341,33479735.94,3058317.417
D,342,33480430.87,3058284.813
D,343,33472864.89,3058194.528
G,344,33488622.46,3058396.239
D,345,33479288.81,3058299.472
F,346,33489604.85,3058355.146
F,347,33483216.5,3058350.673
D,348,33472444,3058376.271
E,349,33487092.46,3058438.846
E,350,33484870.67,3058587.813
D,351,33472122.56,3058550.714
G,352,33481519.41,3058526.798
D,353,33476871.01,3058535.399
J,354,33475309.62,3058624.011
D,355,33478619.58,3058392.318
E,356,33486132.19,3058452.324
D,357,33479966.14,3058609.128
F,358,33483940.33,3058625.357
D,359,33477791.23,3058629.481
E,360,33491267.1,3058572.837
D,361,33476240.14,3058598.756
D,362,33482570.97,3058503.645
J,363,33476055.56,3058388.952
G,364,33482995.04,3058756.19
D,365,33471654.91,3058753.492
D,366,33477157.22,3058815.74
E,367,33485405.17,3058719.465
G,368,33481191.27,3058748.438
D,369,33480764.29,3058780.81
D,370,33472409.69,3058945.444
D,371,33478231.94,3058755.596
H,372,33478979.6,3058754.024
G,373,33488164.41,3058485.001
D,374,33474055.43,3058794.916
D,375,33482147.77,3058676.406
D,376,33480355.67,3058891.256
E,377,33484488.13,3058961.479
F,378,33490506.87,3058662.887
D,379,33475955.6,3058971.608
D,380,33477143.36,3059086.212
E,381,33486698.83,3058879.473
D,382,33479657.72,3058973.283
F,383,33489537.41,3058939.176
F,384,33490243.19,3058930.873
G,385,33481748.45,3059006.664
F,386,33487187.51,3058873.513
D,387,33476483.84,3059171.107
G,388,33488861.37,3058974.777
H,389,33479154.95,3059107.918
F,390,33487806.85,3058735.123
D,391,33477785.72,3059098.628
F,392,33486201.02,3059040.542
D,393,33478601.26,3059104.036
F,394,33487256.56,3059366.937
D,395,33474816.26,3059045.887
F,396,33483646.74,3059171.778
G,397,33481858.09,3059309.376
G,398,33482868.4,3059194.082
G,399,33481365.52,3059226.737
H,400,33476038.16,3059282.369
E,401,33484909.23,3059276.496
C,402,33478225.24,3059165.649
G,403,33488263.2,3059135.752
G,404,33480980.13,3059348.814
H,405,33479406.07,3059410
D,406,33476904.27,3059429.43
F,407,33489328.62,3059361.309
F,408,33486705.88,3059506.286
G,409,33481822.86,3059547.863
D,410,33477362.92,3059371.518
E,411,33490754.3,3059267.896
F,412,33489881.29,3059068.463
F,413,33483977.94,3059537.479
E,414,33485828.37,3059386.011
H,415,33475893.44,3059467.78
F,416,33487863.84,3059580.404
D,417,33475003.47,3059550.985
G,418,33482125.01,3059668.043
C,419,33478301.48,3059641.495
E,420,33489932.12,3059682.708
D,421,33477585.28,3059619.777
D,422,33474357.35,3059460.633
E,423,33486233.58,3059865.255
F,424,33489108.35,3059847.908
G,425,33483046.24,3059679.149
D,426,33477737.68,3059898.269
D,427,33478192.74,3059911.062
G,428,33480871.03,3059778.875
G,429,33481588.63,3059885.752
G,430,33480457.39,3059891.255
F,431,33487063.58,3059855.001
E,432,33490280.74,3059729.08
G,433,33476973.04,3059861.468
E,434,33484907.72,3059810.482
G,435,33480188.44,3059687.58
H,436,33479165.07,3059844.247
G,437,33482060.09,3060009.07
F,438,33484383.64,3059921.661
D,439,33475591.53,3059908.422
G,440,33488394.11,3059638.991
G,441,33479610.76,3059889.844
D,442,33475221.32,3059831.843
F,443,33481152.85,3060090.744
G,444,33476614.68,3060029.911
F,445,33483853.25,3060172.141
G,446,33488640.88,3059756.079
F,447,33482493.72,3060051.643
G,448,33487892.79,3060133.444
E,449,33489759.93,3060141.758
G,450,33483355.09,3060108.582
G,451,33479066.17,3060141.153
G,452,33476902.46,3060307.783
H,453,33477649.51,3060259.646
F,454,33489047.37,3060295.229
F,455,33482769.82,3060380.502
F,456,33481488.49,3060227.102
H,457,33478470.51,3060410.327
H,458,33478105.12,3060383.736
D,459,33475393.83,3060332.005
F,460,33484542.26,3060492.22
F,461,33481011.05,3060464.247
G,462,33477366.3,3060562.373
E,463,33485250.31,3060457.929
D,464,33476279.08,3060505.111
F,465,33483695.58,3060588.318
E,466,33487030.15,3060379.084
D,467,33489270.4,3060628.881
D,468,33475843.16,3060321.052
F,469,33488720.18,3060708.923
D,470,33476063.42,3060420.742
F,471,33487200.02,3060610.285
F,472,33480909.43,3060907.562
G,473,33478969.37,3060613.084
F,474,33479601.42,3060681.961
E,475,33486311.28,3060535.001
E,476,33480065.03,3060733.198
F,477,33484846.72,3060837.524
F,478,33480326.61,3060606.969
F,479,33483206.5,3060741.458
D,480,33476710.52,3060703.391
F,481,33482946.9,3060855.773
E,482,33489795.2,3060752.815
F,483,33482376.95,3060817.845
F,484,33483988.74,3060858.685
G,485,33477636.85,3060896.791
E,486,33485803.05,3061054.659
G,487,33488062.2,3060870.871
G,488,33478838.87,3061079.426
F,489,33479572.25,3061158.423
E,490,33483057.31,3061266.005
F,491,33488544.98,3061104.964
D,492,33476228.43,3061059.264
D,493,33476869.69,3061043.534
E,494,33485377.64,3061153.056
G,495,33477867.39,3061058.571
D,496,33477001.57,3061285.936
F,497,33484176.36,3061194.093
G,498,33478221.98,3061164.489
F,499,33487251.06,3061237.401
F,500,33483460,3061349.461
F,501,33479819.93,3061449.045
F,502,33484939.72,3061311.571
E,503,33481604.4,3061010.455
F,504,33488455.22,3061469.012
G,505,33478865.53,3061491.193
F,506,33484267.23,3061547.421
E,507,33481208.92,3061434.077
E,508,33483253.49,3061689.136
E,509,33482135.63,3061284.507
F,510,33487645.37,3061063.056
E,511,33480284.24,3061404.529
E,512,33485653.6,3061676.421
E,513,33480724.13,3061742.355
E,514,33486166.07,3061514.561
E,515,33486821.67,3061567.358
D,516,33476998.16,3061658.603
E,517,33489143.55,3061383.411
F,518,33482921.81,3061925.005
E,519,33482443.01,3061621.97
G,520,33478948.15,3061847.504
D,521,33477410.49,3061951.376
D,522,33478000.52,3061808.433
F,523,33484157.54,3062071.646
F,524,33481071.51,3062150.934
F,525,33479934.2,3061985.754
F,526,33480321.72,3062222.861
F,527,33487986.11,3061934.256
E,528,33482354.56,3062058.113
D,529,33478134.52,3062169.72
G,530,33479233.31,3062137.227
F,531,33475874.29,3062487.718
E,532,33485730.26,3062524.615
F,533,33487215.12,3062357.049
E,534,33486301.38,3062224.602
D,535,33478423.7,3062509.38
F,536,33483583.37,3062254.347
E,537,33482534.59,3062407.046
F,538,33484266.64,3062710.24
F,539,33479736.86,3062720.711
F,540,33481402.65,3062738.32
E,541,33488322.58,3062523.951
F,542,33480670.92,3062661.753
G,543,33479397.35,3062555.649
F,544,33476452.92,3062784.823
F,545,33484751.65,3062193.4
D,546,33478831.7,3063022.862
D,547,33478675.45,3062781.433
F,548,33480093.03,3062865.942
E,549,33485010.32,3062900.395
E,550,33485568.65,3063078.4
E,551,33481670.48,3062542.372
F,552,33484076.16,3063062.787
E,553,33487755.58,3062934.429
E,554,33482590.15,3062906.61
G,555,33479532.04,3063226.22
F,556,33476754.93,3063108.261
F,557,33481244.58,3063205.483
G,558,33480435.99,3063275.073
E,559,33487106.57,3063088.844
D,560,33479502.17,3063564.457
E,561,33486924.97,3063466.806
E,562,33486279.21,3063466.147
F,563,33478260.98,3063756.184
D,564,33478988.63,3063497.59
G,565,33480049.41,3063703.31
F,566,33481574.97,3063697.35
F,567,33477152.96,3063468.477
F,568,33477571.76,3063324.824
F,569,33478712.18,3063927.348
F,570,33480986.79,3063827.499
F,571,33477850.37,3063680.687
E,572,33484593.91,3063966.511
E,573,33482874.03,3063368.83
F,574,33483964.77,3064125.865
F,575,33484165.38,3063874.747
E,576,33483390.41,3063856.136
F,577,33479829.55,3064049.014
E,578,33486716.05,3063980.87
F,579,33477840.47,3064217.223
E,580,33482563.03,3064262.591
F,581,33480268.82,3064157.306
E,582,33481787.74,3064168.661
F,583,33481266.71,3064294.209
F,584,33478125.7,3064381.747
E,585,33485881.99,3064001.617
E,586,33484833.28,3064474.503
F,587,33479305.92,3064423.731
F,588,33480388.92,3064520.158
E,589,33483100.39,3064572.826
F,590,33478709.22,3064382.191
F,591,33478765.05,3064738.2
F,592,33478981.66,3064664.412
F,593,33479435.96,3064855.606
E,594,33483753.25,3064785.563
F,595,33480847.83,3064764.2
E,596,33481385.49,3064819.354
F,597,33478113.52,3064789.673
E,598,33482885.73,3064968.187
E,599,33482118.09,3064776.321
F,600,33480836.91,3065210.507
F,601,33480212.01,3065028.999
F,602,33479609.84,3065229.234
F,603,33478572.67,3065196.065
F,604,33478987.64,3065337.912
E,605,33483223.4,3065439.84
F,606,33482665.99,3065318.925
E,607,33483773.31,3065246.289
E,608,33482402.34,3065616.401
F,609,33482026.5,3065326.489
E,610,33478006.3,3065238.167
F,611,33479746.51,3065555.558
F,612,33480409.89,3065483.074
L,613,33484596.67,3065502.194
M,614,33478264.44,3065630.762
F,615,33479537,3065871.487
F,616,33481533.42,3065536.4
E,617,33478600.53,3065778.207
E,618,33478881.18,3065918.072
F,619,33479786.03,3065997.433
E,620,33484096.1,3065684.057
E,621,33484993.86,3064717.716
F,622,33479467.17,3066234.497
F,623,33480873.18,3065896.487
F,624,33481534.83,3066168.635
G,625,33479971.77,3066212.435
E,626,33482496.96,3065912.471
F,627,33483204.25,3065972.71
E,628,33479264.59,3066256.793
F,629,33481596.83,3066544.986
E,630,33482158.61,3066736.373
E,631,33483746.98,3066467.753
G,632,33480677.44,3066512.527
E,633,33479783.5,3066748.553
G,634,33480246.24,3066639.004
F,635,33481834.51,3066945.357
G,636,33480812.81,3066905.41
E,637,33480835.58,3066460.136
F,638,33482040.8,3067201.807
G,639,33481225.17,3067133.985
E,640,33482630.44,3067247.063
E,641,33482826.56,3066799.37
E,642,33482947.55,3067267.038
E,643,33483410.33,3066983.581
F,644,33480899.36,3067425.554
F,645,33482153.23,3067632.321
E,646,33482990.17,3067653.156
E,647,33480593.31,3067725.685
F,648,33482100.35,3068121.147
F,649,33481267.4,3068010.646
F,650,33481669.46,3067903.287
E,651,33483004.14,3068133.904
E,652,33482947.98,3068544.621
E,653,33480889.43,3068596.367
E,654,33482550.7,3068770.551
E,655,33481339,3068964.98
E,656,33482025.11,3068967.292
E,657,33483756.91,3065944.73
H,658,33478728.19,3059659.772
C,659,33478435.48,3059450.901
D,660,33482648.83,3045498.642
D,661,33482741.71,3046044.682
D,662,33481246.15,3046367.11
D,663,33482512.23,3046331.942
C,664,33482112.25,3046390.051
D,665,33480751.25,3046533.978
D,666,33481206.59,3046773.799
D,667,33480646.14,3046761.404
D,668,33481764.25,3046805.563
B,669,33482959.53,3046895.461
D,670,33482234.03,3046868.047
D,671,33480480.51,3047003.653
I,672,33483179.01,3047140.9
D,673,33482749.47,3047151.909
F,674,33489096.71,3043623.764
F,675,33488740.09,3043455.975
F,676,33488342.54,3043758.776
F,677,33487603.8,3044208.009
F,678,33489063.09,3044088.435
D,679,33475712.11,3044304.698
D,680,33476405.94,3044295.824
F,681,33489293.77,3044466.314
F,682,33475291.14,3044597.682
G,683,33488004.72,3044309.093
J,684,33477246.9,3044795.387
F,685,33476059.51,3044596.744
D,686,33485050.89,3044905.063
F,687,33489552.16,3045062.024
D,688,33477247.22,3044686.24
D,689,33476692.94,3044794.473
F,690,33486927.5,3044814.712
C,691,33484692.33,3044877.624
F,692,33488572.66,3044723.185
D,693,33477687.86,3044937.079
D,694,33488029.07,3044806.658
F,695,33470447.79,3045010.989
D,696,33481574.19,3045054.727
D,697,33483072.69,3045091.683
D,698,33483632.59,3045042.973
G,699,33486459.53,3045079.651
C,700,33478401.02,3044940.448
F,701,33474488.6,3044909.487
D,702,33476163.75,3045113.415
C,703,33479225.25,3045083.94
J,704,33478043.72,3045017.038
D,705,33487583.59,3045056.459
F,706,33475130.31,3045006.929
D,707,33477275.72,3045242.038
F,708,33473745.5,3045028.641
F,709,33473010.28,3045251.741
J,710,33480558.68,3045158.965
D,711,33485913.02,3045091.012
D,712,33481118.1,3045176.211
F,713,33471332.06,3045230.489
F,714,33472188.15,3045336.564
E,715,33489832.74,3044894.841
G,716,33489224.7,3045312.691
D,717,33485398.21,3045351.313
D,718,33479571.98,3045266.454
D,719,33482279.26,3045299.545
D,720,33478735.62,3045373.431
F,721,33469696.36,3045321.186
D,722,33483946.21,3045285.033
G,723,33488665.78,3045384.863
C,724,33484157.66,3045242.892
D,725,33480051.09,3045498.953
D,726,33486880.52,3045425.718
F,727,33474581.57,3045456.021
D,728,33486266.17,3045536.998
D,729,33483503.46,3045487.586
D,730,33477286.08,3045631.107
F,731,33470635.48,3045516.846
F,732,33473756.54,3045606.23
F,733,33471824.68,3045724.238
D,734,33480563.33,3045586.172
D,735,33481904.34,3045453.762
F,736,33473016.94,3045690.543
D,737,33477987.79,3045566.982
D,738,33483161.35,3045636.808
D,739,33476650.65,3045563.116
E,740,33474385.65,3045777.616
D,741,33488064.29,3045618.999
F,742,33476038.74,3045685.645
F,743,33475547.04,3045475.937
D,744,33480941.01,3045683.676
D,745,33487258.6,3045552.186
D,746,33486624.25,3045785.602
N,747,33485235.84,3045958.859
D,748,33481425.94,3045695.622
D,749,33488592.93,3045932.748
D,750,33478697.64,3045887.487
C,751,33485639.82,3045779.889
N,752,33483185.8,3046003.134
E,753,33470927.4,3046024.008
D,754,33479394.51,3045869.916
E,755,33471385.39,3046055.035
J,756,33480670.78,3046039.812
B,757,33486588.48,3046063.557
B,758,33486106.4,3046041.265
D,759,33488358.15,3046147.811
F,760,33475206.95,3045881.336
D,761,33487563.92,3045785.219
F,762,33473907.34,3046084.429
D,763,33480091.88,3046011.206
B,764,33483749.72,3045978.953
D,765,33484143.64,3045995.324
D,766,33486941.69,3046074.135
F,767,33489073.5,3046022.44
D,768,33483426.94,3046192.893
G,769,33476858.72,3046172.017
J,770,33484832.97,3046191.99
F,771,33489585.52,3046044.184
F,772,33476327.7,3046320.086
E,773,33489986.58,3045975.256
D,774,33485586.68,3046360.713
D,775,33486236.96,3046323.411
D,776,33477740.98,3046102.91
F,777,33475774.12,3046215.441
D,778,33477322.4,3046174.67
D,779,33487169.29,3046393.904
D,780,33487705.72,3046360.978
D,781,33479763.41,3046345.566
E,782,33473647.44,3046403.093
F,783,33473300.27,3046525.395
F,784,33472487,3046263.085
F,785,33472156.56,3046357.475
D,786,33484209.95,3046509.353
D,787,33479218.17,3046408.99
E,788,33470774.84,3046437.64
F,789,33471809.97,3046365.497
E,790,33474419,3046347.516
I,791,33483892.27,3046687.261
D,792,33483413.07,3046553.366
D,793,33487926.28,3046680.19
F,794,33474019.73,3046633.073
F,795,33471264.03,3046636.11
D,796,33477993.91,3046445.6
F,797,33472863.04,3046341.998
C,798,33485142.26,3046756.867
G,799,33488578.39,3046640.413
F,800,33489689.86,3046692.017
F,801,33473126.95,3046387.996
D,802,33480198.91,3046772.475
G,803,33476973.61,3046730.898
D,804,33488328.2,3046935.153
D,805,33483332.64,3046751.597
F,806,33475773.74,3046721.035
J,807,33487070.48,3046883.407
G,808,33478796.59,3046762.106
C,809,33484087.03,3046980.905
F,810,33489093.31,3046888.692
F,811,33478104.57,3046889.383
F,812,33475353.12,3046775.289
F,813,33478561.42,3046568.9
F,814,33476516.12,3046900.475
F,815,33473177.02,3046960.995
D,816,33479587.21,3047014.433
C,817,33485904.97,3046912.34
G,818,33477406.39,3047117.84
E,819,33472042.96,3046980.745
F,820,33474911.12,3046659.088
J,821,33481188.29,3047126.22
F,822,33490106.41,3047114.508
J,823,33486338.23,3046898.207
G,824,33479008,3047127.105
F,825,33473674.72,3047025.71
F,826,33474027.34,3047071.307
C,827,33485600.7,3047054.946
D,828,33483708.31,3047233.737
E,829,33472525.15,3047120.944
E,830,33490327.39,3046722.16
E,831,33471636.66,3047283.238
E,832,33471410.73,3047099.3
D,833,33481369.04,3047276.92
J,834,33480682.75,3047295.276
D,835,33484451.92,3046986.435
D,836,33487849.45,3047199.483
E,837,33471095.24,3047382.463
D,838,33482610.68,3047382.304
J,839,33481755.59,3047397.932
B,840,33480136.9,3047276.644
D,841,33482151.62,3047454.363
F,842,33474557.5,3047154.422
D,843,33483079.14,3047447.949
C,844,33485021.59,3047381.474
J,845,33486495.49,3047349.882
E,846,33470593.64,3047074.738
F,847,33473601.42,3047451.266
F,848,33475498.75,3047462.606
F,849,33489155.4,3047466.965
F,850,33476043.15,3047342.925
F,851,33475049.35,3047556.016
E,852,33470616.46,3047436.901
F,853,33472686.72,3047467.605
J,854,33481057.31,3047612.947
F,855,33476592.61,3047508.946
D,856,33479382.4,3047535.271
F,857,33477216.25,3047611.374
D,858,33482534.75,3047719.884
D,859,33488652,3047426.034
F,860,33489845.42,3047693.875
J,861,33486248.14,3047686.85
D,862,33479952.47,3047698.879
J,863,33481294.3,3047819.93
G,864,33477694.95,3047572.38
F,865,33478103.12,3047666.25
F,866,33472383.79,3047582.999
D,867,33483712.72,3047700.843
D,868,33484307.45,3047990.645
F,869,33478592.79,3047663.185
F,870,33472453.97,3047879.883
E,871,33471824.03,3047773.766
E,872,33470984.77,3047829.587
F,873,33473198.4,3047565.961
D,874,33486942.79,3047565.684
B,875,33485240.45,3047886.057
G,876,33473621.9,3047922.343
F,877,33474169.18,3047681.76
D,878,33487353.26,3047749.371
F,879,33471905.57,3048025.844
D,880,33479432.75,3048001.19
G,881,33474538.03,3047921.338
E,882,33470427.53,3047952.433
D,883,33480648.48,3047978.428
G,884,33488072.09,3047800.911
B,885,33482462.2,3048009.05
B,886,33485798.16,3048125.233
G,887,33478862.01,3048043.345
D,888,33480135.25,3048102.074
D,889,33484824.85,3048071.434
G,890,33475534.02,3047977.942
I,891,33483297.09,3048066.047
J,892,33483656.14,3048261.678
I,893,33482452.74,3048283.453
G,894,33477629.5,3048187.554
G,895,33478090.78,3048176.648
F,896,33471956.93,3048316.857
F,897,33470916.08,3048249.617
D,898,33485375.71,3048189.587
F,899,33489110.69,3048010.123
G,900,33477278.09,3048221.677
E,901,33489978.14,3048123.254
E,902,33470985.17,3048434.53
D,903,33479984.16,3048449.476
F,904,33488473.33,3048324.683
G,905,33476240.76,3048240.453
G,906,33476573.39,3048120.862
E,907,33471638.12,3048190.583
G,908,33476914.5,3048261.099
J,909,33484346.94,3048441.017
D,910,33479450.76,3048360.514
G,911,33475816.91,3048184.465
G,912,33478545.62,3048305.516
F,913,33471514.84,3048454.436
G,914,33474895.87,3048182.337
G,915,33475258.54,3048202.717
J,916,33482565.52,3048524.707
D,917,33480743.43,3048383.239
F,918,33474406.86,3048455.054
F,919,33489389.16,3048472.82
F,920,33473630.61,3048325.947
D,921,33481933.24,3048209.151
B,922,33487955.76,3048542.312
D,923,33486813.44,3048466.469
E,924,33470341.44,3048447.942
E,925,33470708.87,3048597.856
D,926,33487241.87,3048372.683
D,927,33478274.56,3048604.497
D,928,33486375.41,3048507.639
D,929,33485408.02,3048601.475
D,930,33477882.65,3048611.076
D,931,33484478.49,3048724.447
D,932,33485010.83,3048525.31
B,933,33482202.04,3048612.347
F,934,33473197.57,3048531.894
F,935,33474357.57,3048700.909
C,936,33483270.4,3048659.468
G,937,33487616.5,3048312.831
D,938,33481168.84,3048564.283
D,939,33483840.67,3048632.027
D,940,33478499.8,3048781.967
D,941,33485903.19,3048698.724
G,942,33474775.02,3048856.449
I,943,33482285.78,3048847.214
J,944,33481668.78,3048620.366
C,945,33483025.29,3048810.895
I,946,33482326.9,3048960.46
D,947,33480255.02,3048746.787
G,948,33478977.61,3048587.528
D,949,33478638.43,3049003.048
D,950,33479374.73,3048872.019
F,951,33472599.75,3048634.619
I,952,33481840.2,3049175.251
D,953,33475027.88,3049093.272
J,954,33475567.49,3048878.344
D,955,33476168.54,3048960.27
F,956,33489100.84,3048913.055
F,957,33488775.93,3049014.007
C,958,33482931,3049198.711
D,959,33477100.2,3049110.905
D,960,33485638.52,3049056.649
D,961,33486360.2,3049117.928
F,962,33487984.13,3048955.611
C,963,33483809.12,3049150.373
B,964,33482011.86,3049079.085
E,965,33470553.44,3048992.421
D,966,33481119.24,3049066.679
J,967,33476613,3049014.335
D,968,33478024.39,3049074.201
D,969,33485212.95,3049198.955
D,970,33486899.86,3049124.987
G,971,33487413.34,3049060.274
D,972,33479929.57,3049087.125
D,973,33477525.5,3049061.357
E,974,33471152.08,3048985.588
F,975,33472951.59,3049148.965
E,976,33489494.1,3049059.678
F,977,33472191.49,3048943.856
E,978,33488657.66,3049434.222
D,979,33483003.09,3049476.271
C,980,33484324.65,3049221.08
F,981,33473558.66,3049140.811
E,982,33471271.44,3049408.044
I,983,33482006.42,3049576.955
G,984,33474082.46,3049278.15
B,985,33481715.26,3049227.573
D,986,33478655.58,3049518.46
D,987,33484638.69,3049279.833
F,988,33487832.96,3049389.541
I,989,33481510.79,3049473.364
D,990,33485615.95,3049487.358
J,991,33478331.88,3049653.389
J,992,33475861.17,3049392.89
B,993,33483510.14,3049651.773
D,994,33484628.7,3049716.279
D,995,33480974.18,3049530.063
G,996,33479541.11,3049326.419
D,997,33483076.83,3049704.855
D,998,33487039.11,3049659.138
D,999,33486357.95,3049609.108
F,1000,33471847.4,3049176.575
D,1001,33479868.15,3049750.257
D,1002,33474443.61,3049486.237
C,1003,33481391.44,3049660.329
I,1004,33481557.96,3049891.414
D,1005,33480607.7,3049479.052
F,1006,33472630.36,3049556.485
E,1007,33471377.82,3049772.612
D,1008,33474730.06,3049548.314
B,1009,33482424.42,3049750.088
J,1010,33481574.75,3049796.521
D,1011,33474037.42,3049665.188
J,1012,33476425.97,3049594.122
D,1013,33475105.87,3049648.228
F,1014,33471731.94,3049867.295
J,1015,33475540.7,3049533.723
D,1016,33473839.59,3049843.963
H,1017,33485982.87,3049844.932
J,1018,33477890.07,3049694.475
D,1019,33484089.74,3049886.486
D,1020,33485091.64,3049705.114
J,1021,33475687.78,3049913.422
G,1022,33473511.56,3049883.705
D,1023,33484914.69,3050049.223
D,1024,33480274.32,3049722.867
J,1025,33476779.13,3049955.092
F,1026,33488139.65,3049886.835
O,1027,33487638.15,3049997.818
H,1028,33486847.1,3050063.058
I,1029,33481921.98,3050112.362
D,1030,33479901.5,3050066.042
J,1031,33479001.56,3049543.331
J,1032,33477456.41,3050081.199
G,1033,33473146.97,3049956.957
I,1034,33480935.8,3050123.175
B,1035,33481164.31,3049925.445
I,1036,33481294.04,3050225.636
J,1037,33479272.9,3049748.136
D,1038,33485730.7,3050110.245
J,1039,33478921.22,3050053.904
J,1040,33476763.65,3050252.373
J,1041,33478545.29,3049973.34
F,1042,33488485.52,3050218.507
J,1043,33478074.39,3050173.298
B,1044,33479721.71,3050300.056
I,1045,33480759.59,3050248.984
F,1046,33472427.2,3050017.7
D,1047,33483453.17,3050183.349
D,1048,33473864.59,3050290.028
B,1049,33480591.95,3050332.421
D,1050,33474339.79,3050192.798
C,1051,33482535.02,3050202.675
D,1052,33484167.09,3050287.031
C,1053,33481729.98,3050403.334
D,1054,33484631.94,3050220.833
D,1055,33485360.78,3050306.542
J,1056,33476448,3050344.502
D,1057,33480895.45,3050563.655
O,1058,33487641.61,3050418.072
E,1059,33471122.31,3050374.609
C,1060,33482484.5,3050521.835
J,1061,33477419.23,3050433.515
D,1062,33486919.71,3050401.858
C,1063,33483363.07,3050629.829
J,1064,33476981,3050536.368
C,1065,33482935.46,3050441.297
D,1066,33474628.36,3050455.008
D,1067,33475040.07,3050367.566
J,1068,33475397.42,3050380.574
C,1069,33482154.21,3050473.306
G,1070,33473312.82,3050504.005
I,1071,33480641.59,3050547.615
F,1072,33471937.08,3050339.984
G,1073,33472726.19,3050418.961
J,1074,33475911.91,3050430.328
E,1075,33488813.83,3050208.951
D,1076,33480195.34,3050480.673
J,1077,33477686.34,3050637.156
J,1078,33476228.35,3050645.992
J,1079,33478809.84,3050497.937
D,1080,33486528.58,3050537.124
D,1081,33484085.3,3050650.814
B,1082,33480562.74,3050660.797
J,1083,33476561.92,3050713.888
J,1084,33478434.92,3050565.705
G,1085,33473807.81,3050627.106
J,1086,33479377.74,3050711.189
D,1087,33484701.7,3050744.093
J,1088,33476932.5,3050776.805
C,1089,33481699.02,3050723.93
G,1090,33474211.23,3050802.77
D,1091,33480290.17,3050866.752
D,1092,33486006.53,3050620.246
J,1093,33477229,3050878.008
F,1094,33487157.3,3050837.05
J,1095,33479071.63,3050932.084
E,1096,33471168.7,3050827.362
C,1097,33480025.17,3051157.564
F,1098,33487930.84,3050740.525
F,1099,33488520.84,3050773.954
G,1100,33485013.05,3051016.457
B,1101,33481280.81,3050842.989
D,1102,33477569.81,3051016.821
D,1103,33482499.42,3050885.072
D,1104,33481777.75,3051023.979
J,1105,33478337.93,3050979.775
J,1106,33475623.02,3050936.964
J,1107,33475048.31,3050965.262
J,1108,33476326.58,3051096.908
D,1109,33485485.01,3050882.912
J,1110,33475980.37,3051088.588
D,1111,33486329.59,3050952.509
D,1112,33479759.33,3051237.402
B,1113,33481481.68,3051284.579
I,1114,33481798.06,3051309.305
F,1115,33473344.39,3051041.042
F,1116,33472619.07,3051002.099
D,1117,33485856.88,3051163.044
F,1118,33487601.97,3051073.35
D,1119,33484439.07,3051136.31
D,1120,33482956.99,3051153.616
J,1121,33474632.73,3051141.436
E,1122,33471589.65,3051136.701
G,1123,33474126.15,3051157.749
C,1124,33480325.06,3051415.446
G,1125,33486877.07,3051250.214
J,1126,33476900.77,3051218.337
E,1127,33488304.11,3051222.492
D,1128,33482556.96,3051420.533
D,1129,33478622.29,3051343.287
D,1130,33483488.13,3051107.948
D,1131,33475628.6,3051405.881
J,1132,33479271.91,3051460.834
D,1133,33483890,3051290.07
D,1134,33474869.52,3051492.739
J,1135,33477591.78,3051345.58
D,1136,33476185.99,3051480.872
G,1137,33485134.62,3051382.731
C,1138,33481445.55,3051520.236
J,1139,33477930.33,3051502.716
F,1140,33473120.78,3051604.713
D,1141,33476902.04,3051547.229
C,1142,33482046.24,3051576.589
D,1143,33475282.7,3051462.907
G,1144,33485991.51,3051586.876
B,1145,33480439.52,3051559.355
J,1146,33474259.77,3051569.757
E,1147,33473687.85,3051670.373
G,1148,33486595.18,3051575.792
D,1149,33475821.61,3051786.829
E,1150,33472179.58,3051505.979
D,1151,33478865.33,3051764.543
D,1152,33484643.73,3051599.983
B,1153,33479822.05,3051744.418
F,1154,33487433.57,3051620.998
C,1155,33482575.86,3051751.23
D,1156,33481728.06,3051862.467
B,1157,33480042.81,3051631.815
B,1158,33480922.72,3051918.483
F,1159,33474976.21,3051804.84
D,1160,33476321.55,3051816.262
D,1161,33479697.03,3051967.292
G,1162,33485326.5,3051838.488
D,1163,33478597.9,3051890.004
C,1164,33480314.98,3052101.048
E,1165,33472495.28,3051934.362
D,1166,33481890.91,3052017.747
C,1167,33483218.17,3051870.532
D,1168,33478358.43,3051904.03
D,1169,33482411.74,3052050.88
I,1170,33479630.78,3052155.572
D,1171,33478108.4,3051996.964
B,1172,33481328.2,3051786.505
C,1173,33483682.21,3052022.441
D,1174,33476165.85,3052110.604
D,1175,33479473.48,3051994.288
G,1176,33485284.24,3052117.3
E,1177,33487806.5,3052018.231
F,1178,33474765.31,3052082.617
I,1179,33480017.68,3052254.171
F,1180,33474070.02,3052143.934
D,1181,33476834.21,3051997.556
G,1182,33485072.73,3052242.831
D,1183,33479116.5,3051970.013
G,1184,33475394.01,3052101.709
I,1185,33480526.81,3052260.243
I,1186,33479796.28,3052426.068
D,1187,33475706.71,3052209.474
C,1188,33477885.68,3052182.53
F,1189,33487153.96,3052106.51
F,1190,33473684.59,3052217.016
J,1191,33478524.99,3052328.12
F,1192,33486550.78,3052143.133
C,1193,33484126.96,3052036.419
D,1194,33477148.84,3052095.76
C,1195,33484592.21,3052157.22
D,1196,33479134.26,3052327.419
G,1197,33485686.55,3051996.261
I,1198,33479773.01,3052567.335
E,1199,33487289.01,3052473.474
C,1200,33480388.88,3052451.914
J,1201,33478573.5,3052495.778
D,1202,33477444.04,3052183.61
C,1203,33481326.61,3052482.991
C,1204,33480895.82,3052273.475
F,1205,33486101.53,3052342.663
J,1206,33481981.55,3052372.834
D,1207,33476630.08,3052446.376
B,1208,33484823.59,3052579.292
G,1209,33485417,3052591.218
C,1210,33478191.89,3052554.452
D,1211,33481563.43,3052415.369
D,1212,33483271.49,3052496.179
I,1213,33478471.79,3052713.212
G,1214,33474798.84,3052537.07
I,1215,33478384.39,3052902.36
I,1216,33479497.47,3052851.733
D,1217,33476413.2,3052629.965
D,1218,33482827.44,3052444.82
I,1219,33477181.97,3052901.156
D,1220,33483663.54,3052653.374
I,1221,33479522.95,3052964.254
C,1222,33480261.3,3052775.515
D,1223,33477446.56,3052700.814
F,1224,33486517.94,3052810.034
C,1225,33481291.98,3052813.462
C,1226,33479617.36,3053060.027
C,1227,33479225.81,3053098.468
D,1228,33475198.98,3052865.13
D,1229,33482359.72,3052679.167
D,1230,33484331.98,3052800.698
I,1231,33478476.1,3053147.409
D,1232,33475751.51,3052904.535
D,1233,33477811.15,3052888.046
D,1234,33476436.04,3052940.286
D,1235,33478058.32,3052900.798
I,1236,33476716.63,3053218.64
D,1237,33476084.02,3052870.874
D,1238,33477107.14,3053039.006
I,1239,33478260.29,3053253.456
G,1240,33485002.76,3053028.194
G,1241,33485667.05,3052952.786
D,1242,33481978.85,3053063.384
D,1243,33474996.4,3053148.602
D,1244,33483860.22,3053042.728
F,1245,33487895.27,3053101.436
D,1246,33475686.45,3053267.079
D,1247,33477434.85,3053234.96
E,1248,33488086.91,3052768.036
C,1249,33481049.13,3053104.379
D,1250,33476290.13,3053324.325
C,1251,33480102.97,3053147.341
D,1252,33484540.87,3053123.346
I,1253,33478079.6,3053412.97
D,1254,33477943.07,3053326.959
G,1255,33486074.4,3053250.721
C,1256,33479753.15,3053399.105
C,1257,33477475.46,3053505.158
B,1258,33479045.55,3053422.61
D,1259,33482840.04,3053198.009
I,1260,33478222.64,3053476.083
F,1261,33487043.29,3053190.02
J,1262,33476585.68,3053487.874
D,1263,33483332.1,3053335.713
B,1264,33478018.52,3053663.183
I,1265,33478851.42,3053245.289
D,1266,33476027.83,3053601.632
D,1267,33484093.95,3053466.511
D,1268,33480816.78,3053383.934
C,1269,33481511.39,3053333.07
D,1270,33485495.72,3053622.292
D,1271,33482832.36,3053652.623
D,1272,33475528.48,3053513.013
C,1273,33480657.5,3053663.985
C,1274,33479875.52,3053672.592
F,1275,33488364.9,3053385.956
D,1276,33477667.01,3053836.591
E,1277,33487435.26,3053124.387
J,1278,33476730.47,3053639.634
D,1279,33484906.02,3053553.814
B,1280,33478546.84,3053436.265
J,1281,33476110.41,3053854.466
D,1282,33477988.64,3053867.949
D,1283,33483729.56,3053763.113
B,1284,33476019.98,3053965.672
D,1285,33483227.07,3053861.451
I,1286,33478317.18,3053957.328
F,1287,33486399.14,3053715.055
D,1288,33482305.75,3053624.605
D,1289,33477428.76,3054088.481
D,1290,33476980.3,3053867.925
D,1291,33477159.63,3054361.732
G,1292,33485693.75,3053954.645
D,1293,33484428.39,3053915.19
D,1294,33478336.28,3054130.608
D,1295,33480088.39,3054005.39
C,1296,33478194.82,3054296.987
C,1297,33478858.19,3053904.562
C,1298,33481629.38,3053845.587
C,1299,33481902.39,3054054.023
F,1300,33487398.01,3054155.967
F,1301,33486818.79,3053978.813
D,1302,33476545.04,3054171.434
D,1303,33482701.87,3054122.494
C,1304,33481023.75,3054040.873
D,1305,33477478.55,3054368.619
D,1306,33484996.06,3054187.614
D,1307,33483499.32,3054229.143
D,1308,33479168.55,3054293.945
G,1309,33486096.77,3054337.116
E,1310,33488761.9,3054027.038
C,1311,33480656.44,3054279.918
D,1312,33476283.1,3054260.885
D,1313,33478725.62,3054368.529
D,1314,33478322.86,3054476.4
F,1315,33488501.15,3054354.11
D,1316,33479566.67,3054251.713
D,1317,33479122.49,3054619.737
D,1318,33482974.39,3054509.619
D,1319,33476356.42,3054547.099
D,1320,33480228.97,3054439.087
D,1321,33476760.1,3054581.99
D,1322,33477306.65,3054623.764
D,1323,33484804.61,3054595.013
F,1324,33488030,3054265.053
D,1325,33487497.81,3054623.38
G,1326,33485512.19,3054570.688
I,1327,33476894.72,3054850.344
D,1328,33477032.5,3054600.129
C,1329,33482275.87,3054520.275
D,1330,33483804.39,3054491.537
D,1331,33484146.2,3054445.731
C,1332,33481688.98,3054620.519
D,1333,33479766.13,3054731.056
B,1334,33480233.6,3054821.888
D,1335,33481215.79,3054710.008
F,1336,33486406.15,3054673.495
D,1337,33484449.62,3054910.805
D,1338,33476513.21,3054928.212
C,1339,33476762.77,3055111.683
D,1340,33483266.08,3054884.265
C,1341,33482688.07,3055028.697
E,1342,33489700.25,3055092.354
D,1343,33480945.36,3054939.26
I,1344,33477079.44,3055157.136
F,1345,33487039.21,3054827.594
C,1346,33482086.58,3055066.654
G,1347,33487522.39,3055185.462
D,1348,33483802.83,3055241.571
F,1349,33488421.57,3055085.112
G,1350,33485643.42,3055110.116
D,1351,33480010.73,3055188.704
D,1352,33484866.53,3055238.906
D,1353,33480457.77,3055149.973
F,1354,33488931.67,3054990.448
D,1355,33481699.69,3055372.709
F,1356,33489313.4,3055356.112
C,1357,33482459.6,3055426.843
G,1358,33486287.13,3055153.798
G,1359,33487971.05,3055329.649
D,1360,33480648.93,3055487.061
D,1361,33481188.83,3055482.9
G,1362,33486813.77,3055477.952
D,1363,33483339.21,3055443.885
D,1364,33484464.47,3055429.914
D,1365,33482724.56,3055632.729
D,1366,33485075.71,3055663.545
D,1367,33485500.39,3055667.252
G,1368,33488163.32,3055836.615
D,1369,33485970.98,3055862.807
G,1370,33487517.35,3055876.503
D,1371,33481945.17,3055909.281
F,1372,33488992.92,3055892.267
D,1373,33486483.25,3056088.816
D,1374,33482828.4,3055940.666
D,1375,33481457.65,3056109.336
D,1376,33480891.8,3056036.032
D,1377,33487015.95,3056033.243
D,1378,33482276.05,3056305.276
D,1379,33487388.21,3056406.429
D,1380,33487965.08,3056443.602
G,1381,33488561.55,3056470.085
D,1382,33481460.76,3056691.058
D,1383,33481930.04,3056622.14
G,1384,33482441.5,3056852.729
D,1385,33488110.47,3056916.673
D,1386,33480963.94,3056886.325
J,1387,33477261.13,3049740.67
C,1388,33485050.27,3047073.901
F,1389,33488410.39,3049057.963
G,1390,33472829.5,3106522.789
F,1391,33471638.62,3106624.139
D,1392,33473195.44,3106473.214
P,1393,33472421.9,3106545.042
D,1394,33472884.37,3106779.041
F,1395,33471094.49,3107023.818
F,1396,33472263.39,3107049.275
F,1397,33471762.97,3107196.972
L,1398,33476405.5,3074533.506
H,1399,33470567.37,3074927.972
L,1400,33476834.97,3075138.849
H,1401,33471376.67,3075165.429
H,1402,33471120.22,3075244.109
L,1403,33477015.73,3075340.555
H,1404,33470772.11,3075404.92
H,1405,33470683.26,3075145.183
F,1406,33475207.84,3075218.381
H,1407,33470196.62,3075359.599
H,1408,33471407.99,3075518.262
J,1409,33470693.78,3075616.235
F,1410,33474788,3075329.601
F,1411,33475750.27,3075198.208
B,1412,33469109.1,3075739.608
L,1413,33477342.16,3075639.416
J,1414,33470548.09,3075759.442
J,1415,33471148.57,3075769.699
C,1416,33469934.81,3075577.373
F,1417,33476115.13,3075552.144
C,1418,33470295.46,3075889.688
J,1419,33469385.47,3075877.193
C,1420,33470985.14,3075953.694
J,1421,33469913.27,3075883.963
J,1422,33470491.52,3076029.743
G,1423,33472154.58,3075621.381
B,1424,33468915.89,3075877.991
G,1425,33475249.15,3075817.546
J,1426,33469370.45,3076077.207
J,1427,33469081.84,3076059.199
C,1428,33469932.66,3076289.682
G,1429,33474330.4,3075493.13
J,1430,33468454.63,3076343.006
G,1431,33473605.77,3075909.622
D,1432,33466488.11,3076296.593
C,1433,33470327.95,3076454.452
F,1434,33476430.28,3076161.484
C,1435,33470380.31,3076233.77
C,1436,33469936.09,3076264.65
G,1437,33473118.59,3075995.051
C,1438,33468071.23,3076459.506
D,1439,33471856.4,3075938.067
J,1440,33469249.79,3076381.533
G,1441,33474736.2,3076136.876
D,1442,33471611.75,3076116.639
D,1443,33467968.09,3076559.962
G,1444,33474409.5,3076127.459
G,1445,33474028.6,3075860.046
D,1446,33472313.68,3076002.729
D,1447,33473905.28,3076350.741
F,1448,33476164.6,3076377.969
J,1449,33469551.56,3076560.064
J,1450,33469153.88,3076732.611
D,1451,33471223.18,3076323.201
G,1452,33475014.74,3076585.088
D,1453,33472725.95,3076143.768
J,1454,33468488.63,3076810.027
C,1455,33468311.9,3076597.472
F,1456,33475661.23,3076428.237
L,1457,33478558.81,3076469.349
D,1458,33467826.96,3076764.873
D,1459,33466622.9,3076621.145
D,1460,33473551.05,3076525.018
C,1461,33468629.75,3076581.118
D,1462,33470776.51,3076563.708
J,1463,33467548.89,3076726.349
D,1464,33466430.61,3076752.436
C,1465,33468468.41,3076954.048
D,1466,33472867.64,3076757.787
D,1467,33466940.99,3076707.932
D,1468,33467343.65,3076844.565
D,1469,33469450.99,3076907.77
C,1470,33471625.18,3076704.395
C,1471,33469132.95,3077083.465
L,1472,33479467.63,3077123.096
D,1473,33473173.02,3076955.812
D,1474,33469976.75,3076817.863
D,1475,33472166.41,3076782.751
F,1476,33475685.26,3076988.782
J,1477,33468203.19,3077084.368
D,1478,33470785.14,3076989.005
D,1479,33470347.89,3076803.019
C,1480,33469127.2,3077200.216
G,1481,33466114.84,3077010.199
L,1482,33478720.87,3076982.684
D,1483,33466822.63,3076989.387
G,1484,33475075.39,3077056.658
D,1485,33466631.32,3077194.329
D,1486,33471116.16,3077091.211
D,1487,33471442.24,3077217.053
J,1488,33467815.87,3077260.387
L,1489,33476840.81,3077255.434
D,1490,33467378.97,3077260.221
L,1491,33479583.5,3077458.38
C,1492,33469942.2,3077308.757
J,1493,33470817.13,3077417.974
L,1494,33476353.54,3077358.268
C,1495,33473603.62,3077217.451
G,1496,33474440.82,3077047.495
F,1497,33479069.47,3077402.312
F,1498,33478241.54,3077448.128
C,1499,33469661.69,3077462.64
L,1500,33477550.9,3077289.411
C,1501,33470490.1,3077373.632
C,1502,33470270.21,3077512.896
D,1503,33466349.95,3077432.146
G,1504,33474150.45,3077236.83
C,1505,33469990.83,3077662.524
J,1506,33467427.59,3077693.373
G,1507,33473999.32,3077559.2
C,1508,33470206.5,3077642.239
C,1509,33468721.81,3077763.44
J,1510,33466859.22,3077643.085
C,1511,33470018.97,3077805.969
D,1512,33467209.39,3077552.529
G,1513,33465742.24,3077500.92
F,1514,33479602.21,3077781.267
J,1515,33469497.93,3077613.725
C,1516,33471731.1,3077783.593
B,1517,33469249.81,3077740.085
J,1518,33469992.52,3077902.289
B,1519,33469102.09,3077804.965
J,1520,33471774.99,3077597.292
J,1521,33469717.36,3077877.473
C,1522,33473390.08,3077570.621
C,1523,33468241.32,3077539.805
C,1524,33466801.79,3077785.795
C,1525,33472204.04,3077562.698
G,1526,33474660.62,3077889.07
F,1527,33479016.9,3077778.922
C,1528,33470700.56,3077713.484
C,1529,33470263.36,3077929.833
J,1530,33468753.9,3078011.382
D,1531,33466903.02,3077973.043
D,1532,33467227.05,3077977.443
J,1533,33467619.16,3077795.284
F,1534,33477862.69,3077783.946
J,1535,33470046.8,3078054.189
C,1536,33472633.59,3077580.235
C,1537,33468364.12,3077992.411
J,1538,33471993,3078078.77
C,1539,33470690.84,3078049.254
G,1540,33465662.28,3077937.805
C,1541,33471234.65,3078033.496
C,1542,33471549.42,3077885.747
D,1543,33466189.23,3077950.252
C,1544,33473072.96,3077588.237
B,1545,33469605.28,3078101.417
J,1546,33468322.86,3078242.047
B,1547,33470691.55,3078202.981
C,1548,33471970.65,3078105.244
L,1549,33464099.24,3078332.15
J,1550,33468014.52,3078204.331
C,1551,33470030.66,3078224.819
F,1552,33474308.29,3078079.947
C,1553,33471803.76,3078235.311
D,1554,33467032.77,3078256.888
F,1555,33478588.79,3078041.921
C,1556,33466601.29,3078203.444
C,1557,33468421.56,3078321.857
G,1558,33473611.62,3078140.805
J,1559,33467609.01,3078314.265
G,1560,33465948.59,3078287.542
F,1561,33476841.86,3078062.592
M,1562,33466337.13,3078451.489
G,1563,33473960.35,3078131.239
B,1564,33470240.61,3078355.651
C,1565,33469611.01,3078406.644
C,1566,33466801.41,3078453.75
C,1567,33467605.06,3078586.292
F,1568,33476259.23,3078043.526
C,1569,33468906.52,3078360.723
C,1570,33472502.36,3078319.626
B,1571,33470917.78,3078434.496
G,1572,33466584.13,3078497.901
C,1573,33468049.89,3078511.443
B,1574,33469812.99,3078530.756
J,1575,33472024.6,3078476.514
G,1576,33472990.14,3078251.253
B,1577,33469973.34,3078479.004
C,1578,33467281.44,3078483.277
F,1579,33463674.88,3078480.888
C,1580,33468475.22,3078565.892
B,1581,33470174.69,3078671.533
Q,1582,33469915.56,3078687.608
G,1583,33465474.34,3078465.121
G,1584,33466787.08,3078627.525
F,1585,33474722.99,3078555
F,1586,33462745.98,3078568.217
Q,1587,33470988.31,3078719.418
G,1588,33465948.69,3078674.843
C,1589,33469226.81,3078667.5
F,1590,33473415.83,3078639.04
F,1591,33463146.65,3078519.109
C,1592,33470334.96,3078855.585
G,1593,33466399.63,3078764.686
F,1594,33478198.72,3078476.658
F,1595,33475318.46,3078359.579
C,1596,33472465.27,3078520.43
F,1597,33478714.02,3078703.461
F,1598,33476745.9,3078620.366
C,1599,33468939.03,3078799.795
C,1600,33468741.64,3078938.9
B,1601,33470663.05,3078911.131
G,1602,33464318.92,3078653.398
F,1603,33462504.85,3078871.175
G,1604,33464745.27,3078685.743
F,1605,33479221,3078854.262
B,1606,33470438.19,3078944.348
G,1607,33463934.26,3078805.761
F,1608,33477453.11,3078465.644
F,1609,33462561.19,3079004.062
B,1610,33470222.96,3078833.878
J,1611,33468357.83,3078851.305
J,1612,33468776.15,3079125.919
G,1613,33465205.55,3078772.063
C,1614,33471509.14,3078822.974
C,1615,33467164.95,3078926.933
G,1616,33463423.69,3078935.394
L,1617,33479861.69,3079058.31
D,1618,33465789.25,3078972.641
C,1619,33470367.83,3079119.162
J,1620,33468154.24,3078980.8
G,1621,33476060.56,3078614.046
F,1622,33478257.97,3079091.307
C,1623,33471056.13,3079176.644
D,1624,33463626.16,3079211.227
G,1625,33477260.55,3078976.238
J,1626,33468201.53,3079306.343
C,1627,33468722.6,3079300.657
C,1628,33469249.04,3079162.42
D,1629,33471789.45,3079018.763
D,1630,33472119.87,3079204.407
D,1631,33466756.43,3079114.308
G,1632,33475991.32,3079194.437
C,1633,33470515.71,3079400.089
G,1634,33474961.06,3079023.548
G,1635,33476397.77,3079040.568
G,1636,33476817.26,3079181.844
D,1637,33466462.2,3079127.227
D,1638,33472691.65,3079121.25
D,1639,33465562.28,3079216.228
G,1640,33475682.51,3079039.537
D,1641,33467622.13,3079012.558
C,1642,33467347.75,3079375.99
D,1643,33468683.12,3079431.644
F,1644,33478756.64,3079385.852
G,1645,33463168,3079356.154
F,1646,33473463.29,3079079.202
D,1647,33463959.36,3079418.818
G,1648,33474354.55,3078927.891
D,1649,33464187.52,3079288.701
G,1650,33475300.57,3079117.053
D,1651,33464411.53,3079227.765
J,1652,33470664.87,3079490.282
C,1653,33470184.33,3079552.414
C,1654,33468311.58,3079573.324
L,1655,33480272.53,3079504.562
D,1656,33464653.65,3079273.266
D,1657,33464923.08,3079309.593
G,1658,33478010.79,3079430.182
D,1659,33468651.53,3079578.656
C,1660,33468545.92,3079676.461
D,1661,33463884.65,3079597.847
D,1662,33471186.28,3079402.776
D,1663,33465545.16,3079589.288
D,1664,33465925.05,3079371.022
J,1665,33469129.03,3079569.021
D,1666,33466286.18,3079391.077
F,1667,33462135.8,3079550.771
D,1668,33472224.77,3079641.594
D,1669,33466697,3079620.474
D,1670,33471479.64,3079571.826
D,1671,33464985.33,3079540.184
J,1672,33470662.1,3079735.617
C,1673,33467565.5,3079727.198
B,1674,33469966.06,3079721.889
F,1675,33461681.34,3079606.055
J,1676,33469983.95,3079856.514
J,1677,33464376.01,3079812.774
G,1678,33463167.2,3079745.09
D,1679,33468084.42,3079619.011
D,1680,33466224.09,3079725.415
F,1681,33478311.98,3079781.158
G,1682,33474834.87,3079547.391
D,1683,33467052.79,3079933.761
F,1684,33462489.79,3079863.507
D,1685,33476674.64,3079772.964
D,1686,33473611.8,3079591.987
C,1687,33469872.38,3080018.222
B,1688,33470674.86,3080002.219
F,1689,33479244.99,3079704.331
F,1690,33478822.99,3079897.943
D,1691,33465136.01,3079789.445
F,1692,33479631.77,3079667.096
D,1693,33471534.53,3079840.98
C,1694,33467697.19,3080025.434
D,1695,33463766.65,3079885.26
J,1696,33466497.58,3080020.387
G,1697,33474222.1,3079381.611
D,1698,33477330.91,3079771.286
F,1699,33461015.57,3080007.191
D,1700,33466040.17,3079923.716
D,1701,33474030.92,3079843.983
D,1702,33473090.25,3079790.338
D,1703,33463646.77,3080038.328
C,1704,33469996.95,3080153.455
F,1705,33462289.4,3080092.025
D,1706,33465386.05,3080054.174
D,1707,33463445.32,3080132.647
G,1708,33475445.28,3079907.987
C,1709,33469702,3080164.721
C,1710,33467740.83,3080235.079
D,1711,33472740.6,3079902.647
D,1712,33463210.95,3080224.661
D,1713,33475075.55,3080153.539
C,1714,33470665.03,3080072.017
J,1715,33464772.36,3080115.051
B,1716,33470316.9,3080090.499
D,1717,33465776.68,3080072.232
B,1718,33478290.19,3080182.15
F,1719,33461122.92,3080218.353
D,1720,33472126,3080051.413
G,1721,33462646.9,3080170.787
J,1722,33465490.4,3080358.909
C,1723,33469830.87,3080411.318
G,1724,33475915.89,3079898.291
G,1725,33462857.27,3080196.391
F,1726,33479971.32,3080234.081
L,1727,33480198.38,3080052.466
C,1728,33468534.92,3080412.466
J,1729,33466261.48,3080322.253
C,1730,33468945.4,3080024.052
C,1731,33470676.21,3080392.765
J,1732,33467259.96,3080324.069
C,1733,33470078.72,3080404.175
G,1734,33462491.17,3080397.28
D,1735,33472427.65,3080302.727
D,1736,33473396.68,3080322.466
D,1737,33478384,3080362.681
D,1738,33468672.01,3080074.773
D,1739,33464178.86,3080213.796
G,1740,33476249.96,3079979.073
C,1741,33470581.97,3080465.683
C,1742,33468510.9,3080240.463
D,1743,33463138,3080447.75
D,1744,33463680.82,3080424.231
F,1745,33462085.72,3080489.567
J,1746,33468516.73,3080470.801
F,1747,33460359.27,3080428.612
J,1748,33466017.63,3080483.522
F,1749,33479012.08,3080341.452
R,1750,33469646.29,3080362.321
C,1751,33466203.66,3080615.211
J,1752,33466679.21,3080361.903
C,1753,33471789.72,3080453.107
D,1754,33464578.55,3080404.362
J,1755,33467669.05,3080404.143
C,1756,33470381.01,3080421.923
J,1757,33465107.2,3080528.516
F,1758,33460461.34,3080662.216
J,1759,33465670.47,3080590.793
F,1760,33461982.84,3080679.649
C,1761,33469895.2,3080624.96
C,1762,33470977.16,3080304.947
C,1763,33470594.22,3080656.286
Q,1764,33467903.29,3080579.116
D,1765,33476896.1,3080377.059
J,1766,33468814.28,3080730.382
D,1767,33464169.07,3080698.635
G,1768,33474135.12,3080540.73
D,1769,33475278.62,3080553.569
F,1770,33461912.73,3080831.795
D,1771,33462935.29,3080674.859
D,1772,33463561.87,3080654.477
J,1773,33464868.88,3080776.283
J,1774,33466655.31,3080701.438
D,1775,33464672.7,3080791.701
F,1776,33475859.76,3080567.852
Q,1777,33467999.24,3080867.045
C,1778,33471590.06,3080574.97
F,1779,33480006.12,3080594.742
F,1780,33461585.3,3080492.799
C,1781,33468402.89,3080565.053
J,1782,33465971.15,3080860.852
F,1783,33477800.41,3080160.988
J,1784,33467172.87,3080761.03
C,1785,33470632.21,3080839.708
C,1786,33469927.44,3080819.456
J,1787,33465663.24,3080864.529
J,1788,33467527.8,3080747.563
J,1789,33468440.36,3080765.995
C,1790,33472892.74,3080593.431
D,1791,33464036.45,3080904.34
Q,1792,33468162.68,3081013.174
L,1793,33462222.47,3080975.745
F,1794,33477517.8,3080558.839
G,1795,33462569.41,3080817.32
F,1796,33479382.14,3080771.172
D,1797,33465995.53,3081114.784
J,1798,33466241.67,3080882.964
C,1799,33469949.22,3081021
J,1800,33465386.03,3080887.555
F,1801,33478991.32,3080743.298
D,1802,33463546.86,3080944.409
C,1803,33470353.06,3081051.735
C,1804,33469834.17,3081184.522
F,1805,33478474.3,3080835.996
C,1806,33470795.48,3081116.26
C,1807,33472236.18,3080800.83
F,1808,33478746.19,3080941.292
D,1809,33464469.08,3081083.574
F,1810,33460951.81,3080963.618
C,1811,33467490.18,3081119.378
C,1812,33466869.11,3081054.48
C,1813,33471701.07,3081014.354
G,1814,33463108.27,3081115.095
B,1815,33463696.07,3081244.588
C,1816,33471217.69,3080800.49
F,1817,33476517.59,3080838.502
D,1818,33463986.72,3081105.435
F,1819,33462274.92,3081192.742
D,1820,33475520.65,3081065.983
C,1821,33466535.21,3081225.657
D,1822,33465038.19,3081139.267
F,1823,33476230.26,3081168.05
C,1824,33468492.49,3081038.35
C,1825,33469551.1,3081311.249
F,1826,33477394.28,3081000.034
F,1827,33477919.9,3081023.758
B,1828,33464041.67,3081316.839
J,1829,33467961.42,3081035.453
C,1830,33470675.1,3081323.478
C,1831,33465927.64,3081268.392
F,1832,33478269.31,3080965.794
F,1833,33460637.24,3081359.595
J,1834,33465875.91,3080945.57
J,1835,33468495.48,3081341.77
C,1836,33471101.48,3081460.063
C,1837,33470171.07,3081376.601
C,1838,33467252.89,3081297.46
J,1839,33467756.77,3081390.491
F,1840,33479891.83,3081076.715
D,1841,33474224.98,3081047.211
J,1842,33465375.09,3081359.445
D,1843,33474688.25,3080790.466
C,1844,33468155.51,3081557.134
G,1845,33463759.41,3081473.558
F,1846,33477102.69,3081233.082
G,1847,33463105.05,3081452.326
C,1848,33464323.73,3081409.115
C,1849,33464058.63,3081614.979
C,1850,33466268.7,3081238.148
C,1851,33473101.14,3081171.537
C,1852,33470869.54,3081592.493
G,1853,33462541.65,3081414.332
C,1854,33470069.2,3081580.148
C,1855,33471286.99,3081599.636
J,1856,33467007.99,3081396.686
C,1857,33471969.54,3081276.452
C,1858,33469640.25,3081658.082
D,1859,33464179.16,3081683.446
F,1860,33460983.96,3081483.607
F,1861,33476311.39,3081558.507
C,1862,33472812.3,3081325.865
J,1863,33465984.39,3081449.658
D,1864,33464591.13,3081542.79
C,1865,33469609.8,3081762.124
F,1866,33461759.37,3081493.88
G,1867,33463583.34,3081615.243
J,1868,33467315.68,3081572.38
C,1869,33473346.45,3081192.477
F,1870,33477108.24,3081634.637
C,1871,33470292.76,3081677.097
C,1872,33466571.98,3081545.531
D,1873,33475190.43,3081486.263
C,1874,33468638.72,3081645.69
C,1875,33472456.15,3081482.56
F,1876,33476717.58,3081808.962
B,1877,33468336.04,3081720.854
G,1878,33475943.86,3081711.965
C,1879,33472240.99,3081588.554
D,1880,33464349.1,3081863.875
L,1881,33461186.19,3081705.262
J,1882,33468591.67,3081870.089
B,1883,33466315.16,3081892.176
C,1884,33466847.01,3081768.345
F,1885,33474759.65,3081424.621
C,1886,33471812.03,3081609.927
D,1887,33465176.6,3081670.696
C,1888,33470948.17,3081801.592
J,1889,33467317.02,3081854.014
G,1890,33464116.47,3081828.436
G,1891,33475542.87,3081632.529
L,1892,33461581.41,3081675.902
B,1893,33464710.42,3082067.153
N,1894,33468174.99,3081973.43
C,1895,33469819.3,3081892.826
F,1896,33460629.97,3081925.582
B,1897,33464958.6,3081797.819
F,1898,33461395.21,3081686.206
C,1899,33467677.74,3081865.28
B,1900,33464627.41,3082137.811
F,1901,33461293.6,3082100.9
C,1902,33469471.5,3082032.212
F,1903,33477132.92,3081981.116
C,1904,33471758.66,3081930.647
J,1905,33465727.92,3082123.345
G,1906,33463359.77,3081939.013
F,1907,33476503.11,3082019.336
G,1908,33472793.75,3081907.207
C,1909,33470045.77,3081997.909
C,1910,33469735.39,3082214.162
J,1911,33468680.49,3082081.131
F,1912,33474843.02,3081915.363
G,1913,33464025.01,3082059.462
C,1914,33470481.63,3082000.094
B,1915,33466041.93,3082199.934
G,1916,33461862.29,3082035.924
C,1917,33471924.29,3082202.012
G,1918,33462746.03,3081993.18
C,1919,33471252.32,3081980.735
H,1920,33466639.22,3082257.013
F,1921,33473826.24,3081408.238
B,1922,33467985.36,3081968.078
D,1923,33464530.35,3082278.601
C,1924,33469580.72,3082304.358
D,1925,33468370.73,3082171.713
C,1926,33465627.61,3082360.966
H,1927,33466991.73,3082168.628
D,1928,33467288.26,3082172.888
F,1929,33476269.72,3082204.205
C,1930,33470558.63,3082303.134
D,1931,33467782.59,3082378.84
G,1932,33462256.56,3082075.95
F,1933,33473734.93,3082371.669
C,1934,33469759.92,3082429.794
F,1935,33460154.94,3082288.023
F,1936,33473323.04,3082290.233
F,1937,33476883.64,3082353.615
Q,1938,33469700.23,3082587.211
C,1939,33468766.66,3082389.185
F,1940,33475103.74,3082263.94
Q,1941,33469801.78,3082591.053
C,1942,33466563.39,3082489.121
F,1943,33477297.78,3082440.786
F,1944,33474646.69,3082370.774
C,1945,33471019.24,3082449.109
D,1946,33461310.53,3082514.586
F,1947,33475482.81,3082265.542
C,1948,33466879.17,3082601.277
C,1949,33466287.79,3082512.038
B,1950,33469277.24,3082574.361
C,1951,33467995.69,3082742.75
D,1952,33468349.78,3082640.696
D,1953,33462755.29,3082635.222
D,1954,33471388.95,3082540.946
S,1955,33469048.98,3082834.397
C,1956,33468914.76,3082687.993
D,1957,33463131.39,3082519.906
G,1958,33472175.46,3082628.406
C,1959,33469584.06,3082789.743
S,1960,33469042.69,3082893.384
G,1961,33473225.97,3082728.745
D,1962,33463510.15,3082592.324
D,1963,33471615.96,3082762.843
D,1964,33463915.33,3082494.481
D,1965,33468616.39,3082689.172
F,1966,33475750.34,3082295.093
C,1967,33467141.39,3082698.429
F,1968,33475022.28,3082703.991
H,1969,33465480.76,3082600.03
D,1970,33464903.95,3082602.73
C,1971,33467446.14,3082844.737
J,1972,33467984.26,3082866.948
G,1973,33472588.86,3082519.185
F,1974,33476080.41,3082636.79
D,1975,33472185.32,3082946.755
C,1976,33469905.16,3082818.835
D,1977,33461840.93,3082894.327
F,1978,33477439.7,3082769.978
C,1979,33469319.29,3082900.821
C,1980,33468448.04,3082989.164
J,1981,33462809.09,3082932.926
C,1982,33470269.58,3082647.628
F,1983,33476768.38,3082772.597
C,1984,33470170.66,3082851.254
C,1985,33469553.03,3083024.089
H,1986,33465698.61,3082834.44
F,1987,33477277.01,3083074.619
D,1988,33464224.9,3082874.584
F,1989,33475641.94,3082942.897
J,1990,33468467.15,3083229.127
F,1991,33478249.1,3083303.407
D,1992,33461246.62,3083297.986
C,1993,33468493.69,3083317.779
D,1994,33464526.4,3082907.608
C,1995,33467380.81,3083283.878
C,1996,33470148.98,3083232.207
F,1997,33473348.63,3083151.673
C,1998,33471515.9,3083194.624
F,1999,33476235.97,3083173.372
D,2000,33463615.64,3083183.92
C,2001,33470742.46,3083160.611
D,2002,33464014.28,3083383.471
C,2003,33467918.11,3083482.871
F,2004,33475225.95,3083078.893
D,2005,33462279.19,3083233.695
D,2006,33466364.31,3083256.01
D,2007,33463044.27,3083241.41
C,2008,33469672.95,3083386.599
G,2009,33472407.88,3083218.417
B,2010,33468004.39,3083657.954
F,2011,33479029.91,3083469.777
C,2012,33468849.51,3083515.141
C,2013,33471066.57,3083161.619
C,2014,33470011.88,3083541.575
C,2015,33470337.48,3083501.781
C,2016,33469186.07,3083654.032
J,2017,33468280.28,3083647.382
D,2018,33463201.89,3083483.231
F,2019,33473152.49,3083470.755
D,2020,33464747.86,3083260.061
D,2021,33465240.11,3083372.846
D,2022,33465325.01,3082960.381
D,2023,33465764.28,3083194.803
F,2024,33476694.57,3083213.443
D,2025,33466699.31,3083205.493
D,2026,33463835.24,3083684.055
D,2027,33465888.45,3083378.809
C,2028,33471863.81,3083484.833
D,2029,33464810.64,3083658.173
D,2030,33465058.75,3083495.855
B,2031,33467777.77,3083743.507
F,2032,33475740.18,3083413.243
C,2033,33470229.75,3083793.745
C,2034,33471597.67,3083773.48
D,2035,33465962.94,3083574.1
B,2036,33467208.29,3083548.316
C,2037,33470868.97,3083726.365
D,2038,33462416.35,3083620.303
C,2039,33469523.59,3083701.613
D,2040,33466012.88,3083848.793
C,2041,33468633.78,3083892.381
C,2042,33470871.28,3083945.823
J,2043,33468454.29,3084036.264
D,2044,33462740.01,3083915.033
F,2045,33479789.83,3084067.452
F,2046,33472176.48,3083835.693
C,2047,33468036.54,3083843.434
D,2048,33466259.35,3083910.728
F,2049,33472986.39,3083845.301
D,2050,33466879.3,3083943.172
F,2051,33478782.63,3084066.821
F,2052,33478508.72,3084124.46
D,2053,33466539.19,3083988.943
J,2054,33468126.05,3084061.412
G,2055,33471814.34,3084158.223
D,2056,33463620.39,3084006.305
C,2057,33471311.04,3084085.728
J,2058,33468436.19,3084210.451
C,2059,33469364.69,3084172.744
C,2060,33468597,3084191.761
D,2061,33464089.29,3083982.86
C,2062,33469470.42,3084115.086
C,2063,33470725.84,3084215.847
C,2064,33469775.91,3084096.837
B,2065,33467523.72,3083938.133
C,2066,33470370.63,3084084.923
D,2067,33467925.13,3084082.653
C,2068,33466785.56,3084350.639
J,2069,33467412.8,3084396.22
C,2070,33470044.3,3084186.794
S,2071,33468882.33,3084307.551
C,2072,33468304.93,3084337.565
D,2073,33463275.39,3084179.623
C,2074,33469238.08,3084509.949
C,2075,33469577.43,3084408.176
C,2076,33465425.14,3084151.723
C,2077,33467106.34,3084411.739
D,2078,33467759.93,3084355.546
C,2079,33468622.35,3084474.492
G,2080,33471900.34,3084466.202
J,2081,33464473.39,3084234.469
D,2082,33468165.93,3084533.975
C,2083,33471285.43,3084485.873
C,2084,33470418.86,3084572.492
F,2085,33472398.78,3084305.05
C,2086,33465863.36,3084424.71
D,2087,33465062.06,3084426.179
G,2088,33461815.6,3084537.661
C,2089,33464744.38,3084431.553
F,2090,33474979.68,3084466.046
F,2091,33474432.51,3084419.393
G,2092,33461393.15,3084433.157
C,2093,33466171.17,3084646.645
C,2094,33464007.75,3084404.652
C,2095,33468367.73,3084663.349
F,2096,33473406.92,3084517.433
F,2097,33473906.66,3084699.554
J,2098,33466582.83,3084847.617
F,2099,33478168.1,3084627.213
G,2100,33462726.39,3084504.63
C,2101,33470828.16,3084596.495
F,2102,33472783.22,3084571.983
F,2103,33478603.91,3084952.02
C,2104,33468385.88,3084927.921
F,2105,33478966.31,3084559.508
C,2106,33469414.08,3084980.346
C,2107,33470259.58,3084911.74
F,2108,33477749.26,3084918.65
G,2109,33461252.23,3085089.223
C,2110,33467698.31,3084860.055
G,2111,33471679.48,3084873.832
F,2112,33475711.99,3084931.851
F,2113,33473072.74,3084638.787
D,2114,33468129.41,3084820.967
D,2115,33463117.26,3084759.624
C,2116,33469922.66,3084810.862
C,2117,33470925.88,3085009.142
C,2118,33467782.37,3085149.296
F,2119,33473846.74,3085136.656
C,2120,33471346.55,3085007.305
F,2121,33478798.95,3085150.463
F,2122,33475009.15,3085054.438
D,2123,33465101.46,3085111.333
D,2124,33466092.23,3085091.857
D,2125,33462987.02,3085049.61
D,2126,33462811.33,3085218.369
D,2127,33463477.65,3084966.194
G,2128,33472486.55,3084903.173
G,2129,33472320.11,3085140.493
H,2130,33462416.14,3085117.302
B,2131,33467158.9,3085190.462
D,2132,33461766.51,3085092.593
C,2133,33470986.17,3085335.797
G,2134,33472052.82,3085202.755
C,2135,33470581.63,3085346.182
C,2136,33469498.58,3085361.001
B,2137,33467652.95,3085374.612
G,2138,33473351.3,3085098.279
F,2139,33476387.58,3085200.186
F,2140,33478316.34,3085388.638
G,2141,33472703.74,3085136.209
D,2142,33465643.27,3085166.94
C,2143,33469678.5,3085341.199
G,2144,33461013.99,3085362.183
D,2145,33463745.58,3085207.721
D,2146,33466812.4,3085326.703
C,2147,33470361.31,3085440.448
D,2148,33461946.31,3085415.569
D,2149,33464767.11,3085195.785
F,2150,33475468.65,3085141.836
F,2151,33474397.78,3085168.594
C,2152,33469097.99,3085615.566
F,2153,33475956.81,3085408.789
D,2154,33466498.27,3085430.994
B,2155,33468534.92,3085664.491
F,2156,33477486.91,3085437.012
D,2157,33465224.26,3085626.874
C,2158,33470068.45,3085621.296
D,2159,33467307.95,3085668.783
G,2160,33471722.85,3085518.22
B,2161,33476729.45,3085633.289
D,2162,33465591.07,3085572.374
C,2163,33469501.88,3085689.968
D,2164,33464093.46,3085376.742
G,2165,33473078.18,3085448.354
G,2166,33473534.54,3085594.007
F,2167,33478359.89,3085749.524
B,2168,33466734.24,3085852.774
D,2169,33464743.01,3085637.73
D,2170,33464416.25,3085524.619
B,2171,33476086.39,3085653.14
D,2172,33466141.82,3085755.503
F,2173,33476708.11,3085576.95
F,2174,33477036.11,3085786.179
D,2175,33472210.05,3085785.849
C,2176,33468616.43,3086025.342
D,2177,33475422.31,3085823.473
C,2178,33470786.95,3085874.173
D,2179,33462984.89,3085702.701
G,2180,33475010.93,3085728.234
G,2181,33461474.27,3085767.364
C,2182,33467465.78,3085881.906
C,2183,33467192.95,3086103.312
G,2184,33474678.41,3085752.073
D,2185,33472650.59,3085756.866
D,2186,33463293.12,3085875.307
G,2187,33474152.07,3085774.293
D,2188,33473766.94,3085903.871
H,2189,33461982.97,3085857.502
D,2190,33463643.6,3086068.135
D,2191,33462541.05,3085940.723
D,2192,33469689.87,3086071.068
D,2193,33473274.91,3086150.791
D,2194,33462020.18,3086202.46
D,2195,33471865.11,3086046.818
D,2196,33470331.96,3086015.562
C,2197,33467982.03,3086312.562
C,2198,33466760.47,3086173.36
D,2199,33471418.51,3085926.589
D,2200,33472877.12,3086040.108
C,2201,33467127.9,3086345.091
C,2202,33465133.8,3086153.1
D,2203,33468855.37,3086242.278
D,2204,33468322.12,3086386.044
F,2205,33476516.3,3086231.635
D,2206,33472575.86,3086272.574
D,2207,33469213.36,3086257.902
C,2208,33464452.75,3086201.498
D,2209,33471161.2,3086138.665
C,2210,33465908.45,3086159.578
G,2211,33474732.43,3086393.96
G,2212,33475271.68,3086353.662
F,2213,33477309.29,3086294.572
C,2214,33466159.97,3086428.823
C,2215,33470556.39,3086380.532
C,2216,33465579.41,3086395.297
C,2217,33473551.33,3086532.094
D,2218,33472298.32,3086333.111
C,2219,33465231.68,3086494.585
F,2220,33478122.39,3086220.069
C,2221,33473115.94,3086555.654
F,2222,33475486.29,3086793.827
F,2223,33476127.95,3086728.707
G,2224,33462512.09,3086481.997
H,2225,33463344.98,3086512.595
C,2226,33464588.84,3086567.01
L,2227,33477236.04,3086676.49
G,2228,33474207.49,3086406.393
C,2229,33473807.05,3086554.03
F,2230,33477855.27,3086613.467
C,2231,33467379.09,3086626.309
C,2232,33472639.51,3086759.752
G,2233,33461302.95,3086638.435
D,2234,33468154.23,3086899.765
D,2235,33469884.8,3086618.087
G,2236,33462785.87,3086718.624
C,2237,33470026.39,3086796.524
D,2238,33468438.33,3086776.92
D,2239,33465649.73,3086858.492
D,2240,33470994.4,3086551.634
D,2241,33466158.42,3086825.844
C,2242,33464125.84,3086479.16
D,2243,33469501.21,3086590.087
D,2244,33468892.24,3086805.261
F,2245,33476416.81,3086661.931
L,2246,33476713.86,3086754.686
D,2247,33463516.64,3086828.235
C,2248,33472028.62,3086636.107
D,2249,33467158.43,3086817.888
D,2250,33471716.55,3086717.441
F,2251,33476081.28,3087027.245
C,2252,33472693.72,3086989.645
D,2253,33466910.91,3086915.668
D,2254,33471378.74,3086801.695
D,2255,33463865.22,3086801.794
D,2256,33466613.79,3086923.289
G,2257,33462043.13,3086850.593
G,2258,33461647,3086727.924
F,2259,33477361.23,3086954.331
C,2260,33473960.79,3087090.912
F,2261,33476966.47,3086871.308
G,2262,33463019.67,3087138.333
C,2263,33469815.88,3087107.437
D,2264,33473257.01,3087030.138
F,2265,33474856.66,3086987.312
F,2266,33475336.56,3087115.043
D,2267,33470944.47,3086981.207
F,2268,33475802.14,3086773.786
C,2269,33469053.61,3087105.583
B,2270,33469149.14,3087393.454
J,2271,33470691.7,3086976.405
C,2272,33468507.03,3087169.503
D,2273,33464935.95,3087076.6
D,2274,33473545.4,3087358.251
G,2275,33463132.85,3087375.707
D,2276,33464520.66,3087223.339
C,2277,33472388.4,3087257.235
C,2278,33469101.29,3087341.667
C,2279,33467747.42,3087589.507
J,2280,33471965.7,3087321.908
D,2281,33466361.23,3087297.242
G,2282,33474576.69,3087387.806
J,2283,33470602.76,3087349.395
C,2284,33472927.92,3087446.096
G,2285,33462785.44,3087579.188
D,2286,33474127.87,3087530.045
D,2287,33466383.58,3087727.681
D,2288,33466043.63,3087416.379
B,2289,33469585.93,3087785.489
D,2290,33465727.9,3087379.455
D,2291,33465348.08,3087322.156
J,2292,33469955.94,3087493.356
D,2293,33463777.42,3087625.66
D,2294,33464214.05,3087542.353
C,2295,33470308.37,3087455.152
C,2296,33468577.88,3087636.704
C,2297,33466850.17,3087826.868
C,2298,33464899.44,3087786.496
D,2299,33474084.22,3087796.05
J,2300,33465030.02,3088016.156
C,2301,33471773.21,3087598.64
C,2302,33469170.33,3087638.62
J,2303,33470673.03,3087808.774
C,2304,33468439.47,3087916.411
F,2305,33475047.58,3087725.858
D,2306,33463628.63,3087932.587
C,2307,33464526.52,3087835.378
C,2308,33465384.22,3087978.165
C,2309,33471150.31,3087840.752
C,2310,33466086.64,3088049.656
F,2311,33474719.01,3087911.82
D,2312,33469615.52,3087899.35
D,2313,33474148,3088166.771
C,2314,33471628.33,3087874.149
C,2315,33472587.08,3087886.509
C,2316,33473665.89,3087904.076
D,2317,33466688.09,3088321.172
C,2318,33472320.27,3087909.452
D,2319,33474416.11,3088163.691
B,2320,33471893.9,3088136.486
C,2321,33473447.99,3088156.553
C,2322,33469122.38,3088088.019
C,2323,33469280.49,3088310.837
G,2324,33463215.47,3088073.794
C,2325,33472971.96,3088197.872
F,2326,33475719.79,3088088.283
C,2327,33470352.51,3088266.567
C,2328,33465955.85,3088359.567
C,2329,33465247.04,3088347.248
C,2330,33470985.47,3088181.924
C,2331,33467500.15,3088390.73
C,2332,33467774.44,3088240.885
C,2333,33468048.67,3088326.27
C,2334,33469844.53,3088402.91
C,2335,33470627.38,3088628.458
C,2336,33471399.77,3088439.523
C,2337,33467002.01,3088516.355
C,2338,33471734.83,3088384.781
C,2339,33468647.88,3088368.039
D,2340,33463896.64,3088365.266
F,2341,33474881.53,3088512.786
D,2342,33469896.35,3088610.724
D,2343,33464309.38,3088427.085
F,2344,33475148.08,3088348.706
C,2345,33464786.46,3088537.764
C,2346,33468357.99,3088394.268
F,2347,33475829.09,3088479.507
C,2348,33471043.73,3088756.829
C,2349,33469237.94,3088710.995
F,2350,33475371.19,3088398.45
G,2351,33474679.76,3088594.731
C,2352,33469647.58,3088704.009
D,2353,33467284.26,3088784.384
F,2354,33476649.77,3088716.502
C,2355,33469057.29,3088964.072
D,2356,33470708.72,3088979.812
C,2357,33469580.31,3088946.618
L,2358,33476415.05,3089114.341
F,2359,33475741.39,3088842.222
D,2360,33471525.64,3088911.912
D,2361,33468211.9,3088918.025
G,2362,33474909.7,3088991.877
G,2363,33473109.71,3088831.139
D,2364,33467695.71,3089010.426
F,2365,33476974.44,3088972.969
G,2366,33473776.52,3088970.675
D,2367,33464331.33,3089000.508
G,2368,33474075.93,3088872.567
D,2369,33471982.94,3088888.597
G,2370,33474238.07,3088993.272
D,2371,33472554.43,3088834.496
F,2372,33476004.83,3089065.04
F,2373,33476383.6,3088685.988
C,2374,33468409.86,3089155.756
D,2375,33474315.64,3089241.903
C,2376,33470279.24,3089097.429
C,2377,33469341.87,3089251.035
C,2378,33464815.9,3089078.701
D,2379,33472764.55,3088967.442
F,2380,33477189.25,3089298.509
C,2381,33465189.32,3089082.613
C,2382,33465580.82,3089000.665
C,2383,33465958.89,3089023.353
D,2384,33472272.76,3088874.615
C,2385,33470907.27,3089238.542
F,2386,33476561.03,3089236.931
D,2387,33473267.97,3088997.42
C,2388,33466919.97,3089218.39
D,2389,33470045.75,3089219.539
D,2390,33473328.73,3089172.621
F,2391,33477036.21,3089525.637
D,2392,33471178.94,3089383.674
C,2393,33466082.02,3089348.212
G,2394,33474743.78,3089338.423
B,2395,33467114.61,3089158.189
D,2396,33467831.77,3089500.515
D,2397,33473865.11,3089562.251
D,2398,33471863.4,3089407.637
D,2399,33471415.69,3089419.63
C,2400,33472341.55,3089609.302
C,2401,33466504.19,3089515.28
D,2402,33468496.43,3089524.264
D,2403,33475110.52,3089406.173
D,2404,33475746.27,3089538.683
F,2405,33476310.79,3089709.931
D,2406,33473005.44,3089649.11
C,2407,33469348.35,3089625.766
C,2408,33470555.42,3089613.258
C,2409,33466974.01,3089620.554
H,2410,33473342.04,3089670.801
G,2411,33476392.26,3089888.439
D,2412,33471666.95,3089724.897
D,2413,33469684.35,3089772.073
H,2414,33473671.79,3089872.391
D,2415,33470213.85,3089794.857
D,2416,33474126.13,3089779.165
C,2417,33469444.52,3089967.414
F,2418,33476862.5,3089926.294
C,2419,33468549.75,3089846.87
J,2420,33470939.81,3089936.759
D,2421,33474409.69,3089793.293
C,2422,33472331.91,3089974.739
C,2423,33467310.41,3089954.74
J,2424,33472661.85,3089821.532
L,2425,33477959.41,3089977.065
C,2426,33468569.82,3090138.256
D,2427,33474674.27,3090037.517
C,2428,33471164.66,3090047.83
F,2429,33477606.96,3090033.366
D,2430,33475180.92,3089918.363
C,2431,33470018.18,3090227.012
G,2432,33475576.33,3090160.397
C,2433,33469560.19,3090257.026
J,2434,33473086.46,3090089.798
C,2435,33467645.72,3090314.061
C,2436,33474827.01,3090408.031
C,2437,33471481.24,3090350.84
C,2438,33474603.2,3090507.624
C,2439,33471763.57,3090286.155
C,2440,33472672.67,3090408.695
C,2441,33473293.09,3090467.778
C,2442,33469787.11,3090529.787
D,2443,33468574.15,3090438.611
C,2444,33470582.15,3090259.249
L,2445,33477507.86,3090528.701
C,2446,33473851.04,3090275.264
G,2447,33475389.8,3090457.346
L,2448,33477298.58,3090327.743
F,2449,33476488.94,3090365.586
G,2450,33475784.85,3090515.243
D,2451,33469107.03,3090521.319
C,2452,33471460.8,3090686.925
G,2453,33476616.41,3090613.067
C,2454,33472118.03,3090313.211
C,2455,33469804.78,3090756.773
C,2456,33474308.17,3090595.577
C,2457,33467849.71,3090207.951
L,2458,33478230.88,3090682.85
C,2459,33474672.83,3090784.081
C,2460,33473320.82,3090829.552
C,2461,33471110.57,3090666.504
C,2462,33467861.2,3090738.343
C,2463,33473764.03,3090638.76
C,2464,33473005.08,3090773.982
C,2465,33475128.79,3090766.378
G,2466,33475818.85,3090829.535
F,2467,33476946.88,3090627.727
D,2468,33468666.89,3090843.85
C,2469,33471939.85,3090877.612
C,2470,33469673.89,3091028.895
C,2471,33470789.08,3090882.144
F,2472,33477111.67,3090802.465
G,2473,33476046.39,3091043.885
C,2474,33469087.2,3091041.273
C,2475,33473646.73,3090899.561
C,2476,33470037.36,3091228.341
C,2477,33470650.26,3091206.604
C,2478,33468591.19,3091219.36
C,2479,33472521.08,3090898.775
F,2480,33477236.04,3091118.501
G,2481,33474630.81,3091170.384
C,2482,33472930.31,3091176.722
C,2483,33471508.99,3091166.467
D,2484,33470879.27,3091430.246
G,2485,33474343.02,3091379.649
F,2486,33477751.27,3091045.613
C,2487,33471324.96,3091449.138
G,2488,33476168.21,3091438.167
F,2489,33477350.61,3091464.766
F,2490,33476802.34,3091641.445
D,2491,33472622.32,3091543.452
G,2492,33473506.52,3091649.07
C,2493,33469950.33,3091656.187
D,2494,33472899.3,3091665.156
D,2495,33476360.61,3091814.849
D,2496,33471430,3091673.814
D,2497,33475339.23,3091477.985
D,2498,33471724.61,3091797.267
D,2499,33472331.01,3091649.085
D,2500,33473370.99,3091867.732
C,2501,33469692.86,3091671.928
C,2502,33468942.68,3091661.074
C,2503,33469419.01,3091528.161
D,2504,33472027.41,3091741.932
C,2505,33470570.03,3091842.074
F,2506,33474681.14,3091929.166
F,2507,33474889.72,3091712.113
C,2508,33469828.42,3091989.583
D,2509,33472433.51,3092038.79
F,2510,33477287.99,3091924.265
J,2511,33470980.78,3091893.521
D,2512,33473047,3092107.248
C,2513,33468726.99,3091869.163
D,2514,33473785.59,3092056.505
F,2515,33474265.12,3092002.459
L,2516,33478035.49,3092036.922
J,2517,33472389.74,3092178.794
D,2518,33476404.77,3092042.586
C,2519,33471364.21,3092295.426
C,2520,33469586.3,3092255.701
F,2521,33474840.59,3092240.173
D,2522,33476638.11,3092264.367
C,2523,33470527.46,3092353.303
F,2524,33477450.52,3092135.373
D,2525,33475650.2,3092108.461
J,2526,33471472.25,3092146.769
L,2527,33478169.67,3092487.583
C,2528,33473436.96,3092392.408
F,2529,33474428.81,3092421.189
D,2530,33473836.1,3092401.882
C,2531,33473287.74,3092324.642
C,2532,33472880.12,3092410.516
F,2533,33477747.2,3092352.909
J,2534,33471897.61,3092330.577
C,2535,33469008.09,3092461.065
F,2536,33476773.59,3092539.676
C,2537,33469577.98,3092563.792
D,2538,33473588.45,3092621.102
F,2539,33474413.82,3092657.294
C,2540,33470867.76,3092442.514
D,2541,33472419.75,3092606.267
F,2542,33474997.71,3092588.259
C,2543,33469058.65,3092672.512
F,2544,33476799.61,3092781.96
F,2545,33475341.07,3092426.246
C,2546,33468675.72,3092477.503
C,2547,33469486.9,3092807.816
C,2548,33470490.01,3092720.164
F,2549,33477796.81,3092784.704
D,2550,33474478.97,3092887.814
C,2551,33469412.63,3092984.494
G,2552,33475956.69,3092637.351
F,2553,33474506.01,3093126.16
D,2554,33470761.03,3093006.717
D,2555,33471634.14,3092877.388
D,2556,33471853.66,3092912.359
C,2557,33469570.54,3093138.675
D,2558,33471242.55,3093058.587
C,2559,33473323.53,3092945.879
F,2560,33475081.73,3093040.765
D,2561,33473945.99,3093004.551
F,2562,33476767.39,3093062.581
D,2563,33472107.73,3093204.7
F,2564,33477618.18,3093116.092
D,2565,33472458.94,3093273.725
C,2566,33468959.59,3093310.049
J,2567,33471500.98,3093418.899
E,2568,33474397.17,3093386.332
C,2569,33471421.82,3093539.439
C,2570,33470146.73,3093306.859
C,2571,33470855.67,3093326.419
D,2572,33469585.61,3093362.828
P,2573,33476075.97,3093238.137
D,2574,33472832.85,3093366.254
D,2575,33473417.67,3093483.205
F,2576,33475114.51,3093413.18
F,2577,33477020.96,3093484.436
F,2578,33474655.66,3093409.26
F,2579,33477843.97,3093364.79
C,2580,33469496.22,3093629.845
F,2581,33475613.29,3093304.466
J,2582,33472116.66,3093667.65
J,2583,33472446.56,3093705.432
C,2584,33468509.99,3093316.613
J,2585,33470422.37,3093601.744
D,2586,33473494.85,3093692.657
C,2587,33468773.04,3093683.556
C,2588,33471723.77,3093785.656
F,2589,33477946.76,3093737.583
D,2590,33474417.7,3093687.103
F,2591,33476286.58,3093782.713
D,2592,33469657.6,3093899.177
J,2593,33470731.38,3093783.812
D,2594,33474259.54,3093866.045
F,2595,33475139.76,3093763.025
F,2596,33477026.07,3093888.263
J,2597,33472183.61,3093872.102
F,2598,33475926.52,3093943.034
J,2599,33472408.13,3094178.053
D,2600,33474215.38,3094127.596
C,2601,33468974.35,3094012.804
D,2602,33472090.45,3094299.271
F,2603,33475572.63,3094050.906
D,2604,33470449.79,3093833.284
F,2605,33477736.04,3094138.769
D,2606,33473330.84,3094158.731
C,2607,33469553.88,3094202.462
F,2608,33474914.32,3094131.1
D,2609,33473554.1,3094092.876
F,2610,33477141.54,3094243.127
D,2611,33470876.16,3094232.724
F,2612,33476288.77,3094225.066
J,2613,33470895.21,3094506.956
D,2614,33472157.3,3094522.304
C,2615,33470807.39,3094438.064
D,2616,33474107.09,3094445.943
F,2617,33476722.24,3094331.318
C,2618,33469582.95,3094539.14
C,2619,33469095.61,3094639.215
F,2620,33475178.98,3094450.504
F,2621,33474647.35,3094552.027
C,2622,33469886.54,3094480.547
C,2623,33470341.3,3094621.872
D,2624,33471527.55,3094741.043
F,2625,33478044.9,3094942.82
F,2626,33474777.01,3094869.149
C,2627,33469505.2,3094799.43
F,2628,33477848.48,3094658.609
F,2629,33476382.04,3094591.584
D,2630,33470262.46,3094861.19
L,2631,33478299.57,3094507.514
F,2632,33477405.12,3094760.797
D,2633,33472043.09,3094885.788
F,2634,33475243.68,3094868.261
D,2635,33472561.23,3094933.051
F,2636,33476745.23,3094845.833
D,2637,33473724.15,3095031.591
D,2638,33473202.1,3095088.418
F,2639,33474615.33,3095080.667
C,2640,33469562.83,3095168.393
F,2641,33474489.33,3095274.071
C,2642,33471134.23,3095049.942
J,2643,33471344.55,3094976.31
C,2644,33471796.69,3095429.299
F,2645,33476925.75,3095107.292
F,2646,33477935.44,3095399.981
F,2647,33476202.4,3095111.387
C,2648,33473021.94,3095343.806
D,2649,33472385.22,3095293.675
C,2650,33470972.87,3095571.214
C,2651,33470728.12,3095449.935
J,2652,33471167.77,3095573.367
C,2653,33470477.39,3095351.153
F,2654,33473874.57,3095387.398
F,2655,33476998.31,3095426.567
F,2656,33474747.58,3095504.06
F,2657,33476159.08,3095552.574
D,2658,33473563.44,3095554.237
F,2659,33475294.06,3095588.313
C,2660,33470205.62,3095508.74
C,2661,33469725.61,3095582.779
C,2662,33471360.69,3095442.229
D,2663,33472509.09,3095623.052
F,2664,33474783.45,3095897.01
J,2665,33471976.74,3095369.14
J,2666,33471535.49,3095551.371
D,2667,33470824.65,3095798.987
F,2668,33478378.23,3095408.057
L,2669,33478577.95,3095748.423
F,2670,33474321.58,3095739.553
D,2671,33473134.79,3095817.234
F,2672,33476468.99,3095877.772
D,2673,33471028.4,3096004.55
F,2674,33478017.04,3095804.199
F,2675,33477044.04,3095824.656
F,2676,33477692.71,3095691.31
C,2677,33469548.36,3096012.401
C,2678,33468986.45,3096135.042
D,2679,33472532.53,3095919.377
F,2680,33477930.62,3096145.975
D,2681,33471372.91,3096157.631
L,2682,33478417.6,3096031.036
F,2683,33473882.64,3095982.232
D,2684,33473177.27,3096222.287
C,2685,33470479.65,3096160.593
D,2686,33470239.9,3096415.172
F,2687,33473836.94,3096344.548
F,2688,33474241.16,3096423.253
L,2689,33478570.25,3096396.427
F,2690,33478238.55,3096318.05
D,2691,33471573.95,3096322.056
F,2692,33476204.82,3096548.359
F,2693,33477008.86,3096357.604
C,2694,33469551.57,3096455.268
D,2695,33473252.31,3096525.375
G,2696,33472602.48,3096482.947
F,2697,33474648.4,3096528.802
J,2698,33470933.34,3096591.099
F,2699,33474996.22,3096577.173
C,2700,33470422.64,3096741.22
F,2701,33473375.77,3096748.227
D,2702,33469433.43,3096697.063
C,2703,33468700.54,3096869.294
F,2704,33477052.03,3096735.401
C,2705,33470118.94,3096906.651
F,2706,33477101.47,3097002.093
F,2707,33478223.58,3096776.347
L,2708,33478568.37,3096735.093
F,2709,33473876.15,3096798.716
F,2710,33474149.6,3096954.194
D,2711,33470952.21,3097039.222
D,2712,33471431.11,3096950.283
F,2713,33474682.77,3096947.584
D,2714,33473005.33,3096986.553
D,2715,33471724.29,3096915.056
D,2716,33472019.98,3096900.053
D,2717,33472188.55,3097070.604
D,2718,33473513.11,3097081.418
D,2719,33469139.39,3097109.257
D,2720,33470378.78,3097132.08
F,2721,33478439.4,3097194.611
F,2722,33474972.17,3097285.338
F,2723,33477347.16,3097256.427
L,2724,33478590.31,3097351.447
C,2725,33468598.14,3097323.387
D,2726,33472352.48,3097173.402
F,2727,33474437.46,3097293.529
D,2728,33469923.29,3097291.194
C,2729,33469086.92,3097360.906
D,2730,33473079.77,3097277.327
C,2731,33470278.92,3097450.596
C,2732,33470941.2,3097404.613
F,2733,33474101.3,3097489.405
D,2734,33472502.44,3097401.207
G,2735,33473083.85,3097544.614
F,2736,33477643.88,3097569.246
F,2737,33474803.73,3097648.579
C,2738,33468739.46,3097647.619
D,2739,33473587.54,3097532.8
F,2740,33478603.33,3097734.521
C,2741,33468354.76,3097815.792
D,2742,33470878.73,3097703.841
F,2743,33474561.95,3097690.329
L,2744,33474919.25,3097691.1
F,2745,33475417.95,3097887.84
F,2746,33478104.98,3097827.053
C,2747,33468473.95,3097916.372
G,2748,33473032.33,3097813.262
C,2749,33469279.4,3097590.176
F,2750,33475008.8,3097891.754
C,2751,33469672.43,3097711.078
C,2752,33472061.7,3097739.393
H,2753,33471533.23,3097879.977
F,2754,33477973.59,3098070.549
J,2755,33470318.64,3097791.155
F,2756,33473882.45,3097820.135
F,2757,33478708.85,3098027.031
B,2758,33470710.98,3098021.032
F,2759,33479368.32,3098297.391
D,2760,33472736.51,3097897.794
F,2761,33474293.94,3098024.341
D,2762,33473412.87,3098015.284
H,2763,33471936.49,3098080.498
J,2764,33471655.09,3098251.213
J,2765,33471047.03,3098121.933
C,2766,33469655.57,3098244.751
B,2767,33474770.16,3098146.31
D,2768,33473119.73,3098319.376
F,2769,33477923.85,3098415.086
F,2770,33475063.92,3098275.681
C,2771,33468809.22,3098446.454
C,2772,33470103.67,3098192.672
J,2773,33470812.38,3098468.785
F,2774,33475085.88,3098527.271
C,2775,33470607.85,3098462.21
H,2776,33472432.16,3098364.95
C,2777,33469155.42,3098594.785
G,2778,33472887.9,3098557.106
D,2779,33473742.94,3098379.725
F,2780,33474567.9,3098507.682
D,2781,33470157.27,3098660.85
F,2782,33474152.16,3098386.955
D,2783,33473522.64,3098625.726
D,2784,33473899.79,3098660.904
C,2785,33472203.05,3098771.293
F,2786,33478641.26,3098687.663
C,2787,33470675.24,3098773.217
F,2788,33475315.49,3098692.751
C,2789,33471773.96,3098882.108
F,2790,33474685.09,3098792.413
G,2791,33473899.24,3098911.244
D,2792,33469970.74,3098849.965
C,2793,33470747.46,3098963.526
D,2794,33469511.93,3099015.765
H,2795,33473045.58,3098888.454
J,2796,33470325.85,3099186.586
H,2797,33472464.43,3099061.91
H,2798,33472748.13,3099008.305
C,2799,33469164.06,3098944.862
F,2800,33474743.26,3099069.786
J,2801,33470677.84,3099177.75
G,2802,33474211.5,3099027.807
H,2803,33473177.77,3099037.807
F,2804,33475382.67,3099150.184
D,2805,33472049.95,3099105.158
J,2806,33471171.04,3099171.776
F,2807,33478577.15,3099299.571
H,2808,33473431.4,3099128.617
C,2809,33469301.68,3099376.324
D,2810,33472384.76,3099422.03
J,2811,33471182.27,3099454.915
D,2812,33471589.13,3099268.753
C,2813,33472253.11,3099543.301
G,2814,33473763.75,3099422.145
H,2815,33473486.89,3099386.533
C,2816,33472958.18,3099672.407
J,2817,33473070.67,3099542.747
F,2818,33475834.84,3099422.153
F,2819,33475582.57,3099526.763
B,2820,33475282.76,3099638.827
C,2821,33469213.4,3099615.304
C,2822,33469687.31,3099405.701
D,2823,33472235.48,3099730.318
F,2824,33474894.25,3099416.997
D,2825,33471750.12,3099875.85
F,2826,33476129.08,3099791.972
C,2827,33469896.37,3099667.58
C,2828,33471386.64,3099988.563
C,2829,33470615.09,3099570.227
D,2830,33474686.9,3099724.495
D,2831,33472715.96,3099893.671
F,2832,33478940.81,3100115.131
D,2833,33473178.09,3099923.025
C,2834,33470516.2,3099877.616
C,2835,33471218.47,3099857.153
D,2836,33473692.03,3100084.71
F,2837,33475385.47,3099877.279
D,2838,33473980.78,3099675.388
C,2839,33470829.57,3100084.098
F,2840,33475753.94,3100171.869
D,2841,33472085,3100095.142
C,2842,33470182.5,3100038.389
D,2843,33472711.2,3100191.201
D,2844,33475125.19,3100108.301
C,2845,33469481.27,3100127.078
D,2846,33472272.47,3100225.852
G,2847,33474517.86,3100203.594
D,2848,33473277.82,3100222.377
C,2849,33471063.35,3100292.694
C,2850,33471675.26,3100267.175
D,2851,33474169.95,3099955.275
F,2852,33475915.79,3100399.859
J,2853,33471393.84,3100417.401
D,2854,33472501.79,3100424.773
D,2855,33473409.59,3100485.603
C,2856,33470536.42,3100594.689
C,2857,33470698.92,3100557.384
C,2858,33469907.47,3100271.873
D,2859,33470994.68,3100589.388
D,2860,33472878.76,3100625.872
C,2861,33471555.91,3100454.956
C,2862,33470268.9,3100608.049
C,2863,33472080.4,3100618.08
F,2864,33475318.42,3100562.172
D,2865,33474301.4,3100563.695
D,2866,33474457.32,3100763.43
J,2867,33470907.52,3100881.037
J,2868,33472355.12,3100915.976
J,2869,33471253.91,3100701.241
J,2870,33472103.5,3100946.13
D,2871,33472576.56,3100795.045
J,2872,33471288.49,3101034.376
D,2873,33470634.77,3100981.758
F,2874,33476060.87,3100773.294
F,2875,33476359.52,3101037.238
F,2876,33475464.71,3100863.693
F,2877,33474982.11,3101043.968
D,2878,33474055.89,3101086.266
D,2879,33473067.87,3100926.415
G,2880,33474678.16,3100913.218
J,2881,33472135.21,3101181.706
D,2882,33473563.1,3100875.671
D,2883,33471875.72,3101232.901
D,2884,33473426.92,3101221.36
G,2885,33470054.88,3101035.591
J,2886,33471600.14,3101021.539
D,2887,33473402.16,3101371.675
F,2888,33475565.73,3101090.469
J,2889,33472502.76,3101201.183
D,2890,33470771.11,3101186.197
F,2891,33476300.31,3101386.311
C,2892,33473811.07,3101397.226
D,2893,33470402.86,3101275.232
F,2894,33476079.23,3101237.199
C,2895,33471775.71,3101443.927
C,2896,33471335.07,3101534.541
D,2897,33470723.95,3101459.98
B,2898,33471144.52,3101671.933
F,2899,33475271.05,3101406.447
C,2900,33472822.44,3101481.959
D,2901,33471089.63,3101334.836
C,2902,33471505.25,3101437.8
C,2903,33471662.63,3101673.102
G,2904,33474560.56,3101491.674
C,2905,33472663.38,3101711.423
C,2906,33473497.61,3101704.148
D,2907,33473820.5,3101614.729
G,2908,33474759.87,3101662.726
F,2909,33475961.26,3101645.905
G,2910,33474973.01,3101611.589
G,2911,33470223.53,3101476.936
C,2912,33472530.97,3101856.917
C,2913,33472111.78,3101919.98
C,2914,33472990.61,3101865.811
C,2915,33471994.81,3101625.286
C,2916,33472043.27,3101862.461
F,2917,33470078.35,3101700.438
D,2918,33470817.94,3101915.856
D,2919,33473333.33,3101878.621
D,2920,33474227.94,3102032.205
F,2921,33475534.76,3101858.523
G,2922,33470363.14,3102071.707
F,2923,33471258.3,3102070.78
G,2924,33470595.85,3101964.663
D,2925,33472635.33,3102158.131
D,2926,33472352.35,3102133.456
D,2927,33473554.31,3102197.552
F,2928,33475267.01,3102147.913
G,2929,33474758.87,3102123.251
F,2930,33476464.12,3102644.901
F,2931,33470896.59,3102222.628
G,2932,33474310.01,3102325.854
F,2933,33477965.44,3102502.091
D,2934,33472729.88,3102261.865
F,2935,33471406.69,3102386.6
L,2936,33475832.01,3102558.957
F,2937,33470245.87,3102288.346
G,2938,33471882.9,3102507.98
C,2939,33472735.92,3102516.773
F,2940,33470960.08,3102673.81
C,2941,33473110.61,3102551.241
D,2942,33474697.88,3102578.207
D,2943,33473755.18,3102612.991
D,2944,33475074.69,3102724.04
C,2945,33473229.21,3102824.424
F,2946,33475517.39,3102701.349
F,2947,33475831.24,3102818.924
G,2948,33474336.24,3102748.815
F,2949,33477026.99,3102910.127
F,2950,33471252.58,3103029.245
C,2951,33473332.28,3103012.771
F,2952,33470651.19,3103032.11
D,2953,33472426.14,3103055.009
F,2954,33477444.27,3103114.028
D,2955,33473856.02,3103073.273
D,2956,33474641.73,3103134.903
D,2957,33473032.55,3103303.927
D,2958,33473248.28,3103220.236
F,2959,33471095.55,3103329.872
F,2960,33477513.76,3103398.654
F,2961,33477783.64,3103389.802
G,2962,33471772.46,3103053.87
F,2963,33476083.75,3103113.233
D,2964,33475177.64,3103182.386
F,2965,33476595.8,3103291.363
F,2966,33476934.45,3103475.013
D,2967,33473957.91,3103450.459
D,2968,33475543.02,3103377.412
F,2969,33471204.78,3103617.275
F,2970,33476014.81,3103526.462
G,2971,33474973.14,3103450.277
G,2972,33472104.83,3103311.65
D,2973,33474611.74,3103660.75
D,2974,33471774.12,3103622.306
F,2975,33470844.72,3103856.801
F,2976,33475812.68,3103798.86
D,2977,33472839.59,3103627.197
F,2978,33476064.7,3103854.665
G,2979,33472489.67,3103656.048
D,2980,33473206.26,3103680.669
D,2981,33472293.59,3103833.864
F,2982,33476682.24,3103785.907
F,2983,33470871.07,3104057.616
F,2984,33471705.22,3103923.656
L,2985,33470480.54,3103315.656
F,2986,33477183.24,3104005.597
D,2987,33474271.78,3103907.214
F,2988,33472263.62,3104123.637
D,2989,33474608.65,3104040.108
F,2990,33475822.88,3104006.575
F,2991,33476133.12,3104121.065
B,2992,33476507.43,3104097.131
D,2993,33473617.19,3103905.412
G,2994,33472797.9,3104258.909
D,2995,33473095.17,3104171.726
G,2996,33475519.55,3104068.27
G,2997,33475171.73,3104175.706
G,2998,33474740.3,3104336.939
F,2999,33476929.51,3104491.821
D,3000,33473573.28,3104339.505
F,3001,33471432.73,3104319.033
G,3002,33472617.44,3104545.37
G,3003,33474187.43,3104307.682
F,3004,33471718.49,3104573.299
F,3005,33472204.54,3104446.198
F,3006,33475941.92,3104504.468
L,3007,33470424.49,3104637.86
D,3008,33474064.48,3104761.206
F,3009,33471552.19,3104864.749
D,3010,33473231.04,3104781.789
B,3011,33476491.72,3104971.507
F,3012,33475605.96,3104840.428
B,3013,33476149.36,3104931.372
F,3014,33475011.82,3104738.55
D,3015,33474977.54,3104929.023
G,3016,33472856.18,3104859.669
F,3017,33472313.43,3104937.789
D,3018,33473608.88,3104863.073
D,3019,33472696.78,3105214.579
D,3020,33474543.91,3105028.67
G,3021,33474229.89,3105299.983
F,3022,33471429.09,3105256.224
F,3023,33475991.97,3105565.088
F,3024,33475659.26,3105291.049
F,3025,33472112.34,3105248.006
D,3026,33473678.53,3105331.363
F,3027,33475613.64,3105595.928
P,3028,33475085.51,3105423.322
D,3029,33473125.88,3105468.437
D,3030,33474263.09,3105510.3
F,3031,33476018.93,3105762.708
F,3032,33475670.69,3105777.543
D,3033,33473747.15,3105685.257
G,3034,33472787.9,3105476.25
P,3035,33472190.23,3105664.012
G,3036,33474613.69,3105676.854
D,3037,33473087.99,3105838.106
F,3038,33471540.83,3105943.904
C,3039,33474014.78,3105952.221
F,3040,33475547.63,3105948.946
F,3041,33471278.48,3105798.39
D,3042,33473412.98,3105898.714
F,3043,33475937.61,3106171.398
B,3044,33473294.24,3106074.675
G,3045,33472948.22,3106098.357
B,3046,33473511.43,3106085.023
F,3047,33475455.76,3106100.572
F,3048,33472165.16,3106107.496
F,3049,33475285.85,3106259.465
F,3050,33471678.07,3106330.78
D,3051,33475010.25,3106186.041
D,3052,33473639.6,3106341.905
G,3053,33474814.07,3106131.327
D,3054,33474045.84,3106378.12
D,3055,33473569.64,3106608.079
G,3056,33474545.15,3106408.005
G,3057,33474304.07,3106756.513
P,3058,33474671.75,3106990.979
D,3059,33473369.12,3107004.813
D,3060,33474056.61,3107175.308
P,3061,33474821.22,3107275.76
G,3062,33474073.33,3107149.377
F,3063,33472760.04,3107188.664
D,3064,33473342.79,3107382.091
F,3065,33472603.64,3107443.978
B,3066,33473129.93,3107216.52
F,3067,33472237.18,3107525.311
D,3068,33473602.55,3107256.91
F,3069,33474942.87,3107566.498
G,3070,33474120.65,3107572.98
O,3071,33474763.4,3107564.812
F,3072,33472622.32,3107788.903
F,3073,33475090.06,3107772.672
F,3074,33475384.91,3107994.433
F,3075,33472515.5,3108032.21
F,3076,33475045.83,3108028.304
F,3077,33474590.05,3107979.306
G,3078,33473936.28,3108002.076
F,3079,33474913.76,3108299.027
D,3080,33473219.93,3108081.195
F,3081,33472468.02,3108289.462
D,3082,33473038.25,3108076.056
D,3083,33473419.5,3108124.261
G,3084,33473763.92,3108383.344
F,3085,33474308.22,3108342.133
F,3086,33474579.06,3108492.396
F,3087,33472315.26,3108623.406
F,3088,33474375.06,3108737.291
D,3089,33473177.14,3108869.821
F,3090,33472683.19,3108859.684
G,3091,33473772.59,3108926.217
F,3092,33474310.28,3108945.985
F,3093,33474212.1,3109151.012
D,3094,33473371.9,3109022.744
F,3095,33472674,3109281.887
F,3096,33474426.5,3109438.564
G,3097,33473697.73,3109407.718
F,3098,33470471.91,3110452.851
F,3099,33471209.42,3111102.025
F,3100,33470737.84,3111125.205
F,3101,33470973.2,3111942.892
F,3102,33471369.42,3112292.733
F,3103,33472947.37,3109968.043
F,3104,33471691.84,3110476.077
F,3105,33472135.32,3110449.771
F,3106,33472939.56,3110482.994
F,3107,33472845.43,3110818.023
F,3108,33471480.93,3110933.139
F,3109,33472005.94,3111121.211
F,3110,33472747.11,3111793.552
C,3111,33469552.97,3076169.102
G,3112,33473511.75,3099854.897
F,3113,33476380.37,3096227.943
F,3114,33476392.36,3096220.1
C,3115,33468970.76,3089310.424
G,3116,33461374.51,3084882.315
C,3117,33469591.9,3084830.205
F,3118,33474152.31,3082194.727
J,3119,33472619.65,3093727.201
F,3120,33475197.55,3077686.459
E,3121,33459699.21,3051608.719
E,3122,33459129.42,3051594.117
E,3123,33465280.87,3051653.579
E,3124,33464790.62,3051544.784
E,3125,33459580.64,3051994.971
E,3126,33464312.17,3051857.218
F,3127,33465264.5,3052238.801
E,3128,33463858.21,3052127.025
E,3129,33463233.07,3052195.192
E,3130,33460218.07,3052432.374
F,3131,33465250.74,3052629.09
E,3132,33462359.4,3052512.702
F,3133,33459972.81,3052547.708
F,3134,33464676.5,3052381.538
E,3135,33459642.73,3052577.418
F,3136,33464239.35,3052642.189
E,3137,33461742.27,3052529.148
E,3138,33460299.98,3052975.736
E,3139,33462941.9,3052672.243
F,3140,33462539.29,3052960.95
F,3141,33463487.29,3052879.165
F,3142,33463854.6,3052788.33
F,3143,33465674.79,3053027.884
E,3144,33459564.1,3052748.009
F,3145,33464471.57,3053149.231
F,3146,33465036.52,3053095.117
F,3147,33460423.16,3053317.527
E,3148,33463947.31,3053507.495
E,3149,33460318.91,3053494.823
E,3150,33463100.63,3053469.075
F,3151,33464412.77,3053798.955
F,3152,33465816.9,3053507.032
F,3153,33465143.03,3053608.092
E,3154,33459071.64,3053858.668
F,3155,33466015.73,3053799.142
F,3156,33462962.75,3053989.98
F,3157,33463611.31,3053966.756
E,3158,33460361.21,3053956.139
F,3159,33467372.85,3054191.126
F,3160,33466682.54,3054241.529
E,3161,33459618.11,3054410.962
E,3162,33460112.5,3054254.344
F,3163,33464735.73,3054199.927
F,3164,33466324.59,3054158.314
F,3165,33464329.65,3054233.126
F,3166,33465902.14,3054272.9
P,3167,33459042.21,3054213.141
F,3168,33464030.59,3054476.337
E,3169,33459481.02,3053995.306
F,3170,33465262.01,3054201.552
P,3171,33467068.23,3054561.244
F,3172,33465466.19,3054525.697
E,3173,33458688.84,3054729.678
F,3174,33466367.94,3054774.311
F,3175,33467577.01,3054755.349
F,3176,33468005.97,3054839.965
F,3177,33465719.55,3054925.109
F,3178,33464682.23,3054823.873
F,3179,33459852.71,3054878.755
F,3180,33466882.16,3055045.198
F,3181,33464015.67,3054998.529
F,3182,33459581.21,3055288.248
P,3183,33459267.06,3054940.727
F,3184,33463475.46,3055098.362
F,3185,33464528.04,3055342.668
F,3186,33465158.49,3055264.857
F,3187,33467454.42,3055282.312
F,3188,33468084.78,3055332.227
F,3189,33466101.28,3055283.335
F,3190,33460746.33,3055699.475
F,3191,33466914.43,3055413.406
F,3192,33468057.35,3055723.74
F,3193,33468796.2,3055568.576
F,3194,33464105.82,3055664.406
E,3195,33458555.29,3055422.529
F,3196,33468549.43,3055647.988
F,3197,33459346.48,3055676.231
F,3198,33462775.34,3055393.626
F,3199,33465484.11,3055769.733
F,3200,33464821.65,3055831.432
E,3201,33458811.33,3055877.33
F,3202,33466189.88,3055732.221
P,3203,33459990.58,3055929.975
P,3204,33460368.79,3055908.236
F,3205,33467686.31,3056015.727
F,3206,33463217.59,3055717.992
F,3207,33468967.11,3056126.045
F,3208,33464871.32,3056140.914
F,3209,33459588.3,3055978.123
F,3210,33467099.91,3055865.374
F,3211,33466556.22,3056057.286
E,3212,33458117.79,3056042.439
F,3213,33460610.51,3056206.789
F,3214,33463523.03,3055908.301
D,3215,33466200.44,3056317.703
F,3216,33464848.57,3056374.864
F,3217,33459661.58,3056393.571
F,3218,33469020.52,3056430.56
F,3219,33467809.21,3056335.147
F,3220,33462777.3,3056395.603
E,3221,33458295.31,3056477.895
F,3222,33468425.51,3056284.841
F,3223,33463707.53,3056297.815
F,3224,33468067.65,3056593.53
D,3225,33467359.16,3056603.482
P,3226,33458669.23,3056474.867
E,3227,33459057.41,3056512.431
F,3228,33462788.47,3056657.778
F,3229,33459880.66,3056624.15
F,3230,33469394.69,3056642.013
D,3231,33466074.79,3056614.499
F,3232,33465510.65,3056707.673
D,3233,33459249.95,3056340.249
F,3234,33461511.2,3056495.477
D,3235,33466791.24,3056665.351
E,3236,33457751.95,3056775.672
F,3237,33460194.91,3056678.135
P,3238,33458906.06,3056915.503
F,3239,33463725.79,3056830.552
D,3240,33467095.63,3056485.707
F,3241,33468675.57,3056859.277
F,3242,33461244.91,3056385.226
F,3243,33464610.64,3056812.18
F,3244,33461819.4,3056880.439
F,3245,33462094.47,3056678.912
F,3246,33468942.72,3057119.777
E,3247,33458190.48,3057028.746
F,3248,33460719.49,3056706.554
D,3249,33467498.4,3057061.758
F,3250,33466054.66,3057198.901
D,3251,33467965.17,3057081.078
F,3252,33463195.34,3057160.899
F,3253,33460879.9,3056994.478
F,3254,33465677.03,3057358.892
F,3255,33465012.19,3057156.493
F,3256,33469671.78,3057006.5
F,3257,33463852.07,3057273.922
P,3258,33459709.3,3057289.267
P,3259,33460007.34,3057422.194
D,3260,33468079.08,3057297.916
F,3261,33464359.6,3057234.15
P,3262,33459151.27,3057355.005
E,3263,33457652.38,3057473.896
F,3264,33462778.71,3057191.73
F,3265,33469964.09,3057455.793
F,3266,33464208.37,3057573.085
D,3267,33467031.41,3057256.823
D,3268,33468038.76,3057713.979
F,3269,33462890.79,3057667.267
F,3270,33462002.77,3057518.036
B,3271,33469207.87,3057462.471
E,3272,33458259.02,3057619.581
F,3273,33461380.27,3057407.92
H,3274,33463327.76,3057865.392
F,3275,33460264.64,3057418.277
E,3276,33458638.38,3057449.347
F,3277,33462438.64,3057583.395
D,3278,33467595.17,3057892.606
H,3279,33464004.07,3057887.057
D,3280,33468753.2,3057701.084
F,3281,33461959.98,3057890.112
E,3282,33457482.15,3057988.387
F,3283,33460053.59,3057927.277
F,3284,33460549.85,3057897.038
H,3285,33465493.27,3057859.722
H,3286,33465116.74,3057851.316
E,3287,33458183.02,3058094.884
D,3288,33466285.59,3057923.655
D,3289,33469401.55,3057980.901
P,3290,33459345.74,3057924.041
D,3291,33467417.42,3058181.855
H,3292,33462794.33,3058221.65
D,3293,33465743.49,3057954.646
D,3294,33469879.15,3058144.868
D,3295,33466062.86,3058190.418
F,3296,33460858.14,3057906.38
D,3297,33466698.36,3058014.904
F,3298,33461078.56,3057767.946
F,3299,33461439.7,3058088.28
H,3300,33463911.02,3058269.394
E,3301,33459007.11,3058188.4
H,3302,33464672.23,3058129.663
F,3303,33459754.02,3058230.932
H,3304,33464995.1,3058181.522
D,3305,33468650.49,3058192.646
F,3306,33462449.03,3058475.204
T,3307,33470465.52,3058124.456
D,3308,33468503.09,3058393.844
E,3309,33458609.05,3058537.533
F,3310,33463267.69,3058571.132
J,3311,33469686.83,3058575.424
F,3312,33460152.03,3058574.92
F,3313,33461765.23,3058557.462
C,3314,33468778.21,3058608.334
F,3315,33458390.34,3058738.221
C,3316,33469047.81,3058818.227
E,3317,33457454.96,3058671.455
F,3318,33460729.05,3058649.134
J,3319,33468188.93,3058484.377
H,3320,33464293.08,3058601.929
F,3321,33461242.68,3058825.176
J,3322,33470421.46,3058718.098
D,3323,33466464.56,3058654.666
E,3324,33458294.53,3058997.454
D,3325,33466098.56,3058858.205
F,3326,33459566.52,3058883.781
D,3327,33465661.23,3058783.679
J,3328,33468037.56,3058776.781
J,3329,33467706.96,3058775.962
E,3330,33457333.77,3059063.078
D,3331,33465278.56,3058823.637
J,3332,33466788.23,3058923.565
F,3333,33459777.02,3059229.315
F,3334,33463606.18,3058849.727
D,3335,33472410.45,3059205.414
F,3336,33462329.84,3058968.973
D,3337,33464860.48,3058953.086
D,3338,33468813.59,3059108.76
F,3339,33461893.59,3059176.192
F,3340,33460404.82,3059100.451
J,3341,33467304.44,3058823.036
F,3342,33463218.63,3059179.905
B,3343,33465102.74,3059361.065
F,3344,33462801.32,3059134.085
J,3345,33470741.67,3059057.241
H,3346,33464646.32,3059110.945
D,3347,33468210.85,3059399.147
E,3348,33457094.74,3059413.317
H,3349,33463794.93,3059190.242
F,3350,33461397.95,3059287.338
E,3351,33459217.08,3059310.326
F,3352,33461023.03,3059425.935
D,3353,33472416.04,3059489.181
E,3354,33458562.83,3059349.977
D,3355,33466147.97,3059312.91
F,3356,33458899.99,3059657.925
J,3357,33467039.62,3059331.656
J,3358,33470152.5,3059413.53
D,3359,33464508.22,3059374.309
F,3360,33460216.93,3059642.583
C,3361,33473497.25,3059520.75
F,3362,33460956.57,3059746.901
D,3363,33470983.98,3059386.821
B,3364,33464898.43,3059674.507
D,3365,33471389.07,3059250.328
E,3366,33457839.35,3059480.885
D,3367,33471633.31,3059441.076
F,3368,33462033.65,3059626.915
D,3369,33465986.15,3059708.52
H,3370,33464146.03,3059495.199
H,3371,33463659.52,3059652.333
J,3372,33472577.15,3059746.365
J,3373,33465386.12,3059589.923
F,3374,33459540.62,3059674.664
D,3375,33467737.87,3059754.407
D,3376,33469766.62,3059429.639
J,3377,33471639.99,3059783.226
D,3378,33469254.29,3059485.468
D,3379,33465640.21,3059584.34
E,3380,33456526.02,3059902.038
J,3381,33472999.66,3060101.245
E,3382,33456986.65,3059890.334
J,3383,33472748.75,3060034.686
F,3384,33464589.86,3059867.536
D,3385,33471866.15,3059987.989
F,3386,33460734.26,3060014.798
D,3387,33466275,3060131.126
J,3388,33472750.62,3060302.655
J,3389,33470547.76,3059885.076
J,3390,33470931.4,3060173.54
D,3391,33473573.81,3060024.996
E,3392,33459640.55,3060261.095
C,3393,33469102.15,3059988.704
J,3394,33469532.42,3059620.973
C,3395,33469954.73,3060108.289
D,3396,33472030.32,3060228.697
I,3397,33473204.6,3060297.264
E,3398,33458570.68,3059931.094
C,3399,33468496.23,3060028.318
C,3400,33468078.49,3060004.575
C,3401,33468783.66,3059857.52
E,3402,33457503.5,3060172.272
F,3403,33467266.68,3060171.309
F,3404,33463184.97,3060022.795
F,3405,33462287.62,3060015.784
F,3406,33459802.55,3060397.58
F,3407,33460389.84,3060314.343
F,3408,33462631.04,3059969.45
J,3409,33472951.58,3060466.91
F,3410,33458140.15,3060221.188
F,3411,33466629.53,3060475.606
F,3412,33457460.05,3060517.078
B,3413,33471611.45,3060529.454
F,3414,33464444.13,3060215.073
F,3415,33465158.89,3060223.807
F,3416,33461787.54,3060374.082
F,3417,33464171.75,3060403.741
F,3418,33461529.48,3060170.875
F,3419,33463624.54,3060532.898
D,3420,33474133.76,3060409.841
J,3421,33472961.73,3060681.237
F,3422,33463464.99,3060302.65
J,3423,33473391.08,3060868.617
D,3424,33473823.44,3060692.435
J,3425,33471106.77,3060573.281
F,3426,33460093.84,3060777.084
E,3427,33459328.61,3060730.268
D,3428,33465731.57,3060550.177
D,3429,33466011.18,3060484.358
F,3430,33461188.98,3060289.121
F,3431,33465240.57,3060732.42
D,3432,33470581.63,3060524.932
F,3433,33466411.65,3060761.059
F,3434,33464237.79,3060801.554
F,3435,33468684.47,3060762.149
D,3436,33470330.38,3060694.656
D,3437,33472132.67,3060648.442
F,3438,33459774.56,3060899.626
F,3439,33462926.22,3060404.653
E,3440,33457619.24,3060434.78
E,3441,33456952,3060667.231
F,3442,33467571.44,3060717.111
F,3443,33467851.28,3060857.893
D,3444,33470042.18,3060847.091
J,3445,33471014.28,3060907.426
D,3446,33469590.54,3060738.913
D,3447,33469259.56,3060701.668
J,3448,33472967.67,3060912.001
F,3449,33467250.95,3060685.217
F,3450,33459094.13,3060908.545
F,3451,33462291.9,3060786.171
B,3452,33471537.47,3060953.843
F,3453,33462671.51,3060817.257
J,3454,33473336.43,3061087.016
F,3455,33463367.97,3061077.161
F,3456,33466862.85,3060981.784
I,3457,33474151.6,3061256.743
F,3458,33466211.52,3060983.329
F,3459,33460411.54,3061184.017
I,3460,33473681.27,3061213.517
F,3461,33460966.48,3060776.669
F,3462,33458327.33,3061206.624
J,3463,33472859.73,3061125.847
F,3464,33461479.61,3061038.179
F,3465,33467991.86,3061178.194
F,3466,33460623.42,3060898.81
J,3467,33473180.89,3061364.335
D,3468,33471782.44,3061225.658
D,3469,33474536.22,3061217.955
J,3470,33472694.61,3061280.121
F,3471,33460093.36,3061235.806
F,3472,33464473.06,3061184.979
F,3473,33465145.87,3061229.844
D,3474,33473972.4,3061324.887
F,3475,33462400.87,3061330.521
J,3476,33472997.35,3061542.834
F,3477,33468725.32,3061368.147
D,3478,33469435.63,3061308.085
D,3479,33471029.24,3061325.057
D,3480,33470074.98,3061295.239
D,3481,33472126.7,3061239.477
F,3482,33461828.38,3061267.145
J,3483,33472649,3061537.73
I,3484,33473747.31,3061622.092
F,3485,33463375.98,3061700.515
F,3486,33462068.13,3061332.745
D,3487,33470205.27,3061504.998
J,3488,33472782.28,3061709.663
F,3489,33460639.8,3061599.508
D,3490,33474606.92,3061642.101
I,3491,33472464.01,3061596.395
I,3492,33473139.84,3061825.438
I,3493,33472240.17,3061547.669
D,3494,33470308.81,3061789.011
D,3495,33470790.07,3061720.033
D,3496,33471266.52,3061690.563
I,3497,33472224.32,3061951.567
I,3498,33472468.17,3061919.054
C,3499,33473908.05,3061825.69
P,3500,33465752.14,3061820.381
F,3501,33464335.89,3061548.334
F,3502,33467006.75,3061635.156
F,3503,33467589.18,3061647.475
D,3504,33471723.1,3061833.644
F,3505,33468778.85,3061870.747
C,3506,33474348.24,3062015.513
F,3507,33466496.32,3061747.789
C,3508,33474966.92,3061923.788
D,3509,33469457.73,3061892.618
F,3510,33463867.31,3061651.57
F,3511,33466280.05,3062089.526
F,3512,33468191.92,3061915.29
C,3513,33472931.29,3062323.522
J,3514,33471698.83,3062169.451
D,3515,33469313.96,3062208.352
F,3516,33467467.39,3062127.141
D,3517,33473696.27,3062192.616
C,3518,33474701.47,3062350.041
F,3519,33466944.02,3062295.375
D,3520,33470233.46,3062214.23
I,3521,33472474.44,3062473.253
I,3522,33473292.06,3062316.244
I,3523,33473090.99,3062479.378
E,3524,33466122.66,3062427.053
J,3525,33471330.19,3062314.796
D,3526,33474190.07,3062506.424
C,3527,33473069.19,3062679.518
C,3528,33472281.77,3062702.495
D,3529,33469019.7,3062453.091
J,3530,33471171.18,3062540.831
D,3531,33469915.06,3062371.238
C,3532,33473418.45,3062636.257
E,3533,33465542.84,3062508.827
F,3534,33468198.58,3062438.01
I,3535,33472751.21,3062694.959
D,3536,33475423.72,3062622.733
I,3537,33472207.09,3062833.714
C,3538,33474806.57,3062681.622
D,3539,33468788.27,3062705.936
P,3540,33466014.53,3062798.184
D,3541,33470411.47,3062633.532
C,3542,33473918.84,3062896.161
D,3543,33469814.94,3062757.579
I,3544,33472274.69,3063104.671
F,3545,33466688.07,3062804.854
J,3546,33471077.56,3062796.874
D,3547,33474479.48,3062952.291
D,3548,33469643.48,3062934.774
D,3549,33469225.01,3063049.549
C,3550,33472700.84,3063144.397
E,3551,33465805.43,3063101.897
D,3552,33467510.31,3062696.138
C,3553,33473076.9,3063113.635
D,3554,33475006.52,3063046.08
C,3555,33473603.89,3062924.28
J,3556,33470941.93,3062994.494
E,3557,33464859.66,3062958.058
J,3558,33470538.93,3063156.138
D,3559,33475896.04,3063063.44
D,3560,33467978.87,3063001.672
I,3561,33471935.21,3063288.456
F,3562,33462988.49,3062975.173
D,3563,33469745.39,3063335.708
E,3564,33464579.02,3063395.255
J,3565,33473037.2,3063459.344
C,3566,33472595.83,3063355.156
C,3567,33471715.62,3063468.659
J,3568,33470918.22,3063362.527
C,3569,33472209.03,3063197.161
F,3570,33462585.28,3062922.135
D,3571,33467243.11,3063300.719
F,3572,33466563.15,3063375.449
B,3573,33470440.49,3063517.05
C,3574,33471897.42,3063596.624
J,3575,33473011.07,3063632.784
F,3576,33463268.1,3063360.053
D,3577,33475382.75,3063424.844
D,3578,33474406.22,3063430.581
D,3579,33476246.44,3063428.543
D,3580,33473964.47,3063357.182
D,3581,33468284.22,3063331.502
D,3582,33467756.07,3063700.289
G,3583,33462316.9,3063533.538
C,3584,33472699.42,3063779.318
G,3585,33476527.45,3063735.403
D,3586,33468550.35,3063590.506
I,3587,33471235.5,3063963.252
D,3588,33474681.56,3063721.264
D,3589,33473776.64,3064067.509
F,3590,33463518.91,3063727.662
C,3591,33472214.27,3063972.434
D,3592,33469439.23,3063654.755
C,3593,33473081.33,3063958.075
I,3594,33471285.27,3064045.993
F,3595,33466811.04,3063869.185
J,3596,33470718.99,3063869.504
J,3597,33470231.91,3063875.512
C,3598,33471593.36,3064080.549
D,3599,33468861.41,3063761.474
D,3600,33475279.57,3064043.89
G,3601,33467242.38,3064107.787
D,3602,33473245.39,3064212.448
D,3603,33469114.58,3064100.519
F,3604,33466017.32,3064121.747
F,3605,33462899.95,3064031.889
I,3606,33471481.19,3064318.003
F,3607,33477027.56,3064252.658
G,3608,33476561.94,3064149.945
D,3609,33475872.2,3063954.738
D,3610,33474124.83,3063869.412
F,3611,33465266.01,3064245.968
G,3612,33462312.38,3064171.209
D,3613,33473649.94,3064328.035
J,3614,33470103.59,3064288.52
I,3615,33471068.56,3064383.899
D,3616,33467781.41,3064175.079
C,3617,33472055.62,3064178.213
C,3618,33472733.03,3064411.493
C,3619,33473184.99,3064521.894
J,3620,33468176.97,3064357.464
F,3621,33463257,3064291.322
C,3622,33472453.24,3064393.109
J,3623,33468657.86,3064536.786
D,3624,33474610.64,3064480.796
J,3625,33469366.16,3064505.735
D,3626,33469773.82,3064595.424
I,3627,33470815.52,3064763.726
D,3628,33475238.88,3064559.918
G,3629,33467572.15,3064628.038
F,3630,33463350.11,3064506.288
D,3631,33475766.24,3064539.701
C,3632,33471328.81,3064667.765
C,3633,33473340,3064729.692
F,3634,33464287.02,3064770.526
D,3635,33472265.17,3064958.9
D,3636,33465954.2,3064636.312
G,3637,33466449.99,3064653.017
F,3638,33465338.56,3064814.911
F,3639,33477327.25,3064734.882
D,3640,33473483.74,3064886.866
C,3641,33471567.87,3064958.756
G,3642,33466766.05,3064647.116
C,3643,33471949.65,3064693.546
F,3644,33464746.11,3064629.826
G,3645,33462288.43,3064746.351
J,3646,33468935.66,3064897.763
B,3647,33470091.84,3065001.777
D,3648,33474097.94,3064967.206
D,3649,33475828.28,3064942.99
D,3650,33476128.62,3065005.993
C,3651,33471325.44,3065164.971
G,3652,33467332.86,3064870.021
J,3653,33469573.03,3065013.514
J,3654,33468624.41,3065101.239
G,3655,33477003.61,3065034.475
G,3656,33467957.13,3065099.718
F,3657,33464560.69,3065196.882
G,3658,33476451.85,3065003.252
D,3659,33468539.29,3065393.567
D,3660,33473517.75,3065214.191
F,3661,33463807.74,3064963.997
G,3662,33463168.57,3065020.133
G,3663,33475376.63,3065278.47
D,3664,33474291.72,3065231.253
C,3665,33471375.03,3065412.1
C,3666,33471020.57,3065385.599
G,3667,33474871.85,3065132.825
D,3668,33467224.57,3065213.486
G,3669,33462092.35,3065293.586
G,3670,33476423.12,3065499.859
D,3671,33465522.91,3065372.131
G,3672,33475883.28,3065509.288
D,3673,33468277.47,3065636.481
D,3674,33465870.64,3065209.262
D,3675,33472138.88,3065489.849
D,3676,33472750.79,3065404.889
D,3677,33473208.93,3065486.171
D,3678,33471483.6,3065667.238
B,3679,33469909.01,3065489.952
D,3680,33467589.32,3065594.702
D,3681,33467034.71,3065357.898
D,3682,33473664.03,3065594.039
F,3683,33464732.13,3065608.89
D,3684,33466297.95,3065326.05
D,3685,33462674.52,3065442.322
D,3686,33474501.91,3065612.481
D,3687,33475436.7,3065794.575
G,3688,33475007.71,3065692.268
D,3689,33468596.9,3065783.408
F,3690,33476869.43,3065659.298
G,3691,33463303.7,3065507.147
D,3692,33465478.41,3065743.919
J,3693,33470087.15,3065707.696
J,3694,33468926.7,3065899.703
D,3695,33472330.42,3065952.457
D,3696,33473226.74,3065970.978
D,3697,33472805.38,3065985.586
D,3698,33470928.82,3065842.677
D,3699,33466773.44,3065727.843
C,3700,33470111.7,3066133.712
D,3701,33473870.18,3065889.546
G,3702,33476221.17,3065909.929
F,3703,33464842.89,3066031.422
D,3704,33467705.05,3065937.902
D,3705,33471899.18,3066044.495
D,3706,33471430.32,3066070.202
D,3707,33474119.27,3065999.652
G,3708,33461914.77,3065905.561
J,3709,33469624.31,3065836.315
D,3710,33466070.15,3066083.467
D,3711,33462462.84,3066221.171
D,3712,33473254.66,3066287.639
D,3713,33462733.75,3066044.929
F,3714,33477498.53,3065967.263
J,3715,33472989.42,3066421.988
F,3716,33477870.82,3066181.155
G,3717,33465523.5,3066313.421
G,3718,33475607.48,3066234.815
D,3719,33467270.17,3066215.206
F,3720,33476595.9,3066233.433
F,3721,33464104.44,3065941.161
D,3722,33474409.7,3066290.61
C,3723,33471594.61,3066613.398
B,3724,33471147.37,3066424.455
G,3725,33463687.73,3066170.629
J,3726,33469896.84,3066397.052
C,3727,33471843.12,3066474.752
G,3728,33474870.82,3066279.309
J,3729,33472324.8,3066423.242
F,3730,33464989.81,3066503.77
D,3731,33462697.05,3066610.269
F,3732,33478076.91,3066488.932
J,3733,33469370.87,3066326.937
J,3734,33472714.4,3066525.176
I,3735,33470654.21,3066439.594
D,3736,33466985.78,3066519.684
J,3737,33473600.26,3066604.738
J,3738,33474103.31,3066508.417
D,3739,33467743.69,3066398.472
D,3740,33468259.03,3066273.766
D,3741,33475042.06,3066663.078
D,3742,33470799.79,3066496.403
D,3743,33463221.98,3066365.762
J,3744,33469086.42,3066466.1
C,3745,33470071.55,3066840.181
D,3746,33472889.29,3066879.577
G,3747,33461766.08,3066572.969
I,3748,33473083.98,3066823.541
J,3749,33473284.34,3066780.343
D,3750,33468023.25,3066688.524
F,3751,33477442.23,3066686.344
D,3752,33469924.93,3066752.453
C,3753,33471038.47,3066710.206
J,3754,33468613.92,3066623.602
N,3755,33467820.44,3066981.408
F,3756,33478762.04,3066527.16
F,3757,33476783.34,3066655.94
G,3758,33475519.72,3066784.067
D,3759,33466327.96,3066621.762
F,3760,33479170.47,3066893.041
F,3761,33477904.96,3066903.061
B,3762,33470896.08,3067061.59
J,3763,33472163.05,3066847.449
H,3764,33466644.66,3066795.652
I,3765,33470209.79,3067242.649
C,3766,33471159.24,3067169.317
G,3767,33464964.35,3066915.243
G,3768,33465833.05,3066852.506
D,3769,33466967.38,3066968.004
D,3770,33466396.23,3067089.523
J,3771,33472690.25,3067002.485
D,3772,33467346.58,3066952.837
D,3773,33471471.72,3066975.727
J,3774,33474123.07,3067058.31
G,3775,33475941.12,3067021.136
G,3776,33475428.55,3067166.236
J,3777,33469794.06,3067188.194
F,3778,33479771.57,3067149.693
C,3779,33471764.8,3067102.589
I,3780,33470482.66,3067399.235
G,3781,33477509.18,3067218.467
G,3782,33476978.4,3067235.806
G,3783,33476396.72,3067261.629
F,3784,33478379.46,3066894.507
I,3785,33473435.06,3067416.841
B,3786,33468893.65,3067371.79
J,3787,33469219.55,3067123.924
D,3788,33462813.02,3067013.533
B,3789,33468255.01,3067266.994
F,3790,33478889.02,3067305.878
D,3791,33467687.8,3067285.381
J,3792,33474238.64,3067418.775
D,3793,33465378.23,3067346.847
G,3794,33463957.42,3067061.737
D,3795,33471483.69,3067473.931
F,3796,33479466.5,3067440.909
D,3797,33462378.87,3067089.75
J,3798,33472988.8,3067361.281
D,3799,33473646.25,3067575.734
J,3800,33473603.03,3067245.384
G,3801,33477623.42,3067478.18
D,3802,33462410.11,3067501.814
J,3803,33474923.02,3067519.308
D,3804,33474663.45,3067261.464
F,3805,33480229.14,3067457.138
C,3806,33471053.23,3067498.248
H,3807,33463360.28,3067252.222
C,3808,33472261.14,3067457.029
I,3809,33470223.67,3067723.021
C,3810,33472566.89,3067527.458
J,3811,33473546.98,3067739.703
J,3812,33473042.91,3067689.417
B,3813,33470946.3,3067659.093
J,3814,33469141.11,3067610.424
G,3815,33464500.46,3067329.287
G,3816,33478585.55,3067653.457
G,3817,33478096.79,3067679.126
D,3818,33475736.09,3067624.437
C,3819,33470671.18,3067749.916
D,3820,33471762.55,3067806.206
H,3821,33465682.87,3067610.123
G,3822,33461758.81,3067376.44
D,3823,33474707.52,3067870.845
D,3824,33472162.99,3067817.215
D,3825,33466431.81,3067622.37
D,3826,33462623.78,3067876.671
J,3827,33468725.87,3067779.458
C,3828,33470179.85,3067949.868
G,3829,33476236.53,3067809.014
G,3830,33476696.82,3067697.631
J,3831,33474096.73,3067912.174
D,3832,33467092.56,3067719.125
D,3833,33467478.81,3067736.394
D,3834,33476952.82,3067859.372
J,3835,33468429.33,3067883.089
H,3836,33465337.32,3067832.74
G,3837,33478848.91,3067869.295
C,3838,33473534.24,3068044.918
D,3839,33464930.44,3067920.091
I,3840,33470839.24,3068266.146
D,3841,33466398.51,3068015.165
C,3842,33471821.84,3068110.493
D,3843,33475483.34,3067920.618
D,3844,33466725.98,3067760.488
D,3845,33463468.13,3067876.301
C,3846,33470156.49,3068211.969
C,3847,33472687.1,3068011.592
C,3848,33468386.31,3068136.576
D,3849,33477217.2,3067993.556
F,3850,33480027.39,3067904.995
H,3851,33465834.37,3067981.451
H,3852,33465313.18,3068201.928
G,3853,33479536.4,3068011.663
D,3854,33475055.64,3068120.314
C,3855,33470022.31,3068328.773
I,3856,33468085.59,3068111.139
G,3857,33464132.46,3067930.923
C,3858,33473849.19,3068251.61
C,3859,33471415.99,3068212.602
C,3860,33470896.86,3068326.466
J,3861,33468144.09,3067984.245
G,3862,33479117.41,3068166.128
D,3863,33476187.19,3068283.946
D,3864,33462583.25,3068237.46
I,3865,33469560.71,3068500.202
J,3866,33468182.22,3068530.457
D,3867,33475474.43,3068354.429
J,3868,33474192.85,3068293.213
C,3869,33462017.75,3068367.086
C,3870,33472924.22,3068266.291
H,3871,33466029.11,3068225.576
G,3872,33477953.95,3068289.138
J,3873,33467035.84,3068370.478
D,3874,33477591.64,3068257.421
D,3875,33463597.95,3068321.381
D,3876,33475910.71,3068572.491
D,3877,33477167.86,3068402.097
C,3878,33467817.76,3068283.739
D,3879,33466612.77,3068514.396
F,3880,33478845.91,3068466.002
D,3881,33471729.66,3068586.012
J,3882,33474650.69,3068434.116
C,3883,33462339.04,3068663.831
C,3884,33469667.71,3068534.639
C,3885,33473256.39,3068473.049
D,3886,33476585.75,3068610.646
C,3887,33467372.43,3068337.628
G,3888,33464623.02,3068291.579
C,3889,33468713.95,3068836.1
C,3890,33473750.39,3068649.573
H,3891,33465561.29,3068615.012
D,3892,33466811.75,3068816.745
D,3893,33465380.15,3068861.203
G,3894,33474174.13,3068755.739
C,3895,33462652.23,3068783.787
J,3896,33475280.81,3068778.967
B,3897,33470484.26,3068672.756
G,3898,33474024.93,3068957.502
G,3899,33473421.74,3068832.605
D,3900,33464918.7,3068706.792
I,3901,33468543.36,3069041.37
C,3902,33467399.17,3068856.184
B,3903,33470057.39,3068798.503
F,3904,33479334.68,3068879.504
D,3905,33463815.49,3068739.68
G,3906,33478521.27,3068703.949
D,3907,33472384.58,3068764.664
C,3908,33469603.95,3068873.359
C,3909,33469029.08,3068978.495
H,3910,33466134.88,3068793.223
G,3911,33477684.67,3068918.411
D,3912,33476790.3,3069029.194
J,3913,33475791.15,3069040.369
C,3914,33474791.42,3069111.054
D,3915,33470987.3,3068923.438
C,3916,33475273.23,3069096.275
G,3917,33473689.47,3069180.99
C,3918,33462785.04,3069004.456
Q,3919,33468267.39,3069088.664
F,3920,33479642.22,3069187.357
G,3921,33474483.16,3069221.49
D,3922,33471512.97,3069118.982
C,3923,33470347.09,3069316.71
F,3924,33480079.18,3068925.458
C,3925,33468875.09,3069281.18
E,3926,33480479.53,3068938.783
F,3927,33473079.6,3069153.369
D,3928,33472086.82,3069277.905
J,3929,33476349.25,3069299.732
D,3930,33464146.21,3068949.483
C,3931,33466918.86,3069181.367
D,3932,33464370.16,3069222.89
C,3933,33462905.31,3069290.187
D,3934,33465501.73,3069213.3
G,3935,33462011.9,3069177.772
G,3936,33478363.48,3069439.946
F,3937,33473696.4,3069498.746
E,3938,33483591.5,3069426.589
C,3939,33475835.35,3069494.892
C,3940,33468455.89,3069527.151
C,3941,33465684.94,3069486.974
D,3942,33466527.36,3069302.477
C,3943,33469653.83,3069608.515
G,3944,33478850.06,3069423.671
D,3945,33472555.55,3069410.773
C,3946,33466179.09,3069619.014
H,3947,33461669.86,3069427.674
D,3948,33471151.84,3069595.662
C,3949,33468014.39,3069656.641
C,3950,33469229.03,3069690.74
D,3951,33464367.14,3069675.288
C,3952,33466544.56,3069780.083
L,3953,33484062.52,3069474.506
C,3954,33470195.75,3069618.883
G,3955,33474311.08,3069504.62
C,3956,33468716.7,3069722.483
C,3957,33466266.62,3069862.164
C,3958,33463556.17,3069595.796
H,3959,33461891.53,3069691.553
G,3960,33478762.43,3069790.065
G,3961,33475495.79,3069792.139
E,3962,33481147.68,3069753.304
D,3963,33465448.96,3070003.165
F,3964,33479521.35,3069693.944
C,3965,33462192.11,3069949.056
G,3966,33477864.77,3069542.078
C,3967,33468264.8,3069878.507
F,3968,33483274.83,3069888.484
G,3969,33474869.54,3069921.397
D,3970,33464495.48,3070011.531
F,3971,33480346.01,3069849.288
C,3972,33476158.93,3069830.956
F,3973,33473921.18,3069896.833
D,3974,33477381.76,3069896.233
C,3975,33465066.71,3069825.067
C,3976,33466224.39,3069990.315
D,3977,33465791.97,3069993.418
C,3978,33468548.54,3070093.782
D,3979,33476721.06,3069862.709
F,3980,33470035.36,3070026.277
C,3981,33469397.95,3070049.135
D,3982,33473158.75,3069866.172
C,3983,33468959.73,3070065.395
D,3984,33472398.71,3069934.829
B,3985,33466431.14,3070205.722
C,3986,33468099.5,3070078.497
L,3987,33484659.58,3070154.633
C,3988,33468043.31,3070264.951
Q,3989,33467663.05,3069915.772
D,3990,33471879.78,3070032.593
C,3991,33467725.19,3070318.625
C,3992,33461539.39,3070189.415
D,3993,33471415.02,3070015.885
G,3994,33475219.36,3070191.564
D,3995,33477504.62,3069713.339
C,3996,33465850.17,3070316.279
B,3997,33468154.22,3070443.411
G,3998,33469963.6,3070347.68
D,3999,33462471.38,3070300.371
C,4000,33466335.01,3070431.183
F,4001,33483976.02,3070087.458
F,4002,33484706.45,3070421.844
G,4003,33475604.11,3070252.672
G,4004,33478887.01,3070173.607
D,4005,33464404.74,3070298.47
C,4006,33469338.5,3070218.458
D,4007,33470649.61,3070119.85
F,4008,33480122.33,3070189.758
F,4009,33474448.8,3070340.01
F,4010,33479547.32,3070300.02
D,4011,33478481.52,3070284.889
F,4012,33482821.15,3070319.218
C,4013,33468772.17,3070491.745
C,4014,33468111.52,3070559.905
C,4015,33462858.39,3070550.439
F,4016,33473846.79,3070415.473
C,4017,33461865.28,3070513.38
C,4018,33467528.91,3070558.963
Q,4019,33467470.48,3070735.684
F,4020,33483406.68,3070403.413
D,4021,33465351.29,3070315.81
C,4022,33466024.55,3070656.702
C,4023,33463913.73,3070451.699
D,4024,33461530.1,3070509.771
G,4025,33475384.2,3070701.64
F,4026,33485172.79,3070610.929
C,4027,33467671.86,3070854.313
L,4028,33485987.73,3070762.852
D,4029,33477241.89,3070469.596
F,4030,33480457,3070490.219
D,4031,33473065.86,3070540.151
G,4032,33476150.47,3070516.873
F,4033,33472630.84,3070504.892
D,4034,33478271.7,3070563.229
D,4035,33464601.74,3070646.398
U,4036,33479731.41,3070921.993
F,4037,33474832.42,3070585.501
G,4038,33476675.68,3070808.354
F,4039,33474363.12,3070873.544
B,4040,33468257.04,3070754.3
C,4041,33463239.98,3070560.806
D,4042,33464940.16,3070775.985
F,4043,33481109.42,3070581.939
F,4044,33475021.95,3070729.544
G,4045,33479255.4,3070776.375
N,4046,33462073.54,3071135.214
F,4047,33484246.33,3070803.263
D,4048,33463058.18,3070947.562
D,4049,33462277.24,3070843.213
I,4050,33482666.23,3070792.086
C,4051,33466391.36,3070913.943
F,4052,33471242.08,3070782.054
D,4053,33469094.34,3070908.435
D,4054,33465686.08,3070954.63
D,4055,33473370.99,3070910.446
D,4056,33461787.88,3070906.749
C,4057,33464155.42,3071076.309
F,4058,33480457.33,3070991.425
B,4059,33468361.35,3071096.848
F,4060,33482109.86,3070999.038
F,4061,33471819.53,3070828.485
F,4062,33481743.54,3070864.867
D,4063,33478037.41,3070842.116
G,4064,33470792.52,3071179.117
F,4065,33485000.29,3071095.687
G,4066,33478921.22,3071065.181
B,4067,33466890.67,3071082.783
I,4068,33466976.44,3071281.676
D,4069,33464995.88,3071153.296
C,4070,33468052.86,3071407.985
G,4071,33477620.81,3071029.937
F,4072,33483680.66,3071003.707
F,4073,33475641.66,3071242.805
D,4074,33462638.63,3070989.603
C,4075,33465647.24,3071299.774
D,4076,33469990.6,3071248.108
I,4077,33466448.11,3071467.525
F,4078,33483151.73,3070946.889
D,4079,33469569.77,3071098.246
F,4080,33472181.41,3070901.804
D,4081,33478672.69,3071200.177
D,4082,33468609.72,3071370.949
D,4083,33478452.54,3071416.971
C,4084,33466614.1,3071466.227
G,4085,33475902.92,3070978.827
F,4086,33473877.17,3071045.845
F,4087,33472609.84,3071200.42
C,4088,33460976.9,3071037.178
C,4089,33460003.01,3071237.509
I,4090,33466319.06,3071655.331
C,4091,33464059.11,3071420.045
C,4092,33466256.46,3071257.47
C,4093,33465672.45,3071514.409
L,4094,33486070.59,3071375.733
C,4095,33465846.72,3071272.746
G,4096,33483809.68,3071574.79
F,4097,33473044.01,3071249.202
D,4098,33462138.81,3071455.126
G,4099,33484308.7,3071365.718
C,4100,33467534.84,3071465.345
G,4101,33482704.15,3071304.826
G,4102,33479755.39,3071377.232
B,4103,33481757.29,3071558.152
C,4104,33460317.63,3071225.805
F,4105,33474769.28,3071363.181
D,4106,33462678.64,3071429.566
C,4107,33464980.46,3071509.1
C,4108,33466224.86,3071667.996
C,4109,33468760.91,3071623.941
F,4110,33481351.42,3071210.384
C,4111,33460604.17,3071394.86
C,4112,33461137.43,3071378.675
D,4113,33471037.03,3071546.506
C,4114,33461417.62,3071553.653
C,4115,33458905.52,3071480.801
F,4116,33474586.9,3071595.475
C,4117,33468394.55,3071763.235
F,4118,33485168.6,3071585.591
F,4119,33476327.55,3071555.601
I,4120,33466257.78,3071875.892
C,4121,33459588.74,3071694.581
C,4122,33469350.05,3071743.28
C,4123,33465785.72,3071762.156
J,4124,33462855.1,3071602.616
C,4125,33464307.93,3071694.027
C,4126,33461781.3,3071745.732
F,4127,33473387.73,3071532.924
C,4128,33465244.19,3071748.902
B,4129,33467555.6,3071877.295
I,4130,33466902.93,3071747.144
U,4131,33480802.15,3071452.798
G,4132,33480373.49,3071687.923
G,4133,33477786.16,3071498.709
D,4134,33463593.73,3071574.318
G,4135,33484021.5,3071829.541
J,4136,33463324.84,3071662.844
C,4137,33459383.24,3071409.549
C,4138,33467179.21,3071670.276
G,4139,33478582.53,3071800.532
F,4140,33481774.27,3071910.764
G,4141,33482159.77,3071645.249
F,4142,33472755.52,3071874.307
D,4143,33479161.48,3071828.699
B,4144,33469786.62,3071741.053
C,4145,33458244.37,3071693.026
G,4146,33478168.88,3071726.023
G,4147,33479744.07,3071744.729
F,4148,33476866.08,3071832.325
C,4149,33464524,3071934.383
F,4150,33471707.62,3071645.193
J,4151,33463029.85,3071925.254
B,4152,33470287.41,3071774.186
D,4153,33470790.95,3071974.941
C,4154,33466149.85,3072239.956
C,4155,33463884.58,3072062.929
C,4156,33457892.66,3072068.784
C,4157,33460634.77,3072097.632
F,4158,33474030.91,3071767.635
C,4159,33462234.14,3071985.658
D,4160,33479741.85,3072141.842
F,4161,33472058.93,3071899.487
E,4162,33476726.41,3072080.567
C,4163,33460288.5,3071978.485
C,4164,33466357.86,3072059.832
B,4165,33467569.42,3072139.182
F,4166,33473657.04,3072018.437
C,4167,33458634.49,3072017.841
C,4168,33466876.83,3072113.313
I,4169,33466057.37,3072314.934
C,4170,33459878.58,3071978.746
G,4171,33483282.03,3072022.472
G,4172,33477641.04,3072266.847
J,4173,33463951.31,3072250.855
E,4174,33486007.31,3071999.744
C,4175,33465676.17,3072109.265
I,4176,33466021.08,3072435.321
C,4177,33468611.97,3072104.994
D,4178,33469152.08,3072067.372
D,4179,33461091.47,3072161.24
C,4180,33463014.79,3072281.845
C,4181,33465237.81,3072180.376
F,4182,33485201.26,3072189.771
F,4183,33484668.38,3072066.023
C,4184,33463470.97,3072260.193
G,4185,33478982.29,3072223.323
E,4186,33475560.31,3071763.065
J,4187,33461696.81,3072314.53
G,4188,33482350.4,3071985.448
G,4189,33477938.62,3072374.928
Q,4190,33467896.93,3072509.664
I,4191,33465839.2,3072608.832
J,4192,33463085.32,3072534.724
D,4193,33479536.67,3072326.285
G,4194,33458210.19,3072400.06
G,4195,33481101.04,3072063.1
G,4196,33481643.23,3072326.323
E,4197,33477053.71,3072454.866
E,4198,33474513.37,3072185.537
D,4199,33464514.37,3072295.863
D,4200,33460463.38,3072454.964
C,4201,33464645.28,3072649.357
J,4202,33462095.61,3072443.123
D,4203,33480294.97,3072500.847
C,4204,33467487.82,3072505.743
J,4205,33465012.76,3072372.218
F,4206,33472313.44,3072451.384
B,4207,33469327.45,3072373.299
E,4208,33475192.75,3072319.76
I,4209,33465935.75,3072767.689
C,4210,33459639.6,3072440.054
G,4211,33457724.64,3072506.193
B,4212,33468771.93,3072553.043
C,4213,33462441.94,3072536.376
G,4214,33482597.19,3072064.032
C,4215,33461104.83,3072659.503
B,4216,33469731.74,3072460.347
E,4217,33474775.31,3072289.68
C,4218,33466104.68,3072576.248
F,4219,33473067.96,3072406.862
D,4220,33480288.15,3072142.461
I,4221,33481616.12,3072686.818
C,4222,33459227.21,3072287.385
D,4223,33459705.87,3072709.06
D,4224,33471187.43,3072411.847
C,4225,33465641.97,3072586.927
C,4226,33466888.6,3072516.229
G,4227,33482389.31,3072509.618
C,4228,33464054.31,3072547.11
G,4229,33457293.14,3072556.401
I,4230,33465871.27,3072956.232
E,4231,33484651.6,3072439.264
C,4232,33458949.19,3072552.874
C,4233,33463546.02,3072644.311
B,4234,33470115.16,3072594.078
L,4235,33476118.14,3072286.903
G,4236,33458707.19,3072725.934
B,4237,33470537.3,3072583.493
C,4238,33467561.26,3072877.874
E,4239,33484179.14,3072817.484
C,4240,33465115.45,3072873.99
J,4241,33462014.13,3072881.677
I,4242,33481702.4,3072942.736
J,4243,33465745.85,3072964.168
B,4244,33468434.67,3072901.388
E,4245,33486188.56,3072613.96
C,4246,33468701.67,3073005.685
C,4247,33465374.86,3072969.514
D,4248,33471571.15,3072721.911
F,4249,33482839.21,3072820.729
D,4250,33460327.16,3072871.757
J,4251,33462481.73,3072991.153
D,4252,33461049.98,3072982.682
G,4253,33479412.79,3072786.62
J,4254,33463206.59,3072968.774
H,4255,33464902.29,3073070.442
J,4256,33463666.33,3073005.109
J,4257,33463937.15,3072960.284
F,4258,33483389.37,3072721.015
F,4259,33477898.17,3072859.82
J,4260,33464336.48,3072994.369
J,4261,33461605.83,3073010.255
F,4262,33483807.97,3072530.296
J,4263,33462765.8,3072870.559
H,4264,33464689.8,3072766.041
F,4265,33472306.96,3072966.124
J,4266,33466575.04,3072773.384
J,4267,33465577.24,3073157.92
G,4268,33480490.24,3072927.53
F,4269,33474327.87,3072725.398
E,4270,33475898.37,3072961.284
G,4271,33458468.47,3072982.316
F,4272,33473897.87,3072769.28
G,4273,33457084.35,3072959.533
C,4274,33469285.99,3072995.433
F,4275,33475303.82,3072986.01
D,4276,33481269.77,3072889.213
C,4277,33460786.67,3073235.676
I,4278,33465899.42,3073328.735
D,4279,33459378.59,3073114.757
C,4280,33462197.23,3073190.615
C,4281,33471353.54,3073213.726
C,4282,33467817.18,3073204.023
G,4283,33479990.67,3073052.986
F,4284,33482694.15,3073222.109
B,4285,33465668.56,3073407.151
J,4286,33465047.23,3073270.294
G,4287,33456885.59,3073184.354
D,4288,33459884.94,3073152.828
F,4289,33473429.19,3073071.94
F,4290,33478836.54,3073143.211
F,4291,33472898.88,3073179.408
D,4292,33470808.28,3073079.169
D,4293,33458910.91,3073264.887
J,4294,33465320.53,3073438.205
C,4295,33466644.14,3073355.826
G,4296,33481193.31,3073298.939
D,4297,33468784.01,3073339.6
G,4298,33458181.72,3073186.102
G,4299,33482148.9,3073268.155
F,4300,33474471.72,3073224.432
C,4301,33469947.16,3073281.95
J,4302,33466389.05,3073352.466
G,4303,33457830.54,3073142.05
C,4304,33465852.04,3073591.07
J,4305,33463230.47,3073363.961
C,4306,33467290.2,3073544.978
F,4307,33483357.97,3073407.751
C,4308,33461389.85,3073466.73
B,4309,33467846.98,3073553.71
G,4310,33457596.05,3073378.922
F,4311,33480773.39,3073376.711
B,4312,33469410.05,3073624.053
J,4313,33463658.29,3073503.358
C,4314,33462720.11,3073469.75
F,4315,33479644.6,3073466.985
D,4316,33459561.81,3073604.054
C,4317,33467059.97,3073160.546
V,4318,33482786.61,3073621.675
C,4319,33464620.17,3073515.678
E,4320,33477357.8,3073084.228
E,4321,33477891.86,3073490.292
C,4322,33469058.97,3073565.708
D,4323,33472496.17,3073471.252
C,4324,33467705.4,3073728.923
C,4325,33464128.07,3073505.072
J,4326,33460986.75,3073702.026
C,4327,33470210.65,3073583.928
D,4328,33458677.98,3073666.044
J,4329,33460408.14,3073585.096
J,4330,33461960.8,3073575.801
D,4331,33471552.88,3073621.887
B,4332,33468127.07,3073744.944
J,4333,33466803.42,3073784.027
E,4334,33478396.71,3073555.219
C,4335,33469374.2,3073839.305
F,4336,33480339.22,3073681.128
D,4337,33473451.02,3073643.816
C,4338,33460263.26,3073903.715
E,4339,33475378.1,3073622.158
F,4340,33474832.91,3073702.786
C,4341,33467091.86,3073877.125
E,4342,33479008.81,3073769.269
D,4343,33459345.47,3073956.015
C,4344,33461486.36,3073912.367
D,4345,33472551.78,3073897.048
C,4346,33462914.22,3073871.056
C,4347,33466324.52,3073778.36
C,4348,33467595.5,3074064.93
F,4349,33473959.32,3073892.597
D,4350,33470685.17,3073532.496
J,4351,33460759.07,3074035.031
C,4352,33465395.68,3073910.966
D,4353,33459824.3,3073967.121
J,4354,33466119.04,3073457.811
C,4355,33462375.93,3073831.59
D,4356,33481952.71,3073779.854
J,4357,33465762.81,3073963.393
C,4358,33463836.02,3073928.41
G,4359,33482593.53,3073890.467
F,4360,33484411.71,3073822.203
F,4361,33480792.14,3074017.464
F,4362,33483633.11,3073905.423
D,4363,33459942.55,3074241.155
G,4364,33457394.88,3073856.368
E,4365,33476293.11,3073671.663
C,4366,33464992.82,3073931.098
E,4367,33475879.76,3073860.56
G,4368,33458295.6,3073965.024
C,4369,33469205.99,3074148.416
G,4370,33457536.49,3074247.186
J,4371,33461935.66,3074164.083
B,4372,33468819.33,3074170.762
F,4373,33474755.06,3074131.615
B,4374,33460861.97,3074176.378
B,4375,33468162.87,3074126.022
C,4376,33460251.33,3074366.294
H,4377,33469838.25,3074108.702
E,4378,33479685.2,3074042.657
C,4379,33463327.55,3074082.941
N,4380,33465540.01,3074362.479
C,4381,33464410.79,3074075.478
J,4382,33471564.42,3074162.305
F,4383,33484924.62,3074178.08
J,4384,33460397.78,3074463.916
J,4385,33461845.39,3074402.187
D,4386,33459144.46,3074282.53
C,4387,33464697.5,3074251.282
F,4388,33474334.72,3074353.381
F,4389,33481182.45,3074310.564
B,4390,33469236.2,3074459.929
H,4391,33470160.76,3074387.821
C,4392,33467750.95,3074410.304
C,4393,33463804.47,3074419.376
C,4394,33470611.02,3074054.425
F,4395,33473699.35,3074286.154
E,4396,33484938.11,3073765.989
C,4397,33466676.47,3074247.577
D,4398,33458684.84,3074245.359
C,4399,33467234.56,3074306.069
H,4400,33470189.54,3074609.321
D,4401,33465321.79,3074373.512
C,4402,33467012.44,3074571.397
G,4403,33458267.83,3074436.876
E,4404,33475528.39,3074388.006
G,4405,33457930.35,3074431.562
G,4406,33481477.76,3074047.665
D,4407,33459783.22,3074514.968
B,4408,33460247.54,3074708.712
D,4409,33472372.77,3074374.091
F,4410,33480679.86,3074522.976
C,4411,33462878.79,3074497.645
D,4412,33459180.3,3074645.514
G,4413,33457757.26,3074626.058
D,4414,33481703.08,3074023.965
E,4415,33479688.9,3074641.652
G,4416,33482354.81,3074591.125
J,4417,33460838.91,3074696.778
C,4418,33462446.21,3074567.112
C,4419,33464143.49,3074451.051
F,4420,33482873.29,3074452.348
G,4421,33481900.18,3074613.929
F,4422,33483469.31,3074583.394
F,4423,33484582.9,3074557.669
C,4424,33463424.5,3074747.685
F,4425,33484067.89,3074616.95
F,4426,33480271.85,3074647.348
E,4427,33479259.97,3074733.621
F,4428,33473155.29,3074438.92
B,4429,33468179.83,3074805.847
C,4430,33471097.29,3074512.907
C,4431,33460006.05,3074881.07
E,4432,33475068.64,3074696.335
B,4433,33465317.71,3074828.269
D,4434,33464903.29,3074736.806
J,4435,33461320.52,3074753.205
J,4436,33468582.38,3074777.159
C,4437,33469898.83,3074791.651
D,4438,33472960.07,3074710.451
B,4439,33468859.23,3074817.513
C,4440,33467590.42,3074786.131
F,4441,33479916.5,3074996.764
F,4442,33474283.14,3074829.96
C,4443,33469382.28,3075008.262
C,4444,33463059.09,3075007.648
F,4445,33480963.7,3074992.243
D,4446,33458561.4,3074958.018
B,4447,33467786.29,3075086.369
C,4448,33471701.23,3074798.848
J,4449,33459987.43,3075129.949
J,4450,33459446.01,3075087.569
C,4451,33462332.02,3074913.945
G,4452,33457945.72,3075000.731
J,4453,33461647.88,3074738.681
E,4454,33484856.53,3074946.727
D,4455,33459003.8,3075017.798
F,4456,33479922.6,3075267.241
D,4457,33481423.04,3075104.733
G,4458,33482155.41,3075086.533
J,4459,33460885.68,3075110.136
C,4460,33466493.35,3074848.469
C,4461,33468891.23,3075307.736
D,4462,33458444.99,3075249.629
C,4463,33467712.71,3075323.097
C,4464,33462375.34,3075300.348
I,4465,33480805.94,3075445.48
C,4466,33467009.75,3075322.102
F,4467,33473640.3,3075024.625
C,4468,33459877.61,3075433.452
C,4469,33459172.43,3075398.093
C,4470,33464537.76,3075097.946
D,4471,33464093.44,3075244.478
C,4472,33465697.16,3075108.977
C,4473,33468182.76,3075594.297
C,4474,33463685.8,3075334.357
J,4475,33468867.49,3075564.96
B,4476,33480099.55,3075491.321
D,4477,33467632.92,3075586.419
C,4478,33461491.83,3075404.534
I,4479,33481513.34,3075524.792
E,4480,33479292.99,3075317.119
C,4481,33465351.23,3075577.886
C,4482,33469679.6,3075408.804
C,4483,33462008.8,3075458.944
D,4484,33463358.98,3075561.886
F,4485,33480836.8,3075564.659
E,4486,33483721.4,3075440.41
J,4487,33460405.88,3075760.708
C,4488,33466246.28,3075406.284
G,4489,33482069.74,3075592.478
D,4490,33461410.82,3075712.684
D,4491,33466962.08,3075723.93
J,4492,33460636.13,3075546.567
D,4493,33458944.76,3075699.865
D,4494,33459528.44,3075747.553
C,4495,33465953.97,3075850.371
C,4496,33462472.54,3075785.627
C,4497,33465333.84,3075980.024
F,4498,33480202.81,3075799.18
F,4499,33482747.4,3075408.117
E,4500,33484862.78,3075951.766
F,4501,33483430.31,3075799.94
C,4502,33460179.53,3075875.16
B,4503,33466638.16,3075825.906
F,4504,33483054.57,3075652.695
B,4505,33468684.04,3076175.549
C,4506,33464908.35,3075848.549
E,4507,33479570.73,3075915.315
C,4508,33464596.3,3075923.835
F,4509,33484026.97,3076032.245
C,4510,33465856.37,3076169.798
D,4511,33463140.9,3075901.82
F,4512,33481068.72,3075857.937
I,4513,33481606.81,3076123.317
C,4514,33461339.46,3076035.716
C,4515,33468232.17,3075958.355
C,4516,33463923.11,3075991.09
J,4517,33459834.32,3076050.034
C,4518,33464195.51,3076091.744
D,4519,33463403.07,3076207.044
D,4520,33467518.47,3075954.133
G,4521,33461997.08,3076224.644
C,4522,33467768.72,3076236.608
F,4523,33481479.42,3076032.865
C,4524,33460799.07,3076102.348
E,4525,33480375.38,3076271.422
D,4526,33467092.8,3076167.803
G,4527,33462591.03,3076027.772
F,4528,33482907.64,3076210.182
D,4529,33483934.89,3076384.768
C,4530,33460623.45,3076406.225
I,4531,33481659.29,3076474.011
C,4532,33466043.87,3076429.845
F,4533,33484666.9,3076357.094
E,4534,33485100.28,3076373.757
G,4535,33462714.06,3076481.638
G,4536,33463763.7,3076678.23
G,4537,33482331.03,3076369.766
D,4538,33461110.37,3076678.224
F,4539,33484337.04,3076685.364
C,4540,33459834.02,3076522.235
G,4541,33463252.27,3076618.142
I,4542,33482123.97,3076810.398
C,4543,33465176.34,3076545.456
C,4544,33460091.32,3076823.214
G,4545,33464280.92,3076555.786
G,4546,33462085.59,3076671.178
F,4547,33481654.52,3076697.897
F,4548,33483151.16,3076547.647
G,4549,33464703.08,3076572.951
D,4550,33461133.04,3076985.429
I,4551,33482369.86,3077073.361
G,4552,33461803.79,3076981.371
C,4553,33465442.84,3076898.477
G,4554,33463539.05,3077046.177
C,4555,33465679.56,3076674.912
G,4556,33464701.33,3077030.294
G,4557,33462690.09,3077001.164
F,4558,33481966.02,3077081.276
I,4559,33481537.44,3077232.569
G,4560,33461310.18,3077227.405
E,4561,33484778.42,3077117.892
E,4562,33480685.1,3076971.024
F,4563,33481048.63,3077201.592
C,4564,33460209.92,3077287.765
D,4565,33460559.67,3077175.396
F,4566,33483652.52,3076887.042
G,4567,33482788.09,3077245.759
F,4568,33483259.27,3077258.197
G,4569,33462255.33,3077352.443
C,4570,33459918.12,3077335.503
G,4571,33464686.14,3077479.523
G,4572,33461860.62,3077521.978
F,4573,33482108.83,3077517.609
E,4574,33484078.49,3077483.293
G,4575,33464195.28,3077294.108
G,4576,33465233.02,3077363.452
G,4577,33463499.27,3077579.757
F,4578,33462806.95,3077393.409
G,4579,33461194.74,3077643.775
G,4580,33460212.65,3077743.191
E,4581,33481109.32,3077762.351
G,4582,33460774.81,3077621.338
G,4583,33462229.75,3077913.018
G,4584,33463934.44,3077737.488
F,4585,33482902.96,3077871.603
G,4586,33464411.2,3078033.186
G,4587,33460275.19,3078039.569
G,4588,33464962.44,3078047.575
G,4589,33461291.98,3078123.002
F,4590,33482025.24,3078204.586
G,4591,33462268.9,3078275.481
G,4592,33461320.42,3078436.464
G,4593,33460393.47,3078275.243
G,4594,33461764.84,3078099.513
F,4595,33483636.17,3078500.578
E,4596,33483895.7,3078141.963
F,4597,33482129.6,3078789.636
F,4598,33482606.98,3078505.91
G,4599,33461575.31,3078826.927
G,4600,33460509.53,3078593.607
F,4601,33483308.96,3078632.448
G,4602,33461049.08,3079001.237
G,4603,33461213.49,3078849.709
G,4604,33460728.07,3078965.217
F,4605,33461812.07,3079054.973
E,4606,33482758.82,3079157.685
F,4607,33461202.37,3079372.118
F,4608,33483289.04,3079121.861
E,4609,33483952.96,3079187.375
F,4610,33482129.68,3079292.699
F,4611,33460805,3079480.2
F,4612,33483417.87,3079735.666
E,4613,33483134.45,3080155.972
F,4614,33483837.97,3080261.993
E,4615,33484384.85,3080282.498
F,4616,33484252.25,3080758.785
E,4617,33484031.44,3081177.402
J,4618,33459582.92,3074977.348
J,4619,33460400.64,3075092.316
J,4620,33461589.74,3074205.35
J,4621,33461732.14,3073955.503
C,4622,33462793.74,3069820.458
D,4623,33471699.04,3073009.839
B,4624,33468678.84,3067329.193
B,4625,33469091.14,3067435.337
J,4626,33469433.49,3066819.095
F,4627,33483072.11,3076753.521
E,4628,33479824.67,3074308.278
E,4629,33485405.19,3072643.951
F,4630,33485522.09,3071969.961
F,4631,33485523.4,3071228.62
E,4632,33475281.25,3071166.135
D,4633,33466071.77,3059280.858
C,4634,33466169.17,3075294.53
C,4635,33467443.23,3068661.581
D,4636,33466395.53,3068545.46
G,4637,33462667.22,3112194.673
G,4638,33462717.24,3112568.759
F,4639,33463240.42,3112948.194
F,4640,33463779.46,3113481.761
G,4641,33463019.18,3113296.768
G,4642,33463467.86,3113702.351
F,4643,33464311.87,3113968.762
F,4644,33462980.38,3114010.509
F,4645,33463493.59,3114114.749
F,4646,33463931.91,3114291.544
F,4647,33462049.52,3087778.131
G,4648,33461955.64,3088652.916
F,4649,33461447.61,3088815.103
F,4650,33462446.7,3088321.898
G,4651,33462893.94,3088451.987
G,4652,33463173.91,3088901.243
G,4653,33462332.23,3089191.139
G,4654,33463537.74,3089072.639
G,4655,33462481.21,3089616.853
G,4656,33463694.85,3089492.072
G,4657,33461982.74,3089771.105
D,4658,33465755.18,3089830.8
D,4659,33464106.14,3089959.611
D,4660,33464849.88,3090009.824
G,4661,33464435.05,3089732.119
G,4662,33463664.67,3090079.592
D,4663,33464192.01,3090379.764
D,4664,33466738.48,3090372.724
D,4665,33465240.96,3090419.237
D,4666,33466096.61,3090342.254
D,4667,33465602.01,3090300.176
D,4668,33463103.4,3090479.391
G,4669,33462818.51,3090328.926
D,4670,33465520.87,3090753.435
D,4671,33465204.92,3090794.803
D,4672,33463921.97,3090588.701
D,4673,33467243.19,3090614.779
G,4674,33464860.23,3090621.219
D,4675,33463346.78,3090927.134
C,4676,33466524.52,3090871.175
D,4677,33467532.66,3091009.477
B,4678,33465016.6,3091104.024
C,4679,33464526.58,3090807.54
C,4680,33467847.57,3091191.03
D,4681,33466203.56,3091026.626
D,4682,33464052.95,3091068.399
C,4683,33465004.07,3091320.128
C,4684,33466955.32,3091243.761
D,4685,33464552.05,3091307.345
C,4686,33467079.79,3091542.502
C,4687,33466648.23,3091357.039
B,4688,33465130.94,3091676.46
C,4689,33466345.57,3091772.509
C,4690,33463395.04,3091437.112
C,4691,33465322,3091748.234
C,4692,33466025.81,3091939.651
D,4693,33462770.51,3091769.641
B,4694,33465085.8,3091782.677
C,4695,33466149.02,3092044.723
C,4696,33466485.13,3092113.535
C,4697,33466148.72,3092194.33
C,4698,33466621.83,3092023.096
C,4699,33466964.36,3091917.744
C,4700,33464284.19,3092035.377
G,4701,33461686.99,3092095.651
D,4702,33465959.14,3091484.437
C,4703,33467601.82,3091879.239
C,4704,33464673.48,3091851.238
C,4705,33464370.98,3092588.137
C,4706,33468035.07,3091897.862
C,4707,33466710.55,3092429.309
C,4708,33468284.78,3092579.497
C,4709,33465334.62,3092728.777
C,4710,33467319.55,3092260.401
C,4711,33466031.46,3092743.579
C,4712,33467846.92,3092460.736
C,4713,33462520.72,3092420.928
G,4714,33461396.33,3092598.953
C,4715,33462095.51,3092596.829
C,4716,33464986.53,3092727.484
C,4717,33462980.51,3092413.788
C,4718,33468103.04,3092753.054
C,4719,33467636.09,3092750.182
C,4720,33463340.27,3092543.052
C,4721,33465611.39,3092524.046
C,4722,33466173.01,3092750.151
C,4723,33465250.06,3093072.806
C,4724,33468257.38,3093034.118
C,4725,33463731.43,3092669.602
C,4726,33467863.61,3093081.14
G,4727,33460917.64,3092906.32
C,4728,33464317.07,3092755.708
C,4729,33464750.8,3093101.058
C,4730,33466935.93,3093007.338
C,4731,33467213.14,3092920.793
C,4732,33466686.84,3093156.31
C,4733,33466353.6,3093340.7
C,4734,33466018.41,3093362.305
C,4735,33465888.93,3093274.564
C,4736,33465893.08,3092948.876
G,4737,33461535.02,3093184.631
C,4738,33468134.58,3093326.001
C,4739,33464115.28,3093414.526
D,4740,33460613.15,3093319.726
G,4741,33462062.4,3093319.067
C,4742,33465040.27,3093368.524
C,4743,33466006.07,3093580.328
C,4744,33466348.14,3093566.196
D,4745,33462698.3,3093342.837
D,4746,33466105.84,3093806.908
D,4747,33463189.82,3093428.453
C,4748,33467085.42,3093588.779
C,4749,33467609.57,3093654.814
C,4750,33464565.89,3093750.137
D,4751,33462225.71,3093705.541
C,4752,33465615.13,3093749.209
D,4753,33463624.28,3093721.643
C,4754,33465722.02,3093611.186
C,4755,33460439.01,3093750.987
C,4756,33467940.88,3093760.021
C,4757,33465811.28,3094076.957
D,4758,33466419.62,3093970.745
D,4759,33461401.06,3093739.509
C,4760,33465296.46,3093926.523
D,4761,33466295.44,3094135.367
C,4762,33466836.96,3094045.587
J,4763,33462837.42,3094063.926
D,4764,33462221.71,3094133.1
C,4765,33466458.84,3094350.449
D,4766,33464819.12,3094158.071
D,4767,33464112.24,3094171.62
C,4768,33467082.82,3094166.347
C,4769,33465706.34,3094333.883
D,4770,33467230.74,3094361.661
D,4771,33463336.24,3094328.272
C,4772,33466327,3094468.422
G,4773,33460856.66,3094287.6
C,4774,33467541.41,3094490.814
C,4775,33468372.97,3094446.219
J,4776,33463031.23,3094675.507
D,4777,33464668.95,3094691.532
C,4778,33468032.94,3094383.242
C,4779,33462593.36,3094649.269
D,4780,33465482.32,3094700.938
D,4781,33464068.76,3094758.47
C,4782,33467730.24,3094485.791
D,4783,33463637.77,3094819.148
C,4784,33462145.51,3094686.23
C,4785,33466423.43,3094789.021
B,4786,33467153.62,3094882.026
D,4787,33468363.32,3094887.054
D,4788,33468584.14,3094985.354
C,4789,33467840.87,3095035.327
C,4790,33467290.43,3095215.052
B,4791,33466840.06,3095107.885
B,4792,33466939.22,3095137.599
C,4793,33462586.05,3095129.808
C,4794,33464924.86,3095123.291
C,4795,33466049.4,3095224.733
D,4796,33466330.09,3095047.809
C,4797,33465379.03,3095165.209
C,4798,33463417.63,3095300.484
G,4799,33461661.26,3095157.064
C,4800,33468078.9,3095308.466
C,4801,33468011.83,3095467.602
C,4802,33467536.19,3095378.455
G,4803,33461250.51,3094927.675
C,4804,33464420.02,3095286.751
C,4805,33462000.91,3095063.179
C,4806,33462837.14,3095454.159
B,4807,33466260.73,3095585.305
C,4808,33467514,3095523.303
C,4809,33463590.32,3095647.836
C,4810,33465494.88,3095596.999
B,4811,33464894.37,3095883.594
J,4812,33465827.39,3095692.349
C,4813,33467401.03,3095699.595
C,4814,33464582.53,3095780.606
C,4815,33464846.52,3095797.281
D,4816,33462881.13,3095775.093
D,4817,33462295.12,3095760.375
C,4818,33464243.57,3095704.101
C,4819,33468166.88,3095741.632
B,4820,33465291.33,3095965.85
B,4821,33465830.06,3096055.303
C,4822,33468538.28,3095626.814
J,4823,33463397.47,3095917.336
C,4824,33463773.41,3095796.727
C,4825,33467034.91,3095885.607
C,4826,33464671.32,3096078.784
D,4827,33461805.69,3095841.33
D,4828,33462889.19,3096031.729
C,4829,33466183.04,3096214.053
J,4830,33462936.36,3096139.352
C,4831,33465235.62,3096147.359
C,4832,33467702.79,3096181.411
C,4833,33466688.49,3096186.017
C,4834,33465040.21,3096254.937
C,4835,33464272.21,3096295.203
J,4836,33462166.13,3096255.761
C,4837,33464944.08,3096404.003
D,4838,33461487.91,3096093.423
C,4839,33465019.41,3096569.111
C,4840,33463770.92,3096211.163
C,4841,33466889.73,3096411.75
C,4842,33467608.65,3096438.537
C,4843,33463287.37,3096465.578
Q,4844,33466603.87,3096726.748
C,4845,33468028.87,3096647.095
C,4846,33463118.3,3096750.841
B,4847,33464816.14,3096659.51
C,4848,33465605.07,3096545.464
C,4849,33465380.15,3096614.234
C,4850,33463076.17,3096877.237
C,4851,33463756.18,3096792.831
C,4852,33462118.3,3097079.655
C,4853,33462765.06,3096597.952
Q,4854,33466298.2,3096942.438
C,4855,33464347.03,3096729.823
C,4856,33466458.59,3096955.227
C,4857,33467108.99,3096851.072
C,4858,33467522.01,3096996.855
C,4859,33463726.26,3096942.009
B,4860,33465358.33,3096945.487
D,4861,33463071.29,3097124.597
C,4862,33464196.73,3097098.389
Q,4863,33465046.4,3097245.273
C,4864,33463019.56,3097275.531
C,4865,33464729.87,3097155.062
C,4866,33467241.71,3097311.09
C,4867,33466758.43,3097199.192
Q,4868,33465654.65,3097393.469
C,4869,33467939.33,3097133.915
C,4870,33465982.12,3097524.365
C,4871,33462290.92,3096830.701
C,4872,33466315.78,3097473.763
J,4873,33464023.9,3097588.769
D,4874,33462706.69,3097394.99
C,4875,33465434.34,3097559.417
C,4876,33467501.48,3097614.625
D,4877,33465414.16,3097785.91
J,4878,33464844.13,3097655.622
C,4879,33466989.84,3097621.577
C,4880,33467859.78,3097805.534
J,4881,33463523.57,3097696.11
C,4882,33465233.39,3097969.645
C,4883,33466542.1,3097858.661
J,4884,33464404.03,3097944.814
C,4885,33465721.03,3098007.24
C,4886,33464589.32,3097733.909
B,4887,33466108.83,3098141.659
J,4888,33462957.26,3097835.661
B,4889,33467212.28,3098142.595
C,4890,33463490.77,3098165.356
W,4891,33464745.58,3098320.829
D,4892,33464058.88,3098064.146
B,4893,33466532.6,3098268.061
J,4894,33462888.4,3098332.506
B,4895,33468030.42,3098185.195
B,4896,33467462.02,3098382.031
C,4897,33464015.53,3098439.43
C,4898,33465979.98,3098359.588
D,4899,33462524.77,3098540.574
C,4900,33464730.66,3098527.16
B,4901,33468382.47,3098402.259
C,4902,33465559.08,3098496.843
C,4903,33463263.94,3098443.295
C,4904,33464034.24,3098757.969
C,4905,33465914.25,3098625.275
J,4906,33462600.14,3098779.442
C,4907,33466770.32,3098830.475
B,4908,33465332.71,3099002.106
C,4909,33463349.18,3098821.567
C,4910,33467296.69,3098701.53
C,4911,33463824.94,3098642.783
C,4912,33462381.96,3099083.318
W,4913,33463966.33,3099101.173
C,4914,33462261.09,3099114.846
C,4915,33464934.49,3098655.137
B,4916,33468766.68,3098814.376
C,4917,33462947.08,3098959.109
C,4918,33467699.14,3098969.219
C,4919,33465455.7,3099299.248
B,4920,33465854.26,3099054.938
D,4921,33459480.06,3099251.294
C,4922,33468108.71,3098945.388
D,4923,33466913.36,3099165.121
W,4924,33463660.92,3099070.321
C,4925,33468455.98,3099139.584
C,4926,33465549.94,3099313.311
N,4927,33462587.99,3099382.581
C,4928,33464641.23,3099234.868
D,4929,33463498.44,3099282.554
G,4930,33460754.87,3099297.237
D,4931,33466384.76,3099166.019
W,4932,33464173.85,3099114.048
G,4933,33460180.53,3099261.188
D,4934,33459515.17,3099390.11
C,4935,33468860.57,3099318.844
C,4936,33463137.38,3099282.378
B,4937,33464468.75,3099553.973
D,4938,33461012.91,3099366.497
D,4939,33461253.01,3099405.419
G,4940,33460022.22,3099546.098
D,4941,33466883.98,3099471.869
J,4942,33461734.34,3099648.394
D,4943,33459150.09,3099489.185
D,4944,33461712.36,3099347.999
D,4945,33461406.87,3099638.409
C,4946,33465506.81,3099610.142
D,4947,33459868.19,3099510.978
J,4948,33461287.4,3099725.49
J,4949,33462736.18,3099529.929
D,4950,33467442.52,3099431.618
W,4951,33462217.53,3099430.812
C,4952,33465774.03,3099724.709
C,4953,33464825.16,3099747.965
D,4954,33461593.21,3099665.702
C,4955,33464263.07,3099682.901
W,4956,33463811.43,3099730.977
C,4957,33466638.07,3099715.494
C,4958,33465977.99,3099493.004
C,4959,33464005.88,3099916.286
J,4960,33462503.36,3099923.184
D,4961,33467271.8,3099761.512
W,4962,33462139.49,3099706.459
D,4963,33460993.9,3099855.712
G,4964,33460381.97,3099706.144
C,4965,33467238.19,3099938.627
C,4966,33465376.08,3099891.101
D,4967,33461287.35,3099969.622
C,4968,33463498.24,3099791.867
J,4969,33459349.05,3099699.346
J,4970,33462381.86,3100013.694
D,4971,33461137.28,3099882.122
D,4972,33467916.84,3099697.047
C,4973,33468815.67,3099679.287
N,4974,33461158.64,3100200.612
D,4975,33464833.66,3099997.282
C,4976,33465909.21,3099999.372
J,4977,33460679.92,3099940.43
C,4978,33466172.13,3100193.335
D,4979,33468287.95,3099992.748
C,4980,33464392.93,3100180.985
D,4981,33465255.38,3100217.128
J,4982,33463005.84,3100002.931
J,4983,33461876.88,3099956.592
J,4984,33460357.43,3100271.447
J,4985,33461604.16,3100234.675
C,4986,33463848.55,3100231.621
N,4987,33461426.11,3100100.245
C,4988,33466632.43,3100278.085
D,4989,33465429.78,3100327.935
J,4990,33459930.73,3100161.913
D,4991,33460911.03,3100341.627
G,4992,33469036.82,3100272.815
W,4993,33463460.83,3100226.407
D,4994,33460579.92,3100534.127
C,4995,33464952.09,3100650.945
C,4996,33467123.83,3100632.173
C,4997,33459535.7,3100446.304
C,4998,33459892.08,3100665.988
D,4999,33463986.81,3100702.823
C,5000,33460933.56,3100661.645
D,5001,33468644.15,3100489.915
C,5002,33463447.38,3100607.579
C,5003,33464268.69,3100607.586
D,5004,33465883.08,3100589.519
C,5005,33461180.99,3100754.228
C,5006,33467337.07,3100317.293
C,5007,33465740.8,3100820.396
C,5008,33461593.56,3100620.627
D,5009,33458475.95,3100784.661
C,5010,33463738.02,3100900.691
C,5011,33465089.96,3100799.962
G,5012,33469201.74,3100755.891
D,5013,33466376.07,3100657.299
C,5014,33467810.97,3100678.395
B,5015,33461713.97,3101033.203
C,5016,33459923.68,3100991.744
D,5017,33459143.91,3100884.377
C,5018,33461149.66,3101038.013
C,5019,33460485.41,3100859.263
C,5020,33468203.29,3101051.011
C,5021,33468666.53,3101135.75
B,5022,33464343.27,3101282.47
C,5023,33465450.67,3101072.443
D,5024,33466838.43,3100851.526
G,5025,33469348.49,3101075.855
C,5026,33464243.15,3101335.174
C,5027,33466288.16,3101206.606
W,5028,33462284.28,3101090.132
C,5029,33465758.18,3101220.044
C,5030,33460483.45,3101371.644
C,5031,33465081.86,3101393.921
D,5032,33467262.33,3101177.035
C,5033,33460630.37,3101311.532
C,5034,33461810.81,3101282.783
G,5035,33469602.89,3101429.282
C,5036,33461277.41,3101673.957
C,5037,33463360.75,3101454.399
C,5038,33459838.27,3101420.745
D,5039,33467746.55,3101515.349
C,5040,33466960.8,3101553.963
B,5041,33468017.28,3101623.566
C,5042,33460178.13,3101645.327
C,5043,33463526.66,3101761.664
D,5044,33466020.67,3101591.03
D,5045,33464410.2,3101661.142
B,5046,33463742.07,3101937.465
G,5047,33458386.72,3101347.069
C,5048,33459169.78,3101532.248
D,5049,33464929.86,3101749.827
C,5050,33464123.76,3101771.786
G,5051,33468748.82,3101633.68
C,5052,33464212.8,3102060.684
D,5053,33465228.4,3101855.826
C,5054,33460659.06,3101836.696
D,5055,33465661.82,3101888.938
Q,5056,33462993.22,3102050.794
G,5057,33467805.71,3101943.132
B,5058,33461527.2,3101688.434
C,5059,33461463.2,3101821.273
D,5060,33466542.32,3101956.785
D,5061,33459994.23,3102083.084
G,5062,33469371.6,3102087.14
G,5063,33468378.71,3102136.516
D,5064,33465322.4,3102335.811
C,5065,33464695.07,3102195.905
C,5066,33462243.94,3101996.187
D,5067,33465856.68,3102348.959
C,5068,33462601.59,3102257.549
D,5069,33466167.8,3102252.682
G,5070,33469771.85,3101991.734
D,5071,33466811.78,3102208.47
C,5072,33465108.14,3102216.227
D,5073,33457710.52,3102089.16
C,5074,33463876.57,3102352.772
D,5075,33460486.53,3102250.882
D,5076,33467223.78,3102263.69
D,5077,33460500.76,3102650.243
C,5078,33460898.24,3102399.669
C,5079,33461559.03,3102496.077
D,5080,33458236.45,3101994.379
D,5081,33459502.36,3102428.466
C,5082,33463011.24,3102476.542
C,5083,33463067.78,3102708.512
C,5084,33464589.64,3102511.996
D,5085,33459695.73,3102227.692
D,5086,33459830.94,3102675.466
B,5087,33462411.24,3102717.435
C,5088,33463515.46,3102791.846
D,5089,33458614.4,3102305.949
D,5090,33466901.01,3102715.384
D,5091,33467859.02,3102474.916
D,5092,33460280.68,3102803.013
B,5093,33466412.46,3102805.645
C,5094,33464345.56,3102744.414
D,5095,33460595.95,3102900.305
B,5096,33461175.63,3102869.164
C,5097,33462723.2,3102733.639
G,5098,33468642.81,3102597.697
D,5099,33458801.81,3102687.882
N,5100,33460119.76,3102907.88
G,5101,33469463.76,3102809.664
C,5102,33463979.45,3102832.22
C,5103,33465564.6,3102713.465
C,5104,33459357.98,3102709.785
C,5105,33460456.39,3103011.284
D,5106,33467953.72,3102975.125
B,5107,33466906.33,3102937.552
G,5108,33468861.07,3102978.741
C,5109,33463511.13,3103087.38
D,5110,33468609.19,3103280.22
C,5111,33459759.6,3103138.737
B,5112,33468005.7,3103272.673
D,5113,33458506.5,3103211.334
F,5114,33469559.24,3103274.513
D,5115,33459284.22,3103143.622
D,5116,33463039.42,3103198.427
C,5117,33464458.18,3103219.749
C,5118,33466978.49,3103216.844
D,5119,33457628.39,3102933.397
C,5120,33466326.92,3103178.135
C,5121,33459070.86,3103492.91
C,5122,33464913.22,3103187.475
G,5123,33468913.86,3103496.463
G,5124,33468458.85,3103420.653
D,5125,33457989.02,3103200.975
B,5126,33458524.16,3103605.47
C,5127,33465308.71,3103380.638
D,5128,33463796.16,3103518.746
B,5129,33459780.79,3103651.232
G,5130,33468245.15,3103499.509
C,5131,33465736.73,3103427.268
C,5132,33461331.37,3103640.752
C,5133,33461789.86,3103414.176
B,5134,33460342.63,3103499.096
B,5135,33459500.47,3103695.699
C,5136,33466856.09,3103668.723
C,5137,33460556.63,3103632.73
C,5138,33458999.31,3103767.629
D,5139,33464353.24,3103689.363
G,5140,33467858.85,3103501.138
C,5141,33467413.66,3103404.909
C,5142,33462594.63,3103577.619
C,5143,33462241.47,3103398.491
G,5144,33467612.77,3103319.676
C,5145,33466054.82,3103679.552
C,5146,33460910.96,3103529.436
F,5147,33469749.05,3103670.41
C,5148,33466371.75,3103767.136
C,5149,33461751.43,3103740.741
C,5150,33460066.49,3104062.569
D,5151,33464893.88,3103924.77
G,5152,33468561.68,3103897.431
B,5153,33466329.98,3104161.625
F,5154,33470007.31,3104122.718
F,5155,33469147.45,3104228.442
C,5156,33460261.36,3103981.639
D,5157,33458051.01,3103790.925
C,5158,33460655.54,3104099.585
G,5159,33465433.92,3104053.814
F,5160,33469531.55,3104091.423
G,5161,33468195.82,3104109.735
G,5162,33466967.08,3104239.231
G,5163,33465804.03,3104288.387
C,5164,33462518.27,3104179.332
G,5165,33468765.5,3104478.236
G,5166,33467489.3,3104109.734
C,5167,33459033.26,3104220.344
C,5168,33462970.4,3103927.861
G,5169,33466273.71,3104463.265
C,5170,33460177.14,3104456.721
C,5171,33463289.01,3104126.089
C,5172,33459288.6,3104453.476
C,5173,33463602.73,3104218.262
C,5174,33461828.18,3104384.949
D,5175,33460230.04,3104712.429
D,5176,33462155.66,3104621.416
C,5177,33458385.35,3104281.83
C,5178,33458067.66,3104360.208
C,5179,33461401.64,3104586.17
C,5180,33461113.51,3104537.101
G,5181,33468014.16,3104708.999
C,5182,33463887.51,3104415.285
G,5183,33466911.98,3104678.359
D,5184,33460792.13,3104522.324
C,5185,33458595.82,3104755.981
C,5186,33464636.48,3104563.845
C,5187,33459592.05,3104772.479
C,5188,33464245.51,3104467.548
D,5189,33462293.84,3104839.06
B,5190,33460564.24,3104950.305
C,5191,33465562.52,3104750.569
B,5192,33459984.17,3104750.361
C,5193,33460198.18,3105123.745
C,5194,33459310.78,3105018.895
D,5195,33461038.41,3105047.576
B,5196,33467361.88,3105008.039
G,5197,33466643.36,3104909.477
C,5198,33460131.55,3105260.134
C,5199,33465077.35,3104750.164
C,5200,33461813.09,3105100.022
D,5201,33463064.45,3104997.438
C,5202,33459551.88,3105262.861
C,5203,33461307.26,3105288.229
C,5204,33459703.29,3105405.132
B,5205,33465510.6,3105282.902
L,5206,33469219.02,3105413.306
D,5207,33462165.37,3105340.097
D,5208,33462619.18,3105072.662
J,5209,33460846.7,3105317.812
E,5210,33467005.71,3105273.354
G,5211,33465941.68,3105105.023
G,5212,33466362.03,3105267.357
C,5213,33458511.87,3105293.804
C,5214,33459000.47,3105366.901
C,5215,33461678.06,3105505.663
F,5216,33468190.22,3105355.374
J,5217,33460933.64,3105628.087
D,5218,33461254.66,3105568.129
C,5219,33460002.81,3105482.612
C,5220,33457900.86,3105256.171
F,5221,33467569.37,3105461.287
D,5222,33462985.43,3105551.697
W,5223,33460241.4,3105578.205
D,5224,33461715.61,3105718.327
D,5225,33462180.05,3105655.751
D,5226,33461330.56,3105776.374
D,5227,33463521.72,3105299.546
C,5228,33459158.69,3105749.613
C,5229,33459729.12,3105714.678
D,5230,33462482.86,3105772.185
D,5231,33463968.05,3105389.668
D,5232,33461318.95,3105829.649
C,5233,33458690.45,3105782.447
D,5234,33464414.65,3105523.047
C,5235,33459919.99,3105977.06
D,5236,33464664.59,3105714.647
D,5237,33462806.7,3106035.131
D,5238,33465102.39,3105695.981
S,5239,33458845.15,3106016.089
C,5240,33457797.27,3105765.415
D,5241,33461897.73,3105986.827
F,5242,33468731.22,3105620.964
C,5243,33460603.71,3105975.528
C,5244,33460264.81,3106133.053
C,5245,33458251.47,3105599.11
F,5246,33467945.05,3105827.849
D,5247,33462601.28,3105990.749
D,5248,33459357.95,3106040.067
S,5249,33458925.77,3106141.413
D,5250,33462922.83,3106155.003
F,5251,33469177.48,3105916.304
D,5252,33463234.77,3106173.284
D,5253,33463427.37,3105974.441
D,5254,33465442.73,3105860.236
G,5255,33466535.79,3106062.776
C,5256,33462369.09,3106176.675
C,5257,33458633.41,3106156.081
C,5258,33463219.49,3106367.133
C,5259,33460761.78,3106080.871
G,5260,33466909.11,3105813.801
F,5261,33467137.31,3106004.305
C,5262,33461339.62,3106154.309
C,5263,33462824.86,3106377.896
D,5264,33459580.13,3106424.248
D,5265,33459381.57,3106351.181
X,5266,33459111.74,3106462.429
F,5267,33467495.94,3106050.029
C,5268,33460950.38,3106296.354
F,5269,33468174.55,3106139.02
C,5270,33462207.57,3106364.789
D,5271,33463539.36,3106347.403
G,5272,33455518.23,3106396.537
G,5273,33465973.16,3105984.232
C,5274,33459925.65,3106380.633
D,5275,33464156.51,3106310.734
C,5276,33457613.49,3106232.872
F,5277,33469013.76,3106375.099
G,5278,33455995.66,3106272.198
C,5279,33458063.25,3106278.43
C,5280,33461684.73,3106360.911
C,5281,33457400.58,3106516.986
C,5282,33460228.84,3106461.551
C,5283,33459655.22,3106695.353
C,5284,33459123.72,3106677.198
C,5285,33461134.48,3106670.552
C,5286,33459367.52,3106716.728
C,5287,33462005.47,3106670.365
G,5288,33456405.91,3106547.79
C,5289,33458447.41,3106598.871
G,5290,33468186.51,3106604.469
D,5291,33464649.82,3106456.33
F,5292,33467317.07,3106637.483
C,5293,33462449.63,3106782.826
D,5294,33468713.95,3106622.401
C,5295,33458033.16,3106774
C,5296,33458794.05,3106815.205
D,5297,33465064.49,3106515.095
G,5298,33466957.11,3106668.252
D,5299,33465428.87,3106567.218
D,5300,33459379,3106935.202
G,5301,33466227.74,3106597.022
C,5302,33461597.48,3106889.297
C,5303,33455865.54,3106949.762
D,5304,33456736.78,3106687.596
C,5305,33460391.01,3106829.456
D,5306,33464421.1,3106843.679
G,5307,33466656.53,3106783.998
C,5308,33455190,3106879.093
G,5309,33468636.36,3106946.735
C,5310,33459292.66,3107125.465
G,5311,33467581.67,3106957.275
D,5312,33459973.25,3107081.451
G,5313,33468007.23,3106996.306
G,5314,33467165.11,3107129.751
C,5315,33462034.47,3107055.459
C,5316,33461176.95,3107019.011
C,5317,33463520.91,3106882.984
G,5318,33465614.06,3106931.417
C,5319,33457630.94,3107072.894
G,5320,33466796.61,3107288.712
C,5321,33458032.8,3107133.194
S,5322,33458688.78,3107236.083
C,5323,33455558.3,3107244.154
C,5324,33460726.11,3107105.266
C,5325,33458976.26,3107204.685
C,5326,33461056.97,3107329.125
C,5327,33459494.56,3107286.699
C,5328,33463273.55,3106911.57
D,5329,33456998.88,3107018.066
C,5330,33459585.05,3107435.556
C,5331,33463116.12,3107302.327
C,5332,33462311.5,3107331.903
G,5333,33454966.56,3107501.389
G,5334,33465888.82,3107181.595
G,5335,33466252.69,3107349.714
C,5336,33462759.37,3107483.514
E,5337,33469606.12,3107407.462
G,5338,33467154.01,3107492.412
F,5339,33468833.86,3107334.991
D,5340,33460218.56,3107436.602
C,5341,33456330.78,3107422.052
C,5342,33459140.67,3107588.184
C,5343,33457846.84,3107591.636
C,5344,33457213.45,3107491.95
C,5345,33461683.05,3107506.534
C,5346,33465529.34,3107636.851
C,5347,33464735.45,3107448.262
B,5348,33457511.53,3107726.595
D,5349,33466614.2,3107703.432
G,5350,33467735.14,3107594.856
X,5351,33458738.82,3107564.436
C,5352,33463787.5,3107320.758
F,5353,33468878.34,3107666.399
D,5354,33460433.43,3107704.443
G,5355,33468247.52,3107627.725
C,5356,33465082.31,3107618.803
C,5357,33458293.76,3107680.006
D,5358,33458224.9,3107979.872
C,5359,33455967.53,3107687.181
C,5360,33456852.92,3107829.398
D,5361,33460806.06,3107754.542
C,5362,33455611.17,3107860.596
C,5363,33459752.5,3107719.728
C,5364,33464162.01,3107503.059
C,5365,33466680.98,3107976.106
C,5366,33459282.86,3107915.504
D,5367,33466241.88,3107935.418
D,5368,33461012.63,3107934.686
C,5369,33457524.95,3108116.932
B,5370,33456433.45,3108147.921
C,5371,33453793.53,3107786.537
C,5372,33462622.94,3107927.707
O,5373,33465338.87,3108155.14
D,5374,33461872.51,3108160.049
D,5375,33461244.96,3108102.507
D,5376,33461565.21,3108102.986
C,5377,33455485.03,3108072.549
C,5378,33463295.18,3108025.086
G,5379,33467857.95,3108126.246
C,5380,33459941.5,3108143.892
G,5381,33467123.23,3108130.673
C,5382,33465640.16,3108125.689
C,5383,33463860.97,3108227.319
C,5384,33454319.62,3107906.802
F,5385,33469232,3108146.546
C,5386,33457156.41,3108303.413
C,5387,33458409.66,3108484.348
C,5388,33460289.42,3108296.851
C,5389,33458885.6,3108469.123
D,5390,33462131.58,3108340.686
C,5391,33453398.09,3108263.168
C,5392,33464607.65,3108270.167
C,5393,33459202.46,3108258.338
C,5394,33456724,3108471.398
D,5395,33459722.09,3108510.146
C,5396,33460672.6,3108451.428
C,5397,33455216.16,3108384.265
E,5398,33469863.67,3108704.794
X,5399,33457760.21,3108564.093
C,5400,33457434.26,3108572.535
G,5401,33467480.43,3108457.251
C,5402,33454503.24,3108492.882
D,5403,33462396.77,3108557.024
O,5404,33465243.55,3108443.616
B,5405,33455986.03,3108569.943
C,5406,33466845.53,3108434.406
C,5407,33458745.67,3108740.245
F,5408,33468003.6,3108706.218
C,5409,33465816.58,3108517.7
C,5410,33457918.23,3108502.862
C,5411,33464186.47,3108278.965
C,5412,33466227.15,3108281.558
C,5413,33454930.53,3108753.549
G,5414,33462683.27,3108723.845
C,5415,33461039.66,3108744.839
F,5416,33468605.26,3108807.403
C,5417,33456485.56,3108792.684
C,5418,33466128.21,3108775.209
C,5419,33459134.77,3109014.226
C,5420,33456970.96,3108782.553
D,5421,33452014.48,3109019.679
C,5422,33458569.05,3109027.69
C,5423,33453082.79,3108783.191
F,5424,33469077,3108887.721
X,5425,33457762.42,3108669.244
C,5426,33461445.27,3108891.757
B,5427,33455491.03,3108965.586
G,5428,33462953.49,3108912.556
C,5429,33457331.42,3109009.414
C,5430,33456527.7,3109062.325
O,5431,33464487.47,3108831.373
C,5432,33453884.18,3108937.309
C,5433,33457982.72,3109157.455
D,5434,33459985.44,3108864.066
C,5435,33461782.38,3108999.978
C,5436,33458175.31,3108762.427
D,5437,33454491.07,3109260.911
D,5438,33459560.33,3109073.863
B,5439,33454504.15,3109136.232
C,5440,33458803.93,3109284.717
C,5441,33453592.97,3108849.007
X,5442,33457984.36,3109378.338
O,5443,33465182.09,3109017.077
G,5444,33463307.51,3109124.63
G,5445,33466674.51,3108920.118
D,5446,33459764.64,3109423.214
D,5447,33460318.04,3109038.752
C,5448,33457466.66,3109317.26
C,5449,33455737.6,3109335.096
C,5450,33467293.15,3109094.736
F,5451,33469418.57,3109342.524
C,5452,33451869.54,3109418.936
D,5453,33468479.15,3109439.403
F,5454,33469223.27,3109833.95
D,5455,33460569.94,3109304.804
C,5456,33456281.67,3109339.688
G,5457,33463619.65,3109408.602
C,5458,33462181.7,3109305.684
D,5459,33467861.77,3109334.886
G,5460,33464569.85,3109329.327
C,5461,33456929.81,3109451.548
C,5462,33458236.5,3109614.887
C,5463,33452510.29,3109162.037
C,5464,33452214.6,3109460.404
D,5465,33460919.43,3109496.313
C,5466,33457382.89,3109667.569
F,5467,33467077.47,3109452.564
O,5468,33462607.14,3109517.285
C,5469,33459186.34,3109618.271
C,5470,33455791.88,3109683.477
G,5471,33463913.39,3109660.104
C,5472,33452887.73,3109532.022
C,5473,33458615.88,3109622.162
C,5474,33454238.35,3109704.91
G,5475,33465755.87,3109582.19
F,5476,33467413.87,3109773.816
C,5477,33456501.22,3109892.095
C,5478,33452010.43,3109880.193
D,5479,33460954.93,3109907.324
C,5480,33458005.58,3110034.763
C,5481,33462999.17,3109779.564
G,5482,33464197.44,3109879.454
D,5483,33461392.28,3109629.497
G,5484,33465116.3,3109663.591
C,5485,33454947.97,3109749.389
C,5486,33457350.45,3109990.672
C,5487,33453218.7,3109990.71
C,5488,33451320.66,3109803.391
C,5489,33453705.55,3109839.159
G,5490,33462434.36,3110037.073
C,5491,33460092.04,3109857.714
G,5492,33466244.12,3109974.427
C,5493,33458430.98,3110080.884
G,5494,33463416.5,3110061.213
C,5495,33450730.5,3110166.633
G,5496,33466130.03,3109671.36
X,5497,33457863.93,3110301.34
C,5498,33456576.39,3110151.754
F,5499,33467746.04,3110058.14
D,5500,33457097.19,3110337.843
G,5501,33461413.05,3110138.703
G,5502,33466505.2,3109795.763
C,5503,33457147.33,3110260.328
F,5504,33464388.6,3110235.054
E,5505,33468212.48,3110188.133
G,5506,33465688.01,3110167.792
G,5507,33466818.07,3110017.321
G,5508,33463725.41,3110297.848
C,5509,33460349.74,3110130.673
C,5510,33456029.07,3110154.96
G,5511,33461871.3,3109985.303
B,5512,33451728.48,3110310.14
C,5513,33459695.88,3109884.162
F,5514,33464756.73,3110168.433
F,5515,33467112.88,3110286.907
C,5516,33453348.88,3110406.647
C,5517,33458337.8,3110477.2
G,5518,33463053.48,3110437.426
F,5519,33465141.1,3110461.519
C,5520,33460546.68,3110409.249
F,5521,33467366.85,3110470.177
C,5522,33459552.61,3110377.885
C,5523,33455180.64,3110259.81
C,5524,33454177.7,3110306.755
F,5525,33463913,3110616.17
C,5526,33459169.21,3110518.654
F,5527,33466322.31,3110501.259
G,5528,33462586.96,3110562.834
C,5529,33452452.05,3110402.931
C,5530,33461250.94,3110593.977
C,5531,33458788.17,3110620.306
F,5532,33465679.71,3110826.707
C,5533,33456570.11,3110601.441
C,5534,33454559.32,3110464.838
C,5535,33458366.6,3110900.45
G,5536,33464315.11,3110646.888
C,5537,33456919.79,3110790.78
C,5538,33457396.05,3110754.307
E,5539,33468492.95,3110774.527
X,5540,33458041.79,3110826.731
C,5541,33450743.4,3110573.62
C,5542,33455710.09,3110503.129
C,5543,33455451.84,3110502.617
C,5544,33456095.64,3110718.606
C,5545,33459970.62,3110556.589
G,5546,33462063.77,3110735.763
C,5547,33451859.91,3110741.345
C,5548,33453184.79,3110702.908
C,5549,33457711.11,3110867.656
C,5550,33450064.52,3110820.604
F,5551,33464714.8,3110844.497
G,5552,33463395.44,3110792.434
C,5553,33457132.44,3111063.21
F,5554,33466888.79,3110751.843
C,5555,33453896.59,3110689.493
E,5556,33469084.71,3111093.569
D,5557,33459275.86,3111010.296
C,5558,33460932.04,3110945.92
C,5559,33460479.69,3110849.48
D,5560,33456950.32,3111202.549
F,5561,33464993.57,3111036.054
F,5562,33463848.33,3111036.578
G,5563,33463034.56,3111088.272
G,5564,33455006.48,3110997.327
X,5565,33457946.82,3111238.343
C,5566,33461662.7,3111059.96
C,5567,33457878.34,3111162.949
C,5568,33456484.33,3111206.487
X,5569,33457525.07,3111446.596
C,5570,33457287.66,3111499.972
G,5571,33462381.35,3111178.391
C,5572,33452101.97,3111167.681
D,5573,33458740.48,3111209.89
D,5574,33459652,3111307.177
C,5575,33458981.38,3111496.623
F,5576,33465456.96,3111319.492
F,5577,33463476.07,3111354.088
C,5578,33458520.16,3111407.63
C,5579,33453897.51,3111114.353
C,5580,33452921.76,3110965.581
C,5581,33450332.11,3111257.262
C,5582,33455797.81,3111469.303
G,5583,33455557.87,3111256.075
F,5584,33464266.59,3111337.349
C,5585,33458083.06,3111486.423
C,5586,33452621.33,3111085.426
C,5587,33451168.53,3111246.125
C,5588,33460746.56,3111452.924
G,5589,33462588.02,3111539.944
F,5590,33464724.66,3111533.42
C,5591,33457104.81,3111612.436
C,5592,33461335.22,3111473.009
G,5593,33454576.32,3111246.808
G,5594,33455020.89,3111637.935
C,5595,33456305.26,3111587.707
F,5596,33463057.64,3111644.968
G,5597,33453887.79,3111480.874
D,5598,33459845.01,3111667.06
F,5599,33465104.42,3111761.765
C,5600,33458830.27,3111760.201
G,5601,33463265.86,3111875.662
X,5602,33457672.8,3111976.489
C,5603,33451646.86,3111633.472
F,5604,33463727.37,3111813.86
G,5605,33455759.47,3111821.345
C,5606,33457453.56,3111843.311
F,5607,33464218.61,3111914.767
C,5608,33452161.43,3111693.061
C,5609,33456459.11,3111971.412
G,5610,33460654.84,3111931.208
F,5611,33464858.14,3112006.727
C,5612,33458228.65,3111859.701
C,5613,33452567.95,3111628.063
C,5614,33461233.18,3111602.577
C,5615,33461567.12,3111803.79
F,5616,33463130.28,3112077.888
X,5617,33457737.13,3112136.097
C,5618,33451741.83,3112120.635
C,5619,33450330.95,3111816.862
C,5620,33461822.88,3111988.658
D,5621,33460190.54,3112016.503
G,5622,33462873.62,3112156.981
G,5623,33455367.86,3112059.334
G,5624,33459885.46,3112152.904
D,5625,33456259.44,3112232.464
C,5626,33459426.81,3111943.632
C,5627,33459219.01,3112103.559
C,5628,33453698.54,3111767.291
C,5629,33457198.45,3112152.044
C,5630,33458183.01,3112206.23
C,5631,33457027.89,3112311.409
C,5632,33453462.27,3111843.271
F,5633,33463664.27,3112246.304
C,5634,33458903.35,3112222.687
G,5635,33454185.02,3112067.894
C,5636,33453198.16,3112082.554
F,5637,33464201.08,3112363.213
G,5638,33462232.65,3112145.032
F,5639,33460842.53,3112382.318
C,5640,33450983.82,3112052.423
C,5641,33452520.33,3112443.871
C,5642,33457889.28,3112535.001
C,5643,33451403.96,3112504.236
G,5644,33462368.87,3112511.194
F,5645,33454444.89,3112272.649
C,5646,33457230.24,3112611.362
F,5647,33455225.75,3112447.963
G,5648,33453686.83,3112615.017
F,5649,33464646.12,3112513.547
C,5650,33458498.85,3112552.838
C,5651,33456469.61,3112581.619
C,5652,33450369.49,3112666.811
F,5653,33461262.54,3112715.986
F,5654,33465211.48,3112739.797
G,5655,33460292.06,3112697.747
C,5656,33455964.38,3112740.177
G,5657,33461846.07,3112551.649
G,5658,33463436.69,3112687.181
C,5659,33457823.74,3112975.303
F,5660,33453975.47,3112844.603
D,5661,33458179.19,3112970.302
G,5662,33453250.79,3112844.646
D,5663,33458866.19,3112813.534
G,5664,33455556.96,3113029.454
F,5665,33454770.84,3113014.858
C,5666,33452697.14,3112976.399
C,5667,33451661.12,3112898.373
D,5668,33459745.24,3112793.097
C,5669,33456561.58,3113053.264
J,5670,33457285.69,3113251.67
F,5671,33454545.02,3112648.325
C,5672,33457098.57,3112971.657
C,5673,33449833.25,3113040.668
G,5674,33463913.96,3112966.21
G,5675,33459323.94,3113143.844
E,5676,33468778.89,3113057.512
G,5677,33461405.89,3113177.03
C,5678,33452628.04,3113254.9
F,5679,33454171.77,3113407.138
G,5680,33461847.84,3113222.963
C,5681,33455680.95,3113459.361
C,5682,33457540.04,3113289.897
C,5683,33458074.75,3113419.927
E,5684,33468167.18,3113404.77
G,5685,33460080.49,3113362.26
F,5686,33464725.12,3113250.324
G,5687,33462540.91,3113222.587
G,5688,33460707.3,3113182.005
C,5689,33449254.5,3113404.416
F,5690,33464354.37,3113240.452
C,5691,33451062.48,3113145.55
C,5692,33450435.47,3113315.75
L,5693,33469323.72,3113460.972
C,5694,33456019.23,3113490.562
C,5695,33452052.37,3113492.05
C,5696,33456472.09,3113443.335
G,5697,33454795.26,3113520.859
F,5698,33465288.8,3113415.543
D,5699,33457362.39,3113642.216
C,5700,33458673.41,3113558.774
G,5701,33453304.79,3113643.491
F,5702,33453885.23,3113644.578
G,5703,33460904.84,3113629.253
D,5704,33457844.62,3113780.824
G,5705,33458907.25,3113547.25
D,5706,33457090.89,3113703.521
G,5707,33454701.66,3113981.429
G,5708,33459405.9,3113776.065
D,5709,33458316.12,3113856.309
C,5710,33451649.99,3113754.359
G,5711,33459987.47,3113841.448
F,5712,33467505.9,3113925.647
C,5713,33449190.98,3113723.995
G,5714,33453014.8,3113970.486
C,5715,33452514.09,3113759.787
C,5716,33448634.01,3114000.403
G,5717,33456104.07,3113919.765
F,5718,33468828.41,3114017.234
D,5719,33458640.7,3114031.272
G,5720,33455553.11,3113999.504
C,5721,33450777.03,3113785.483
G,5722,33460579.76,3114139.632
G,5723,33457924.73,3114108.597
F,5724,33462707.14,3113999.22
G,5725,33455269.77,3113751.795
C,5726,33456105.49,3114257.111
F,5727,33461709.27,3113892.643
D,5728,33457446.72,3114153.6
C,5729,33449478.12,3113991.28
D,5730,33459091.65,3114197.493
D,5731,33452301.36,3114254.272
G,5732,33459648.49,3114328.861
F,5733,33462353.63,3113820.406
F,5734,33462108.52,3113899.639
F,5735,33455131.36,3114287.458
G,5736,33456018.53,3114477.217
F,5737,33453757.37,3114268.419
F,5738,33454212.21,3114266.383
F,5739,33461207.51,3114444.981
G,5740,33461352.49,3114113.399
L,5741,33462642.9,3114516.011
G,5742,33453166.19,3114315.265
C,5743,33449823.19,3114280.711
G,5744,33458478.31,3114390.283
F,5745,33454459.54,3114518.62
G,5746,33455442.48,3114517.528
C,5747,33457457.81,3114869.238
G,5748,33452562.95,3114577.98
F,5749,33467220.96,3114425.624
F,5750,33468602.96,3114380.126
G,5751,33460180.1,3114548.994
D,5752,33456452.18,3114359.204
D,5753,33458185.14,3114621.512
F,5754,33468148.5,3114520.554
G,5755,33458971.58,3114609.895
C,5756,33450336.68,3114401.532
C,5757,33448664.86,3114529.734
G,5758,33455404.8,3114831.162
G,5759,33460725.78,3114720.562
C,5760,33451230.7,3114264.789
C,5761,33457019.94,3114760.358
F,5762,33467860.56,3114794.774
G,5763,33454779.78,3114839.794
F,5764,33466897.86,3114904.601
C,5765,33449449.13,3114710.65
C,5766,33449872.98,3114799.534
G,5767,33455963.73,3114826.791
C,5768,33450771.34,3114463.35
G,5769,33452768.54,3114895.042
G,5770,33458698.81,3114996.994
F,5771,33461108.02,3114887.747
C,5772,33451513.15,3114585.314
F,5773,33467749.96,3115118.748
G,5774,33459529.36,3114868.809
G,5775,33455444.45,3115115.781
F,5776,33461411.58,3115023.45
F,5777,33461767.95,3115052.682
F,5778,33454062.67,3114935.455
C,5779,33451780.58,3114994.008
F,5780,33462190.4,3115050.51
F,5781,33453529.7,3115010.541
G,5782,33460035.4,3115106.351
G,5783,33452547.63,3115223.166
E,5784,33465675.27,3115044.306
G,5785,33459227.87,3115254.927
D,5786,33456968.24,3115220.458
C,5787,33448742.53,3115231.338
C,5788,33449227.06,3114990.147
F,5789,33467476.98,3115416.32
G,5790,33460470.76,3115316.798
G,5791,33455716.15,3115454.103
L,5792,33470461.52,3115012.322
G,5793,33455312.25,3115538.593
G,5794,33458022.27,3115298.426
E,5795,33464791.88,3115298.859
F,5796,33460850.29,3115501.492
G,5797,33453372.62,3115509.864
C,5798,33456727.77,3115442.897
G,5799,33452050.31,3115530.358
G,5800,33454078.27,3115533.528
F,5801,33459602.24,3115606.828
F,5802,33466713.02,3115364.69
F,5803,33468017.04,3115631.814
L,5804,33469153.51,3115860.171
G,5805,33454525.52,3115598.439
G,5806,33458787.8,3115558.176
F,5807,33466180.83,3115523.49
E,5808,33463418.92,3115867.695
G,5809,33454828.97,3115566.984
L,5810,33466785.45,3115916.697
F,5811,33461276.36,3115737.194
F,5812,33461839.82,3115727.915
C,5813,33456106.25,3115605.276
C,5814,33456403.78,3115666.035
G,5815,33455346.29,3115869.407
G,5816,33454050.63,3115917.219
G,5817,33458245.43,3115714.789
F,5818,33465839.39,3115814.068
F,5819,33467399.89,3115828.155
F,5820,33452986.49,3115956.63
F,5821,33460075.91,3115910.626
L,5822,33462446.46,3115115.069
G,5823,33458590.65,3115992.693
L,5824,33469526.79,3116061.371
G,5825,33457397.45,3115884.162
F,5826,33465016.59,3115923.195
F,5827,33465396.57,3115915.878
F,5828,33468065.65,3116049.245
D,5829,33453855.45,3116141.101
G,5830,33457643.53,3115761.296
F,5831,33461086.42,3116167.185
F,5832,33465606.86,3116349.53
D,5833,33456199.31,3116199.402
F,5834,33461449.27,3116295.433
F,5835,33460382.45,3116230.541
F,5836,33467158.37,3116196.452
G,5837,33454825.68,3116219.406
F,5838,33464589.71,3116065.081
L,5839,33470433.49,3116313.182
F,5840,33468258.81,3116362.335
D,5841,33456706.38,3116306.334
F,5842,33464137.38,3116162.763
F,5843,33466111.18,3116281.493
G,5844,33455168.98,3116420.222
F,5845,33469268.34,3116478.53
G,5846,33459368.18,3116144.625
F,5847,33452621.75,3116466.47
F,5848,33463850.19,3116371.027
F,5849,33466755.26,3116349.625
G,5850,33458253.44,3116398.597
D,5851,33457142.73,3116487.08
F,5852,33453172.36,3116376.753
L,5853,33461353.49,3116639.8
G,5854,33455551.01,3116535.183
F,5855,33465442.51,3116604.081
G,5856,33455926.84,3116470.172
F,5857,33458718.63,3116448.027
D,5858,33453725.1,3116478.083
D,5859,33457573.93,3116685.391
G,5860,33454916.29,3116789.799
L,5861,33470491.97,3116915.282
F,5862,33459137.51,3116615.699
F,5863,33468155.24,3116767.565
G,5864,33454415.91,3116712.929
F,5865,33460952.91,3116767.197
F,5866,33463746.38,3116668.14
L,5867,33470341.23,3117022.234
F,5868,33458181.55,3116911.636
D,5869,33453360.46,3116806.059
F,5870,33466615.4,3116787.946
F,5871,33467492.3,3116724.44
F,5872,33467087,3116929.625
F,5873,33457610.37,3117024.63
G,5874,33459618.13,3116832.157
F,5875,33462460.96,3116679.768
D,5876,33454047.95,3116717.95
F,5877,33462003.34,3116951.37
F,5878,33452823.29,3116844.482
F,5879,33464272.37,3116905.204
F,5880,33469455.95,3117036.92
F,5881,33463379.84,3116845.194
F,5882,33458867.6,3117036.939
F,5883,33466035.94,3116899.552
G,5884,33456315.39,3116894.609
G,5885,33455105.12,3117097.064
D,5886,33453652.47,3117109.881
F,5887,33460916.37,3117126.377
F,5888,33463158.05,3117074.388
G,5889,33456647.31,3117084.745
F,5890,33460364.42,3116955.214
F,5891,33465595.74,3117142.434
G,5892,33455932.77,3117131.286
F,5893,33467357.69,3117391.152
G,5894,33455707.68,3117316.246
F,5895,33462872.29,3117286.993
F,5896,33468221.92,3117186.565
F,5897,33465117.69,3116879.833
F,5898,33453257.57,3117331.834
F,5899,33464915.48,3117056.301
F,5900,33464480.34,3117211.369
F,5901,33469688.6,3117469.646
F,5902,33461482.16,3117310.388
F,5903,33459133.47,3117360.078
D,5904,33457864.14,3117390.83
G,5905,33457093.71,3117233.099
F,5906,33458500.88,3117392.957
F,5907,33462248.68,3117353.519
F,5908,33460162.63,3117272.851
D,5909,33454404.34,3117341.398
D,5910,33455714.75,3117583.203
D,5911,33454787.25,3117497.454
F,5912,33453945.97,3117347.231
F,5913,33468030.65,3117522.435
F,5914,33459886.46,3117513.055
G,5915,33457369.5,3117610.87
F,5916,33456312.37,3117743.934
F,5917,33463995.34,3117614.62
L,5918,33462626.89,3117624.124
F,5919,33464763.89,3117584.224
F,5920,33467979.86,3117856.357
F,5921,33459458.9,3117587.063
F,5922,33458388.76,3117822.307
G,5923,33454985.33,3117845.165
F,5924,33463575.71,3117569.563
F,5925,33464349.97,3117880.849
F,5926,33454076.44,3117787.709
F,5927,33461679.42,3117773.622
G,5928,33455284.94,3117690.174
G,5929,33456822.47,3117673.413
G,5930,33455658.22,3117964.333
F,5931,33453373.92,3117829.937
E,5932,33466381.51,3117805.864
F,5933,33461153.9,3117903.015
L,5934,33453710.15,3118143.511
F,5935,33463975.51,3118114.894
F,5936,33456565.43,3118144.224
F,5937,33467372.74,3117756.067
F,5938,33458750.85,3118148.142
F,5939,33460826.28,3117954.985
F,5940,33458275.95,3118241.775
F,5941,33457642.54,3118131.68
F,5942,33460541.02,3118160.443
F,5943,33454927.13,3118276.404
F,5944,33459378.81,3118238.991
F,5945,33463963.03,3118446.147
F,5946,33457227.88,3118161.944
E,5947,33465007.23,3118434.175
F,5948,33457959.46,3118454.068
G,5949,33456061.37,3118218.744
F,5950,33460188.86,3118205.492
F,5951,33454217.36,3118312.435
F,5952,33454510.81,3118338.274
F,5953,33459896.76,3118344.72
L,5954,33457420.24,3118763.945
F,5955,33455713.45,3118523.26
F,5956,33459707.41,3118706.985
F,5957,33454702.92,3118766.172
F,5958,33456705.94,3118602.31
F,5959,33463852.78,3118763.883
F,5960,33468342.9,3118640.586
F,5961,33464589.29,3118688.435
F,5962,33456403.29,3118798.177
F,5963,33455179.78,3118762.723
F,5964,33456055.97,3118823.292
F,5965,33457870.59,3119004.855
F,5966,33459244.2,3118861.852
L,5967,33457320.68,3119076.272
L,5968,33456975.41,3119034.691
F,5969,33464606.22,3119265.898
L,5970,33456148.2,3119196.096
F,5971,33458420.86,3119055.124
F,5972,33458840.47,3119086.408
F,5973,33464087.78,3119145.655
L,5974,33456705.34,3119299.361
F,5975,33464705.54,3119933.338
F,5976,33464405.61,3119660.845
F,5977,33464784.91,3120161.601
F,5978,33465006.88,3120679.294
F,5979,33465707.06,3121292.593
E,5980,33468125.56,3121449.096
E,5981,33467715.42,3121794.976
F,5982,33468198.22,3122055.249
F,5983,33466629.69,3121928.473
F,5984,33467666.98,3122108.481
F,5985,33467090.47,3122266.343
F,5986,33464033.09,3117226.334
F,5987,33464550.98,3116704.368
E,5988,33467413.61,3113433.827
F,5989,33469623.58,3108582.642
C,5990,33463323.42,3107005.405
C,5991,33463790.45,3107215.341
C,5992,33461771.92,3105042.248
D,5993,33457934.01,3103429.903
B,5994,33458629.45,3103646.714
D,5995,33458709.18,3103375.603
D,5996,33465751.66,3102715.941
E,5997,33466696.97,3104087.49
D,5998,33459305.49,3099966.031
C,5999,33463352.66,3102441.158
C,6000,33464509.26,3101117.734
C,6001,33464767.77,3101446.719
C,6002,33466517.11,3101129.953
B,6003,33467600.62,3101465.651
B,6004,33468224.67,3101802.587
B,6005,33468476.07,3101729.581
B,6006,33468171.47,3101454.256
C,6007,33466392.87,3099741.831
C,6008,33469069.41,3099956.072
C,6009,33462041.66,3097104.43
J,6010,33462246.69,3095921.015
J,6011,33461759.57,3096270.745
C,6012,33463369.62,3096905.541
C,6013,33467727.63,3096883.936
C,6014,33462554.15,3095359.585
C,6015,33463963.51,3091790.948
C,6016,33463593.39,3092723.587
C,6017,33464869.58,3092245.155
C,6018,33465257.27,3092213.036
L,6019,33466599.25,3111328.957
L,6020,33466039.62,3111209.995
E,6021,33463423.41,3116048.709
E,6022,33465112.6,3115406.272
E,6023,33464558.6,3115298.274
E,6024,33465058.19,3115215.304
L,6025,33461591.21,3115403.4
L,6026,33463322.21,3115256.511
F,6027,33462614.72,3114750.975
F,6028,33462616.3,3115224.058
F,6029,33462705.57,3114878.108
L,6030,33459489.34,3117536.962
F,6031,33462168.99,3116049.579
F,6032,33459041.28,3117653.453
F,6033,33461953.38,3116386.6
F,6034,33462787.93,3116551.183
F,6035,33462622.8,3116977.915
E,6036,33462988.68,3116376.494
F,6037,33462106.27,3116748.143
F,6038,33462642.25,3116995.495
F,6039,33462506.9,3116629.536
E,6040,33462871.96,3116396.289
E,6041,33465712.15,3115109.524
E,6042,33465312.42,3114911.81
E,6043,33465862.46,3114611.306
E,6044,33465952.21,3114876.756
F,6045,33466546.92,3115839.54
F,6046,33467260.32,3114887.171
L,6047,33470627.39,3114974.764
E,6048,33468138.54,3122262.029
E,6049,33468022.5,3122108.878
C,6050,33456410.42,3113459.059
J,6051,33456635.91,3113729.908
C,6052,33457749.5,3114858.795
C,6053,33456845.7,3114402.299
E,6054,33430383.95,3127699.421
E,6055,33429983.37,3128428.345
E,6056,33429580.09,3128321.924
E,6057,33430432.28,3128401.419
F,6058,33431847.38,3128559.744
E,6059,33431388.34,3128461.506
E,6060,33430575.66,3127955.674
F,6061,33434537.37,3045090.169
F,6062,33434917.56,3045192.671
F,6063,33437821.13,3045258.25
B,6064,33437187.99,3045380.382
F,6065,33434155.37,3045331.405
F,6066,33435333.86,3045537.459
B,6067,33436246.7,3045633.586
F,6068,33433806.89,3045679.681
F,6069,33438231.84,3045607.397
F,6070,33437306,3045665.445
B,6071,33437619.52,3045378.877
F,6072,33434190.18,3045795.174
F,6073,33434000.31,3045958.766
B,6074,33439224.58,3045808.501
F,6075,33437592.27,3045911.808
F,6076,33434553.61,3045627.587
F,6077,33433322,3046044.433
B,6078,33437088.41,3046038.177
F,6079,33436079.37,3046041.909
F,6080,33435741.82,3045827.862
B,6081,33439330.67,3046191.153
F,6082,33434992.64,3045915.399
G,6083,33434572.44,3046138.942
F,6084,33438290.99,3046052.747
G,6085,33434225.37,3046299.155
B,6086,33436712.84,3046144.189
F,6087,33437202.6,3046322.42
F,6088,33433179.23,3046353.416
F,6089,33438385.17,3046419.017
F,6090,33433712.46,3046472.346
B,6091,33432639.18,3046609.161
F,6092,33436477.8,3046390.968
F,6093,33437692.69,3046414.36
F,6094,33435938.6,3046441.203
F,6095,33434846.92,3046490.536
F,6096,33433775.38,3046656.648
F,6097,33435157.63,3046386.202
F,6098,33438634.12,3046593.798
B,6099,33439165.7,3046446.675
B,6100,33433056.53,3046754.23
G,6101,33434282.53,3046701.961
G,6102,33435212.26,3046763.841
F,6103,33433670.58,3046979.781
B,6104,33433295.46,3046914.166
B,6105,33439306.23,3046868.273
F,6106,33436606.32,3046874.017
B,6107,33439804.41,3046528.879
F,6108,33438899.94,3046855.245
F,6109,33437230.89,3046817.298
F,6110,33433671.93,3047199.057
F,6111,33436132.5,3047109.998
F,6112,33438674.47,3047141.64
F,6113,33435918.9,3046907.187
F,6114,33438204.56,3046994.369
B,6115,33439353.11,3047167.376
F,6116,33439844.66,3047154.133
O,6117,33437704.29,3046930.486
G,6118,33435304.31,3047197.712
F,6119,33439330.81,3047383.811
F,6120,33438775.53,3047455.887
G,6121,33434146.99,3047425.401
F,6122,33437024.33,3047148.456
F,6123,33435835.68,3047401.868
G,6124,33438189.08,3047456.837
G,6125,33434313.22,3047202.115
F,6126,33436540.1,3047395.206
F,6127,33440127.79,3047473.381
F,6128,33433461.76,3047513.865
G,6129,33434855.41,3047302.759
G,6130,33435463.25,3047665.798
F,6131,33436176.95,3047714.889
F,6132,33433281.75,3047842.476
F,6133,33438446.58,3047700.559
G,6134,33434294.72,3047727.544
F,6135,33440145.37,3047799.576
B,6136,33439756.54,3047646.787
G,6137,33437565.56,3047591.682
B,6138,33439532.75,3047678.083
G,6139,33436550.6,3047868.683
G,6140,33434118.27,3047980.486
G,6141,33435253.46,3047996.255
F,6142,33440208.1,3048084.215
G,6143,33437904.89,3047971.286
F,6144,33433433.79,3048221.41
G,6145,33437340.62,3047969.701
G,6146,33437006.78,3048129.069
F,6147,33438676.99,3048070.532
H,6148,33434642.04,3048275.107
F,6149,33439111.31,3048005.93
G,6150,33435328.59,3048252.993
G,6151,33437957.21,3048328.552
F,6152,33439447.64,3048171.403
G,6153,33434110.74,3048349.893
F,6154,33439897.1,3048444.133
F,6155,33440293.95,3048410.058
G,6156,33436418.99,3048272.311
F,6157,33440483.73,3048533.465
G,6158,33434205.22,3048653.047
B,6159,33433045.53,3048336.57
B,6160,33432350.31,3048567.299
G,6161,33438251.48,3048577.21
G,6162,33436013.32,3048467.428
F,6163,33433409.76,3048677.93
G,6164,33435612.82,3048692.705
B,6165,33432295.69,3048890.541
G,6166,33438624.6,3048795.383
H,6167,33434542.44,3048921.157
F,6168,33439753.49,3048816.2
G,6169,33439011.45,3048758.042
G,6170,33439327.85,3048883.287
F,6171,33440869.5,3048762.133
F,6172,33432882.26,3048872.786
G,6173,33436483.98,3048971.288
G,6174,33433984.01,3049015.044
G,6175,33433534.94,3049114.78
F,6176,33439944.2,3049011.371
B,6177,33432151.56,3049274.374
G,6178,33436221.2,3049098.42
G,6179,33435177.76,3048758.724
G,6180,33437291.21,3048842.073
H,6181,33435378.36,3049195.261
F,6182,33441251.13,3049100.587
G,6183,33436927.04,3048931.365
B,6184,33441927.45,3049218.683
F,6185,33440152.36,3049191.642
G,6186,33436181.64,3049310.109
G,6187,33434424.57,3049291.199
F,6188,33436825.42,3049409.848
G,6189,33434863.64,3049427.761
G,6190,33438136.66,3049267.838
G,6191,33435796.54,3049410.841
G,6192,33433552.45,3049470.737
F,6193,33441690.68,3049529.496
F,6194,33440449.91,3049287.352
F,6195,33432879.68,3049467.268
F,6196,33441302.55,3049494.058
B,6197,33442501.31,3049536.182
G,6198,33437719.4,3049075.972
G,6199,33439170.1,3049577.244
G,6200,33439450.03,3049463.331
G,6201,33435643.21,3049741.458
B,6202,33443171.39,3049469.386
G,6203,33438497.52,3049521.292
F,6204,33433150.87,3049854.639
B,6205,33432294.52,3049671.621
F,6206,33437041.39,3049735.564
G,6207,33436340.22,3049822.877
F,6208,33440703.15,3049626.444
F,6209,33442998.29,3049676.594
G,6210,33439877.42,3049800.183
F,6211,33440847.03,3049943.068
G,6212,33433501.28,3049997.924
F,6213,33441789.78,3049788.469
G,6214,33435792.82,3050019.982
F,6215,33437457.81,3049730.519
G,6216,33434928.38,3049837.474
H,6217,33435552.48,3050080.793
F,6218,33442712.63,3049991.767
F,6219,33441177.77,3049975.5
G,6220,33434519.81,3049995.053
G,6221,33438923.44,3049750.011
G,6222,33436338.39,3050177.029
F,6223,33439145.84,3050182.175
F,6224,33438030.25,3049958.131
F,6225,33436884.69,3050102.164
F,6226,33442172.32,3050036.587
G,6227,33440134.91,3050122.365
G,6228,33433509.37,3050328.556
G,6229,33434437.82,3050238.49
B,6230,33432622.25,3050107.085
G,6231,33434190.77,3050463.325
B,6232,33432383.23,3050368.294
F,6233,33437034.37,3050479.576
F,6234,33439716.84,3050290.643
F,6235,33433013.16,3050413.956
B,6236,33431776.13,3050297.597
F,6237,33441462.65,3050329.158
F,6238,33437526.62,3050289.833
G,6239,33435650.21,3050381.874
G,6240,33436140.48,3050447.325
F,6241,33438260.23,3050331.804
F,6242,33439409.57,3050202.659
F,6243,33440452.84,3050418.804
F,6244,33437794.15,3050309.646
B,6245,33443644.66,3050562.882
F,6246,33438708.93,3050320.731
F,6247,33443079.47,3050317.107
B,6248,33440012.91,3050697.747
G,6249,33433606.49,3050677.895
G,6250,33435417.1,3050575.344
F,6251,33442183.67,3050558.569
G,6252,33436014.37,3050780.735
F,6253,33439179.85,3050630.485
F,6254,33432615.4,3050743.59
F,6255,33439630,3050734.57
F,6256,33440777.52,3050782.208
F,6257,33442958.53,3050768.187
F,6258,33432286.97,3050948.852
F,6259,33437026.67,3050795.581
H,6260,33434826.46,3050729.502
F,6261,33441270.48,3050870.983
B,6262,33431776.41,3050896.624
F,6263,33443151.51,3050987.678
B,6264,33438541.01,3050825.343
G,6265,33433878.1,3050986.164
G,6266,33434363.99,3050840.167
F,6267,33436439.5,3050961.756
G,6268,33435924.42,3051136.657
H,6269,33435338.93,3051041.009
F,6270,33441769.25,3051077.518
F,6271,33437448.09,3051089.587
F,6272,33437193.05,3051003.603
G,6273,33434440.68,3051261.361
B,6274,33431833.54,3051309.734
B,6275,33439813.82,3051253.252
H,6276,33435171.14,3051240.619
G,6277,33432844.36,3051306.066
G,6278,33433193.81,3051096.418
F,6279,33437497.33,3051362.209
F,6280,33443274.13,3051273.39
B,6281,33437854.75,3051199.042
F,6282,33436726.3,3051335.331
G,6283,33435730.56,3051457.305
G,6284,33436324.53,3051488.09
F,6285,33436886.83,3051551.361
F,6286,33442281.78,3051348.93
B,6287,33439623.83,3051459.585
B,6288,33431843.14,3051511.93
F,6289,33432232.15,3051465.29
F,6290,33443511.56,3051559.521
F,6291,33439981.3,3051575.186
B,6292,33440440.3,3051179.677
G,6293,33435405.54,3051590.954
G,6294,33433712.07,3051408.801
G,6295,33436261.3,3051803.084
F,6296,33441973.84,3051641.923
G,6297,33432961.71,3051679.932
F,6298,33436734.97,3051839.475
F,6299,33439712.94,3051818.297
F,6300,33437474.65,3051743.085
F,6301,33437040.32,3051845.943
H,6302,33434517.67,3051677.308
B,6303,33440234.26,3051919.14
H,6304,33435063.71,3051760.67
F,6305,33441495.55,3051483.269
F,6306,33432152.82,3052028.728
B,6307,33442432.48,3051394.145
F,6308,33442442.67,3051903.43
F,6309,33443474.65,3051947.552
B,6310,33438156.9,3051785.936
F,6311,33441222.31,3051658.138
F,6312,33440770.19,3051988.948
F,6313,33440913.88,3051699.835
F,6314,33432411.35,3051938.629
G,6315,33436236.4,3052123.742
H,6316,33435561.85,3052066.731
H,6317,33434215.73,3051865.594
F,6318,33437363.5,3052153.988
F,6319,33442362.74,3052253.213
F,6320,33439639.24,3052325.69
B,6321,33442844.46,3051855.919
P,6322,33431951.02,3052104.329
H,6323,33434799.04,3052263.118
F,6324,33443459.28,3052333.461
B,6325,33439371.99,3052152.794
G,6326,33436601.15,3052408.84
G,6327,33435982.73,3052400.063
F,6328,33440555.94,3052148.051
F,6329,33437780.76,3052334.4
F,6330,33439716.31,3052641.675
G,6331,33433614.15,3052427.492
F,6332,33437046.02,3052403.141
G,6333,33433293.63,3052414.128
G,6334,33432960.57,3052313.097
G,6335,33432660.49,3052500.943
F,6336,33438034.54,3052608.177
B,6337,33441920.53,3052394.81
F,6338,33442435.25,3052685.781
G,6339,33432419.22,3052704.401
H,6340,33434097.22,3052221.084
H,6341,33435049.33,3052575.183
F,6342,33440327.44,3052431.065
F,6343,33439725.65,3052480.041
H,6344,33434242.83,3052558.778
P,6345,33431994.07,3052720.566
B,6346,33439902.05,3052599.545
B,6347,33439284.41,3052736.366
B,6348,33442751.81,3052698.646
F,6349,33443316.16,3052684.264
H,6350,33434206.26,3052861.754
F,6351,33431690.55,3052331.053
F,6352,33437816.84,3052907.507
H,6353,33435470.93,3052745.16
G,6354,33435788.76,3052710.88
G,6355,33436367.38,3052884.611
G,6356,33436864.52,3052794.958
B,6357,33438447.71,3052871.142
G,6358,33433604.74,3052945.984
P,6359,33437202.57,3053021.492
H,6360,33433145.92,3053025.271
G,6361,33432506.78,3053039.049
F,6362,33440174.92,3052863.975
F,6363,33439908.39,3052997.313
F,6364,33442488.02,3053107.255
F,6365,33437476.62,3053212.973
B,6366,33439636.44,3053093.44
H,6367,33435449.35,3053171.775
B,6368,33437914.14,3053273.573
H,6369,33434946.92,3053258.366
F,6370,33443251.17,3053341.405
G,6371,33432852.32,3053366.458
H,6372,33434514.05,3053203.287
B,6373,33441555.55,3053252.937
F,6374,33431929.86,3053397.798
P,6375,33432086.79,3053278.241
G,6376,33436071.42,3053394.015
B,6377,33442175.17,3053361.447
G,6378,33432636.25,3053630.697
F,6379,33441363.53,3053646.222
F,6380,33443172.37,3053669.397
F,6381,33437467.96,3053571.807
H,6382,33434093.17,3053361.728
H,6383,33434000.37,3053625.949
F,6384,33443601.02,3053325.89
P,6385,33431871.67,3053688.485
G,6386,33433375.96,3053673.399
H,6387,33435553.81,3053667.175
H,6388,33436331.11,3053651.305
P,6389,33437124.87,3053638.793
B,6390,33440731.14,3053629.559
G,6391,33436749.9,3053862.624
H,6392,33434912.7,3053763.626
F,6393,33442698.25,3053746.227
F,6394,33442518.5,3053612.826
F,6395,33442074.01,3053850.792
F,6396,33441471.61,3053991.375
B,6397,33442848.04,3053564.759
F,6398,33437847.56,3054019.979
P,6399,33431738.43,3053963.193
H,6400,33435367.02,3054036.25
F,6401,33443000.62,3054108.011
B,6402,33431537.79,3054172.874
H,6403,33436109.31,3054196.583
H,6404,33432947.36,3054059.368
H,6405,33433753.53,3054156.216
F,6406,33440957.98,3054236.848
B,6407,33442303.31,3054311.946
F,6408,33439300.67,3054390.917
B,6409,33443013.35,3054352.78
G,6410,33436855.47,3054235.963
B,6411,33442886.73,3054451.073
F,6412,33437685.98,3054348.492
H,6413,33434431.23,3054236.452
F,6414,33441472.75,3054380.565
G,6415,33432391,3054181.682
F,6416,33431613.14,3054398.631
H,6417,33435215.69,3054347.672
H,6418,33435810.32,3054527.167
F,6419,33442674.37,3054479.832
G,6420,33432994.47,3054500.375
F,6421,33442375.07,3054575.72
F,6422,33443329.53,3054582.171
P,6423,33437369.35,3054419.864
G,6424,33432186.4,3054585.915
F,6425,33437750.16,3054703.091
F,6426,33441894.98,3054600.418
F,6427,33431222.53,3054701.482
G,6428,33436458.15,3054727.508
F,6429,33439477.84,3054809.194
F,6430,33443124.9,3054805.888
H,6431,33433211.51,3054904.782
P,6432,33431681.6,3054887.88
H,6433,33433651.39,3054782.625
B,6434,33439193.13,3055020.698
G,6435,33432377.29,3054944.927
P,6436,33437247.32,3054941.465
G,6437,33434477.8,3054789.059
G,6438,33436950.77,3054853.677
F,6439,33439832.92,3054969.497
H,6440,33434090.13,3054997.235
H,6441,33433410.77,3055214.216
G,6442,33432633.73,3055276.643
H,6443,33435035.65,3055070.271
H,6444,33435633.01,3055121.104
F,6445,33431390.41,3055178.698
F,6446,33439941.31,3055300.55
H,6447,33434797.01,3055405.03
F,6448,33437885.91,3055492.085
F,6449,33431209.7,3055456.624
G,6450,33436288.42,3055157.006
F,6451,33437627.16,3055258.086
G,6452,33432880.73,3055536.675
H,6453,33435109.59,3055659.412
G,6454,33436929.01,3055383.093
F,6455,33440131.97,3055613.696
G,6456,33436092.54,3055602.232
F,6457,33431240.76,3055716.689
G,6458,33439489.02,3055665.304
P,6459,33431198.85,3055841.997
B,6460,33439152.7,3055570.787
G,6461,33432078.88,3055488.904
F,6462,33441185.73,3055913.255
G,6463,33432811.3,3055753.627
G,6464,33431868.9,3055793.949
F,6465,33438608.94,3055778.89
H,6466,33435401.85,3055921.918
H,6467,33434077.27,3055601.218
F,6468,33436655.38,3055897.475
H,6469,33433523.15,3055683
P,6470,33436932.38,3055763.849
H,6471,33433476.96,3055961.666
G,6472,33436109.17,3055942
P,6473,33431000.33,3055949.11
F,6474,33437338.98,3055799.435
H,6475,33434602.42,3055998.838
G,6476,33431776.82,3056081.371
F,6477,33437713.88,3056048.898
H,6478,33433639.58,3056232.743
F,6479,33442277.27,3055959.383
F,6480,33440404.08,3056169.418
G,6481,33432531.45,3055950.27
F,6482,33440035.12,3056059.057
H,6483,33434444.09,3056359.444
F,6484,33436909.88,3056282.845
F,6485,33441870.94,3056084.441
H,6486,33434990.79,3056342.591
F,6487,33438112.04,3056357.157
P,6488,33438331.53,3056118.962
G,6489,33439074.69,3056106.756
H,6490,33432824.59,3056397.942
G,6491,33439465.29,3056276.81
G,6492,33436038.63,3056342.929
F,6493,33440783.37,3056353.733
G,6494,33435525.69,3056358.843
F,6495,33442727.22,3056376.698
H,6496,33433294.42,3056459.513
F,6497,33442976.08,3056487.621
G,6498,33431990.34,3056469.126
P,6499,33430977.18,3056427.979
F,6500,33437619.71,3056513.354
H,6501,33432825.44,3056712.405
P,6502,33437923.44,3056716.77
H,6503,33433913.62,3056582.109
G,6504,33439671.73,3056707.262
G,6505,33436352.8,3056676.846
F,6506,33437030.01,3056716.301
P,6507,33440206.03,3056660.193
G,6508,33438704.36,3056532.921
G,6509,33431675.81,3056768.529
H,6510,33434877.79,3056780.06
H,6511,33435407.56,3056780.753
H,6512,33433809.19,3056912.897
G,6513,33438442.66,3056795.546
F,6514,33443034.55,3056805.007
H,6515,33432838.45,3056992.64
F,6516,33440948.77,3056826.799
P,6517,33430844.9,3056939.361
H,6518,33433631.84,3057078.356
G,6519,33431629.3,3057049.779
F,6520,33443239.55,3057040.781
F,6521,33442477.34,3056826.81
G,6522,33436328.23,3057040.136
P,6523,33437918.91,3056999.491
G,6524,33439141.66,3057018.248
H,6525,33434514.21,3057032.767
H,6526,33433610.65,3057333.365
G,6527,33439818.64,3057177.969
H,6528,33434840.56,3057384.729
G,6529,33438513.73,3057221.93
F,6530,33437230.65,3057188.898
G,6531,33436011.51,3057232.357
F,6532,33442433.48,3057431.333
P,6533,33436673.55,3057301.44
P,6534,33440292.26,3057319.525
G,6535,33431749.98,3057367.139
G,6536,33438510.47,3057558.288
G,6537,33435570.43,3057418.376
P,6538,33437865.07,3057412.692
F,6539,33440800.84,3057493.937
F,6540,33443229.43,3057451.746
G,6541,33439594.37,3057624.197
G,6542,33439129.01,3057619.562
H,6543,33434941.66,3057688.312
P,6544,33431018.34,3057575.091
E,6545,33453781.26,3057604.662
E,6546,33453323.03,3057486.996
G,6547,33431995.83,3057691.477
F,6548,33437370.74,3057604.948
H,6549,33432692.45,3057457.086
F,6550,33440183.56,3057815.457
H,6551,33433143.76,3057515.434
H,6552,33433795.5,3057643.137
G,6553,33438548.95,3057813.899
F,6554,33437578.44,3057860.445
G,6555,33435922.24,3057891.381
H,6556,33434320.44,3057878.627
E,6557,33453041,3057839.567
H,6558,33433315.03,3057917.806
H,6559,33432979.61,3058118.135
F,6560,33438098.03,3058028.557
F,6561,33436620.45,3057970.377
H,6562,33434799.74,3058106.955
F,6563,33436929.75,3057781.615
F,6564,33442201.14,3057913.61
F,6565,33439519.9,3058083.984
F,6566,33442779.41,3057998.916
F,6567,33452596.7,3058049.023
G,6568,33438589.06,3058187.322
G,6569,33431965.92,3058125.411
F,6570,33443920.85,3057889.909
H,6571,33433655.63,3058302.509
F,6572,33451956.67,3058040.53
G,6573,33440235.55,3058214.679
H,6574,33432469.72,3058206.623
G,6575,33437080.05,3058247.913
G,6576,33439248.04,3058380.758
P,6577,33431115.04,3058185.083
E,6578,33453366.61,3058169.433
H,6579,33431801.24,3058365.29
G,6580,33435781.15,3058384.298
H,6581,33434792.57,3058393.192
F,6582,33442690.39,3058437.123
H,6583,33433396.94,3058463.107
G,6584,33437430.7,3058456.932
E,6585,33451649.93,3058395.606
F,6586,33440172.86,3058604.392
G,6587,33436694.63,3058536.103
F,6588,33443319.28,3058145.555
P,6589,33453115.54,3058606.079
G,6590,33437927.62,3058469.774
E,6591,33453856.4,3058511.467
G,6592,33438665.26,3058656.567
G,6593,33431587.5,3058622.709
H,6594,33434602.96,3058679.958
F,6595,33442077.33,3058629.671
H,6596,33432318.72,3058834.121
G,6597,33439327.27,3058724.036
F,6598,33442887.23,3058784.491
H,6599,33432714.62,3058729.31
G,6600,33437026.86,3058899.841
G,6601,33438143.9,3058761.272
E,6602,33453635.03,3058812.615
G,6603,33435629.13,3058810.992
P,6604,33430751.82,3058786.866
G,6605,33431312.46,3058892.98
H,6606,33434629.46,3058951.915
G,6607,33439645.13,3058997.531
H,6608,33433548.42,3058842.147
P,6609,33452032.16,3058556.005
F,6610,33441381.13,3058887.736
H,6611,33433108.2,3058814.086
F,6612,33442672.73,3059060.381
F,6613,33452252.64,3058888.509
G,6614,33436312.08,3058907.447
H,6615,33429546.66,3059113.91
H,6616,33429972.27,3059027.513
C,6617,33432328.87,3059228.986
F,6618,33440831.64,3058931.102
G,6619,33435363.59,3059186.346
F,6620,33440535.57,3059181.76
F,6621,33441824.27,3059060.16
F,6622,33453430.31,3059228.031
H,6623,33432601.15,3059211.104
F,6624,33440318.51,3058906.586
E,6625,33451236.18,3059238.962
H,6626,33431535.96,3059226.256
E,6627,33454176.57,3059174.577
G,6628,33441424.71,3059308.067
H,6629,33430623.48,3059177.211
H,6630,33434044.42,3059039.926
H,6631,33432698.4,3059417.758
F,6632,33440924.72,3059395.716
F,6633,33452474.85,3059175.486
F,6634,33454708.7,3059358.894
F,6635,33450707.44,3059159.72
H,6636,33436875.66,3059307.561
C,6637,33432968.1,3059532.252
H,6638,33438790.16,3059238.933
F,6639,33440387.87,3059522.481
H,6640,33433272.96,3059578.14
H,6641,33437536.2,3059156.528
H,6642,33433919.32,3059503.471
G,6643,33436251.48,3059393.878
D,6644,33433501.42,3059507.292
H,6645,33437050.24,3059684.073
G,6646,33441973.96,3059391.944
F,6647,33452704.79,3059296.295
P,6648,33442440.39,3059569.146
B,6649,33443387.33,3059310.652
E,6650,33449975.17,3059635.511
E,6651,33448735.21,3059388.773
F,6652,33449416.63,3059464.444
G,6653,33435434.51,3059541.396
H,6654,33434365.35,3059458.605
F,6655,33442942.65,3059449.999
F,6656,33453481.54,3059615.958
H,6657,33431633.14,3059597.294
H,6658,33432759.28,3059691.349
F,6659,33451781.69,3059581.538
H,6660,33430019.7,3059522.019
H,6661,33430960.52,3059587.924
G,6662,33439583.32,3059430.815
H,6663,33437940.61,3059404.717
H,6664,33438366.26,3059357.562
G,6665,33436285.19,3059669.243
G,6666,33441450.94,3059621.356
H,6667,33430340.36,3059640.443
F,6668,33451274.02,3059607.875
H,6669,33429587.87,3059637.765
H,6670,33433376.64,3059932.515
E,6671,33455143.37,3059550.223
F,6672,33451400.66,3059971.482
G,6673,33440527.95,3059817.615
H,6674,33434666.68,3059690.755
E,6675,33448076.45,3059599.028
F,6676,33452683.4,3059676.127
G,6677,33439948.38,3059938.979
E,6678,33449351.5,3059899.424
E,6679,33451800.3,3059888.627
E,6680,33450632.06,3059709.282
G,6681,33442170.33,3059919.658
G,6682,33441057.97,3059797.903
F,6683,33453120.63,3059987.538
H,6684,33434723.24,3059965.335
G,6685,33441564.44,3060018.711
H,6686,33432973.12,3060038.407
H,6687,33433912.12,3059962.601
H,6688,33430411.39,3059987.606
E,6689,33452404.56,3060112.954
E,6690,33454418.26,3059910.635
H,6691,33432478.62,3059930.371
F,6692,33450119.75,3060112.039
H,6693,33431130.06,3060022.684
H,6694,33436958.37,3059988.535
H,6695,33440672.2,3060149.072
H,6696,33437450.67,3060108.851
F,6697,33448087.54,3060080.454
F,6698,33447475.38,3059689.769
H,6699,33431720.13,3060065.22
B,6700,33443605.05,3060066.489
C,6701,33432253.58,3060185.169
G,6702,33436002.43,3059975.476
F,6703,33442317.5,3060096.483
H,6704,33435082.27,3060135.896
C,6705,33433255.82,3060315.279
G,6706,33439111.94,3059918.302
G,6707,33438500.08,3060071.968
H,6708,33434282.92,3060342.106
F,6709,33451909.84,3060198.817
G,6710,33441537.79,3060374.156
H,6711,33429866.79,3060156.806
F,6712,33442501.53,3060225.498
H,6713,33438559.23,3060435.467
E,6714,33452176.28,3060430.976
H,6715,33433341.62,3060464.675
F,6716,33453163.44,3060337.784
F,6717,33448858.47,3060237.242
F,6718,33450701.89,3060244.706
H,6719,33433105.63,3060285.44
H,6720,33430565.45,3060318.319
H,6721,33435588.81,3060379.337
H,6722,33435362.5,3060248.928
H,6723,33429618.44,3060345.783
E,6724,33455592.53,3060412.277
H,6725,33438188.06,3060271.407
F,6726,33442664.76,3060358.068
F,6727,33453521.65,3060545.751
F,6728,33443437.84,3060441.304
F,6729,33449557.62,3060382.745
H,6730,33440002.26,3060397.342
H,6731,33431012.84,3060550.481
G,6732,33441910.69,3060665.573
H,6733,33434521.6,3060620.579
H,6734,33433050.1,3060607.824
H,6735,33432209.45,3060567.895
E,6736,33454499.07,3060504.947
G,6737,33440677.76,3060558.459
H,6738,33429717.3,3060725.083
E,6739,33447543.21,3060304.253
C,6740,33433725.49,3060856.648
H,6741,33437306.62,3060599.146
E,6742,33454776.14,3060035.562
H,6743,33439425.27,3060550.274
H,6744,33437947.31,3060454.513
C,6745,33433366.03,3060789.129
C,6746,33432580.89,3060697.835
F,6747,33442894.01,3060656.147
H,6748,33436705.92,3060428.62
F,6749,33447860.14,3060658.243
H,6750,33433168.97,3060737.992
F,6751,33453625.02,3060823.21
F,6752,33442965.35,3060913.581
H,6753,33434821.43,3060887.349
H,6754,33433839.46,3060722.301
G,6755,33437681.7,3060680.037
H,6756,33430507.94,3060858.585
E,6757,33456324.3,3060767.724
H,6758,33436424.98,3060700.677
F,6759,33455114.93,3060368.629
C,6760,33434735.53,3061090.362
F,6761,33449416.48,3060862.119
H,6762,33439002.53,3060811.479
F,6763,33455691.94,3060977.794
F,6764,33452158.32,3060801.107
H,6765,33433473.53,3061058.237
G,6766,33441287.68,3060640.879
H,6767,33435988.45,3060827.534
H,6768,33438481.43,3060963.643
G,6769,33441038.87,3060841.417
H,6770,33429983.48,3061084.685
H,6771,33437294.18,3061016.502
P,6772,33452705.65,3060714.883
F,6773,33442842.09,3061152.718
F,6774,33454675.68,3060996.458
F,6775,33453462.88,3061134.307
F,6776,33441549.56,3061069.663
H,6777,33431923.71,3060891.914
F,6778,33442089.61,3061062.292
F,6779,33456540.84,3061334.497
H,6780,33430860.15,3061156.37
F,6781,33442763.92,3061369.259
G,6782,33440221.81,3061076.762
H,6783,33436978.12,3061359.696
H,6784,33439810.75,3061219.437
C,6785,33433667.97,3061344.907
D,6786,33434364.07,3061141.696
D,6787,33434005.25,3061351.373
H,6788,33429548.26,3061244.548
H,6789,33435544.68,3061143.721
H,6790,33436716.8,3061267.112
F,6791,33455121.19,3061389.36
H,6792,33431485.62,3060994.083
G,6793,33440840.68,3061262.47
H,6794,33437890.84,3061247.735
H,6795,33434888.64,3061414.36
F,6796,33450822.92,3061272.866
H,6797,33432437.23,3061279.228
E,6798,33456080.48,3061400.788
G,6799,33440772.89,3061627.326
F,6800,33454342.49,3061335.213
F,6801,33452135.3,3061334.763
F,6802,33449974.93,3061434.843
H,6803,33428911.06,3061721.402
H,6804,33439329.26,3061536.919
F,6805,33453384.01,3061484.683
H,6806,33429232.81,3061485.237
F,6807,33441868.93,3061564.097
F,6808,33447047.15,3061639.121
D,6809,33427720.16,3061758.194
H,6810,33438661.6,3061461.357
F,6811,33452655.58,3061614.54
F,6812,33454925.97,3061749.267
H,6813,33435348.27,3061713.756
F,6814,33443083.74,3061632.245
B,6815,33443535.11,3061417.172
H,6816,33437302.43,3061673.34
H,6817,33431931.69,3061556.685
H,6818,33438065.97,3061666.427
H,6819,33433916.18,3061837.533
F,6820,33446160.39,3061594.143
H,6821,33433603.46,3061704.398
H,6822,33435913.8,3061749.232
F,6823,33442356.93,3061758.675
F,6824,33441558.19,3061732.722
E,6825,33456828.76,3061676.738
D,6826,33430650.23,3061707.069
D,6827,33430216.96,3061584.059
H,6828,33433379.51,3061512.237
H,6829,33432676.01,3061739.174
D,6830,33431022.5,3061807.706
H,6831,33440131.17,3061767.065
H,6832,33439573.82,3061988.71
F,6833,33440791.38,3061912.459
F,6834,33454103.11,3061769.362
D,6835,33429984.12,3061875.945
F,6836,33445578.86,3062032.613
E,6837,33456262.89,3061890.396
F,6838,33451855.17,3061805.52
F,6839,33447841.44,3061825.128
F,6840,33454831.28,3062169.215
H,6841,33433918.98,3062172.866
D,6842,33431490.43,3062035.308
F,6843,33448235.21,3061803.006
H,6844,33433112.05,3062089.594
H,6845,33436352.2,3061956.305
H,6846,33434466.42,3061985.284
D,6847,33429440.99,3062078.926
C,6848,33433363.76,3062344.18
F,6849,33442127.6,3062146.154
F,6850,33455894.88,3062073.441
E,6851,33455573.9,3061774.64
F,6852,33441140.24,3062189.568
H,6853,33437645.33,3062024.742
H,6854,33436999.69,3062109.373
F,6855,33447255.44,3062168.618
D,6856,33428000.34,3062075.672
E,6857,33447899.17,3062367.247
H,6858,33438432.66,3062160.565
H,6859,33435029.24,3062174.757
F,6860,33446417.76,3062237.581
F,6861,33449090.98,3062040.273
F,6862,33449358.1,3061744.354
F,6863,33448645.61,3062258.786
H,6864,33438454.34,3062366.603
F,6865,33453815.62,3062080.049
D,6866,33432082.51,3062272.802
F,6867,33443160.95,3062189.43
F,6868,33449891.17,3062196.871
H,6869,33436915.9,3062498.041
G,6870,33461948.85,3062309.854
F,6871,33453449.22,3062181.934
C,6872,33433606.4,3062364.309
F,6873,33442780.6,3062383.952
F,6874,33444016.33,3062524.43
D,6875,33433465.33,3062599.445
D,6876,33428253.69,3062399.831
F,6877,33451953.94,3062402.463
F,6878,33454764.32,3062525.176
G,6879,33457029.2,3062331.404
H,6880,33439833.86,3062398.002
C,6881,33435478.02,3062632.034
J,6882,33434161.68,3062530.359
F,6883,33441842.73,3062355.206
F,6884,33441319.98,3062550.522
G,6885,33440324.19,3062528.967
F,6886,33452727.97,3062319.178
C,6887,33434718.97,3062754.558
F,6888,33450357.52,3062232.561
F,6889,33453070.73,3062361.045
H,6890,33436444.81,3062483.148
F,6891,33450830.62,3062295.674
H,6892,33427639.66,3062577.588
D,6893,33433326.25,3062665.913
G,6894,33461472.59,3062474.565
B,6895,33437429.26,3062554.907
H,6896,33439052.02,3062376.442
H,6897,33434882.7,3062705.277
E,6898,33447406.79,3062623.217
G,6899,33459183.63,3062512.032
G,6900,33462198.81,3062573.054
G,6901,33458770.99,3062441.425
F,6902,33451296.14,3062526.775
F,6903,33454468.05,3062799.694
G,6904,33453575.7,3062823.871
G,6905,33459979.17,3062408.455
H,6906,33435245.62,3062546.617
G,6907,33440745.39,3062693.534
C,6908,33433503.54,3062894.595
D,6909,33429335.46,3062473.657
F,6910,33443162.21,3062858.938
F,6911,33445912.12,3062719.525
F,6912,33449264.5,3062741.464
H,6913,33435972.71,3062643.075
D,6914,33428507.82,3062797.553
D,6915,33433442.32,3063052.996
F,6916,33444350.27,3062900.125
C,6917,33436795.91,3062975.838
H,6918,33427453.8,3062876.374
D,6919,33428964.44,3062520.785
G,6920,33460409.51,3062619.659
D,6921,33437707.98,3062796.386
B,6922,33436788.19,3062875.065
G,6923,33457285.47,3062672.984
B,6924,33444714.91,3062711.05
G,6925,33455623.4,3062787.239
C,6926,33433412.06,3063157.422
F,6927,33452509.58,3062966.363
G,6928,33459695.52,3062677.796
H,6929,33434603.84,3062970.82
F,6930,33446908.74,3062860.963
G,6931,33458442.08,3062767.416
H,6932,33435610.42,3062986.145
G,6933,33456608.28,3062651.792
G,6934,33461936.36,3063104.28
G,6935,33440569.86,3062970.143
H,6936,33434051.38,3063017.269
F,6937,33451917.43,3062990.335
G,6938,33456088.69,3063125.042
F,6939,33441614.93,3062963.478
C,6940,33435423.62,3063271.697
G,6941,33461001.66,3062711.88
F,6942,33447700.87,3062941.463
H,6943,33427838.69,3063121.695
F,6944,33446925.57,3063308.217
G,6945,33440531.5,3063143.008
F,6946,33442400.89,3062838.014
F,6947,33448112.01,3063135.26
G,6948,33438147.58,3062781.604
G,6949,33456384.7,3062976.438
D,6950,33428427.01,3063264.254
H,6951,33427365.41,3063278.255
D,6952,33434888.83,3063303.204
G,6953,33458247.37,3063041.813
G,6954,33439283.72,3063144.414
G,6955,33439786.64,3063247.129
G,6956,33453351.44,3063195.324
F,6957,33444315.31,3063385.295
F,6958,33448676.1,3063147.341
B,6959,33436449.23,3063465.989
H,6960,33438417.65,3062914.577
D,6961,33438005.2,3063262.434
G,6962,33459593.45,3063189.239
G,6963,33454981.28,3063154.966
D,6964,33433813.42,3063354.554
G,6965,33460246.97,3063245.977
H,6966,33427064.3,3063484.015
G,6967,33457309.84,3063022.286
J,6968,33437313.33,3063293.932
J,6969,33435570.8,3063468.975
G,6970,33440641.85,3063430.914
F,6971,33442424.28,3063334.321
F,6972,33445274.82,3063445.752
F,6973,33441432.48,3063392.849
H,6974,33438788.83,3063019.329
D,6975,33436958.24,3063371.412
G,6976,33455490.2,3063367.718
G,6977,33461313.43,3063174.086
F,6978,33452320.71,3063384.755
F,6979,33452715.66,3063555.871
F,6980,33444668.86,3063666.774
D,6981,33429124.3,3063223.826
F,6982,33442179.43,3063609.109
C,6983,33437668.19,3063358.862
G,6984,33458362.55,3063447.362
G,6985,33457379.46,3063288.077
F,6986,33449177.45,3063184.883
G,6987,33454341.89,3063374.901
G,6988,33461751.45,3063566.039
F,6989,33443231.73,3063243.361
G,6990,33460832.05,3063305.31
C,6991,33433574.02,3063755.368
G,6992,33459048.2,3063314.035
H,6993,33427251.1,3063726.003
F,6994,33446391.66,3063530.242
F,6995,33451498.14,3063506.542
H,6996,33427776.99,3063728.801
F,6997,33449464.87,3063375.075
F,6998,33449820.48,3063567.113
D,6999,33428966.54,3063682.324
F,7000,33450300.69,3063389.03
G,7001,33457363.85,3063619.039
J,7002,33437065.52,3063758.655
G,7003,33453763.05,3063548.825
F,7004,33451142.79,3063464.368
G,7005,33459269.33,3063553.143
D,7006,33433781.76,3063779.591
G,7007,33458378.67,3063744.971
J,7008,33434119.45,3064053.377
F,7009,33442924.91,3063994.129
F,7010,33440698.62,3063791.974
F,7011,33450684.68,3063490.633
G,7012,33439217.09,3063741.987
G,7013,33439670.82,3063812.893
G,7014,33459499.92,3063905.755
G,7015,33454914.65,3063860.054
H,7016,33427453.93,3063897.538
F,7017,33443601.09,3064037.441
G,7018,33457251.49,3063927.64
G,7019,33456352.93,3063727.321
F,7020,33452047.24,3063918.437
H,7021,33426706.35,3063850.251
G,7022,33461493.19,3063971.42
F,7023,33442283.42,3064100.7
G,7024,33441226.79,3063964.488
F,7025,33441910.43,3063983.423
H,7026,33426206.38,3064064.772
G,7027,33457480.17,3064078.442
C,7028,33436809.26,3063878.785
D,7029,33437896.38,3063901.982
G,7030,33439994.16,3063744.013
F,7031,33440294.81,3064027.904
G,7032,33455707.75,3063898.789
F,7033,33452433.48,3064077.938
G,7034,33460565.16,3063809.329
F,7035,33450939.83,3064056.633
G,7036,33453197.42,3063963.523
H,7037,33427934.26,3064167.347
O,7038,33438658.65,3063976.266
B,7039,33436479.82,3064523.462
F,7040,33443820.23,3064528.546
G,7041,33461072.23,3064348.56
D,7042,33428752.09,3064030.611
G,7043,33460191.76,3064098.837
F,7044,33448663.22,3064027.425
G,7045,33454448.74,3064188.885
H,7046,33427689.79,3064287.036
B,7047,33445307.18,3064257.167
D,7048,33428374.19,3063914.502
F,7049,33447804.79,3064166.723
G,7050,33438301.46,3064280.759
G,7051,33458387.25,3064159.957
F,7052,33452729.17,3064369.872
H,7053,33426809.73,3064268.041
F,7054,33441959.03,3064503.24
F,7055,33447243.2,3064221.741
D,7056,33436644.24,3064280.447
F,7057,33452007.47,3064557.056
D,7058,33437202.27,3064394.402
G,7059,33458190.16,3064390.219
O,7060,33439683.05,3064530.784
G,7061,33456377.19,3064318.384
H,7062,33425834.66,3064410.294
G,7063,33453493.07,3064535.98
F,7064,33448426.19,3064401.668
F,7065,33449035.64,3064259.027
F,7066,33446579,3064368.013
G,7067,33459811.84,3064488.556
H,7068,33425381.49,3064672.193
G,7069,33459204.7,3064465.997
G,7070,33455317.66,3064438.919
F,7071,33441106.89,3064433.006
D,7072,33437830.79,3064585.875
H,7073,33454043.43,3064450.714
F,7074,33443927.57,3064770.404
F,7075,33452778.94,3064719.889
O,7076,33439086.35,3064472.161
F,7077,33445331.05,3064790.635
F,7078,33440538.16,3064534.938
F,7079,33448074.32,3064890.336
G,7080,33458117.63,3064682.492
H,7081,33427785.83,3064757.062
G,7082,33457071.86,3064541.191
F,7083,33449217.88,3064587.346
G,7084,33455726.89,3064658.201
H,7085,33427351,3064354.325
H,7086,33427160.51,3064564.918
G,7087,33461712.56,3064614.436
F,7088,33447530.59,3064913.633
E,7089,33447581.8,3064749.752
F,7090,33449809.96,3064408.528
D,7091,33437415.02,3064837.279
C,7092,33437880.49,3064993.986
G,7093,33454946.95,3064715.149
G,7094,33425120.46,3064935.749
C,7095,33437228.31,3065075.949
F,7096,33440224.6,3064881.923
H,7097,33425782.66,3064856.232
H,7098,33426307.9,3064595.34
F,7099,33441316.81,3064798.007
H,7100,33428155.38,3064636.569
G,7101,33453363.37,3064975.49
G,7102,33460448.95,3064946.768
G,7103,33456242.6,3064789.86
G,7104,33438538.04,3064832.339
F,7105,33441649.52,3064952.819
F,7106,33450170.12,3064687.189
F,7107,33450633.08,3064720.321
H,7108,33426590.75,3064785.304
D,7109,33437485.06,3065064.489
G,7110,33459359.94,3064998.876
E,7111,33447113.96,3065059.224
F,7112,33449552.6,3064910.064
B,7113,33442878.85,3064992.082
F,7114,33452582.69,3065087.024
H,7115,33454434.68,3065003.139
G,7116,33457287.56,3064901.634
G,7117,33461289.17,3064896.509
E,7118,33451900.34,3065037.839
G,7119,33424942.32,3065192.082
G,7120,33453522.72,3065265.973
H,7121,33425575.26,3065248.225
H,7122,33427452.07,3065064.806
D,7123,33439020.25,3065082.997
G,7124,33461099.8,3065157.943
F,7125,33450770.24,3065090.785
D,7126,33438202.74,3065133.468
H,7127,33426946.77,3065126.751
H,7128,33427913.61,3065175.88
B,7129,33441617.07,3065275.562
H,7130,33454093,3065205.735
E,7131,33448604.86,3065208.102
G,7132,33457623.16,3065155.979
E,7133,33447810.1,3065298.478
F,7134,33444593.18,3065004.842
H,7135,33426123.5,3065264.263
E,7136,33451596.91,3065310.703
F,7137,33445605.46,3065337.973
G,7138,33458374.6,3065227.274
G,7139,33455638.72,3065335.279
G,7140,33424786.4,3065479.852
G,7141,33453272.53,3065503.179
G,7142,33439522.77,3065269.62
G,7143,33460498.49,3065444.609
E,7144,33449269.17,3065486.521
F,7145,33441597.16,3065439.172
E,7146,33449341.96,3065238.816
H,7147,33427437.4,3065437.236
F,7148,33450004.6,3065413.212
H,7149,33429522.67,3065522.37
F,7150,33444047.19,3065342.683
B,7151,33441514.94,3065698.4
G,7152,33458176.16,3065534.501
H,7153,33459940.84,3065483.498
H,7154,33459798.32,3065161.992
F,7155,33451962.46,3065576.355
F,7156,33452496.45,3065611.408
O,7157,33461083.64,3065639.284
B,7158,33440957.62,3065271.382
C,7159,33438647.87,3065799.635
F,7160,33440331.85,3065352.064
F,7161,33442180.88,3065659.824
H,7162,33458743.87,3065513.072
H,7163,33454216.32,3065632.638
G,7164,33424785.28,3065734.118
G,7165,33426123.17,3065684.879
C,7166,33438297.35,3065901.64
G,7167,33456239.79,3065429.028
F,7168,33448764.71,3065697.4
F,7169,33443267.57,3065398.124
H,7170,33456906.45,3065522.507
D,7171,33438601.76,3065639.057
G,7172,33453336.61,3065834.523
H,7173,33459921.48,3065940.575
G,7174,33439805.76,3065717.616
F,7175,33450461.15,3065633.912
H,7176,33459087.32,3065502.788
H,7177,33454846.21,3065478.766
G,7178,33425509.86,3065625.356
F,7179,33442479.97,3065705.076
H,7180,33456571.01,3065717.594
B,7181,33442834.09,3065544.545
J,7182,33431885.91,3065896.108
G,7183,33425688.59,3065928.811
B,7184,33445912.48,3065660.786
O,7185,33461167.97,3065953.853
B,7186,33445239.72,3065745.722
F,7187,33447889.63,3065829.944
F,7188,33443783.87,3065782.41
H,7189,33426683.02,3065715.297
F,7190,33444963.35,3065918.6
F,7191,33446301.55,3065987.447
F,7192,33440684.77,3065688.972
G,7193,33457435.13,3065770.019
B,7194,33444003.27,3066030.366
G,7195,33458166.81,3065920.627
H,7196,33427602.17,3065842.891
H,7197,33426999.46,3065690.891
H,7198,33429169.75,3065872.272
B,7199,33444970.04,3065630.902
D,7200,33439050.3,3066038.971
G,7201,33425007.23,3066047.295
H,7202,33427852.75,3066034.094
F,7203,33446754.3,3065580.405
H,7204,33454183.92,3066037.866
B,7205,33443300.39,3066163.212
F,7206,33450660.04,3065894.597
F,7207,33448592.71,3066043.563
H,7208,33455063.93,3065814.057
H,7209,33455540.87,3066046.988
F,7210,33441192.06,3066047.778
D,7211,33431633.34,3066029.488
H,7212,33428602.98,3066128.784
H,7213,33430576.07,3065932.154
G,7214,33460889.56,3066190.63
D,7215,33439687.69,3066249.197
H,7216,33429663.72,3066059.96
B,7217,33444650.54,3066237.552
E,7218,33449259.53,3066097.887
F,7219,33447874.79,3066301.973
G,7220,33453068.04,3066211.866
D,7221,33431513.2,3066358.587
H,7222,33458932.3,3066254.679
F,7223,33449632.7,3066284.499
H,7224,33426706.96,3066132.666
F,7225,33447252.7,3066241.293
H,7226,33430410.54,3066162.844
G,7227,33460676.41,3066458.812
G,7228,33457884.01,3066271.34
D,7229,33438239.92,3066359.635
D,7230,33438794.78,3066442.222
H,7231,33427963.23,3066382.566
H,7232,33453922.24,3066362.523
H,7233,33426415.45,3066275.271
F,7234,33451269.68,3065877.377
B,7235,33425482.29,3066419.963
H,7236,33459751.13,3066351.028
B,7237,33444211.62,3066345.415
B,7238,33445787.86,3066141.849
F,7239,33441743.58,3066187.719
F,7240,33424592.51,3066389.81
D,7241,33437944.76,3066270.414
H,7242,33426211.44,3066404.91
H,7243,33456775.23,3066390.042
F,7244,33442958.92,3066431.836
F,7245,33450000.4,3066589.797
H,7246,33428957.79,3066541.263
D,7247,33439286.87,3066626.778
F,7248,33450709.85,3066380.945
F,7249,33442287.94,3066269.192
D,7250,33431553.17,3066651.208
F,7251,33451593.43,3066142.554
G,7252,33425615.32,3066775.488
G,7253,33440634.4,3066574.916
O,7254,33452622.41,3066561.927
H,7255,33453535.53,3066707.347
H,7256,33426099.54,3066678.332
H,7257,33429975.01,3066510.211
H,7258,33427089.87,3066644.553
H,7259,33430368.42,3066684.373
H,7260,33456301.29,3066352.714
H,7261,33458809.78,3066665.175
G,7262,33460623.1,3066867.717
D,7263,33432396.12,3066428.988
F,7264,33441287.72,3066694.496
D,7265,33431094.35,3066858.522
F,7266,33444042.81,3066687.546
D,7267,33438110.07,3066840.093
H,7268,33459773.12,3066836.812
D,7269,33440090.03,3066461.682
B,7270,33442050,3066733.692
H,7271,33456012.12,3066616.822
F,7272,33450030.76,3066992.517
B,7273,33444753.26,3066984.71
F,7274,33449229.21,3066889.706
C,7275,33438847.9,3066929.531
H,7276,33428163.01,3066765.907
H,7277,33457498.88,3066672.236
H,7278,33454463.58,3066728.76
H,7279,33429482.83,3066927.997
H,7280,33452813.41,3066979.703
B,7281,33432479.68,3067070.14
O,7282,33452141.03,3066557.986
H,7283,33425831.3,3067080.951
F,7284,33424989.21,3067025.72
O,7285,33451780.02,3066818.052
H,7286,33459387.57,3067060.805
H,7287,33456788.03,3066868.411
H,7288,33455435.32,3066848.682
H,7289,33427372.47,3066954.586
H,7290,33427656.82,3066777.058
G,7291,33440414.43,3067056.559
F,7292,33451194.95,3066779.813
H,7293,33454621.18,3067014.043
F,7294,33444719.63,3066841.183
H,7295,33458489.85,3066930.059
F,7296,33450816.04,3066963.921
C,7297,33438692.84,3067300.233
B,7298,33444270.23,3067116.752
H,7299,33430218.14,3067149.743
F,7300,33445495.7,3066418.6
B,7301,33446118.08,3066946.025
G,7302,33442062.37,3066965.883
H,7303,33457029.06,3067075.093
F,7304,33448681.28,3067237.735
H,7305,33455078.19,3066985.826
D,7306,33432062.34,3067062.963
D,7307,33431124.53,3067189.901
F,7308,33445668.51,3066869.033
H,7309,33429389.86,3067277.109
F,7310,33443751.16,3067053.026
G,7311,33443080.83,3066882.78
G,7312,33460052.58,3067295.475
D,7313,33438555.46,3067220.777
C,7314,33432305.43,3067536.493
H,7315,33457645.01,3067056.056
B,7316,33443486.98,3067325.084
F,7317,33442549.9,3066836.336
G,7318,33461024.27,3067237.746
H,7319,33453813.75,3067128.799
H,7320,33428313.25,3067173.368
G,7321,33440822.15,3067317.862
F,7322,33441672.52,3067126.874
F,7323,33449207.95,3067415.012
F,7324,33447469.66,3067201.226
F,7325,33445183.2,3067048.9
B,7326,33431886.24,3067546.964
F,7327,33446796.71,3067318.094
H,7328,33455698.26,3067266.12
H,7329,33457806.5,3067399.642
H,7330,33427015.43,3067247.495
F,7331,33448005.63,3067274.07
D,7332,33457422.54,3067706.279
H,7333,33427498.53,3067402.348
D,7334,33439686.9,3067401.031
B,7335,33446074.14,3067499.09
D,7336,33439222.97,3067362.924
H,7337,33458979.63,3067443.895
G,7338,33460254.68,3067531.159
F,7339,33450335.78,3067409.102
G,7340,33461387.13,3067449.054
H,7341,33458350.41,3067394.551
B,7342,33444779.23,3067591.507
H,7343,33426485.79,3067276.367
F,7344,33425443.29,3067493.483
H,7345,33428622.38,3067507.056
H,7346,33454053.65,3067622.732
B,7347,33444273.86,3067563.503
O,7348,33453267.43,3067397.972
D,7349,33430772.88,3067538.063
H,7350,33429722.53,3067672.071
G,7351,33443302.11,3067649.911
J,7352,33456139.17,3067529.176
H,7353,33426218.22,3067455.968
H,7354,33427922.94,3067662.788
H,7355,33454816.44,3067591.88
D,7356,33440153.98,3067637.199
B,7357,33445600.26,3067507.785
B,7358,33431739.65,3067883.014
H,7359,33426715.38,3067483.828
C,7360,33432659.66,3067894.988
G,7361,33441961.67,3067531.648
D,7362,33431632.6,3067597.457
F,7363,33424750.95,3067761.359
D,7364,33432696.79,3067667.466
G,7365,33441224.59,3067846.604
F,7366,33424224.23,3067876.337
G,7367,33440842.34,3067702.428
H,7368,33458939.75,3067797.744
G,7369,33426990.12,3067827.322
J,7370,33456597.7,3067743.207
C,7371,33439818.49,3068084.267
O,7372,33451956.61,3067641.219
O,7373,33452323.92,3067748.697
F,7374,33449987.81,3067819.315
C,7375,33439583.07,3068005.967
H,7376,33455737.03,3067926.913
C,7377,33433922.58,3067987.617
J,7378,33433175.84,3067952.989
D,7379,33442251.3,3067836.679
F,7380,33446926.3,3068013.272
F,7381,33443326.32,3067990.126
H,7382,33429047.89,3067736.008
B,7383,33444100.87,3067894.627
F,7384,33444515.66,3068005.434
H,7385,33428679.81,3068056.962
E,7386,33447745.36,3067779.448
H,7387,33460649.06,3067870.194
B,7388,33445164.5,3067712.916
H,7389,33427701.42,3068053.319
B,7390,33445846.45,3068014.553
C,7391,33457773.53,3067957.471
G,7392,33461418.58,3068026.03
C,7393,33433096.27,3068204.685
B,7394,33423626.23,3068025.94
D,7395,33432275.16,3067811.389
H,7396,33455297.95,3068020.996
G,7397,33425883.61,3067884.223
O,7398,33452704.23,3067698.612
O,7399,33453136.08,3067970.217
F,7400,33449208.56,3067970.67
D,7401,33430657.93,3068033.13
D,7402,33440962.18,3068166.667
F,7403,33426525.41,3068075.628
F,7404,33424327.19,3068196.772
H,7405,33429809.84,3068083.684
D,7406,33431180.84,3068246.217
C,7407,33456255.15,3068228.612
H,7408,33459373.53,3068001.77
O,7409,33451161.26,3067786.013
O,7410,33451569.32,3067794.855
D,7411,33433429.1,3068357.147
H,7412,33429463.44,3068297.511
F,7413,33448325.27,3067920.2
H,7414,33458380.48,3068192.132
D,7415,33438597.66,3068051.674
F,7416,33443198.72,3068263.943
F,7417,33449929.51,3068289.607
D,7418,33439280.73,3068003.109
H,7419,33454745.22,3068144.179
B,7420,33427096.99,3068336.908
H,7421,33428867,3068442.118
F,7422,33448729.84,3068212.472
F,7423,33426271.42,3068265.977
B,7424,33443929.3,3068404.006
E,7425,33447544.04,3068167.6
F,7426,33450923.17,3068135.762
B,7427,33424121.04,3068467.211
G,7428,33442397.27,3068290.74
D,7429,33431715.26,3068218.789
H,7430,33429534.76,3068519.148
C,7431,33457917.98,3068499.345
H,7432,33459593.5,3068329.439
C,7433,33457377.35,3068374.349
B,7434,33444756.95,3068314.345
D,7435,33430403.37,3068456.388
D,7436,33439301.64,3068457.84
H,7437,33427528.82,3068451.344
H,7438,33453954.95,3068179.451
F,7439,33451821.86,3068555.464
H,7440,33460215.52,3068244.67
D,7441,33441639.82,3068404.643
F,7442,33449599.99,3068610.031
F,7443,33424728.08,3068607.717
G,7444,33455462.86,3068478.641
B,7445,33445541.57,3068507.17
C,7446,33457051.46,3068242.855
H,7447,33458978.75,3068631.379
D,7448,33439930.99,3068488.794
H,7449,33458597.56,3068586.565
G,7450,33443100.53,3068490.501
F,7451,33451313.27,3068668.771
J,7452,33433647.97,3068670.297
D,7453,33441035.58,3068663.475
F,7454,33450744.5,3068522.63
H,7455,33459884.38,3068578.378
F,7456,33452779.11,3068854.804
G,7457,33461534.66,3068607.361
B,7458,33423766.91,3068749.821
D,7459,33431599.22,3068621.836
B,7460,33446074,3068570.797
F,7461,33447624.73,3068606.614
G,7462,33454674.16,3068619.588
G,7463,33442843.91,3068704.286
B,7464,33445125.74,3068735.837
D,7465,33429868.55,3068824.338
C,7466,33433081.6,3068856.157
D,7467,33440426.71,3068751.046
E,7468,33448623.06,3068767.889
C,7469,33456741.92,3068466.941
G,7470,33427331.64,3068946.373
D,7471,33431056.38,3068766.298
F,7472,33452373.11,3068690.444
B,7473,33445729.39,3068905.208
H,7474,33460678.79,3068411.635
H,7475,33428083.99,3068571.108
F,7476,33446707.57,3068850.073
F,7477,33425916.49,3068605.972
F,7478,33425581.49,3068357.717
C,7479,33456185.46,3068746.514
H,7480,33429033.53,3068816.915
F,7481,33425372.07,3068530.666
C,7482,33457651.8,3068934.793
C,7483,33441147.84,3069170.525
F,7484,33424625.71,3069065.293
F,7485,33447406.92,3069014.328
G,7486,33455514.64,3068930.94
D,7487,33432609.21,3068793.772
E,7488,33448288.87,3068927.852
G,7489,33432122.32,3068912.155
D,7490,33433290.88,3069179.092
F,7491,33425046.23,3068585.735
H,7492,33460767.22,3068776.964
B,7493,33444229.03,3068847.433
E,7494,33451454.26,3069041.581
C,7495,33457063.09,3069163.643
F,7496,33443757.33,3069038.795
B,7497,33444757.23,3069121.78
G,7498,33431431.91,3069112.551
B,7499,33424756.85,3069075.836
J,7500,33438406.72,3068807.47
G,7501,33442862.04,3069075.187
H,7502,33428349.33,3068911.974
E,7503,33453219.92,3069036.389
B,7504,33424354.8,3069132.335
F,7505,33450667.29,3068900.988
C,7506,33458334.11,3069024.2
C,7507,33458904.19,3069204.883
G,7508,33442289.36,3069163.856
D,7509,33441657.43,3068992.497
F,7510,33449459.13,3069082.315
F,7511,33449000.65,3068880.154
G,7512,33454280.31,3068801.673
G,7513,33427129.32,3069287.698
B,7514,33445121.71,3069287.196
H,7515,33428605.78,3069113.213
B,7516,33423919.4,3069132.93
F,7517,33448721.42,3069352.157
G,7518,33429104.28,3069230.619
H,7519,33460831.27,3069126.637
D,7520,33440109.93,3069211.04
H,7521,33427921.36,3069197.57
G,7522,33455986.35,3069246.116
D,7523,33437859.02,3069166.623
G,7524,33454676.02,3069168.836
F,7525,33452009.81,3069240.242
B,7526,33425242.36,3069281.416
F,7527,33451434.76,3069335.829
G,7528,33427532.2,3069414.99
B,7529,33443736.66,3069229.476
C,7530,33456630.73,3069459.437
J,7531,33439222.59,3069025.806
F,7532,33450596.69,3069239.692
J,7533,33433701.32,3069189.881
G,7534,33430820.41,3069211.747
E,7535,33448261.92,3069388.758
G,7536,33431797.81,3069407.055
E,7537,33447297.25,3069438.956
H,7538,33459903.2,3069303.804
E,7539,33453513.04,3069373.559
C,7540,33434171.07,3069711.314
F,7541,33449895.06,3069570.226
F,7542,33450236.44,3069352.804
D,7543,33441163.71,3069427.024
D,7544,33429841.84,3069359.804
B,7545,33445573.53,3069374.799
C,7546,33440632.08,3069640.481
C,7547,33440458.42,3069598.478
G,7548,33430457.31,3069543.37
E,7549,33447998.96,3069601.258
H,7550,33460820.64,3069526.481
B,7551,33444900.72,3069609.29
B,7552,33444266.52,3069634.592
D,7553,33433564.78,3069635.128
E,7554,33454301.5,3069727.611
F,7555,33428529.67,3069636.352
B,7556,33446201.27,3069357.356
D,7557,33432321.38,3069652.36
F,7558,33453134.93,3069553.996
C,7559,33439517.19,3069541.691
C,7560,33437850.51,3069656.195
E,7561,33447687.11,3069887.475
G,7562,33455331.97,3069551.72
D,7563,33432946.75,3069648.203
E,7564,33446927.53,3069599.263
C,7565,33460906.87,3069768.111
H,7566,33461416.88,3069453.572
B,7567,33431300.21,3069910.326
B,7568,33426590.01,3069662.89
D,7569,33439078.6,3069637.89
F,7570,33454791.58,3069649.083
C,7571,33459711.76,3069766.998
F,7572,33428092.09,3069785.899
G,7573,33442123.64,3069668.846
C,7574,33459294.24,3069617.194
G,7575,33429139.12,3069615.503
C,7576,33458133.99,3069563.893
B,7577,33445286.1,3069857.966
G,7578,33455972.49,3069846.776
C,7579,33438551.56,3069583.122
C,7580,33457727.06,3069718.776
C,7581,33438874.21,3069848.66
D,7582,33431701,3069928.595
C,7583,33440061.54,3069957.911
F,7584,33443367.68,3069733.883
F,7585,33449069.09,3069876.493
B,7586,33444294.05,3069991.441
F,7587,33427782.5,3069931.155
C,7588,33458541.17,3069806.057
C,7589,33458766.72,3070030.843
F,7590,33426802.18,3069930.754
F,7591,33450214.34,3069937.164
C,7592,33457253.59,3069801.674
F,7593,33454553.34,3070017.915
G,7594,33430335.96,3070004.71
D,7595,33440887.2,3069832.002
C,7596,33456790.96,3069911.928
F,7597,33427082.43,3069992.935
P,7598,33448540.42,3070045.433
F,7599,33451015.46,3070029.626
B,7600,33445656.44,3069985.64
D,7601,33432701.94,3070160.719
D,7602,33441645.77,3069971.435
D,7603,33438237.13,3069750.704
D,7604,33438634.39,3069900.013
P,7605,33447740.04,3070204.28
G,7606,33442588.31,3069916.102
F,7607,33449528.98,3069994.009
C,7608,33460377.23,3070095.051
H,7609,33461024.79,3070107.674
G,7610,33429439.13,3070092.613
F,7611,33427419.85,3070168.367
B,7612,33428547.98,3070283.528
B,7613,33443986.94,3070214.632
F,7614,33443654.69,3070299.114
F,7615,33444321.05,3070316.342
D,7616,33440480.31,3070191.781
F,7617,33430877.33,3070139.485
C,7618,33439333.94,3070484.172
F,7619,33445998.02,3070241.242
C,7620,33441174.46,3070431.546
G,7621,33453924.53,3070354.367
G,7622,33456378.96,3070307.645
D,7623,33439179.64,3070246.139
C,7624,33433307.66,3070519.403
H,7625,33460434.96,3070510.901
G,7626,33442826.69,3070265.113
F,7627,33444813.5,3070239.803
D,7628,33432517.47,3070429.282
G,7629,33440034.25,3070081.587
D,7630,33457005.88,3070581.106
H,7631,33459769.21,3070357.818
G,7632,33428705.48,3070429.622
H,7633,33457686.14,3070422.515
F,7634,33430932.81,3070443.167
E,7635,33455268.87,3070665.331
D,7636,33429864.31,3070432.681
D,7637,33433644.93,3070330.543
F,7638,33428113.85,3070638.329
F,7639,33451210.81,3070578.794
H,7640,33459401.07,3070506.476
D,7641,33442103.89,3070579.69
G,7642,33438628.16,3070627.452
B,7643,33425657.39,3070684.121
G,7644,33455303.37,3070692.933
G,7645,33443258.39,3070650.198
B,7646,33444943.46,3070533.088
F,7647,33428477.91,3070354.703
H,7648,33459059.42,3070628.404
G,7649,33444204.22,3070782.004
G,7650,33430324.48,3070667.156
F,7651,33447254.88,3070691.584
B,7652,33431119.04,3070552.807
D,7653,33441152.36,3070573.957
E,7654,33449941.85,3070545.006
F,7655,33427831.45,3070741.685
G,7656,33440392.24,3070753.305
F,7657,33448054.32,3070758.877
B,7658,33427280.84,3070859.01
D,7659,33433509.57,3070827.359
B,7660,33443778.93,3071075.755
D,7661,33428990.8,3070794.412
H,7662,33458834.75,3070789.016
F,7663,33448881.88,3070557.368
F,7664,33448551.73,3070856.329
E,7665,33450507.09,3070453.11
D,7666,33442904.14,3070968.695
D,7667,33457292.14,3070951.768
B,7668,33445063.45,3070803.976
F,7669,33449235.24,3070749.252
G,7670,33453460.5,3070757.006
H,7671,33458521.99,3070858.682
G,7672,33456119.98,3070899.757
G,7673,33429625.65,3071006.722
G,7674,33431271.81,3070933.087
G,7675,33454026.51,3070937.997
H,7676,33458210.54,3070953.193
B,7677,33445843.6,3070853.874
G,7678,33431869.62,3070684.072
G,7679,33439780.92,3070692.85
G,7680,33454444.29,3070814.025
G,7681,33453135,3071011.961
F,7682,33450162.63,3070894.114
G,7683,33440827.63,3071050.636
F,7684,33451329.44,3071123.062
D,7685,33441705.48,3070942.504
F,7686,33449567.15,3070919.697
D,7687,33456726.87,3071123.487
G,7688,33439375.49,3070946.285
D,7689,33442296.01,3071131.571
H,7690,33457903.87,3071061.105
B,7691,33453875.42,3071373.003
F,7692,33426362.81,3070676.048
D,7693,33438198.4,3071141.096
F,7694,33426704.49,3071145.618
B,7695,33425571.05,3071232.797
B,7696,33426084.2,3071117.326
D,7697,33438744.91,3071247.386
J,7698,33433798.13,3071245.517
G,7699,33455518.62,3071177.201
G,7700,33441208.16,3071262.227
B,7701,33430641.33,3071328.801
D,7702,33431755.45,3071211.587
G,7703,33427206.92,3071308.32
D,7704,33432293.05,3070956.726
E,7705,33450650.78,3071207.377
C,7706,33433644.27,3071656.68
G,7707,33428437.9,3071312.087
D,7708,33432611.01,3071203.917
D,7709,33432998.5,3071315.046
F,7710,33440426.44,3071317.535
F,7711,33444812.47,3071280.111
G,7712,33441779.46,3071655.562
B,7713,33445512.4,3071239.758
D,7714,33457633.93,3071431.416
F,7715,33451470.21,3071563.972
D,7716,33439081.27,3071522.153
G,7717,33427811.97,3071415.002
B,7718,33428891.77,3071498.019
F,7719,33444239.8,3071443.03
G,7720,33448238.76,3071410.074
G,7721,33448835.79,3071493.427
B,7722,33454022.46,3071622.091
D,7723,33431506.77,3071770.419
G,7724,33429662.64,3071473.629
C,7725,33437630.57,3071937.222
G,7726,33454790.76,3071341.49
B,7727,33425387.67,3071705.879
D,7728,33457279.85,3071653.883
G,7729,33443842.32,3071484.09
B,7730,33424843.52,3071719.421
F,7731,33430152.14,3071419.191
G,7732,33441325.02,3071625.215
G,7733,33439859.43,3071789.976
G,7734,33455295.84,3071585.195
B,7735,33427500.16,3071809.553
D,7736,33456579.3,3071538.981
G,7737,33443367.98,3071566
D,7738,33431608.6,3071539.834
D,7739,33432821.72,3071816.379
F,7740,33451794.33,3071978.641
G,7741,33453505.38,3071738.773
B,7742,33428406.51,3071937.882
B,7743,33429358.53,3072116.679
D,7744,33438121.24,3071773.144
G,7745,33449224.05,3071753.76
G,7746,33429142.59,3071782.899
G,7747,33449684.55,3071939.793
O,7748,33455690.72,3071856.178
D,7749,33431984.11,3072012.192
G,7750,33427064.68,3071884.445
B,7751,33445027.98,3071789.365
G,7752,33441825.94,3071767.645
B,7753,33424465.61,3071959.697
F,7754,33430247.83,3072012.089
D,7755,33437212,3071787.828
G,7756,33426735.92,3071781.484
G,7757,33442290.85,3071748.981
F,7758,33442681.37,3071775.392
D,7759,33454504.63,3072142.577
B,7760,33440307.28,3071675.428
G,7761,33440468.75,3072069.916
D,7762,33454701.58,3071902.289
F,7763,33429666.03,3072036.205
C,7764,33437372.93,3072268.725
C,7765,33433998.85,3072271.049
D,7766,33439401.28,3072114.463
B,7767,33430568.4,3071995.794
D,7768,33456747.71,3071966.36
B,7769,33426320.77,3071875.494
D,7770,33433335.02,3071939.223
D,7771,33433799.62,3071839.784
C,7772,33438326.17,3072358.072
F,7773,33451163.46,3072002.304
B,7774,33426833.54,3072401.034
D,7775,33437574.77,3072093.21
G,7776,33448586.92,3072143.362
G,7777,33431153.95,3072040.616
G,7778,33443258.3,3072062.877
B,7779,33444570.37,3071871.253
B,7780,33424155.18,3072192.922
B,7781,33427443.61,3072251.329
B,7782,33430923.24,3072179.023
E,7783,33446275.96,3072176.558
B,7784,33443946.31,3072213.953
B,7785,33430135.01,3072399.771
G,7786,33426303.35,3072251.567
F,7787,33428413.39,3072165.808
B,7788,33423744.13,3072315.487
F,7789,33429270.48,3072386.311
B,7790,33426297.43,3072397.655
O,7791,33455701.2,3072310.049
B,7792,33424893.85,3072286.485
D,7793,33438799.03,3072394.438
B,7794,33453323.97,3072283.466
D,7795,33456700.25,3072330.039
B,7796,33429555.21,3072677.384
B,7797,33441693.18,3072301.002
C,7798,33439038.29,3072659.091
B,7799,33425355.68,3072357.399
G,7800,33440181.36,3072463.167
G,7801,33453745.95,3072233.978
D,7802,33431646.81,3072464.391
F,7803,33428066.03,3072375.841
B,7804,33429600.6,3072414.12
O,7805,33456223.65,3072156.205
B,7806,33444403.63,3072514.738
D,7807,33438267.07,3072276.98
F,7808,33428850.36,3072490.768
E,7809,33445936.78,3072441.73
B,7810,33441195.14,3072209.821
F,7811,33427163.64,3072621.53
B,7812,33425754,3072361.595
D,7813,33438973.12,3072636.254
F,7814,33446623.42,3072479.451
G,7815,33449598.72,3072486.435
B,7816,33423555.9,3072615.092
G,7817,33454356.31,3072586.715
G,7818,33449011.31,3072641.566
F,7819,33426719.26,3072676.786
G,7820,33426149.34,3072715.842
G,7821,33450060.57,3072442.758
B,7822,33453169.94,3072718.637
B,7823,33441258.8,3072610.972
D,7824,33432238.58,3072655.076
F,7825,33430044.84,3072605.037
C,7826,33432737.75,3072962.13
B,7827,33442207.32,3072626.842
F,7828,33441049.21,3072794.558
F,7829,33447654.87,3072496.836
B,7830,33424106.49,3072795.507
D,7831,33454847.36,3072682.025
F,7832,33442818.63,3072531.571
B,7833,33425506.99,3072911.795
B,7834,33423113.69,3072892.798
F,7835,33443621.73,3072842.512
D,7836,33431203.09,3072830.478
G,7837,33451255.99,3072698.492
B,7838,33443788.47,3072652.92
B,7839,33428797.1,3072835.983
D,7840,33432797.01,3072815.245
O,7841,33456136.59,3072827.619
B,7842,33424564.68,3072929.537
B,7843,33423435.67,3073152.785
G,7844,33450283.97,3072794.288
O,7845,33455596.38,3072709.254
F,7846,33427860.8,3072946.534
B,7847,33430657.56,3072737.702
O,7848,33455508.6,3072917.25
G,7849,33453347.62,3073077.995
G,7850,33430720.09,3073130.386
D,7851,33432394.74,3073083.889
G,7852,33450851.42,3072970.077
F,7853,33447156.88,3072916.26
F,7854,33429937.37,3073031.155
F,7855,33427596.49,3072737.104
D,7856,33439090.7,3072959.53
G,7857,33450565.29,3073053.117
B,7858,33441946.97,3073358.969
B,7859,33444447.04,3073034.791
G,7860,33426102.64,3073228.974
D,7861,33431322.07,3073190.577
D,7862,33439867.94,3072992.689
O,7863,33449560.06,3072959.548
G,7864,33453963.61,3073129.134
B,7865,33429617.63,3073262.98
F,7866,33427027.3,3073127.585
F,7867,33427342.37,3073139.658
E,7868,33446620.31,3073031.868
B,7869,33422961.52,3073384.414
E,7870,33445308.21,3073228.909
F,7871,33441319.55,3073209.144
B,7872,33424582.34,3073254.335
D,7873,33432340.53,3073304.468
B,7874,33442702.13,3073138.57
F,7875,33448678.02,3073087.915
B,7876,33429042.92,3073318.959
O,7877,33454672.03,3073358.103
B,7878,33428400.84,3073097.435
F,7879,33428880.77,3073171.757
F,7880,33445593.41,3073579.334
E,7881,33445604.43,3073299.676
G,7882,33451476.14,3073290.925
G,7883,33451889.84,3073233.72
C,7884,33438543.69,3073599.985
F,7885,33448136.13,3073317.488
B,7886,33429380.64,3073592.704
F,7887,33447369.07,3073445.122
G,7888,33449321.58,3073406.55
B,7889,33424934.42,3073389.997
F,7890,33426542.71,3073321.961
D,7891,33430901.36,3073547.047
B,7892,33423493.53,3073425.119
E,7893,33446066.44,3073239.022
G,7894,33452789.01,3073517.151
B,7895,33442118.83,3073286.669
G,7896,33440311.46,3073141.629
B,7897,33427012.56,3073609.184
O,7898,33455490.04,3073373.42
C,7899,33438886.87,3073778.184
G,7900,33452275.81,3073219.675
D,7901,33438248.57,3073452.895
D,7902,33432138.3,3073562.456
B,7903,33427924.91,3073389.445
B,7904,33430028.7,3073683.276
B,7905,33424054.5,3073490.919
F,7906,33448261.44,3073722.794
O,7907,33455107.43,3073366.001
F,7908,33449031.79,3073566.049
D,7909,33431222.62,3073750.873
B,7910,33442529.42,3073675.264
G,7911,33456587.28,3073405.131
P,7912,33448721.97,3073707.089
B,7913,33428956.81,3073766.645
D,7914,33439388.77,3073455.363
G,7915,33430482.72,3073904.754
C,7916,33437993.66,3073600.735
D,7917,33449612.58,3073561.564
F,7918,33441507.18,3073620.35
B,7919,33428002.05,3073757.048
O,7920,33449995.98,3073551.515
E,7921,33447455.95,3073621.819
E,7922,33446422.75,3073581.09
B,7923,33425433.23,3073812.59
P,7924,33447842.7,3073882.582
G,7925,33453178.74,3073740.665
E,7926,33443230.34,3073565.714
D,7927,33440559.54,3073646.272
G,7928,33453622.38,3073580.185
G,7929,33426164.05,3073789.153
B,7930,33423308.62,3073938.338
B,7931,33429856.06,3073983.558
E,7932,33446848.93,3073918.054
D,7933,33438778.98,3073608.102
P,7934,33446784.83,3074052.68
O,7935,33449533.39,3074038.543
B,7936,33454141.66,3073890.61
E,7937,33444378.89,3073640.915
B,7938,33442065.57,3073999.468
C,7939,33437579.47,3073862.374
G,7940,33456206.31,3073667.141
P,7941,33448657.31,3074105.003
D,7942,33439890.94,3073943.945
D,7943,33449331.79,3073976.7
O,7944,33450496.22,3073794.959
G,7945,33440743.43,3074031.569
O,7946,33451003.29,3073668.621
B,7947,33424180.22,3074128.629
O,7948,33454851,3073954.491
D,7949,33431015.91,3074152.541
D,7950,33436951.11,3073975.867
B,7951,33425937.14,3073786.219
O,7952,33451448.6,3073994.081
D,7953,33437824.52,3073841.476
F,7954,33429026.06,3074094.715
D,7955,33431669.62,3074087.334
F,7956,33428354.91,3074127.244
E,7957,33448337.19,3074195.806
F,7958,33447155.44,3074366.095
C,7959,33438732.1,3074017.101
F,7960,33441758.04,3074050.983
G,7961,33455884.4,3074078.718
B,7962,33426978.83,3074117.548
F,7963,33429552.88,3074088.828
E,7964,33443699.83,3073436.884
C,7965,33438215.42,3074289.121
D,7966,33438448.78,3074216.577
D,7967,33450150.82,3074250.368
D,7968,33449594.68,3074348.788
E,7969,33443546.39,3074248.477
D,7970,33451306.98,3074381.933
G,7971,33456885.66,3074125.397
O,7972,33451892.13,3073947.075
B,7973,33426475.62,3074117.046
D,7974,33432595.14,3074370.905
E,7975,33445735.35,3074431.653
E,7976,33445975.43,3074267.322
B,7977,33427390.77,3074354.843
E,7978,33447479.54,3074335.426
B,7979,33423637.43,3074292.491
B,7980,33424596.38,3074073.49
B,7981,33425169.98,3074277.559
G,7982,33441185.61,3074337.101
E,7983,33445676.71,3074172.874
O,7984,33454457.6,3074418.524
E,7985,33446469.73,3074407.26
G,7986,33455498.55,3074259.571
B,7987,33425662.74,3074335.302
O,7988,33452083.84,3074309.979
G,7989,33430721.96,3074405.491
G,7990,33430114.52,3074371.98
E,7991,33442890.93,3074182.206
F,7992,33442663.9,3074569.41
G,7993,33456461.8,3074431.598
B,7994,33424802.95,3074574.318
B,7995,33423986.42,3074624.201
D,7996,33433164.16,3074801.986
C,7997,33435664.99,3074366.318
B,7998,33422993.44,3074549.517
G,7999,33451151.24,3074686.062
D,8000,33437547.05,3074303.35
E,8001,33444339.38,3074379.767
D,8002,33431644.35,3074606.037
D,8003,33439319.07,3074590.219
B,8004,33423313.16,3074593.751
O,8005,33453996.21,3074590.671
B,8006,33427115.69,3074750.972
F,8007,33425377.28,3074911.184
B,8008,33424586.32,3074840.276
D,8009,33437131.34,3074570.417
O,8010,33452819.15,3074442.455
O,8011,33452461.68,3074465.389
F,8012,33448052.84,3074605.805
E,8013,33445063.41,3074579.792
D,8014,33439026.93,3074277.429
F,8015,33426589.49,3074796.66
D,8016,33435439.85,3074649.007
D,8017,33436765.95,3074615.566
O,8018,33453137.37,3074536.879
B,8019,33442301.27,3074671.221
O,8020,33453544.94,3074717.012
G,8021,33450570.36,3074627.902
J,8022,33435931.16,3074397.602
C,8023,33436637.1,3074918.522
B,8024,33425393.07,3075055.631
D,8025,33436299.62,3074766.035
D,8026,33432557.36,3074830.381
E,8027,33445285.57,3074282.684
B,8028,33429693.95,3074804.877
B,8029,33423966.39,3074922.114
F,8030,33429093.54,3074917.013
G,8031,33441679.91,3074757.54
G,8032,33455074.74,3074668.571
F,8033,33447778.16,3074877.713
G,8034,33438263.7,3074728.198
G,8035,33451723.9,3074877.566
D,8036,33440662.82,3074657.961
B,8037,33427818.09,3074788.087
B,8038,33425135.18,3074917.748
G,8039,33437912.69,3075066.923
F,8040,33428193.87,3074785.45
F,8041,33424543.48,3075129.8
E,8042,33446831.56,3074772.517
G,8043,33440326.18,3074898.919
E,8044,33447301.36,3074836.346
G,8045,33455927.16,3074764.528
E,8046,33445543.02,3074729.636
E,8047,33446029.43,3074925.333
F,8048,33428601.1,3074713.126
G,8049,33456736.54,3074953.349
E,8050,33444710.85,3074763.87
E,8051,33443684.19,3074892.663
G,8052,33451126.16,3075118.474
G,8053,33455378.81,3075105.283
E,8054,33450276.06,3075157.025
D,8055,33431343.57,3074965.907
D,8056,33430696.53,3075034.014
E,8057,33445292.73,3075091.976
O,8058,33451953.55,3075194.214
D,8059,33430154.09,3075139.207
G,8060,33457295.78,3074951.942
G,8061,33450645.8,3075216.329
F,8062,33429199.77,3075287.813
G,8063,33452707.87,3075266.795
D,8064,33437359.74,3075262.566
F,8065,33425743.41,3075414.214
E,8066,33446446.14,3075080.711
C,8067,33435586.86,3075423.664
G,8068,33454639.62,3075144.574
E,8069,33447762.35,3075184.236
G,8070,33438948.49,3075152.294
B,8071,33428128.34,3075387.121
G,8072,33451524.15,3075351.339
E,8073,33446121.55,3075316.215
G,8074,33450066.38,3074884.08
B,8075,33423975.6,3075251.439
E,8076,33448844.68,3074720.235
E,8077,33445713.81,3075382.121
G,8078,33424805.75,3075398.261
F,8079,33445878.66,3075148.736
F,8080,33449118.41,3075168.55
G,8081,33439954.46,3074993.147
G,8082,33439298.84,3075321.623
G,8083,33452136.27,3075330.617
G,8084,33440799.98,3075297.961
F,8085,33426155.08,3075237.066
D,8086,33429626.23,3075506.975
G,8087,33437956.12,3075391.984
F,8088,33449760.61,3075353.131
B,8089,33423505.52,3075327.242
F,8090,33424509.28,3075423.831
G,8091,33441830.08,3075325.343
G,8092,33453528.98,3075374.969
G,8093,33454187.06,3075270.621
F,8094,33448022.46,3075321.085
E,8095,33448377.62,3075246.115
F,8096,33449507.54,3075011.283
D,8097,33457843.06,3075378.942
G,8098,33455972.98,3075409.129
E,8099,33444226.74,3075599.099
E,8100,33444537.49,3075203.619
E,8101,33443964.42,3075397.937
D,8102,33451491.21,3075698.812
G,8103,33425269.37,3075265.188
B,8104,33427140.67,3075298.616
B,8105,33428494.75,3075664.399
F,8106,33448759.94,3075216.219
B,8107,33426345.68,3075126.51
E,8108,33445531.04,3075763.845
F,8109,33448535,3075791.788
B,8110,33423384.96,3075608.576
E,8111,33443428.4,3075463.49
G,8112,33456494.4,3075592.912
C,8113,33431831.87,3075826.918
E,8114,33446159.29,3075733.027
G,8115,33455094.46,3075568.747
D,8116,33451724.16,3075749.88
G,8117,33450721.99,3075635.209
B,8118,33454295.22,3075645.14
D,8119,33436493.22,3075447.018
D,8120,33458518.05,3075759.665
G,8121,33439733.36,3075463.65
G,8122,33438208.28,3075741.57
D,8123,33437247.74,3075758.293
D,8124,33436905.59,3075647.6
E,8125,33445132.82,3075723.025
D,8126,33457610.31,3075788.058
B,8127,33426018.99,3075549.059
B,8128,33425147.67,3075801.117
G,8129,33456992.93,3075688.828
B,8130,33426839.07,3075727.212
F,8131,33447444.74,3075765.223
B,8132,33451547.12,3075971.342
G,8133,33455707.99,3075904.221
D,8134,33435573.91,3075400.442
B,8135,33425765.96,3075852.664
B,8136,33424834.79,3075767.454
B,8137,33423986.69,3075815.763
E,8138,33444449.94,3075811.827
D,8139,33431022.31,3075612.388
E,8140,33443091.11,3075424.873
G,8141,33429796.02,3075805.21
E,8142,33444931.89,3075470.433
G,8143,33451060.09,3075788.023
B,8144,33428006.28,3075833.794
E,8145,33446830.48,3075620.591
H,8146,33451436.33,3076097.701
G,8147,33452125.47,3075907.4
E,8148,33444489.09,3076086.674
E,8149,33445487.35,3075727.556
F,8150,33428839.77,3076021.648
E,8151,33442703.96,3075647.937
F,8152,33445790.13,3075964.074
G,8153,33452761.97,3075866.735
G,8154,33438674.28,3075778.792
B,8155,33425137.19,3076142.528
B,8156,33427598.49,3075939.581
E,8157,33444581.87,3075599.825
D,8158,33430370.12,3075975.85
G,8159,33450293.06,3075926.883
G,8160,33456577.71,3076115.577
B,8161,33423640.12,3076044.822
D,8162,33432505.21,3076126.24
F,8163,33447130.1,3075573.202
F,8164,33445104.31,3076149.979
D,8165,33437477.46,3076046.787
F,8166,33427112.2,3076186.668
F,8167,33442226.94,3075929.075
E,8168,33446697.57,3075973.183
G,8169,33441407.83,3075974.717
D,8170,33436117.15,3075775.996
E,8171,33445597.24,3076268.288
J,8172,33459268.69,3076307.642
F,8173,33440634.11,3075906.737
B,8174,33426268.82,3076199.966
D,8175,33436714.95,3076278.442
G,8176,33455771.74,3076263.27
E,8177,33446509.41,3076298.684
B,8178,33429112.21,3076101.104
G,8179,33454793.94,3076043.096
E,8180,33446674.61,3076527.257
C,8181,33432442.95,3076299.171
B,8182,33423964.77,3076471.168
D,8183,33431295.43,3076026.849
F,8184,33440130.95,3075978.218
D,8185,33435635.56,3076175.825
D,8186,33437948.5,3076338.093
C,8187,33431785.24,3076533.964
D,8188,33458673.65,3076188.274
E,8189,33446274.95,3076231.094
E,8190,33445360.16,3075984.39
G,8191,33454402.88,3076274.521
B,8192,33436530.48,3076570.7
D,8193,33431889.08,3076124.09
G,8194,33450094.58,3076317.912
B,8195,33428264.91,3076276.271
D,8196,33457752.93,3076280.071
F,8197,33439223.09,3076010.729
D,8198,33430670.11,3076174.162
B,8199,33425046.52,3076436.688
B,8200,33424464.96,3076147.22
D,8201,33435659.55,3076559.885
B,8202,33452847.59,3076475.811
C,8203,33436479.92,3076680.635
D,8204,33437078.01,3076583.49
E,8205,33445649.83,3076576.264
D,8206,33457456.12,3076442.103
G,8207,33455207.31,3076529.762
B,8208,33451074.04,3076218.388
G,8209,33452476.23,3076402.879
D,8210,33458243.93,3076429.873
B,8211,33440501.33,3076600.813
E,8212,33445035.98,3076538.544
B,8213,33440303.75,3076250.28
G,8214,33454047.34,3076323.59
E,8215,33442816,3076533.521
B,8216,33441290.21,3076531.913
D,8217,33431328.75,3076612.429
B,8218,33424748.26,3076589.302
F,8219,33446033.46,3076513.867
G,8220,33453285.33,3076368.91
B,8221,33440879.4,3076211.502
B,8222,33428656.78,3076510.535
B,8223,33429646.54,3076307.126
F,8224,33441873.38,3076469.237
D,8225,33432605.7,3076610.859
E,8226,33444374.05,3076253.013
G,8227,33451546.73,3076617.875
G,8228,33450581.26,3076523.42
C,8229,33459214.47,3076652.341
B,8230,33426895.34,3076532.919
B,8231,33425621.54,3076605.108
E,8232,33443645.99,3076589.91
G,8233,33456631.24,3076723.011
G,8234,33455967.51,3076792.886
B,8235,33436667.36,3076970.01
B,8236,33426283.44,3076764.827
B,8237,33451032.22,3076614.065
G,8238,33449840.95,3076693.464
G,8239,33438575.53,3076531.113
G,8240,33453631.48,3076154.058
G,8241,33454267.38,3076878.426
D,8242,33438086.79,3076835.261
E,8243,33445781.32,3076830.978
B,8244,33453828.56,3076766.866
D,8245,33437147.43,3076859.6
D,8246,33432294.31,3076861.239
B,8247,33439665.51,3076401.175
B,8248,33427538.58,3076630.613
B,8249,33423758.16,3076823.387
B,8250,33425260.13,3076823.836
G,8251,33453093.47,3076861.199
F,8252,33439086.97,3076784.533
B,8253,33429121.2,3076825.511
G,8254,33455087.81,3076990.617
B,8255,33429922.72,3076598.867
E,8256,33446974.97,3076871.11
D,8257,33458346.89,3076976.305
B,8258,33424243.1,3077015.317
E,8259,33444095.83,3076417.371
D,8260,33437958.53,3077147.879
J,8261,33435838.34,3076903.183
J,8262,33435057.01,3077157.21
B,8263,33428942.83,3077247.228
E,8264,33444913.02,3077116.264
B,8265,33430195.29,3076783.016
B,8266,33427969.96,3076946.741
C,8267,33437184.71,3077252.096
D,8268,33457214,3076874.98
D,8269,33457639.12,3076932.741
B,8270,33441005.02,3077000.582
B,8271,33442952.74,3077053.958
E,8272,33447542.06,3076947.426
B,8273,33441680.09,3076971.825
B,8274,33424849.66,3077145.409
G,8275,33449410.4,3077034.627
E,8276,33445416.63,3077013.821
F,8277,33428604.57,3077221.329
G,8278,33453107.87,3077253.468
E,8279,33447927.01,3077203.731
B,8280,33423887.12,3077026.415
B,8281,33423472.94,3077353.035
D,8282,33456883.65,3077312.667
G,8283,33449911,3077365.714
G,8284,33430857.61,3077224.101
D,8285,33432264.48,3077148.859
C,8286,33437426.88,3077498.348
G,8287,33455291.47,3077370.886
B,8288,33425964.2,3077305.468
G,8289,33451714.64,3077193.981
D,8290,33437340.49,3077212.658
D,8291,33459358.19,3077204.093
B,8292,33450121.89,3077138.813
B,8293,33442114.29,3077234.458
J,8294,33458426.68,3077383.848
B,8295,33442359.17,3077051.378
D,8296,33431408.74,3077197.355
B,8297,33423979.03,3077293.112
B,8298,33430125.71,3077356.186
E,8299,33445922.94,3077291.788
G,8300,33438914.05,3077296.971
F,8301,33446225.73,3077257.069
C,8302,33436193.04,3077127.642
B,8303,33440788.18,3077362.65
D,8304,33431993.38,3077371.165
B,8305,33443664.54,3077277.447
B,8306,33439874.33,3076969.584
B,8307,33440118.55,3077358.737
B,8308,33426998.63,3077405.768
C,8309,33435980.06,3077165.475
E,8310,33444345.21,3077275.655
C,8311,33457773.68,3077507.848
C,8312,33436705.16,3077457.711
G,8313,33455927.06,3077339.055
G,8314,33450787.93,3077430.427
G,8315,33453670.46,3077394.617
B,8316,33429442.45,3077264.383
G,8317,33451223.44,3077296.323
E,8318,33447033.33,3077411.584
E,8319,33446574.2,3077202.33
J,8320,33435601.02,3077177.864
G,8321,33453092.35,3077617.988
B,8322,33425351.86,3077456.961
F,8323,33442843.8,3077532.282
E,8324,33446952.87,3077776.663
B,8325,33450506.37,3077628.522
B,8326,33424602.21,3077537.314
E,8327,33447666.68,3077644.167
F,8328,33428022.64,3077546.577
E,8329,33445296.31,3077584.677
E,8330,33446034.6,3077770.654
B,8331,33424863.15,3077673.227
C,8332,33436477.36,3077476.209
B,8333,33426507.77,3077365.677
C,8334,33435403.09,3077441.923
C,8335,33434801.38,3077872.547
G,8336,33456268.75,3077722.889
B,8337,33427880.01,3077947.504
G,8338,33449868.63,3077862.642
D,8339,33437176.45,3077595.485
D,8340,33438069.57,3077565.848
G,8341,33452022.04,3077917.329
B,8342,33441965.62,3077703.662
C,8343,33458670.33,3077752.182
G,8344,33453467.34,3077938.269
E,8345,33444942.62,3077592.725
D,8346,33431056,3077801.453
F,8347,33428672.86,3077615.091
G,8348,33454094.7,3077524.051
E,8349,33446645.5,3077976.683
B,8350,33444120.81,3077680.644
D,8351,33457235.41,3077821.53
D,8352,33435266.99,3077704.747
G,8353,33427171.33,3077872.977
G,8354,33438737.61,3077728.133
F,8355,33427494.51,3077545.915
B,8356,33424096.12,3077722.109
G,8357,33450196.34,3078122.313
G,8358,33451017.15,3078004.479
D,8359,33457966.44,3077934.046
B,8360,33441195.96,3077749.042
G,8361,33459689.86,3077867.885
D,8362,33459119.42,3077569.603
G,8363,33454882.01,3077577.805
F,8364,33428754.63,3077938.044
D,8365,33436251.04,3077814.878
G,8366,33454429.57,3077695.342
E,8367,33445439.6,3077812.637
B,8368,33425676.11,3077901.285
B,8369,33426914.41,3077982.314
B,8370,33430002.78,3077926.935
G,8371,33456077.34,3078085.939
B,8372,33439288.21,3077732.367
B,8373,33423716.57,3078050.653
E,8374,33444341.55,3078031.361
F,8375,33446540.38,3078094.473
G,8376,33452604.34,3077956.382
D,8377,33430978.33,3078168.11
E,8378,33447228.95,3078111.189
E,8379,33444941.51,3078167.32
D,8380,33436905.36,3077900.435
F,8381,33428997.57,3078102.776
G,8382,33453885.41,3078173.917
B,8383,33426614.37,3078172.16
C,8384,33435823.91,3078306.092
G,8385,33456828.57,3078011.134
E,8386,33445638.71,3077996.178
B,8387,33443032.83,3077731.603
E,8388,33439559.9,3078142.857
D,8389,33437553.66,3078061.747
D,8390,33435204.33,3077959.787
C,8391,33435405.99,3078224.381
E,8392,33440233.73,3078018.403
D,8393,33431626.39,3078271.098
E,8394,33447627.01,3078211.476
C,8395,33434897.3,3078142.777
B,8396,33425987.29,3078316.162
G,8397,33455196.71,3078259.465
E,8398,33452232.9,3078292.063
G,8399,33455517.01,3078039.969
E,8400,33440190.77,3078222.241
G,8401,33448464.54,3078038.409
F,8402,33438442.05,3078171.348
C,8403,33435154.38,3078436.259
E,8404,33444467.29,3078380.067
E,8405,33439770.9,3078511.8
G,8406,33451011.15,3078401.03
E,8407,33445359.13,3078425.513
B,8408,33427036.34,3078498.859
E,8409,33445200.58,3078511.721
G,8410,33436201.79,3078422.154
B,8411,33442540.07,3078069.478
G,8412,33446222.37,3078428.963
G,8413,33454657.38,3078293.529
D,8414,33434616.64,3078534.388
G,8415,33459793.37,3078453.697
O,8416,33429040.24,3078574.895
C,8417,33434949.77,3078501.456
B,8418,33429922.18,3078412.354
G,8419,33453308.89,3078326.19
G,8420,33459164.38,3078347.077
E,8421,33443558.5,3078413.007
B,8422,33424969.65,3078371.538
D,8423,33456595.13,3078491.56
D,8424,33457385.77,3078446.79
D,8425,33431630.7,3078618.152
F,8426,33439152.75,3078425.123
E,8427,33443118.93,3078220.933
G,8428,33449909.29,3078481.411
B,8429,33441990.83,3078340.74
B,8430,33430510.86,3078562.536
G,8431,33448872.18,3078648.552
G,8432,33427937.03,3078255.493
E,8433,33444042.91,3078678.23
E,8434,33444786.2,3078711.77
B,8435,33441304.92,3078300.212
G,8436,33449529.71,3078701.458
G,8437,33437757.14,3078542.8
B,8438,33441606.85,3078723.279
G,8439,33436900,3078430.284
B,8440,33440796.68,3078649.378
G,8441,33428199.75,3078555.915
G,8442,33428562.88,3078896.853
G,8443,33455626.48,3078752.488
C,8444,33434649.53,3078793.174
G,8445,33448079.45,3078683.5
D,8446,33458337.08,3078480.823
C,8447,33428592.18,3078609.061
G,8448,33453382.73,3078857.228
G,8449,33458794.28,3078611.205
D,8450,33432225.74,3078868.603
B,8451,33424321.87,3078408.958
E,8452,33446665.19,3078668.194
G,8453,33438482.32,3078765.046
E,8454,33442837.1,3078751.706
G,8455,33436591.83,3078859.814
B,8456,33422475.51,3078832.676
G,8457,33452438.17,3078772.649
C,8458,33435603.25,3078832.949
B,8459,33423866.04,3078777.508
E,8460,33439429.22,3078895.334
G,8461,33453988.75,3078745.045
G,8462,33454367.37,3078792.51
G,8463,33429393.85,3078832.859
D,8464,33434382.97,3079073.182
B,8465,33429899.09,3078750.45
E,8466,33445280.54,3078898.381
E,8467,33447314.84,3078811.66
B,8468,33423444.59,3078815.25
D,8469,33457955.1,3078844.331
G,8470,33454843.95,3078920.962
G,8471,33459979.15,3078985.873
E,8472,33438883.82,3078927.88
G,8473,33453610.79,3079167.355
B,8474,33440469.41,3078931.557
E,8475,33443272.46,3078975.657
G,8476,33450693.06,3078905.471
D,8477,33456123.14,3078931.976
D,8478,33457762.17,3079126.718
G,8479,33452806.87,3078930.943
G,8480,33427467.22,3078874.45
E,8481,33444030.03,3079123.222
C,8482,33434787.15,3079137.381
B,8483,33426054.6,3079148.78
E,8484,33445682.87,3078591.744
C,8485,33431084.41,3078923.082
E,8486,33441441.2,3079073.187
G,8487,33446063.02,3079049.681
D,8488,33456624.65,3079076.075
G,8489,33455401.53,3079049.59
F,8490,33439346.33,3079246.526
E,8491,33449771.06,3079200.983
E,8492,33422748.17,3079064.298
G,8493,33458410.16,3079030.743
E,8494,33443537.95,3079130.862
G,8495,33438838.73,3079374.808
B,8496,33430011.64,3079260.743
G,8497,33455192.61,3079407.805
D,8498,33457253.8,3079188.865
B,8499,33426731.03,3078967.904
C,8500,33430928.24,3079328.583
G,8501,33459412.3,3078954.342
C,8502,33431975.39,3079207.507
D,8503,33432054.89,3079039.538
G,8504,33459090.31,3079345.065
E,8505,33441975.43,3079474.197
E,8506,33441370.4,3079336.528
E,8507,33446901.78,3079281.465
G,8508,33436973.78,3079337.696
G,8509,33450225.4,3079364.874
G,8510,33449051.87,3079208.1
E,8511,33444792.31,3079167.761
B,8512,33424085.27,3079294.542
G,8513,33453572.4,3079497.03
B,8514,33421629.58,3079257.163
B,8515,33429866.09,3079583.883
G,8516,33460291.73,3079440.687
E,8517,33429535.52,3079460.674
C,8518,33436591.62,3079281.629
G,8519,33454228.18,3079538.38
G,8520,33437929.14,3079269.874
G,8521,33457551.14,3079498.188
B,8522,33430339.63,3079640.983
G,8523,33445575.85,3079548.753
C,8524,33436083.91,3079309.625
G,8525,33437578.03,3079246.404
D,8526,33456001.62,3079473.789
E,8527,33446225.02,3079484.51
E,8528,33442968.96,3079301.196
E,8529,33443139.62,3079835.496
F,8530,33444274.84,3079584.615
G,8531,33427349.77,3079455.066
E,8532,33444974.2,3079584.919
G,8533,33457335.35,3079750.033
D,8534,33455485.15,3079739.913
G,8535,33451819.34,3079457.559
E,8536,33447709.71,3079453.39
C,8537,33435558.55,3079314.434
E,8538,33441980.16,3079709.63
G,8539,33459822.46,3079568.257
G,8540,33458580.5,3079703.533
G,8541,33427038.9,3079619.125
E,8542,33439748.69,3079380.133
E,8543,33443939.61,3079756.258
B,8544,33425934.98,3079528.316
G,8545,33449657.04,3079664.397
G,8546,33454492.31,3079836.275
C,8547,33434882.38,3079624.467
C,8548,33427949.51,3079441.384
G,8549,33457863.52,3079619.426
B,8550,33425440.78,3079568.141
G,8551,33459055.19,3079802.223
E,8552,33447214.5,3079648.642
F,8553,33445007.3,3079933.73
G,8554,33438280.23,3079653.363
E,8555,33440141.74,3079588.183
C,8556,33436638.5,3079800.608
G,8557,33458186.53,3079942.142
E,8558,33422558.58,3079778.532
G,8559,33455373.53,3080123.782
G,8560,33452514.75,3079722.876
D,8561,33455833.77,3080029.998
C,8562,33435544.46,3079929.51
E,8563,33451129.29,3079912.767
E,8564,33443707.24,3080050.596
B,8565,33421172.49,3079929.163
C,8566,33428416.3,3079637.801
G,8567,33459494.97,3079970.775
E,8568,33441776,3079983.94
G,8569,33426296.35,3079912.04
G,8570,33457217.41,3080025.053
E,8571,33447972.58,3080120.962
G,8572,33437255.75,3079791.723
G,8573,33438619.75,3079985.098
D,8574,33456556.09,3079982.26
G,8575,33452757.45,3079875.165
G,8576,33445508.52,3080050.386
D,8577,33456839.69,3079542.986
D,8578,33430737.15,3079840.706
B,8579,33424943.27,3079792.497
E,8580,33447491.75,3080284.826
C,8581,33436144.35,3080124.334
G,8582,33455226.87,3080248.562
G,8583,33451629.11,3079786.653
E,8584,33448214.65,3079920.109
G,8585,33438383.02,3080237.922
B,8586,33420432.26,3080164.942
E,8587,33441991.6,3080254.052
C,8588,33429823.21,3080252.911
G,8589,33444870.34,3080289.101
B,8590,33425266.47,3080035.834
E,8591,33421771.82,3079813.179
E,8592,33440467.87,3079937.683
E,8593,33422030.85,3080053.656
E,8594,33423517.8,3080410.994
G,8595,33457749.82,3080382.405
G,8596,33459758.42,3080367.134
B,8597,33424439.9,3080118.055
E,8598,33424777.04,3079381.099
E,8599,33446447.97,3079935.233
C,8600,33429354,3080076.545
B,8601,33422728.09,3080320.175
C,8602,33429088.77,3079714.626
C,8603,33428756.59,3079923.306
G,8604,33459026.34,3080304.722
G,8605,33438515.13,3080508.845
E,8606,33440937.57,3080466.186
E,8607,33451650.99,3080599.074
E,8608,33451120.47,3080674.902
G,8609,33445821.92,3080412.75
D,8610,33431363.82,3080190.833
C,8611,33435703.32,3080576.958
G,8612,33453430.18,3080269.13
G,8613,33453135.37,3080198.046
G,8614,33452374.07,3080262.733
G,8615,33456720.85,3080581.244
E,8616,33440359.45,3080479.134
G,8617,33425477.24,3080506.338
D,8618,33431953.08,3079943.642
E,8619,33420961.42,3080570.865
D,8620,33455778.5,3080433.891
E,8621,33441868.01,3080648.338
G,8622,33453813.08,3080373.802
D,8623,33431965.26,3080401.692
G,8624,33452870.57,3080527.329
G,8625,33445708.35,3080805.202
G,8626,33452304.61,3080624.683
G,8627,33458565.03,3080574.671
F,8628,33442636.14,3080501.799
E,8629,33447140.76,3080299.675
F,8630,33450849.97,3080592.385
C,8631,33428846.99,3080841.155
E,8632,33440122.61,3080865.354
G,8633,33444885.62,3080726.408
G,8634,33458054.7,3080812.019
G,8635,33454644.03,3080509.951
C,8636,33436734.36,3080514.43
E,8637,33419817.06,3080660.772
F,8638,33451561.54,3080799.776
G,8639,33454256.51,3080605.771
E,8640,33450840.88,3080888.547
G,8641,33459341.7,3080806.304
F,8642,33443390.41,3080618.544
F,8643,33444134.84,3080588.161
E,8644,33448846.98,3080642.322
G,8645,33427441.23,3080446.537
D,8646,33429529.69,3080743.037
B,8647,33428921.49,3081080.916
E,8648,33449462.29,3080879.154
F,8649,33448311.77,3080713.91
E,8650,33447712.26,3080676.296
G,8651,33437472.69,3080840.604
G,8652,33446335.05,3080757.141
E,8653,33439486.21,3080499.05
F,8654,33450320.17,3081053.01
G,8655,33458519.78,3081143.493
E,8656,33447840.52,3081121.726
G,8657,33439054.94,3080902.488
G,8658,33445179.53,3081075.442
E,8659,33443181.63,3081039.52
G,8660,33456551.81,3080968.902
B,8661,33424177.3,3080910.807
C,8662,33435381.21,3080986.183
B,8663,33423098.76,3081089.271
E,8664,33451280.43,3081228.053
G,8665,33438534.42,3081057.231
G,8666,33428184.79,3080927.381
D,8667,33430191,3080811.6
E,8668,33421201.03,3081002.879
E,8669,33420096.36,3080930.576
G,8670,33452288.52,3081091.452
G,8671,33457239.64,3080840.933
Y,8672,33431283.8,3080797.252
G,8673,33437972.14,3080923.792
B,8674,33419275.33,3081057.741
G,8675,33424681.18,3081104.978
E,8676,33422641.36,3081039.682
G,8677,33437438.15,3081155.117
C,8678,33435326.3,3081414.554
C,8679,33436002.31,3080981.513
G,8680,33446871.67,3080997.405
D,8681,33430418.46,3080382.16
E,8682,33450629.05,3081198.692
G,8683,33426612.85,3080567.245
G,8684,33436804.41,3081303.775
E,8685,33420202.12,3081247.5
G,8686,33426153.54,3080809.327
G,8687,33455352.59,3081279.799
E,8688,33442530.78,3081161.275
E,8689,33444290.4,3081234.882
G,8690,33456133.29,3081027.939
G,8691,33455692.32,3081018.96
F,8692,33450810.76,3081489.483
G,8693,33445847.65,3081232.525
G,8694,33458938.95,3081406.494
E,8695,33440424.64,3081330.129
B,8696,33423809.15,3081367.804
E,8697,33441281.62,3081073.548
D,8698,33431395.62,3081203.725
D,8699,33430790.33,3080987.529
B,8700,33418693.9,3081498.29
F,8701,33451518.26,3081371.887
E,8702,33441119.83,3081356.523
J,8703,33429441.24,3081195.321
G,8704,33426921.08,3080786.914
G,8705,33444887.21,3081404.361
E,8706,33450160.19,3081455.73
G,8707,33445271.22,3081464.906
G,8708,33427151.84,3081187.472
G,8709,33427751.43,3080877.708
G,8710,33425606.22,3081346.524
D,8711,33431602.01,3081446.688
B,8712,33423464,3081585.116
E,8713,33440045.06,3081453.624
G,8714,33423988.39,3081687.756
E,8715,33448391.91,3081470.577
G,8716,33454593.65,3081386.64
G,8717,33457696.45,3081281.294
G,8718,33456793.27,3081568.79
G,8719,33454748.48,3081672.357
E,8720,33449415.25,3081445.663
G,8721,33446458.44,3081599.14
G,8722,33453269.34,3081231.893
G,8723,33444597,3081579.467
G,8724,33422977.35,3081685.005
G,8725,33455545.86,3081790.568
F,8726,33459238.49,3081760.694
B,8727,33420905.61,3081491.742
B,8728,33420161.88,3081679.546
G,8729,33457555.59,3081633.103
G,8730,33423751.84,3081885.561
G,8731,33454025.77,3081410.1
E,8732,33440470.03,3081949.488
G,8733,33447217.77,3081495.316
E,8734,33421959.66,3081239.658
E,8735,33443719.14,3081531.907
E,8736,33458660.05,3081831.511
E,8737,33442682.05,3081531.669
G,8738,33445841,3081748.781
G,8739,33456330.5,3081665.373
G,8740,33426335.69,3081495.606
J,8741,33430132.89,3081686.892
C,8742,33429212.11,3081813.253
G,8743,33437660.11,3081687.585
E,8744,33422517.08,3081375.107
E,8745,33438962.73,3081672.649
E,8746,33440191.41,3081964.45
G,8747,33425063.33,3081653.848
G,8748,33453610.13,3081444.839
E,8749,33439503.22,3081455.181
G,8750,33428321.07,3081483.44
G,8751,33436822.34,3081752.715
G,8752,33422988.65,3082109.681
J,8753,33430517.34,3081919.565
G,8754,33447612.8,3081747.989
G,8755,33426132.93,3081855.129
G,8756,33458138.25,3081530.901
G,8757,33452440.47,3081602.073
F,8758,33458672.82,3081978.105
F,8759,33451580.05,3081827.996
G,8760,33455870.83,3082120.569
E,8761,33441312.07,3081779.709
B,8762,33426713.1,3081840.125
G,8763,33454032.43,3082069.883
E,8764,33448988.91,3081646.156
G,8765,33452819.09,3081651.432
B,8766,33427942.01,3082127.583
E,8767,33426784.01,3082242.292
B,8768,33429413.01,3081792.062
D,8769,33431380.92,3082106.451
B,8770,33421087.43,3082175.416
G,8771,33445066.04,3082000.485
E,8772,33440957.59,3082045.864
B,8773,33427220.35,3082142.288
B,8774,33427690.92,3081824.708
B,8775,33428300.14,3082330.491
E,8776,33445511.92,3081997.058
G,8777,33457107.45,3081843.078
E,8778,33421969.9,3081868.43
E,8779,33443744.69,3082141.069
E,8780,33444409.48,3082099.611
G,8781,33457905.5,3082168.288
C,8782,33430232.76,3082230.734
G,8783,33438952.07,3082120.622
G,8784,33428695.49,3081891.3
G,8785,33437528.86,3082125.224
E,8786,33448681.28,3082111.095
F,8787,33454423.63,3082270.823
G,8788,33438339.63,3081893.494
B,8789,33453757.03,3082406.02
F,8790,33441994.38,3082268.575
G,8791,33456651.27,3082134.743
F,8792,33451791.84,3082226.509
G,8793,33456007.79,3082449.043
G,8794,33446210.62,3082185.172
F,8795,33452215.5,3082233.415
G,8796,33455205.94,3082224.502
D,8797,33431874.01,3082563.138
G,8798,33453108.59,3082030.608
G,8799,33442395.1,3081844.061
E,8800,33457328.65,3082403.69
E,8801,33449700.18,3082014.084
G,8802,33438993.2,3082379.408
F,8803,33439511.76,3082484.062
F,8804,33452428,3082099.682
F,8805,33448203.56,3082250.985
E,8806,33449342.71,3082459.308
G,8807,33424553.8,3082045.145
F,8808,33453579.2,3082629.862
G,8809,33422522.57,3082353.702
B,8810,33420469.45,3082519.07
B,8811,33428784.54,3082668.126
G,8812,33444930.16,3082550.762
F,8813,33425269.5,3082433.167
E,8814,33419013.3,3081962.304
E,8815,33447977.42,3082512.139
B,8816,33418526.04,3082437.935
E,8817,33450216.32,3082201.073
G,8818,33456054.47,3082764.461
E,8819,33442544.11,3082357.261
E,8820,33419325.92,3082000.957
D,8821,33431218.83,3082658.931
G,8822,33457532.81,3082312.847
F,8823,33425971.6,3082379.068
E,8824,33440976.2,3082622.761
E,8825,33450600.46,3082550.827
B,8826,33427644.34,3082627.571
E,8827,33440147,3082303.161
F,8828,33422671.22,3082821.627
E,8829,33445046.82,3082996.766
G,8830,33443896.3,3082682.308
B,8831,33419545.76,3082583.217
E,8832,33426149.47,3082729.808
F,8833,33458129.86,3082922.675
G,8834,33445873.19,3082657.584
G,8835,33456879.97,3082544.475
F,8836,33439228.36,3082811.178
J,8837,33430491.5,3082687.527
G,8838,33446992.97,3082439.931
G,8839,33443159.71,3082517.25
G,8840,33454897.65,3082502.582
G,8841,33455275.5,3082810.5
F,8842,33424293.28,3082626.525
F,8843,33423194.44,3082596.898
B,8844,33421115.03,3082795.926
B,8845,33422120.75,3083010.472
F,8846,33448733.96,3082873.801
B,8847,33421725.42,3082824.431
E,8848,33422340.84,3083127.427
B,8849,33428415.94,3082827.912
F,8850,33423786.63,3082593.544
L,8851,33451039.74,3082954.393
E,8852,33440258.38,3082800.988
B,8853,33426636.58,3082890.411
E,8854,33453890.92,3083106.636
F,8855,33453521.78,3083021.134
C,8856,33429803.67,3082726.382
F,8857,33457207.41,3082849.046
F,8858,33454270.45,3082890.469
G,8859,33447572.58,3082956.925
B,8860,33441960.67,3082821.658
F,8861,33456483.87,3083121.565
B,8862,33418640.35,3083060.363
G,8863,33439137.56,3083142.482
E,8864,33425101.04,3083044.474
L,8865,33459218.14,3083400.895
E,8866,33450317.05,3083236.618
F,8867,33454655.4,3083028.04
G,8868,33445527.24,3083070.521
C,8869,33429737.09,3083042.288
E,8870,33448148.47,3082968.622
C,8871,33428960.74,3083178.908
B,8872,33441690.59,3083045.026
E,8873,33424643.01,3083403.62
D,8874,33431465.51,3083189.174
F,8875,33451753.17,3083130.077
E,8876,33421542.4,3083473.461
F,8877,33454337.98,3083355.054
G,8878,33443903.92,3083258.561
G,8879,33444492.36,3083040.038
E,8880,33446834.92,3083099.553
F,8881,33456112.45,3083354.469
E,8882,33448776.23,3083210.696
E,8883,33449339.27,3083202.981
G,8884,33448235.76,3083389.805
B,8885,33426863.71,3083445.168
F,8886,33455396.71,3083311.076
F,8887,33451544.39,3083443.455
E,8888,33449783.08,3083175.618
E,8889,33422643.1,3083433.449
B,8890,33426047.04,3083436.896
G,8891,33438631.23,3083213.117
F,8892,33458342.46,3083571.315
B,8893,33427560.75,3083236.586
E,8894,33419436.18,3083418.651
C,8895,33429744.49,3083412.238
F,8896,33453701.94,3083541.052
G,8897,33446152.13,3083369.44
B,8898,33442610.31,3083384.146
E,8899,33442686.68,3083030.162
E,8900,33423388.94,3083318.931
F,8901,33438546.89,3083552.961
C,8902,33429472.1,3083454.403
E,8903,33424152.79,3083479.172
E,8904,33421612.4,3083718.688
F,8905,33454975.56,3083669.943
E,8906,33422610.22,3083776.924
B,8907,33441717,3083689.864
F,8908,33452665.03,3083675.147
E,8909,33448028.29,3083785.473
G,8910,33445097.96,3083542.247
F,8911,33454114.14,3083785.39
B,8912,33419096.94,3083948.985
G,8913,33446399.93,3083704.039
L,8914,33450941.46,3083580.805
B,8915,33426580.11,3083941.437
B,8916,33425776.12,3083801.958
E,8917,33447450.58,3083694.78
D,8918,33431390.86,3083751.962
C,8919,33427231.81,3083999.723
G,8920,33430736.93,3083777.337
E,8921,33440513.35,3083416.721
E,8922,33420424.27,3083713.677
E,8923,33447023.6,3083891.708
E,8924,33423185.46,3083685.969
F,8925,33458784.43,3083486.337
F,8926,33451761.89,3083945.236
F,8927,33455811.43,3083842.358
E,8928,33458960.32,3083983.849
E,8929,33441098.65,3083442.387
C,8930,33427879.83,3084012.24
C,8931,33428990.85,3083904.214
C,8932,33428504.24,3083495.385
C,8933,33428208.04,3083785.272
E,8934,33440107.14,3083773.514
E,8935,33422784.84,3084172.178
F,8936,33459255.45,3083917.829
F,8937,33454491.39,3084065.016
G,8938,33443797.69,3083850.937
E,8939,33446593.59,3084069.53
E,8940,33420351.78,3084023.114
E,8941,33450151.14,3083878.947
F,8942,33459598.96,3084122.308
G,8943,33444608.97,3084085.338
F,8944,33452526.28,3084192.216
G,8945,33443309.37,3083572.877
E,8946,33420824.24,3084110.348
E,8947,33449608.13,3084129.657
F,8948,33451815.95,3084394.922
F,8949,33454012.5,3084421.472
G,8950,33431101.58,3084353.612
F,8951,33457948.89,3084319.768
E,8952,33447474.6,3084301.799
B,8953,33440573.78,3084169.485
E,8954,33422102.75,3083998.169
E,8955,33448754.59,3084079.093
F,8956,33458463,3084118.689
G,8957,33442044.95,3084116.681
E,8958,33421349.11,3084230.816
F,8959,33453132.9,3084262.161
E,8960,33423083.93,3084438.165
E,8961,33446035.75,3084453.768
G,8962,33445552.54,3084182.546
E,8963,33425216.3,3084043.601
D,8964,33442898.39,3084088.646
E,8965,33450522.73,3084218.99
C,8966,33427339.94,3084426.717
F,8967,33459915.56,3084471.545
E,8968,33448065.93,3084602.007
L,8969,33458180.67,3084621.123
F,8970,33455375.62,3084436.157
E,8971,33419412.57,3084466.484
C,8972,33429490.37,3084390.315
G,8973,33441508.73,3084379.183
F,8974,33454772.89,3084420.475
E,8975,33420284.39,3084586.597
D,8976,33442740.36,3084490.039
F,8977,33453404.56,3084650.773
E,8978,33421960.44,3084425.492
C,8979,33428766.27,3084629.431
F,8980,33452703.59,3084670.135
B,8981,33426674.28,3084525.37
G,8982,33440633.17,3084740.368
B,8983,33446029.66,3084878.187
G,8984,33444931.31,3084681.877
E,8985,33420784.29,3084808.087
G,8986,33441195.37,3084380.392
C,8987,33427824.49,3084823.071
F,8988,33458570.22,3084759.715
E,8989,33449317.26,3084713.808
E,8990,33425029.83,3084600.119
L,8991,33457804.95,3084987.351
D,8992,33459384.94,3084805.704
E,8993,33419823.4,3084815.746
E,8994,33419532.03,3084781.186
G,8995,33430016.87,3084501.105
F,8996,33451831.12,3084896.213
E,8997,33420340.07,3085141.012
E,8998,33422500.93,3084403.908
G,8999,33431182.34,3084833.947
E,9000,33423650.61,3084884.782
G,9001,33444744.57,3085031.071
D,9002,33443322.94,3084912.108
E,9003,33421333.52,3084848.736
B,9004,33426579.09,3085016.895
D,9005,33442296.37,3084852.076
F,9006,33459929.32,3085141.787
F,9007,33453782.04,3085147.54
E,9008,33422222.46,3085218.898
E,9009,33421722.34,3085051.492
D,9010,33443876.41,3085089.894
E,9011,33449043.63,3085197.273
F,9012,33458967.04,3085040.17
F,9013,33453179.56,3085266.054
E,9014,33448370.29,3085118.501
E,9015,33449834.52,3085279.188
G,9016,33444171.67,3084974.846
L,9017,33451052.93,3085133.702
F,9018,33452338.41,3085200.874
C,9019,33428446.18,3085203.117
E,9020,33447352.54,3085032.356
E,9021,33425890.47,3084582.796
F,9022,33454503.33,3085427.151
L,9023,33457290.68,3085503.83
E,9024,33423230.16,3085044.843
G,9025,33431361.17,3085405.413
E,9026,33425481.8,3085302.937
G,9027,33445636.35,3085367.174
L,9028,33451227.73,3085635.167
E,9029,33425938.16,3085264.446
F,9030,33451975.93,3085200.573
F,9031,33452481.72,3085473.118
L,9032,33457848.37,3085401.699
D,9033,33443525.83,3085426.771
E,9034,33424988.52,3085669.594
D,9035,33441912.09,3085308.452
B,9036,33446329.13,3085413.836
L,9037,33459287.28,3085573.997
B,9038,33427276.04,3085334.176
C,9039,33430386.65,3085134.175
D,9040,33441462.14,3085361.692
C,9041,33429264.16,3085436.916
C,9042,33429801.35,3085368.271
E,9043,33447853.18,3085525.647
D,9044,33441061.47,3085453.736
C,9045,33427702.03,3085508.242
F,9046,33451329.36,3085865.861
F,9047,33454852.22,3085758.517
D,9048,33442590.16,3085719.657
F,9049,33454304.52,3085670.485
F,9050,33449665.93,3085838.533
F,9051,33453140.6,3085786.393
G,9052,33444210.51,3085824.26
F,9053,33444811.56,3085714.759
L,9054,33451393.96,3085935.33
G,9055,33430841.18,3085583.111
B,9056,33425133.7,3086000.893
D,9057,33442127.23,3085921.782
D,9058,33442948.64,3085622.697
B,9059,33424025.66,3085839.038
E,9060,33445533.42,3085850.363
E,9061,33421739.77,3085716.303
G,9062,33431328.22,3085868.666
F,9063,33452288.81,3085969.743
L,9064,33458656.31,3086007.122
B,9065,33426899.59,3085789.202
G,9066,33429559.09,3085943.154
B,9067,33426403.53,3085910.654
F,9068,33460035.63,3085987.771
C,9069,33428778.27,3085886.84
D,9070,33459630.26,3085832.492
F,9071,33453078.64,3086191.201
G,9072,33443563.34,3085989.616
B,9073,33431244.63,3086254.398
D,9074,33442744.53,3086226.376
F,9075,33454107.44,3085962.984
F,9076,33455234.63,3086134.855
E,9077,33446420.8,3086098.437
C,9078,33428394.48,3086116.667
E,9079,33422413.26,3085955.522
F,9080,33449894.74,3086277.883
E,9081,33421969.89,3086064.267
L,9082,33459279.79,3086281.772
G,9083,33444260.14,3086196.596
F,9084,33452348.64,3086455.134
F,9085,33458948.68,3086549.485
E,9086,33445523.3,3086202.442
G,9087,33443432.1,3086381.167
L,9088,33455566.62,3086303.59
E,9089,33422874.07,3085924.001
F,9090,33453977.33,3086394.001
B,9091,33426055.38,3086396.265
B,9092,33425343.02,3086423.667
E,9093,33423450.51,3086290.544
G,9094,33443141.55,3086594.615
D,9095,33441672.17,3086396.555
C,9096,33427096.27,3086349.913
B,9097,33424463.85,3086520.704
L,9098,33451636.56,3086479.268
D,9099,33442236.07,3086495.852
B,9100,33430650.03,3086387.71
F,9101,33430933.83,3086319.174
F,9102,33450587.6,3086529.599
F,9103,33460212.34,3086651.483
B,9104,33431409.07,3086429.411
F,9105,33443884.11,3086590.093
F,9106,33445684.32,3086544.511
D,9107,33441182.74,3086746.178
F,9108,33451194.27,3086459.577
F,9109,33452281.13,3086815.042
E,9110,33421587.13,3086478.405
L,9111,33454402.7,3086699.229
E,9112,33446924.51,3086516.257
F,9113,33444508.63,3086548.066
F,9114,33455213.93,3086735.279
C,9115,33427678.7,3086583.114
F,9116,33445038.51,3086771.255
G,9117,33428997.24,3086696.742
F,9118,33453725.12,3086759.043
E,9119,33423006.54,3086744.511
E,9120,33425096.18,3086961.693
D,9121,33441963.38,3086861.259
C,9122,33426707.74,3086729.934
G,9123,33442793.45,3086813.544
F,9124,33452607.89,3086990.816
E,9125,33446380.21,3086746.712
F,9126,33454921.05,3086917.334
E,9127,33422198.66,3086832.682
D,9128,33441028.15,3087051.344
F,9129,33459120.82,3086858.566
B,9130,33428885.18,3087111.028
B,9131,33430328.46,3086742.843
F,9132,33450000.78,3086852.386
C,9133,33426330.6,3087033.86
L,9134,33458488.47,3087203.027
F,9135,33448178.25,3086830.106
D,9136,33459894.93,3086896.132
C,9137,33428388.24,3086774.664
F,9138,33450540.64,3087042.018
F,9139,33458021.12,3087301.492
G,9140,33443561.69,3087042.695
F,9141,33459306.87,3087255.399
G,9142,33427623.42,3087161.895
B,9143,33429844.97,3086621.691
F,9144,33449121.93,3087119.98
F,9145,33454788.4,3087167.309
D,9146,33449408.78,3086865.258
E,9147,33444947.95,3087205.462
G,9148,33442523.04,3087196.858
F,9149,33453388.23,3086984.081
F,9150,33451671.77,3086944.814
F,9151,33460469.53,3087142.731
F,9152,33428302.12,3087377.565
F,9153,33445824.52,3087147.61
G,9154,33451229.99,3087266.774
D,9155,33441589.33,3087245.954
B,9156,33429517.64,3087159.292
E,9157,33424330.1,3087146.673
E,9158,33423171.12,3087288.083
B,9159,33430670.58,3087254.075
E,9160,33446774.42,3087309.457
F,9161,33454396.27,3087297.379
F,9162,33452365.42,3087370.972
F,9163,33448593.58,3087216.972
G,9164,33442337.94,3087495.45
F,9165,33445343.51,3087462.916
F,9166,33429098.69,3087525.228
F,9167,33453284.12,3087374.399
G,9168,33443142.11,3087405.821
F,9169,33459696.67,3087381.658
L,9170,33458150.83,3087599.105
E,9171,33423898.55,3087580.183
B,9172,33425722.96,3087372.315
D,9173,33449382.3,3087618.056
E,9174,33424118.2,3087355.222
D,9175,33450466.05,3087577.465
F,9176,33460630.76,3087521.839
B,9177,33422308.24,3087632.344
E,9178,33445507.2,3087647.746
B,9179,33425317.99,3087525.275
G,9180,33426454.4,3087547.936
B,9181,33428853.7,3087699.123
F,9182,33454173.22,3087608.837
L,9183,33455626.59,3087636.64
B,9184,33430739.45,3087703.672
F,9185,33428547.93,3087723.275
F,9186,33457881.89,3087766.444
F,9187,33453105.88,3087708.026
E,9188,33460171.4,3088023.976
F,9189,33453843.03,3087866.8
F,9190,33452704.35,3087768.714
F,9191,33459715.34,3087867.629
F,9192,33460758.18,3087849.321
F,9193,33455051.73,3087810.175
E,9194,33424014.72,3087925.165
G,9195,33426064.84,3087944.903
G,9196,33427673.29,3087689.238
B,9197,33425061.7,3087953.718
F,9198,33459112.6,3087806.631
B,9199,33423120.46,3087873.684
E,9200,33455933.28,3088142.456
B,9201,33429647.91,3087877.012
G,9202,33426938.11,3088050.08
E,9203,33421594.19,3087865.146
F,9204,33458625.74,3087870.828
D,9205,33460289.88,3087811.216
G,9206,33427561.36,3087995.58
B,9207,33429371.62,3088098.632
G,9208,33425614.44,3088254.483
F,9209,33429051.61,3088078.056
F,9210,33453283.69,3088172.034
D,9211,33459766.79,3088328.61
B,9212,33424678.69,3088270.874
F,9213,33456563.91,3088328.784
F,9214,33455169.71,3088277.366
F,9215,33454402.54,3088338.698
B,9216,33422307.05,3088187.43
G,9217,33452629.14,3088439.115
F,9218,33428486.09,3088047.212
G,9219,33426068.36,3088534.239
F,9220,33460898.97,3088412.853
L,9221,33456241.88,3088534.625
D,9222,33453676.26,3088475.158
F,9223,33428509.85,3088476.662
B,9224,33423722.9,3088432.826
F,9225,33455776.2,3088631.166
F,9226,33459798.19,3088754.307
D,9227,33460284.71,3088684.39
B,9228,33422688.77,3088573.958
G,9229,33452774.21,3088725.283
B,9230,33424697.63,3088699.803
F,9231,33455395.21,3088759.992
G,9232,33453089.46,3088881.527
F,9233,33455036.36,3088952.871
D,9234,33460211.95,3089112.673
D,9235,33454022.39,3088887.861
F,9236,33456116.89,3088992.044
F,9237,33459444.79,3088955.187
B,9238,33429096.83,3088764.309
E,9239,33421530.83,3088773.868
L,9240,33459051.03,3088898.962
G,9241,33425924.47,3089060.519
B,9242,33423067.94,3088872.861
B,9243,33428884.45,3089010.52
E,9244,33422286.85,3089033.466
B,9245,33424976.38,3089150.626
F,9246,33461038.85,3089137.936
D,9247,33454513.13,3088970.965
G,9248,33453579.67,3089219.703
B,9249,33424266.94,3089209.944
F,9250,33454683.42,3089316.995
F,9251,33423395.94,3089084.063
D,9252,33453145.57,3089349.601
B,9253,33421943.47,3089328.719
F,9254,33459865.46,3089403.106
G,9255,33460622.56,3089572.404
F,9256,33456036.65,3089420.199
F,9257,33452848.57,3089458.637
E,9258,33454100.88,3089571.691
B,9259,33421301.96,3089560.984
F,9260,33460112.49,3089621.175
D,9261,33460763.72,3089038.253
F,9262,33456890.86,3089315.062
G,9263,33425604.3,3089587.862
F,9264,33457385.73,3089557.662
F,9265,33456527.15,3089710.881
B,9266,33422692.76,3089728.937
F,9267,33452760.53,3089829.955
F,9268,33455532.2,3089603.46
D,9269,33455143.54,3089706.792
B,9270,33421924.92,3089889.247
G,9271,33454616.78,3089847.806
G,9272,33423460.32,3089584.711
F,9273,33456166.53,3089894.362
G,9274,33423779.37,3089688.603
G,9275,33461178.18,3089780.82
G,9276,33454195.88,3089964.674
F,9277,33452477.14,3090043.518
G,9278,33453668.91,3089929.596
G,9279,33425253.14,3089937.007
F,9280,33457587.1,3089937.815
F,9281,33460309.91,3090075.798
G,9282,33460789.11,3090075.783
G,9283,33424107.78,3089980.245
F,9284,33452325.1,3090334.254
F,9285,33453149.48,3090230.373
G,9286,33424962.69,3090077.699
F,9287,33458043.8,3090063.959
G,9288,33454884.95,3090159.076
G,9289,33461548.07,3090211.822
F,9290,33456368.47,3090359.697
B,9291,33422237.58,3090302.132
F,9292,33453513.73,3090567.247
F,9293,33457752.62,3090309.161
G,9294,33461830.29,3090682.548
F,9295,33456825.59,3090381.04
F,9296,33460726.11,3090587.709
G,9297,33462190.22,3090426.007
F,9298,33454165.2,3090500.785
D,9299,33455848.91,3090436.222
G,9300,33455094.2,3090521.442
G,9301,33424716.91,3090327.929
F,9302,33454522.63,3090655.219
F,9303,33458558.73,3090652.143
F,9304,33458915.31,3090750.216
G,9305,33461183.52,3090737.148
F,9306,33458170.38,3090491.034
G,9307,33455394.41,3090814.966
F,9308,33457049.45,3090636.901
L,9309,33453480.43,3091035.312
F,9310,33459956.23,3090997.662
G,9311,33462115.31,3090977.12
D,9312,33456414.41,3090976.73
F,9313,33459405.15,3090857.719
F,9314,33457357.64,3090905.118
F,9315,33453136.14,3090911.794
E,9316,33453044.54,3091233.421
F,9317,33458096.8,3091130.178
G,9318,33452357.83,3091064.237
F,9319,33460537.38,3091215.448
F,9320,33458716.19,3091223.076
F,9321,33454974.15,3091267.446
F,9322,33452781.51,3090925.742
F,9323,33453661.72,3091014.009
F,9324,33456981.52,3091123.54
G,9325,33461364.07,3091220.187
E,9326,33452684.91,3091309.811
F,9327,33454578.68,3091227.923
F,9328,33459185.5,3091352.071
F,9329,33457660.11,3091187.399
E,9330,33451851.81,3091339.635
G,9331,33462522.97,3091304.911
G,9332,33461911.69,3091481.409
G,9333,33455389.9,3091359.734
F,9334,33460786.44,3091639.745
F,9335,33452138.1,3091454.912
F,9336,33458523.06,3091655.211
F,9337,33457266.67,3091568.913
F,9338,33459887.6,3091613.605
F,9339,33459474.18,3091697.816
G,9340,33457687.97,3091928.637
G,9341,33458078.57,3091807.533
G,9342,33460598.93,3092010.075
G,9343,33461294.14,3091940.114
F,9344,33453067.21,3091836.11
G,9345,33458362.5,3092088.506
G,9346,33459741.32,3092204.221
F,9347,33452432.39,3092010.825
G,9348,33460134.56,3092157.535
F,9349,33458797.49,3092052.695
F,9350,33455272.09,3092204.36
G,9351,33459075.81,3092341.396
G,9352,33460451.6,3092535.314
G,9353,33458879.38,3092760.359
G,9354,33459485.77,3092608.912
G,9355,33459965.4,3092898.564
G,9356,33459493.33,3093103.991
C,9357,33427287.88,3086607.464
E,9358,33437794.12,3112240.949
B,9359,33438495.64,3112411.571
G,9360,33437943.25,3112770.98
G,9361,33437589.98,3113136.809
E,9362,33439623.72,3083663.804
E,9363,33439549.4,3084155.664
E,9364,33439102.12,3084121.368
G,9365,33438766.74,3084461.715
G,9366,33440137.06,3084818.449
G,9367,33439805.6,3084761.363
G,9368,33439252.23,3085089.118
G,9369,33438300.58,3085315.131
D,9370,33440201.3,3085509.09
D,9371,33439697.76,3085830.775
G,9372,33438813.36,3085678.753
D,9373,33438042.3,3085962.244
D,9374,33440732.15,3085803.295
D,9375,33441257.43,3086127.039
D,9376,33439314.47,3086179.985
D,9377,33440535.28,3086441.538
F,9378,33444376.84,3087050.475
D,9379,33438632.43,3086711.818
D,9380,33438141.2,3086700.612
D,9381,33439316.97,3086848.695
L,9382,33447872.37,3087195.17
D,9383,33440207.43,3086681.21
D,9384,33439995.19,3087048.064
C,9385,33440759.33,3087449.71
D,9386,33440749.37,3087299.305
D,9387,33441119.6,3087573.24
F,9388,33447630.67,3087580.429
J,9389,33437562.86,3087868.595
E,9390,33443610.09,3087575.865
J,9391,33438047.64,3087597.211
F,9392,33444376.77,3087609.398
D,9393,33439757.3,3087578.617
E,9394,33452137.64,3087904.889
J,9395,33437173.45,3087936.503
G,9396,33441589.81,3087883.942
E,9397,33451227.55,3088026.302
B,9398,33430088.69,3088059.451
E,9399,33451507.06,3087923.621
G,9400,33442767.29,3088041.419
G,9401,33446771.86,3088003.457
J,9402,33438995.03,3087763.411
F,9403,33443752.64,3087979.962
F,9404,33451738.22,3087982.564
C,9405,33439658.42,3087920.144
F,9406,33449673.83,3088185.179
F,9407,33452203.33,3088349.426
G,9408,33445452.65,3088371.695
F,9409,33449097.65,3088263.412
G,9410,33427292.27,3088481.332
G,9411,33441780.55,3088221.815
F,9412,33448450.08,3088463.474
G,9413,33446261.73,3088135.945
B,9414,33430644.61,3088296.052
F,9415,33451111.75,3088700.474
C,9416,33440378.28,3088075.039
E,9417,33450237.79,3088140.34
E,9418,33450774.65,3088341.626
B,9419,33429642.15,3088535.672
F,9420,33450275.54,3088436.367
L,9421,33448667.93,3088766.963
F,9422,33451362.38,3088182.179
J,9423,33438117.5,3088514.096
F,9424,33450602.06,3088348.607
G,9425,33444836.26,3088135.951
B,9426,33432559.67,3088602.408
G,9427,33439434.98,3088275.742
G,9428,33441962.81,3088610.471
E,9429,33447173.66,3088106.102
F,9430,33427937.38,3088761.647
G,9431,33439931.97,3088424.703
G,9432,33443206.13,3088511.809
C,9433,33433424.63,3088763.571
E,9434,33450912.84,3088999.002
J,9435,33437129.87,3088509.299
B,9436,33432038.34,3088741.6
B,9437,33429446.32,3088973.633
F,9438,33444109.53,3088881.352
E,9439,33445541.22,3088800.513
G,9440,33440871.1,3088260.819
B,9441,33430099.4,3088776.733
B,9442,33430815.75,3088826.962
G,9443,33440994.43,3089012.473
D,9444,33438562.82,3088601.874
C,9445,33440840.93,3088730.44
F,9446,33449577.72,3088741.576
G,9447,33440388.57,3088731.41
G,9448,33442362.14,3088863.233
B,9449,33431566.12,3088812.895
B,9450,33430478.27,3088834.433
D,9451,33439161.15,3088730.29
G,9452,33426744.86,3089039.636
C,9453,33432917.55,3089058.85
F,9454,33431198.38,3088615.507
F,9455,33448457,3089011.498
G,9456,33427539.86,3089074.079
B,9457,33429826.57,3089156.033
E,9458,33428576.57,3089135.53
G,9459,33430829.75,3089287.312
G,9460,33439588.04,3089172.325
G,9461,33443626.42,3089208.345
L,9462,33449525.12,3089251.188
B,9463,33430055.81,3089430.767
G,9464,33438266.65,3089326.45
D,9465,33438981.29,3089235.518
E,9466,33428403.02,3089328.606
G,9467,33427338.78,3089546.72
G,9468,33442429.62,3089358.195
B,9469,33447410.14,3089508.107
G,9470,33442879.82,3089289.055
F,9471,33448978.39,3089097.322
G,9472,33432012.77,3089413.014
B,9473,33444750.25,3089462.549
C,9474,33437345.31,3089476.829
G,9475,33431417.33,3089596.484
G,9476,33441377.58,3089353.732
B,9477,33445335.64,3089420.311
G,9478,33430883.75,3089631.683
C,9479,33436686.09,3089536.02
E,9480,33429938.52,3089683.297
G,9481,33440040.85,3089503.73
B,9482,33428142.69,3089460.061
G,9483,33440621.39,3089589.899
G,9484,33442125.08,3089797.711
G,9485,33438011.39,3089743.937
G,9486,33443209.23,3089742.288
G,9487,33432438.71,3089509.846
B,9488,33432241.15,3090014.117
G,9489,33438865.01,3089699.88
G,9490,33426456.73,3089849.735
B,9491,33429503.58,3089669.883
B,9492,33431825.55,3089941.148
F,9493,33431469.49,3090127.906
B,9494,33445549.14,3089918.56
B,9495,33429091.79,3089736.267
F,9496,33427427.37,3089784.113
B,9497,33445884.1,3089643.272
B,9498,33430286.93,3090016.229
F,9499,33430915.2,3090245.942
B,9500,33431292.51,3090064.601
F,9501,33431172.19,3090284.445
F,9502,33429665.75,3090109.717
F,9503,33439204.41,3090031.023
B,9504,33430759.6,3089879.004
B,9505,33428603.96,3090003.396
B,9506,33445381.67,3090213.377
G,9507,33439681.92,3089921.313
B,9508,33446647.46,3090083.601
G,9509,33443728.74,3089799.941
B,9510,33429058.85,3090343.692
J,9511,33437262.56,3090168.312
E,9512,33423434.51,3090399.323
G,9513,33443962.43,3090113.745
B,9514,33448260.13,3090202.352
B,9515,33421153.48,3090125.604
G,9516,33437917.27,3090260.321
G,9517,33441316.52,3089952.682
F,9518,33427500.46,3090286.888
G,9519,33443949.98,3090461.635
B,9520,33428247.49,3090495.809
B,9521,33446467.94,3090700.553
B,9522,33444867.68,3090312.447
B,9523,33446700.71,3090793.144
B,9524,33428960.47,3090713.826
G,9525,33426102.33,3090383.2
B,9526,33447546.7,3090165.946
G,9527,33423701.89,3090697.701
F,9528,33440380.21,3090365.627
B,9529,33429213.35,3090590.089
G,9530,33442033.47,3090413.132
B,9531,33422925.09,3090425.839
F,9532,33439546.62,3090623.089
G,9533,33438421.04,3090430.875
G,9534,33426927.11,3090397.359
G,9535,33441348.39,3090451.013
B,9536,33428403.25,3090759.323
G,9537,33442770.9,3090416.99
G,9538,33438231.5,3090754.73
B,9539,33447963.64,3090675.628
B,9540,33448655,3090635.131
G,9541,33424349.52,3090804.142
B,9542,33423176.77,3090937.055
B,9543,33445771.64,3090704.022
B,9544,33420659.35,3090965.883
B,9545,33437087.62,3091066.376
F,9546,33426755.56,3090846.262
B,9547,33431824.73,3090490.683
G,9548,33444143.51,3090852.991
C,9549,33437467.93,3090933.609
G,9550,33438664.27,3090892.039
B,9551,33446107.79,3090692.3
B,9552,33428234.65,3091025.223
B,9553,33449055.98,3091039.032
B,9554,33430017.95,3090902.872
G,9555,33443918.78,3091164.798
F,9556,33421595.13,3090795.307
J,9557,33436908.29,3090906.736
B,9558,33445308.3,3090866.886
G,9559,33442498.5,3091007.442
F,9560,33448305.88,3091264.661
B,9561,33427760.43,3090958.236
B,9562,33437727.71,3091203.689
F,9563,33439581.73,3091128.861
B,9564,33437154.91,3091340.609
B,9565,33420959.65,3090845.564
G,9566,33426009.34,3090894.875
G,9567,33438935.28,3091219.316
F,9568,33427175.14,3091305.907
F,9569,33422214.28,3091086.185
B,9570,33427460.33,3091043.542
B,9571,33431326.45,3091003.126
F,9572,33447205.01,3090917.064
B,9573,33430852.76,3090808.258
B,9574,33430413.5,3090826.311
G,9575,33441810.31,3091260.123
B,9576,33426917.68,3091534.832
G,9577,33426104.05,3091234.122
G,9578,33424336.7,3091255.249
F,9579,33450461.38,3091495.843
B,9580,33423437.61,3091267.664
F,9581,33447449.11,3091287.067
B,9582,33429007.35,3091241.7
G,9583,33436907.86,3091371.789
B,9584,33427914.8,3091542.176
G,9585,33443971.15,3091488.088
G,9586,33425232.15,3091432.928
B,9587,33420637.28,3091366.948
F,9588,33441088.69,3091042.135
B,9589,33429266.43,3091608.293
E,9590,33430344.2,3091515.536
G,9591,33432301.33,3091138.082
B,9592,33428245.8,3091414.066
B,9593,33429589.52,3091306.812
B,9594,33420449.98,3091929.656
F,9595,33445696.8,3091480.292
G,9596,33437567.52,3091471.846
G,9597,33455787.47,3091350.435
E,9598,33440409,3091478.511
B,9599,33448308.85,3091376.231
E,9600,33440226.2,3090970.75
F,9601,33449954.41,3091612.416
G,9602,33456117.1,3091558.22
G,9603,33425953.14,3091386.543
B,9604,33448940.44,3091652.306
G,9605,33432028.01,3091539.774
E,9606,33422328.2,3091701.295
G,9607,33442400.88,3091557.127
E,9608,33421775.23,3091579.899
F,9609,33444925.55,3091514.891
G,9610,33442962.41,3091674.527
B,9611,33421483.13,3091801.188
B,9612,33429848.4,3091711.105
G,9613,33422717.12,3091466.977
B,9614,33437209.53,3091965.139
G,9615,33438663.26,3091756.544
F,9616,33427156.24,3091767.849
G,9617,33431498.24,3091767.348
E,9618,33440863.68,3091760.235
G,9619,33438150.94,3091594.93
E,9620,33449756.94,3091971.676
G,9621,33424011.62,3091649.444
F,9622,33450789.16,3092104.832
G,9623,33456463.46,3091780.09
B,9624,33441276.26,3091680.008
J,9625,33432485.71,3092089.369
F,9626,33450957.2,3091917.277
F,9627,33448129.45,3091795.276
B,9628,33420700.4,3092057.992
F,9629,33439250.78,3091742.105
G,9630,33430891.01,3091909.941
G,9631,33444723.81,3091966.898
G,9632,33424804.84,3091981.499
B,9633,33427318.01,3092057.306
B,9634,33430362.51,3092059.093
B,9635,33428470.11,3091925.757
B,9636,33428326.26,3092226.842
G,9637,33443964.36,3091914.924
G,9638,33437045.47,3091780.428
G,9639,33431807.68,3092062.17
G,9640,33425699.79,3092100.592
F,9641,33450454.34,3092327.122
G,9642,33426177.55,3091950.916
F,9643,33441441.33,3092035.218
G,9644,33456973.14,3092020.65
G,9645,33456604.62,3092188.078
G,9646,33436281.67,3092154.125
G,9647,33457706.96,3092293.025
F,9648,33446023.44,3092143.118
E,9649,33440304.08,3092108.682
B,9650,33427122.45,3092505.076
F,9651,33447504.36,3092048.027
G,9652,33443089.92,3092243.529
F,9653,33456090.86,3092404.772
B,9654,33426121.46,3092512.835
G,9655,33432100.8,3092332.817
F,9656,33455703.83,3092204.184
E,9657,33431433.44,3092506.439
J,9658,33432334.31,3092481.173
B,9659,33425828.19,3092544.117
F,9660,33438773.17,3092290.726
B,9661,33439848.23,3091961.954
G,9662,33438095.19,3092308.985
G,9663,33422473.77,3092335.124
F,9664,33446559.21,3092072.262
E,9665,33450531.22,3092592.01
B,9666,33428014.39,3092476.852
J,9667,33458078.97,3092636.755
B,9668,33438871.79,3092718.373
B,9669,33426415.48,3092573.634
G,9670,33423160.12,3091839.932
E,9671,33440477.84,3092405.83
B,9672,33448295.1,3092533.41
F,9673,33442231.34,3092369.946
G,9674,33442886.95,3092726.235
G,9675,33423606.9,3092227.537
B,9676,33448786.17,3092334.73
G,9677,33425193.76,3092491.589
F,9678,33421615.85,3092608.644
F,9679,33456339.04,3092806.751
F,9680,33439398.47,3092488.37
F,9681,33447070.84,3092196.232
F,9682,33450169.99,3092531.309
B,9683,33420629.43,3092614.15
F,9684,33447933.76,3092454.325
B,9685,33429187.02,3091963.108
F,9686,33441530.91,3092440.89
G,9687,33423042.43,3092670.442
B,9688,33428850.98,3092397.229
G,9689,33457179.12,3092562.498
F,9690,33445394.96,3092541.677
B,9691,33421425.6,3092371.561
G,9692,33437477.08,3092553.646
B,9693,33431047.23,3092608.679
B,9694,33416980.34,3092741.952
B,9695,33430532.3,3092634.392
F,9696,33436596,3092655.171
F,9697,33452313.73,3092710.082
B,9698,33439460.89,3092782.186
B,9699,33448164.06,3092854.157
G,9700,33437155.78,3092452.69
F,9701,33438921.41,3092938.465
F,9702,33451521.29,3092840.691
B,9703,33427695.99,3092877.373
G,9704,33443872.16,3092556.688
E,9705,33426906.16,3092416.43
G,9706,33424104.22,3092761.231
B,9707,33426636.08,3092952.603
G,9708,33444491.26,3092546.404
F,9709,33451916.27,3092898.735
F,9710,33450504.13,3092949.903
B,9711,33441472.37,3092930.42
B,9712,33440792.65,3092866.138
F,9713,33446439.98,3092875.46
B,9714,33417926.62,3092830.217
F,9715,33445731.91,3092436.075
G,9716,33457502.77,3092866.306
G,9717,33436131.75,3092949.744
F,9718,33425714.55,3092963.189
B,9719,33440280.84,3092955.073
B,9720,33430142.36,3093032.191
B,9721,33438369.94,3092939.345
J,9722,33435576.41,3092829.31
G,9723,33431254.52,3093079.466
G,9724,33424555.64,3092758.682
G,9725,33422463.29,3092910.473
F,9726,33450880.97,3093033.443
G,9727,33432549.12,3093063.274
B,9728,33421555.66,3093078.376
B,9729,33420839.22,3093096.119
F,9730,33444867.76,3093008.946
G,9731,33431820.78,3092982.946
B,9732,33419562.21,3093054.203
F,9733,33429038.44,3092905.482
G,9734,33458172.06,3093098.611
F,9735,33452036.39,3093358.057
F,9736,33437546.51,3093115.308
C,9737,33459233.39,3093378.386
B,9738,33417335.34,3093013.378
G,9739,33457738.67,3093105.129
B,9740,33426389.88,3093345.291
B,9741,33442183.33,3093209.033
F,9742,33418346.65,3093215.631
F,9743,33442934.82,3093106.799
G,9744,33443542.78,3093217.788
F,9745,33447803.58,3093338.635
B,9746,33416620.37,3093199.988
G,9747,33458534.43,3093334.065
B,9748,33446547.25,3093145.731
B,9749,33427912.22,3093409.661
F,9750,33425848.01,3093441.251
B,9751,33421887.99,3093360.982
G,9752,33422620.15,3093414.254
F,9753,33428506.01,3093231.621
F,9754,33445359.74,3093380.39
G,9755,33423880.57,3093386.832
G,9756,33423174.78,3093273.25
B,9757,33439508.73,3093419.359
L,9758,33450517.65,3093540.44
F,9759,33436811.69,3093449.539
B,9760,33418225.98,3093713.957
F,9761,33452398.96,3093514.183
G,9762,33435081.74,3093521.112
F,9763,33456726.87,3093194.06
B,9764,33447128.11,3093240.932
E,9765,33440976.01,3093488.742
B,9766,33430235.35,3093574.606
G,9767,33425065.52,3093263.911
F,9768,33457010.23,3093400.093
G,9769,33443908.59,3093497.624
F,9770,33419209.79,3093356.521
F,9771,33437798.25,3093536.313
B,9772,33426416.19,3093749.799
B,9773,33421760.25,3093732.864
G,9774,33458890.23,3093788.224
F,9775,33448215.4,3093638.111
F,9776,33425370.63,3093710.032
B,9777,33428715.7,3093727.803
F,9778,33445658.56,3093751.754
G,9779,33436111.38,3093672.05
B,9780,33427945.41,3093842.074
G,9781,33444448.27,3093730.644
G,9782,33431762.65,3093664.275
B,9783,33441104.03,3093881.234
B,9784,33429527.94,3093518.067
G,9785,33430745.52,3093524.237
F,9786,33458116.57,3093770.796
B,9787,33416188.58,3093663.659
F,9788,33419790.82,3093858.665
E,9789,33449714.08,3093926.995
G,9790,33435284.07,3093789.425
F,9791,33449345.93,3093407.887
G,9792,33417544.23,3094116.941
F,9793,33452599.13,3093824.132
B,9794,33445031.96,3094047.696
F,9795,33451087.44,3093807.35
F,9796,33457261.84,3093694.651
F,9797,33429218.99,3093921.215
G,9798,33419337.83,3094105.52
F,9799,33436905.89,3093879.509
B,9800,33425599.57,3093926.094
F,9801,33443410.13,3093882.082
G,9802,33424449.26,3093678.625
F,9803,33449916.69,3093867.567
B,9804,33439570.9,3093788.129
E,9805,33427136.49,3093999.578
F,9806,33438899.19,3094016.105
F,9807,33448951.09,3093884.378
C,9808,33459996.09,3093872.124
B,9809,33441687.41,3093789.519
F,9810,33457610.89,3093722.033
B,9811,33430680.16,3094150.248
G,9812,33431088.4,3093881.057
B,9813,33419168.84,3093719.781
F,9814,33448587.11,3093926.597
B,9815,33438785.96,3093505.661
B,9816,33442044.69,3093943.407
B,9817,33440302.85,3093820.961
G,9818,33418913.31,3094081.589
C,9819,33459547.11,3093799.108
J,9820,33432430.91,3093757.17
F,9821,33458658.79,3094172.602
E,9822,33418191.79,3093967.638
E,9823,33416710.44,3093946
F,9824,33436824.87,3094220.096
B,9825,33438022.27,3094088.064
E,9826,33426489.34,3094095.909
F,9827,33448229.96,3094180.281
B,9828,33435525.55,3094302.461
B,9829,33415692.01,3094130.562
C,9830,33434820.66,3094189.916
B,9831,33420075.31,3093988.116
G,9832,33442853.44,3093764.073
F,9833,33425814.52,3094195.986
F,9834,33426457.72,3094344.386
F,9835,33417595.42,3094345.346
E,9836,33425037.87,3094456.546
F,9837,33452780.28,3094270.164
F,9838,33445395.77,3094264.443
F,9839,33459250.66,3094296.972
F,9840,33451539.57,3094186.075
G,9841,33422898.52,3094110.501
G,9842,33419036.71,3094498.207
F,9843,33441330.01,3094466.937
G,9844,33435841.8,3094298.47
F,9845,33437797.02,3094094.778
G,9846,33444312.32,3094255.785
F,9847,33457769.83,3094117.043
B,9848,33427938.42,3094325.333
G,9849,33423785.43,3094353.241
B,9850,33446695.15,3094203.451
G,9851,33424068.85,3094067.194
G,9852,33436925.86,3094492.035
F,9853,33449205.11,3094224.419
B,9854,33440786.16,3094524.77
G,9855,33431743.44,3094247.082
B,9856,33446289.33,3093985.057
F,9857,33445531.78,3094552.848
B,9858,33425992.6,3094460.361
E,9859,33441921.52,3094275.819
G,9860,33419492.33,3094491.432
B,9861,33443592.52,3094459.373
F,9862,33425010.85,3094215.586
B,9863,33430602.65,3094387.08
E,9864,33438384.31,3094490.273
F,9865,33458140.29,3094290.718
B,9866,33422194.15,3094121.877
B,9867,33429537.98,3094423.444
G,9868,33419805.39,3094637.01
F,9869,33421209.29,3094224.362
G,9870,33434802.12,3094493.339
F,9871,33430179.84,3094398.403
B,9872,33438674.47,3094591.134
E,9873,33417077.25,3094292.142
F,9874,33420595.08,3094385.77
F,9875,33449379.22,3094535.559
G,9876,33420388.55,3094791.811
B,9877,33415843.5,3094621.149
J,9878,33432187.78,3094801.24
F,9879,33438073.59,3094573.527
G,9880,33459894.37,3094574.915
B,9881,33442876.97,3094490.323
E,9882,33416453.87,3094693.333
B,9883,33446817.47,3094682.102
B,9884,33418433.13,3094670.133
E,9885,33440105.12,3094515.022
F,9886,33419057.21,3094969.735
B,9887,33426567.29,3094658.229
G,9888,33460298.27,3094598.639
B,9889,33439541.4,3094564.233
F,9890,33455110.03,3094911.757
F,9891,33445949.2,3094803.438
E,9892,33419276.9,3094676.504
F,9893,33442315.29,3094564.414
F,9894,33438971.42,3094580.103
B,9895,33443439.61,3094797.518
F,9896,33437160.37,3094805.186
G,9897,33435932.7,3094766.211
F,9898,33453032.65,3094634.934
F,9899,33458916.32,3094773.646
F,9900,33458478.47,3094623.378
G,9901,33431930.76,3094742.301
F,9902,33448334.41,3094716.62
B,9903,33428627.35,3094565.359
F,9904,33441676.06,3094819.671
F,9905,33451967.4,3094677.911
B,9906,33418208.46,3094367.738
F,9907,33446727.56,3095210.319
B,9908,33426130.36,3094900.146
B,9909,33430541.24,3095019.254
B,9910,33429395.49,3094711.127
F,9911,33453841.29,3094877.41
G,9912,33423699.48,3094848.553
F,9913,33421276.81,3094922.689
G,9914,33444672.3,3094759.615
F,9915,33425297.45,3095174.601
F,9916,33453326.83,3094918.4
G,9917,33420691.41,3095191.858
E,9918,33420103.38,3094930.168
B,9919,33421865.74,3094687.881
B,9920,33424836.77,3094850.704
G,9921,33422663.87,3094816.742
F,9922,33424419.26,3095003.854
B,9923,33442070.99,3095114.508
F,9924,33454204.8,3095170.229
B,9925,33428545.12,3095086.568
F,9926,33449572.86,3094764.997
E,9927,33422751.12,3095284.585
F,9928,33459520.79,3095012.484
F,9929,33445511.49,3095021.327
G,9930,33431427.81,3094965.297
C,9931,33432274.55,3095122.243
E,9932,33442841.04,3095124.164
F,9933,33458516.75,3095291.008
G,9934,33430676.27,3095022.514
F,9935,33424038.7,3095289.074
G,9936,33422185.52,3095199.58
F,9937,33437385.92,3095143.535
G,9938,33460333.6,3095101.86
B,9939,33415339.73,3094888.437
F,9940,33452492.12,3095173.087
B,9941,33444204.94,3095043.936
F,9942,33438285.47,3095130.231
F,9943,33449871.46,3094754.176
B,9944,33441273.07,3094980.976
E,9945,33444573.46,3095384.732
F,9946,33451144.05,3095159.711
B,9947,33415973.7,3095096.477
F,9948,33447995.54,3095194.153
J,9949,33434484.56,3095201.135
B,9950,33427703.33,3094853.695
F,9951,33429190.09,3094774.268
F,9952,33449958.22,3095103.734
B,9953,33435542.69,3095590.254
B,9954,33425435.61,3094711.993
C,9955,33435276.17,3095185.209
B,9956,33446193.36,3095294.465
G,9957,33421525.71,3095386.872
E,9958,33453087.56,3095449.285
G,9959,33460696.42,3095420.428
B,9960,33439993.24,3095160.912
B,9961,33442548.46,3095480.342
G,9962,33437028.73,3095331.655
B,9963,33416755.4,3095387.374
B,9964,33440756.56,3095328.244
G,9965,33429831.77,3095293.341
E,9966,33419973.32,3095546.295
B,9967,33439341.45,3095335.277
B,9968,33428664.29,3095476.791
F,9969,33428207.42,3095707.8
F,9970,33458353.8,3095636.446
E,9971,33425216.06,3096152.079
F,9972,33459248.7,3095395.765
B,9973,33443716.08,3095363.171
C,9974,33436002.61,3095427.52
B,9975,33427564.81,3095337.93
F,9976,33448533.94,3095242.73
B,9977,33438697.35,3095376.297
B,9978,33430927.35,3095532.494
B,9979,33427046.23,3095411.101
F,9980,33450606.22,3095506.961
F,9981,33439189.7,3095478.99
B,9982,33443280.07,3095534.577
F,9983,33450129.6,3095354.346
F,9984,33436938.5,3095567.516
B,9985,33446550.03,3095681.034
B,9986,33425048.96,3095539.777
F,9987,33456455.44,3095497.214
F,9988,33445433.31,3095511.452
B,9989,33441781.26,3095534.514
F,9990,33456774.05,3095545.431
B,9991,33441196.97,3095752.37
J,9992,33434134.92,3095930.863
F,9993,33448922.64,3095327.511
F,9994,33447693.65,3095679.151
J,9995,33434395.07,3095725.232
B,9996,33427631.15,3095937.84
E,9997,33426383.97,3095380.206
F,9998,33444811.07,3095687.739
F,9999,33423667.27,3095484.639
E,10000,33426199.67,3095712.98
F,10001,33450733.17,3095789.444
G,10002,33459873.57,3095779.235
F,10003,33454590.82,3095539.825
F,10004,33457878.48,3095797.51
F,10005,33448209.07,3095759.112
F,10006,33436807.18,3095744.732
F,10007,33452825.29,3095837.718
F,10008,33449348.55,3095795.972
B,10009,33415787.28,3095657.478
F,10010,33454970.88,3095631.116
E,10011,33444084.16,3095832.614
B,10012,33440134.14,3095515.434
F,10013,33438665.29,3096076.818
B,10014,33438229.95,3095661.248
G,10015,33436081.68,3096019.954
B,10016,33417391.73,3095761.236
B,10017,33442511.67,3095870.901
B,10018,33424513.75,3095819.942
G,10019,33460339.27,3095889.093
O,10020,33429559.36,3095844.026
F,10021,33453201.89,3095806.201
F,10022,33457524.11,3095854.982
G,10023,33422595.26,3095719.882
F,10024,33423471.62,3095728.372
F,10025,33443588.16,3096133.163
E,10026,33425612.63,3096113.995
E,10027,33416131.02,3095960.467
B,10028,33427955.37,3096070.871
F,10029,33450950.6,3096055.253
G,10030,33430069.18,3095833.09
F,10031,33458805.48,3095959.781
G,10032,33435258.12,3095912.337
B,10033,33439397.18,3095994.158
B,10034,33440316.56,3095756.41
G,10035,33421960.43,3095979.942
C,10036,33432189.85,3095797.238
F,10037,33457024.1,3095917.861
G,10038,33460763.17,3096017.002
B,10039,33429225.1,3096017.959
F,10040,33453529.17,3096083.708
C,10041,33434472.53,3096079.267
F,10042,33446221.27,3096081.45
F,10043,33455369.87,3095997.275
E,10044,33444838.84,3096260.1
E,10045,33441451,3096201.389
E,10046,33422230.97,3096236.336
F,10047,33436634.68,3096250.285
C,10048,33431798.89,3095971.717
E,10049,33417295.7,3096420.906
F,10050,33444171.03,3096128.742
F,10051,33459419.62,3096237.974
B,10052,33417934.56,3096144.928
F,10053,33449538.54,3096263.727
G,10054,33430557.41,3095928.573
G,10055,33430769.66,3095828.297
G,10056,33461219.24,3096240.621
E,10057,33450071.77,3096322.887
C,10058,33431360.53,3096049.342
B,10059,33442615.63,3096339.974
F,10060,33448913.39,3096229.849
B,10061,33426159.92,3096341.971
F,10062,33438810.3,3096443.217
E,10063,33445888.42,3096194.183
F,10064,33427769.5,3096394.499
F,10065,33416345.88,3096352.837
F,10066,33457960.42,3096239.609
F,10067,33458183.98,3096394.05
F,10068,33426893.09,3096376.75
E,10069,33454180.31,3096320.757
F,10070,33437662.76,3096162.996
B,10071,33428107.03,3096583.417
F,10072,33428654.15,3096257.389
F,10073,33453547.78,3096468.649
F,10074,33448124.27,3096280.005
F,10075,33458548.11,3096346.865
B,10076,33439576.34,3096403.445
G,10077,33423097.37,3096078.632
B,10078,33445269.18,3096337.57
E,10079,33438931.63,3096299.956
E,10080,33421338.3,3096510.794
G,10081,33459974.2,3096427.185
F,10082,33439004.34,3096722.583
G,10083,33435856.3,3096462.096
F,10084,33447653.28,3096404.798
G,10085,33430577.33,3096476.039
B,10086,33415265.09,3096274.043
B,10087,33420828.75,3096192.844
F,10088,33456666.42,3096349.093
F,10089,33457227.64,3096399.167
F,10090,33450868.64,3096400.053
F,10091,33443423.74,3096609.327
B,10092,33438509.27,3096460.284
B,10093,33446819.49,3096212.438
G,10094,33421292.96,3096171.644
F,10095,33422771.42,3096515.003
G,10096,33429981.9,3096617.635
G,10097,33435207.85,3096620.753
F,10098,33441326.86,3096777.461
G,10099,33460454.31,3096639.577
F,10100,33450373.34,3096360.142
D,10101,33432795.19,3096359.181
B,10102,33442528.82,3096734.039
F,10103,33451096.9,3096642.857
F,10104,33456222.31,3096419.726
B,10105,33416861.78,3096524.201
E,10106,33444601.28,3096536.303
P,10107,33459149.27,3096706.078
B,10108,33424349.5,3096496.889
D,10109,33454775.58,3096454.867
E,10110,33441319.15,3096858.695
E,10111,33417591.81,3096775.625
B,10112,33438420.38,3096673.139
F,10113,33457503.51,3096568.022
B,10114,33422277.59,3096725.221
B,10115,33441039.6,3096650.934
F,10116,33448614.89,3096441.955
F,10117,33453915.09,3096559.827
F,10118,33449778.48,3096735.337
F,10119,33443802.55,3096831
F,10120,33455877.42,3096403.383
F,10121,33451296.31,3096794.227
B,10122,33426441.45,3096832.791
E,10123,33446404.91,3096601.531
G,10124,33461029.14,3096810.934
E,10125,33454952.56,3096863.782
J,10126,33434409.89,3097010.42
F,10127,33456622.34,3096800.958
J,10128,33432074.92,3096739.267
G,10129,33430098.64,3096939.991
B,10130,33440633.31,3096585.774
E,10131,33444258.52,3096747.1
F,10132,33437875.24,3096711.417
E,10133,33447623.65,3097042.723
E,10134,33415616.21,3096689.636
E,10135,33441713.1,3096748.486
E,10136,33443346.17,3096396.212
P,10137,33459790.13,3097000.212
B,10138,33429435.8,3096678.624
B,10139,33418253.01,3096597.306
B,10140,33428873.59,3096790.711
E,10141,33420815.54,3095785.508
E,10142,33450752.43,3097024.78
D,10143,33455875.42,3097147.394
E,10144,33447068.83,3097109.083
G,10145,33421371.14,3096785.132
G,10146,33436581.75,3096817.864
G,10147,33457551.92,3096943.222
E,10148,33416247.28,3096420.477
C,10149,33461533.63,3097020.222
E,10150,33443936.36,3097090.544
D,10151,33456396.54,3097177.364
B,10152,33438148.62,3097068.78
F,10153,33437151.92,3096955.157
F,10154,33451339.93,3097050.71
E,10155,33445600.36,3096901.573
B,10156,33423816.94,3096844.461
B,10157,33439931.28,3096839.618
E,10158,33441727.5,3097069.801
J,10159,33434454.45,3096972.957
G,10160,33434902.04,3097133.008
B,10161,33423310.89,3096672.707
G,10162,33459166.62,3097050.735
E,10163,33444911.15,3097006.906
B,10164,33422146.55,3097040.481
B,10165,33428236.78,3096946.295
F,10166,33441254.55,3097230.507
G,10167,33435809.61,3097073.437
E,10168,33450322.03,3097035.759
B,10169,33419896.76,3097028.985
B,10170,33438439.13,3097157.021
G,10171,33457834.22,3097121.453
B,10172,33415011.79,3097205.16
F,10173,33449896.11,3097163.035
F,10174,33457033.87,3097155.771
E,10175,33444516.97,3097251.481
B,10176,33417412.03,3097219.533
B,10177,33442668.1,3097168.487
F,10178,33454124.14,3097014.144
E,10179,33418333.94,3097110.236
F,10180,33454493.97,3097201.685
E,10181,33440235.34,3097273.758
G,10182,33458126.44,3097225.952
F,10183,33427636.3,3097137.861
G,10184,33431802.31,3097236.675
E,10185,33421601.24,3097319.362
F,10186,33454770.71,3097363.675
E,10187,33437039.18,3097600.039
G,10188,33437124.66,3097418.107
B,10189,33443968.89,3097478.787
E,10190,33443608.15,3096999.594
G,10191,33458422.77,3097237.592
G,10192,33458747.23,3097366.496
E,10193,33425241.28,3097315.117
G,10194,33456750.41,3097560.663
L,10195,33445751.74,3097503.56
F,10196,33450906.55,3097536.766
E,10197,33427102.64,3096783.454
E,10198,33446470.37,3097168.884
F,10199,33421279.76,3097592.829
G,10200,33431253.47,3097228.123
B,10201,33415957.04,3097308.662
E,10202,33441258.6,3097751.105
E,10203,33450554.47,3097716.759
D,10204,33460897.02,3097440.133
D,10205,33461458.53,3097533.173
G,10206,33420605.42,3097431.848
F,10207,33455271.53,3097499.398
F,10208,33450297.8,3097524.264
E,10209,33455726.17,3097507.414
D,10210,33460335.51,3097443.069
F,10211,33437834.98,3097469.023
E,10212,33425991.16,3097485.58
G,10213,33457516.49,3097560.686
B,10214,33420394.7,3097245.848
G,10215,33436544.29,3097543.301
B,10216,33439583.41,3097432.294
F,10217,33450619.18,3097870.111
E,10218,33414870.47,3097605.738
B,10219,33424418,3097091.696
G,10220,33430763.27,3097400.75
B,10221,33439046.29,3097260.574
B,10222,33429353.12,3097471.054
C,10223,33435347.32,3097604.832
D,10224,33461906.8,3097727.459
G,10225,33418134.39,3097917.605
B,10226,33430535.06,3097895.44
G,10227,33459156.39,3097570.257
E,10228,33444311.6,3097708.047
B,10229,33415473.65,3097825.372
E,10230,33441397.34,3097665.85
G,10231,33420570.43,3097828.02
F,10232,33428739.7,3097629.22
B,10233,33438689.11,3097781.47
E,10234,33418660.43,3097545.406
D,10235,33459705.49,3097672.639
F,10236,33430118.5,3097517.297
F,10237,33428192.64,3097580.733
F,10238,33455954.15,3097749.582
B,10239,33438135.64,3097848.411
E,10240,33420807.98,3097793.735
F,10241,33454757.05,3097805.052
F,10242,33451791.96,3097504.338
E,10243,33440283.2,3097672.785
C,10244,33434736.84,3097754.932
B,10245,33416625.36,3097515.107
D,10246,33462424.58,3097806.518
B,10247,33430000.85,3097898.451
E,10248,33441856.69,3097975.234
F,10249,33450236.24,3098078.856
E,10250,33443115.33,3097667.754
B,10251,33422331.44,3097770.748
E,10252,33440836.7,3097594.894
G,10253,33458066.03,3097896.311
E,10254,33424727.02,3097899.981
B,10255,33427180.92,3097889.88
F,10256,33457089.4,3097979.914
F,10257,33444720.88,3098039.897
G,10258,33420847.77,3098043.276
G,10259,33459580.71,3098161.612
F,10260,33455046.35,3098131.042
F,10261,33437327.53,3098022.876
B,10262,33414657.31,3097955.804
G,10263,33436178.57,3097801.364
B,10264,33443715.3,3098093.708
G,10265,33460292.32,3098055.203
J,10266,33461691.14,3098107.554
F,10267,33441018.82,3098176.056
G,10268,33458606.59,3098056.075
E,10269,33419763.98,3097986.164
B,10270,33422832.97,3097836.043
B,10271,33461738.73,3098385.013
B,10272,33416267.39,3098471.389
E,10273,33418984.53,3097965.46
B,10274,33440102.25,3098431.828
D,10275,33462503.07,3098436.408
E,10276,33440518.23,3097798.626
F,10277,33452776.52,3098221.627
L,10278,33446663.2,3098243.076
B,10279,33421159.86,3098262.614
G,10280,33459011.75,3098304.169
G,10281,33427657.18,3098354.488
D,10282,33460947.26,3098378.574
G,10283,33419189.57,3098281.378
E,10284,33450908.4,3098245.552
B,10285,33417258.87,3097972.547
B,10286,33439565.82,3098146.411
B,10287,33439654.5,3098535.383
B,10288,33415158.8,3097929.145
G,10289,33435778.09,3098171.136
E,10290,33441406.17,3098577.208
F,10291,33455983.22,3098319.101
F,10292,33455490.46,3098357.226
B,10293,33425527.78,3098261.272
B,10294,33438410.78,3098373.261
F,10295,33426400.43,3098241.638
B,10296,33421949.58,3098283.144
F,10297,33429142.26,3098245.485
F,10298,33456999.07,3098358.877
F,10299,33456449.56,3098337.766
F,10300,33445941.1,3098156.533
E,10301,33417568.2,3098201.916
E,10302,33443489.46,3098489.214
G,10303,33458002.33,3098567.716
F,10304,33444745.69,3098474.185
F,10305,33450592.05,3098670.146
F,10306,33457470.76,3098417.174
F,10307,33451338.62,3098297.6
J,10308,33462289.73,3098441.016
C,10309,33434483.31,3098438.555
E,10310,33437913.86,3098452.525
B,10311,33417641.84,3098575.975
F,10312,33452216.68,3098397.645
B,10313,33429562.79,3098441.731
F,10314,33437289.7,3098507.422
F,10315,33446486.7,3098683.919
F,10316,33440210.54,3098732.697
E,10317,33425922.25,3098201.617
F,10318,33440315.03,3098628.062
F,10319,33452948.98,3098557.822
B,10320,33418534.5,3098550.906
B,10321,33427059.79,3098632.216
G,10322,33428475.16,3098298.768
E,10323,33419759.76,3098786.252
F,10324,33444496.64,3098728.064
F,10325,33445380.86,3098663.977
G,10326,33435431.49,3098636.884
G,10327,33431036.83,3098559.933
F,10328,33436744.27,3098728.755
G,10329,33460698.18,3098900.67
F,10330,33452376.45,3098745.277
G,10331,33460043,3098734.137
F,10332,33425557.51,3098762.847
F,10333,33453998.57,3098826.276
E,10334,33416905.43,3098861.893
E,10335,33424108.92,3098458.657
F,10336,33417503.91,3098471.435
G,10337,33459233.85,3098723.416
F,10338,33445868.98,3098697.204
G,10339,33459562.65,3098836.278
F,10340,33444136.57,3098897.148
E,10341,33420292.72,3098639.067
B,10342,33415918.57,3099220.288
F,10343,33453535.14,3098819.474
B,10344,33430206.5,3098556.4
G,10345,33458690.43,3098957.146
E,10346,33442054.23,3098490.72
F,10347,33454862.14,3098802.455
F,10348,33456261.89,3099004.528
F,10349,33446860.01,3099181.808
G,10350,33457863.82,3099049.726
E,10351,33423024.41,3098640.274
G,10352,33430577.96,3098802.919
G,10353,33428216.35,3098832.46
F,10354,33436104.22,3098994.008
F,10355,33453169.63,3098770.371
G,10356,33418949.76,3098990.07
E,10357,33440165.9,3099025.108
F,10358,33455293.03,3098927.833
G,10359,33429742.94,3098989.917
E,10360,33423545,3098537.735
B,10361,33438456.49,3098955.714
G,10362,33457217.68,3099146.513
F,10363,33446219.61,3099109.293
B,10364,33427727.37,3099110.225
F,10365,33441046.28,3098956.318
F,10366,33455735.6,3099123.348
E,10367,33422633.58,3099155.748
F,10368,33426538.14,3099055.859
F,10369,33440749.23,3099237.014
E,10370,33452066.58,3099207.187
F,10371,33444579.08,3099195.478
B,10372,33425103.25,3098850.391
B,10373,33420736.37,3098972.305
G,10374,33419965.21,3098548.844
B,10375,33439776.54,3099451.667
B,10376,33421288.16,3099427.674
B,10377,33418358.14,3099012.813
B,10378,33425858.11,3099370.373
F,10379,33450962.03,3099174.721
G,10380,33430115.09,3099492.03
G,10381,33419551.92,3099058.669
F,10382,33439756.74,3099117.255
G,10383,33435297.34,3099298.07
F,10384,33446013.18,3099464.012
F,10385,33454816.27,3099402.34
B,10386,33439245.6,3099169.403
E,10387,33424735.43,3099142.925
F,10388,33456834.18,3099523.231
F,10389,33445044.68,3099377.818
C,10390,33434314.4,3099505.158
C,10391,33434700.7,3099301.078
F,10392,33453696.06,3099343.917
E,10393,33423907.33,3099228.755
F,10394,33454019.09,3099433.969
G,10395,33419194.42,3099357.992
E,10396,33440279.1,3099627.778
B,10397,33427962.96,3099541.331
F,10398,33436765.33,3099270.907
F,10399,33447294.7,3099617.592
G,10400,33457191.23,3099748.966
G,10401,33457941.41,3099583.839
B,10402,33438900.85,3099546.256
G,10403,33458550.34,3099721.107
E,10404,33451452.58,3099668.02
C,10405,33428877.36,3099570.764
G,10406,33429195.91,3099219.961
G,10407,33452821.12,3099775.027
B,10408,33420094.35,3099574.939
E,10409,33419161.81,3099774.033
C,10410,33434052.55,3099789.106
F,10411,33445704.63,3099648.088
F,10412,33445353.22,3099650.07
L,10413,33444299.49,3099580.513
E,10414,33441004.72,3099779.118
F,10415,33454306.98,3099683.823
F,10416,33437145.03,3099651.782
F,10417,33455314.9,3099587.478
B,10418,33421674.5,3099689.038
B,10419,33416808.24,3099589.301
E,10420,33426778.47,3099755.463
E,10421,33437664.48,3099190.261
F,10422,33423145.2,3099798.219
G,10423,33435917.03,3099751.872
E,10424,33416554.08,3099524.468
C,10425,33431587.12,3099544.214
C,10426,33431149.6,3099623.607
F,10427,33419543.38,3100036.385
B,10428,33424517.27,3099778.696
B,10429,33428350.31,3099912.717
G,10430,33434908.48,3100009.071
F,10431,33418703.12,3099816.512
F,10432,33455644.17,3099887.509
B,10433,33417948.05,3099498.174
F,10434,33446663.8,3100080.303
E,10435,33453242.91,3100030.458
C,10436,33430603.14,3099873.379
F,10437,33439940.97,3099914.345
E,10438,33420653.05,3100077.014
E,10439,33423920.44,3099817.658
E,10440,33421602.15,3100103.197
E,10441,33438312.5,3099734.201
F,10442,33446159.71,3100086.172
F,10443,33424678.54,3100408.007
E,10444,33451523.28,3100387.204
B,10445,33425993.7,3099982.884
D,10446,33452770.93,3100031.836
F,10447,33454617.89,3099989.344
F,10448,33445793.25,3100055.924
E,10449,33425163.72,3100096.98
F,10450,33436700.45,3100153.613
C,10451,33430008.36,3100111.323
B,10452,33423411.27,3100063.003
G,10453,33458476.6,3100337.427
C,10454,33429443.31,3100205.856
L,10455,33442224.82,3100225.172
E,10456,33426448.13,3100381.378
F,10457,33422935.06,3100550.995
G,10458,33455002.33,3100247.956
E,10459,33445047.94,3100164.501
E,10460,33438214.49,3100143.714
F,10461,33457170.06,3100390.667
F,10462,33446183.94,3100466.794
F,10463,33441047.21,3100410.653
F,10464,33452361.77,3100332.929
F,10465,33457368.97,3100160.043
E,10466,33452050.8,3100040.175
G,10467,33457902.01,3100381.36
G,10468,33429236.57,3100414.984
E,10469,33441626.11,3100207.059
F,10470,33419508.58,3100443.186
F,10471,33423757.65,3100358.918
E,10472,33439280.38,3100241.828
F,10473,33455695.5,3100317.819
B,10474,33417470.22,3100525.442
B,10475,33427307.76,3100063.159
F,10476,33456168.68,3100356.813
F,10477,33426815.47,3100425.787
E,10478,33440405.36,3100407.384
E,10479,33437710.18,3100240.995
G,10480,33453704.96,3100483.007
E,10481,33417153.36,3100365.087
G,10482,33428652.27,3100556.111
F,10483,33452715.11,3100630.217
E,10484,33422110.06,3100829.605
E,10485,33426891.49,3100886.79
G,10486,33454324.7,3100832.643
G,10487,33453282.76,3100933.386
F,10488,33443186.01,3100723.999
B,10489,33422347.86,3100521.256
F,10490,33439985.83,3100704.225
F,10491,33445238.8,3100673.501
G,10492,33435615.09,3100723.273
L,10493,33442927.01,3100766.441
C,10494,33430841.16,3100666.99
B,10495,33416796.58,3100199.898
G,10496,33427928.34,3100506.631
F,10497,33446298.49,3100789.629
F,10498,33419861.33,3100849.35
E,10499,33452092.96,3100973.255
G,10500,33455280.3,3100854.47
F,10501,33451883.21,3100746.152
C,10502,33430382.12,3100847.739
E,10503,33441966.66,3100901.411
D,10504,33456601.33,3100812.199
F,10505,33441124.96,3100971.533
G,10506,33427522.49,3101003.615
F,10507,33445527.41,3100914.229
G,10508,33434877.98,3100670.681
B,10509,33418249.28,3100725.277
F,10510,33457529.24,3100944.105
F,10511,33452634.92,3101188.236
E,10512,33424887.13,3100707.614
F,10513,33455794.05,3100914.122
B,10514,33421075.7,3100929.457
F,10515,33442882.21,3101224.432
D,10516,33456415.17,3100520.467
C,10517,33429875.4,3100982.376
E,10518,33438670.08,3100707.94
D,10519,33454632.64,3101239.202
B,10520,33423491.51,3100866.262
E,10521,33425605.23,3100816.214
L,10522,33444416.43,3101246.231
B,10523,33426208.15,3100887.212
B,10524,33422786.14,3100875.706
F,10525,33425401.65,3101055.589
G,10526,33452882.43,3101397.168
F,10527,33424573.36,3101046.233
E,10528,33443629.11,3101091.771
F,10529,33418883.34,3100919.865
G,10530,33453491.97,3101350.485
D,10531,33456948.54,3101167.53
F,10532,33446781.84,3101325.186
G,10533,33434722.09,3101092.436
F,10534,33446553.71,3101155.664
F,10535,33438169.17,3101095.639
E,10536,33439533.11,3101178.825
E,10537,33440350.35,3101421.382
F,10538,33420070.47,3101243.602
G,10539,33428471.77,3101325.559
G,10540,33427623.25,3101465.694
E,10541,33438902.58,3101238.537
F,10542,33445535.72,3101383.998
F,10543,33441157.37,3101473.233
G,10544,33429521.27,3101372.56
B,10545,33420731.2,3101564.497
B,10546,33417967.55,3101585.465
G,10547,33426829.46,3101229.301
B,10548,33455525.2,3101699.027
F,10549,33444059.82,3101343.367
F,10550,33443190.24,3101462.785
F,10551,33447162.51,3101499.012
D,10552,33455340.8,3101590.581
F,10553,33440111.47,3101426.621
F,10554,33436365.69,3101294.285
F,10555,33453000.23,3101660.315
F,10556,33437383.21,3100993.305
E,10557,33446632.4,3101715.421
D,10558,33456023.24,3101646.359
D,10559,33454794.33,3101683.925
G,10560,33428924.94,3101435.826
G,10561,33434610.57,3101589.28
D,10562,33456452.39,3101613.638
E,10563,33442019.67,3101610.104
E,10564,33446157.76,3101504.456
F,10565,33424607.86,3101581.828
F,10566,33425394.15,3101543.545
F,10567,33451936.02,3101400.004
F,10568,33452578.21,3101826.56
F,10569,33435699.33,3101471.411
E,10570,33427341.2,3101774.429
F,10571,33441081.94,3101879.871
F,10572,33447283.91,3101817.23
G,10573,33454346.78,3101631.826
E,10574,33419316.74,3101991.303
B,10575,33418669.15,3101507.166
D,10576,33457255.2,3101714.272
E,10577,33446754.06,3102011.124
B,10578,33423901.98,3101432.816
E,10579,33440515,3101960.905
G,10580,33437941.92,3101780.063
F,10581,33443606.09,3101818.28
F,10582,33444403.96,3101787.914
E,10583,33438398.37,3101913.459
F,10584,33453788.94,3101736.509
F,10585,33427357.43,3102004.164
F,10586,33419664.24,3101839.253
E,10587,33424286.82,3101914.888
G,10588,33437075.85,3101362.935
E,10589,33439478.2,3101898.045
F,10590,33444859.06,3101986.385
B,10591,33416394.63,3102439.161
F,10592,33420237.87,3101981.062
B,10593,33428427.32,3102089.543
G,10594,33455615.92,3102025.379
F,10595,33450930.67,3102318.86
G,10596,33429694.67,3101982.389
E,10597,33438906.19,3101974.263
E,10598,33425072.47,3102294.795
F,10599,33441501.31,3102228.179
E,10600,33452262.21,3102237.691
G,10601,33435090.72,3102105.568
B,10602,33425520.55,3101944.017
E,10603,33442246.43,3102232.295
F,10604,33439978.32,3102129.25
F,10605,33453063.23,3102132.917
F,10606,33418906.06,3102004.679
F,10607,33443838.5,3102346.291
B,10608,33417255.37,3101985.28
F,10609,33445895.19,3102047.492
F,10610,33447252.36,3102381.537
F,10611,33447856.6,3102507.491
F,10612,33426972.68,3102116.661
F,10613,33426054.37,3101798.084
G,10614,33436776.82,3101706.113
G,10615,33436381.2,3102205.312
G,10616,33429094.02,3102183.279
G,10617,33454991.06,3102267.751
E,10618,33421006.04,3102362.051
L,10619,33444016.48,3102272.566
E,10620,33421804.16,3102001.895
D,10621,33457031.47,3102578.088
G,10622,33437978.36,3102349.246
G,10623,33454503.75,3102381.682
E,10624,33440130.89,3102447.259
F,10625,33446399.39,3102390.096
F,10626,33451517.54,3102540.681
B,10627,33421596.93,3102480.808
E,10628,33439221.64,3102518.798
F,10629,33426502.84,3102358.755
B,10630,33418388.41,3102324.555
F,10631,33453086.47,3102660.539
E,10632,33441489.92,3102644.769
F,10633,33445111.52,3102408.137
G,10634,33435842.29,3102302.455
C,10635,33456130.54,3102363.962
F,10636,33452412.37,3102605.335
F,10637,33451862.74,3102734.802
B,10638,33427833.99,3102167.13
F,10639,33418537.93,3102767.252
C,10640,33456661.91,3102357.876
B,10641,33420453.58,3102327.2
B,10642,33415593.76,3102496.169
F,10643,33439522.68,3102703.867
F,10644,33428638.62,3102600.339
E,10645,33426746.22,3102438.645
B,10646,33418059.54,3102650.933
F,10647,33419258.96,3102493.125
E,10648,33442803.53,3102699.377
B,10649,33419761.13,3102741.14
F,10650,33447059.75,3102548.52
E,10651,33417517.9,3102706.261
G,10652,33434242.36,3102177.994
G,10653,33437480.49,3102626.053
F,10654,33452399.9,3102935.237
G,10655,33454112.34,3102720.947
F,10656,33444367.24,3102731.632
E,10657,33424438.13,3102463.952
E,10658,33422355.14,3102348.744
F,10659,33453638.58,3102626.106
E,10660,33439678.44,3102820.492
F,10661,33440598.65,3102604.561
F,10662,33446941.61,3103014.787
E,10663,33415542.55,3102872.023
F,10664,33441387.72,3102734.573
F,10665,33445496.26,3102714.99
F,10666,33418247.33,3103093.271
B,10667,33420714.95,3102858.586
F,10668,33438446.86,3102719.545
F,10669,33425459.25,3102829.124
F,10670,33430352.41,3102964.001
B,10671,33416179.78,3103008.329
E,10672,33425918.21,3103013.264
B,10673,33421498.02,3103033.248
G,10674,33435499.89,3102906.587
G,10675,33434886.26,3102818.908
B,10676,33429680.24,3102694.305
F,10677,33446166.97,3103032.138
F,10678,33426337.64,3102916.762
G,10679,33453473.43,3103083.043
F,10680,33444666.01,3103100.308
B,10681,33427742.32,3103178.808
E,10682,33442180.73,3102975.038
F,10683,33426804.37,3103202.947
F,10684,33421776.26,3103262.245
G,10685,33434332.62,3103037.937
F,10686,33445843.75,3103098.251
F,10687,33437425.08,3103063.217
F,10688,33417880.69,3103234.145
G,10689,33445169.28,3103267.95
B,10690,33428982.08,3103169.252
C,10691,33456674.16,3103118.006
F,10692,33441027.08,3103180.518
E,10693,33423070.57,3103165.728
G,10694,33436286.57,3103112.433
F,10695,33453116.33,3103249.541
F,10696,33439069.18,3102969.551
E,10697,33425196.69,3103452.309
B,10698,33420224.37,3103366.183
G,10699,33455005.05,3103101.356
F,10700,33424716.87,3103198.791
E,10701,33423873.04,3102912.204
F,10702,33418487.43,3103401.916
C,10703,33457181.55,3103419.664
B,10704,33430023,3103128.654
F,10705,33440356.75,3103190.364
E,10706,33425909.83,3103585.849
C,10707,33455924.3,3103059.023
F,10708,33419068.7,3103262.467
G,10709,33455448.02,3103016.974
E,10710,33453917.23,3103430.26
F,10711,33430299.05,3103680.825
E,10712,33417763.04,3103597.99
E,10713,33424105.02,3103474.984
B,10714,33416467.88,3103469.67
E,10715,33418887.92,3103405.331
G,10716,33445602.73,3103553.654
B,10717,33428027.44,3103587.274
B,10718,33421711.49,3103484.301
G,10719,33453425.48,3103687.393
F,10720,33446864.09,3103476.746
F,10721,33424885.46,3103710.961
F,10722,33452732.15,3103571.033
G,10723,33456458.45,3103736.478
F,10724,33426245.34,3103531.391
F,10725,33439813.52,3103339.687
B,10726,33427080.49,3103124.724
E,10727,33424346.74,3103826.86
E,10728,33440866.51,3103583.942
F,10729,33437562.8,3103570.024
G,10730,33436126.25,3103608.877
F,10731,33439462.4,3103669.16
F,10732,33436924.04,3103318.579
B,10733,33428341.64,3103808.494
E,10734,33423201.36,3103565.717
F,10735,33423879.34,3103929.795
F,10736,33438692.25,3103525.389
B,10737,33439940.07,3103886.963
B,10738,33416814.69,3103883.088
F,10739,33444622.99,3103681.792
E,10740,33452575.43,3103971.238
F,10741,33454525.29,3103652.211
B,10742,33429410.72,3103826.845
G,10743,33445507.71,3103995.519
F,10744,33418055.03,3103868.188
F,10745,33438299.01,3103824.915
L,10746,33442495.12,3103836.624
G,10747,33444727.93,3104088.006
B,10748,33424875.79,3104015.711
G,10749,33455560.6,3103838.762
G,10750,33454173.45,3103547.508
F,10751,33417529.27,3103933.128
B,10752,33428644.07,3103966.719
F,10753,33454868.66,3103933.735
B,10754,33418335.97,3103863.603
B,10755,33426284.31,3104088.995
E,10756,33439674.92,3104134.566
B,10757,33427567.24,3104043.867
G,10758,33435850.18,3103998.506
F,10759,33423073.46,3104110.218
F,10760,33422259.18,3103765.151
B,10761,33427009.33,3103973.705
D,10762,33436395.81,3104205.182
F,10763,33451905.56,3104054.431
F,10764,33425689.23,3103809.729
G,10765,33456583.26,3104117.201
B,10766,33420761.07,3103992.556
F,10767,33424138.39,3104101.508
E,10768,33453253.93,3104064.678
F,10769,33454211.41,3104254.637
B,10770,33421980.01,3104148.569
F,10771,33453674.47,3104299.041
E,10772,33420014.79,3103628.65
J,10773,33432927.27,3104324.642
F,10774,33423633.03,3104375.183
F,10775,33436841.28,3104095.722
E,10776,33427846.61,3104308.845
B,10777,33419094.31,3104289.684
F,10778,33428187.29,3104383.986
F,10779,33439121.75,3104199.636
B,10780,33419860.13,3104422.941
F,10781,33438316.75,3104284.715
F,10782,33417751.93,3104521.502
C,10783,33457261.46,3104134.706
F,10784,33428769.24,3104500.057
F,10785,33452875.28,3104310.373
F,10786,33417359.79,3104442.634
F,10787,33446112.05,3104332.47
F,10788,33425387.66,3104307.32
B,10789,33429948.87,3104321.705
G,10790,33444994.83,3104488.501
E,10791,33441072.29,3104626.857
F,10792,33443768.5,3104186.002
F,10793,33442621.08,3104366.508
F,10794,33439385.46,3104641.457
E,10795,33440091.61,3104391.086
F,10796,33452233.86,3104524.172
F,10797,33444153.21,3104229.597
B,10798,33418602.01,3104652.507
F,10799,33441945.94,3104504.623
F,10800,33424904.06,3104408.666
E,10801,33430311.62,3104025.633
G,10802,33435867.29,3104469.227
E,10803,33429191.13,3104467.739
F,10804,33419908.45,3104104.239
C,10805,33457580.9,3104460.84
B,10806,33427180.74,3104510.998
C,10807,33435411.41,3104623.052
E,10808,33440126.48,3104754.083
F,10809,33455807.83,3104473.089
G,10810,33437918.5,3104490.614
C,10811,33431723.76,3104724.664
E,10812,33440549.82,3104817.26
F,10813,33424396.39,3104707.563
B,10814,33427844.18,3104680.902
E,10815,33423171.46,3104707.852
F,10816,33446354.93,3104793.148
G,10817,33437480.09,3104530.452
F,10818,33424164.03,3104494.865
F,10819,33444692.8,3104786.918
F,10820,33454864.56,3104649.351
E,10821,33422381.86,3104722.192
F,10822,33450724.53,3104952.019
B,10823,33420689.07,3104805.803
J,10824,33433039.19,3104746.02
F,10825,33443000.68,3104672.624
G,10826,33431094.55,3104730.069
F,10827,33439927.98,3105015.54
E,10828,33430460.07,3104936.356
B,10829,33428381.23,3104978.328
F,10830,33439279.38,3105106.627
G,10831,33437103.43,3104846.873
B,10832,33418234.07,3104893.817
B,10833,33421113.2,3104821.101
F,10834,33417517.94,3105072.106
B,10835,33440383.1,3105220.724
C,10836,33432771.72,3104860.782
B,10837,33429634.95,3104951.786
F,10838,33444776.51,3105081.645
B,10839,33425201.12,3104837.273
B,10840,33426175.49,3104863.258
F,10841,33417798.42,3105386.745
L,10842,33450028.12,3105198.559
E,10843,33441806.27,3105017.364
F,10844,33443346.53,3105024.878
F,10845,33445196.19,3105253.599
G,10846,33456630.16,3104895.901
G,10847,33436602.19,3104994.47
G,10848,33455957.27,3105091.95
E,10849,33419655.8,3105033.243
F,10850,33452628.5,3105275.925
F,10851,33442318.63,3105230.757
E,10852,33419181.63,3105190.613
B,10853,33440023.11,3105345.691
E,10854,33421405.99,3105043.802
F,10855,33453112.42,3105064.905
L,10856,33449134.65,3105511.94
G,10857,33438625.18,3105174.392
E,10858,33421657.45,3104953.395
F,10859,33454420.88,3104974.111
G,10860,33435349.1,3105160.803
F,10861,33447107.67,3105426.967
G,10862,33446226.25,3105317.421
B,10863,33417228.12,3104787.573
G,10864,33436039.43,3105271.51
E,10865,33422748.07,3105366.694
F,10866,33450501.15,3105567.766
E,10867,33439514.54,3105557.175
L,10868,33449378.4,3105657.218
F,10869,33423963.96,3105378.373
B,10870,33425153.02,3105366.322
U,10871,33433056.79,3105469.312
F,10872,33451539.96,3105234.931
F,10873,33450048.02,3105558.055
E,10874,33422392.73,3105220.378
G,10875,33455570.41,3105406.577
G,10876,33432519.69,3105322.93
G,10877,33437907.91,3105355.471
F,10878,33446598.3,3105483.124
F,10879,33453301.44,3105761.115
E,10880,33422497.73,3105899.547
F,10881,33422158.44,3105755.444
L,10882,33448231.23,3105666.57
F,10883,33444563.83,3105687.721
F,10884,33439130.89,3105754.147
E,10885,33423233.34,3105308.366
F,10886,33450811.26,3105712.006
F,10887,33453662.73,3105211.285
B,10888,33429065.05,3105460.017
F,10889,33443908.93,3105586.54
G,10890,33437221.91,3105692.131
G,10891,33454605.76,3105595.398
F,10892,33443357.62,3105633.696
F,10893,33445278.57,3105688.679
G,10894,33432041.84,3105526.105
F,10895,33423267.55,3105779.058
F,10896,33454054.82,3105459.11
G,10897,33457408.2,3105549.918
G,10898,33457026.36,3105471.847
G,10899,33456333.49,3105769.778
B,10900,33418242.48,3105800.783
C,10901,33436556.26,3105856.504
B,10902,33421260.98,3105745.201
G,10903,33431582.82,3105688.543
C,10904,33433526.58,3105852.468
B,10905,33437849.98,3105973.108
B,10906,33429731.33,3106049.073
B,10907,33424150.54,3105676.55
F,10908,33445436.94,3105970.348
C,10909,33435831.23,3105966.475
F,10910,33447040.31,3105964.056
G,10911,33446468.75,3105965.95
G,10912,33430898.55,3105807.652
F,10913,33443794.68,3106128.93
E,10914,33419336.8,3105901.206
E,10915,33441811.82,3105982.137
F,10916,33451146.51,3106096.21
C,10917,33433788.25,3106269.215
E,10918,33430364.49,3105741.364
G,10919,33455228.29,3105732.016
E,10920,33448414.7,3106198.679
F,10921,33453034.91,3106007.359
F,10922,33451812.1,3105667.16
F,10923,33445598.36,3106246.62
F,10924,33447312.31,3106134.663
E,10925,33417827.75,3105394.858
G,10926,33454599.48,3106043.475
E,10927,33441547.49,3106312.126
F,10928,33438667.01,3106064.035
F,10929,33442767.68,3105924.568
F,10930,33442469.79,3106225.198
F,10931,33438126.74,3106099.449
F,10932,33447625.37,3106367.813
B,10933,33436536.32,3106320.151
D,10934,33433267.55,3106263.966
F,10935,33452349.76,3106287.411
E,10936,33438933.77,3106352.432
G,10937,33453723.43,3106377.08
F,10938,33452057.18,3106028.103
B,10939,33418661.78,3106379.852
G,10940,33431285.44,3106490.07
G,10941,33432506.59,3106356.609
F,10942,33447981.73,3106514.973
F,10943,33450597.08,3106575.287
B,10944,33429629.28,3106521.526
E,10945,33422618.91,3106306.599
E,10946,33428608.9,3106424.642
E,10947,33417489.79,3106371.656
E,10948,33419064.75,3106343.981
G,10949,33431253.34,3106800.375
L,10950,33449633.19,3106658.886
F,10951,33442084.15,3106596.028
E,10952,33428009.13,3106436.049
F,10953,33450005.67,3106731.144
E,10954,33429321.09,3106675.512
C,10955,33433284.76,3106667.652
F,10956,33443334.58,3106534.422
E,10957,33426807.61,3106613.673
E,10958,33422327.08,3106609.407
E,10959,33440541.95,3106642.729
F,10960,33445802.5,3106658.717
E,10961,33421952.7,3106469.379
E,10962,33420177.71,3106507.143
B,10963,33424109.09,3106634.577
E,10964,33439818.02,3106457.638
F,10965,33442587.16,3106878.659
E,10966,33439279.85,3106853.659
B,10967,33424719.57,3106563.749
F,10968,33444680.09,3106612.302
F,10969,33452831.8,3106644.326
E,10970,33427789.17,3106879.509
F,10971,33445069.16,3106778.263
F,10972,33444343.21,3106542.911
G,10973,33446463.17,3106709.537
F,10974,33445624.2,3106976.631
G,10975,33453995.58,3106751.111
G,10976,33432240.3,3106625.052
F,10977,33444062.88,3106811.058
F,10978,33451312.51,3106729.349
F,10979,33443611.01,3106896.656
E,10980,33417763.36,3106554.264
C,10981,33433035.45,3106923.48
G,10982,33436339.71,3106774.414
U,10983,33435871.22,3106775.722
G,10984,33435429.17,3106750.637
E,10985,33440049.94,3106864.087
E,10986,33419533.77,3106904.585
F,10987,33437436.89,3106598.722
C,10988,33454482.55,3107004.502
E,10989,33418626.08,3107043.392
E,10990,33430436.08,3106834.275
E,10991,33428785.51,3107154.935
E,10992,33429296.59,3107082.983
E,10993,33430073.62,3107101.095
G,10994,33432106.19,3107080.019
E,10995,33437782.9,3106997.193
G,10996,33436960.08,3106891.229
F,10997,33450853.68,3107052.576
G,10998,33451980.32,3106912.718
E,10999,33438583.48,3107054.594
G,11000,33431183.76,3107205.287
F,11001,33446884,3106985.121
F,11002,33442262.53,3107280.162
F,11003,33450469.51,3107250.003
B,11004,33425159.26,3107177.502
G,11005,33443333.34,3107337.536
E,11006,33420453.33,3107111.255
E,11007,33421063.96,3106915.728
E,11008,33441306.55,3107245.41
E,11009,33419909.26,3107432.952
E,11010,33418248.23,3107404.224
B,11011,33427984.13,3107338.101
F,11012,33448645.25,3106926.079
F,11013,33449245.3,3107403.506
E,11014,33440147.06,3107344.217
F,11015,33447246.88,3107171.375
B,11016,33426074.66,3107152.939
B,11017,33427047.62,3107413.058
G,11018,33446345.79,3107543.399
E,11019,33424045.81,3107545.852
B,11020,33424930.65,3107435.906
G,11021,33435150.33,3107402.995
E,11022,33440848.39,3107647.521
F,11023,33450040.61,3107342.072
G,11024,33444468.61,3107464.326
G,11025,33445685.83,3107452.633
F,11026,33430253.39,3107613.039
G,11027,33450953.13,3107548.925
G,11028,33452062.41,3107309.012
E,11029,33437932.82,3107635.263
B,11030,33429352.08,3107698.436
G,11031,33442204.66,3107728.904
F,11032,33448037.05,3107258.272
F,11033,33442777.58,3107687.024
G,11034,33448842.76,3107760.737
F,11035,33449908.43,3107725.017
G,11036,33435722.5,3107627.862
G,11037,33445261.87,3107565.602
E,11038,33440268.23,3107779.691
E,11039,33421427.39,3107731.982
E,11040,33438657.32,3107640.876
G,11041,33436439.06,3107644.625
C,11042,33432414.31,3107640.92
G,11043,33452886.15,3107427.697
F,11044,33428044.9,3107799.328
G,11045,33444915.24,3107596.352
F,11046,33443964.88,3107723.746
F,11047,33427127.38,3108001.725
E,11048,33420826.75,3107692.996
G,11049,33436987.8,3107943.102
E,11050,33419628.85,3107797.421
C,11051,33451460.16,3107887.719
E,11052,33417547.86,3107400.862
D,11053,33452330.82,3107598.995
F,11054,33443359.94,3107848.604
E,11055,33422599.45,3107226.315
F,11056,33428715.74,3107726.781
F,11057,33444529.53,3108021.31
G,11058,33448298.05,3108112.191
E,11059,33429629.91,3108035.816
F,11060,33441588.44,3107792.961
F,11061,33445570.09,3107935.493
F,11062,33426119.34,3108061.599
G,11063,33435068.74,3108022.963
E,11064,33425262.47,3108000.02
E,11065,33418705.21,3107845.194
F,11066,33447260.63,3107793.465
E,11067,33423143.78,3107604.076
G,11068,33431628.85,3107961.065
E,11069,33430530.59,3108149
F,11070,33439172.19,3107939.174
G,11071,33431106.95,3107918.798
E,11072,33445687.67,3108193.815
E,11073,33417989.33,3108044.592
F,11074,33447698.75,3107756.879
E,11075,33418459.69,3108350.036
F,11076,33443656.13,3108266.713
G,11077,33452905.3,3107933.596
E,11078,33422696.22,3108231.915
E,11079,33424256.41,3108068.697
C,11080,33450588.53,3108139.497
G,11081,33448466.32,3108345.917
G,11082,33446614.28,3108356.265
E,11083,33444138.63,3108254.572
G,11084,33427953.15,3108349.069
F,11085,33446038.76,3108253.948
F,11086,33443099.49,3108358.135
E,11087,33419166.24,3108277.07
E,11088,33420310.44,3108007.683
G,11089,33451660.74,3108359.154
D,11090,33452602.42,3108565.003
E,11091,33429977.88,3108472.437
E,11092,33439649.35,3108222.73
E,11093,33445251.36,3108679.494
F,11094,33442038.11,3108297.365
F,11095,33441414.88,3108650.718
B,11096,33438243.04,3108378.496
G,11097,33436702.46,3108447.606
C,11098,33451647.57,3108715.652
G,11099,33446897.2,3108728.686
F,11100,33426987.75,3108538.785
D,11101,33447302.63,3108711.745
G,11102,33437375.44,3108544.975
G,11103,33448631.46,3108545.69
E,11104,33444940.52,3108520.939
E,11105,33440939.71,3108476.759
E,11106,33424474.58,3108528.904
G,11107,33450955,3108620.111
E,11108,33421708.74,3108721.162
G,11109,33432052.79,3108717.914
U,11110,33435897.68,3108451.812
E,11111,33418746.04,3108746.783
G,11112,33435075.85,3108682.496
G,11113,33435564.24,3108661.659
D,11114,33447596.71,3108817.698
F,11115,33443374.4,3108892.578
G,11116,33432277.04,3108225.764
F,11117,33425973.33,3108665.68
F,11118,33438361.25,3108877.659
F,11119,33437485.55,3108950.461
F,11120,33441550.59,3108980.855
G,11121,33450166.63,3108600.395
E,11122,33424897.43,3108745.475
E,11123,33428802.09,3108847.006
E,11124,33427272.17,3108913.834
E,11125,33423390.3,3108381.892
E,11126,33423792.61,3108698.407
G,11127,33446864.88,3109018.461
F,11128,33442587.45,3108900.256
G,11129,33446084,3109015.63
E,11130,33443818.47,3109011.279
E,11131,33425954.98,3109097.456
G,11132,33436595.01,3109052.253
B,11133,33429987.51,3109054.316
F,11134,33442393.74,3109032.811
B,11135,33431178.92,3108844.491
G,11136,33448524.27,3108954.665
F,11137,33442698.18,3108540.881
E,11138,33424837.29,3109153.298
C,11139,33451434.68,3109165.013
G,11140,33450712.88,3108888.069
F,11141,33443300.87,3109266.898
E,11142,33445494.92,3109211.221
E,11143,33419450.41,3108976.139
E,11144,33419890.08,3108878.643
E,11145,33420830.56,3109122.56
G,11146,33450013.74,3108901.811
G,11147,33432064.46,3109355.741
F,11148,33442498.04,3109398.757
E,11149,33427761.59,3109183.541
G,11150,33435089.19,3109200.164
G,11151,33437447.99,3109404.007
G,11152,33446520.51,3109369.833
E,11153,33428973.66,3109441.061
D,11154,33447094.32,3109441.807
E,11155,33421727.79,3109252.477
E,11156,33425950.17,3109482.088
E,11157,33446041.9,3109550.846
E,11158,33422472.26,3109279.236
B,11159,33429871.31,3109456.995
G,11160,33448717.68,3109259.317
F,11161,33441916.59,3109453.965
F,11162,33441466.64,3109452.196
C,11163,33432562.41,3109344.227
E,11164,33422991.89,3109481.68
G,11165,33435608.49,3109488.654
E,11166,33440301.86,3109762.977
F,11167,33445725.27,3109848.846
B,11168,33430897.44,3109358.537
E,11169,33441224.44,3109804.46
G,11170,33438473.92,3109536.032
F,11171,33442964.77,3109933.678
G,11172,33437594.58,3109827.75
G,11173,33450419.87,3109707.874
E,11174,33427845.3,3109648.205
G,11175,33447544.42,3109637.167
G,11176,33448758.27,3109604.367
E,11177,33417431.41,3109675.52
F,11178,33445378.24,3110243.958
E,11179,33439879.76,3109622.813
F,11180,33442595.3,3109863.902
E,11181,33426945.49,3109763.013
E,11182,33418488.97,3109488.443
G,11183,33436286.67,3109758.458
E,11184,33420494.34,3109493.313
E,11185,33422940.32,3110011.67
F,11186,33442029.89,3109943.453
E,11187,33418852.21,3109612.346
F,11188,33441025.49,3109777.365
E,11189,33443126.03,3109911.803
G,11190,33449859.83,3109583.953
F,11191,33440813.98,3109440.024
E,11192,33439398.31,3109858.728
G,11193,33438059.45,3110229.027
B,11194,33430311.57,3109855.317
G,11195,33431423.75,3109905.188
G,11196,33447042.45,3110004.942
G,11197,33448939.93,3109902.048
E,11198,33419329.24,3109944.702
G,11199,33436592.02,3110145.312
G,11200,33446198.58,3109898.242
E,11201,33418070.28,3109829.106
C,11202,33435523.29,3110139.596
G,11203,33432202.6,3110036.986
E,11204,33420312.4,3110030.43
G,11205,33447640.92,3110203.033
G,11206,33446621.21,3110036.135
E,11207,33421785.56,3110243.851
E,11208,33422881.54,3110386.769
E,11209,33428573.11,3109938.806
G,11210,33431135.82,3110493.322
F,11211,33442135.82,3110392.637
E,11212,33442562.47,3110364.772
E,11213,33441585.25,3110213.594
E,11214,33419615.56,3110330.769
E,11215,33444815.13,3110291.027
E,11216,33427010.74,3110413.265
G,11217,33447797.8,3110541.609
C,11218,33449575.28,3110007.336
F,11219,33445501.24,3110481.922
E,11220,33417830.11,3109865.561
E,11221,33421023.54,3110132.486
E,11222,33427777.28,3110619.833
E,11223,33417590.88,3110517.246
G,11224,33435246.37,3110510.53
G,11225,33437949.34,3110752.317
E,11226,33422487.21,3110323.712
G,11227,33448903.45,3110486.778
E,11228,33429065.62,3110240.169
G,11229,33438429.83,3110622.968
E,11230,33428238.61,3110425.508
E,11231,33423414.39,3110744.371
G,11232,33447043.59,3110662.111
G,11233,33431917.3,3110545.823
E,11234,33424033.16,3110629.774
F,11235,33446060.11,3110539.728
E,11236,33419623.67,3110805.243
G,11237,33436292.99,3110699.645
B,11238,33435622.16,3110897.929
F,11239,33446485.15,3110804.824
G,11240,33437322.67,3110611.69
E,11241,33439253.54,3110495.1
E,11242,33421920.26,3110729.392
G,11243,33447792.03,3110939.576
E,11244,33429768.1,3110551.933
E,11245,33420211.06,3110953.249
G,11246,33437000.21,3110826.38
F,11247,33445499.29,3110871.838
E,11248,33429446.08,3110407.78
B,11249,33430717.68,3110405.846
E,11250,33438911.08,3110642.036
E,11251,33418674.18,3110801.869
E,11252,33425748.61,3110249.167
E,11253,33439760.32,3110791.412
B,11254,33436795.67,3110975.044
G,11255,33431417.73,3110946.716
B,11256,33430510.74,3110988.954
E,11257,33444397.67,3111175.44
E,11258,33423374.54,3111094.041
E,11259,33428076.62,3111123.509
F,11260,33437627.17,3111142.135
G,11261,33434978.39,3110938.483
E,11262,33421685.45,3111159.594
E,11263,33444999.45,3111164.295
E,11264,33418345.02,3110936.937
C,11265,33431875.82,3111281.765
B,11266,33435819.02,3111433.327
E,11267,33438482.02,3111231.543
E,11268,33420830.42,3110955.309
F,11269,33436372.26,3111325.367
C,11270,33449066.85,3111074.981
E,11271,33419638.35,3111344.003
E,11272,33428783,3111297.685
G,11273,33447121.3,3111274.425
E,11274,33422441.76,3111371.915
F,11275,33446329.57,3111620.826
B,11276,33429025.76,3111514.129
F,11277,33446561.09,3111376.296
G,11278,33448383.32,3111606.017
F,11279,33423711.95,3111507.261
F,11280,33437365.24,3111485.739
E,11281,33445835.98,3111397.22
F,11282,33429923.43,3111233.326
E,11283,33437071.68,3111663.351
G,11284,33447810.36,3111450.585
E,11285,33424182.5,3111637.635
E,11286,33422713.26,3111118.176
G,11287,33430864.4,3111596.546
E,11288,33437848.75,3111597.044
E,11289,33445594.66,3111909.361
C,11290,33449495.55,3111469.531
E,11291,33419274.46,3111717.585
G,11292,33435506.79,3111511.117
E,11293,33422066.78,3111787.937
E,11294,33437401.06,3111990.127
E,11295,33420505.21,3111627.608
F,11296,33436253.02,3111861.222
E,11297,33426262.81,3111747.12
F,11298,33446647.57,3111943.584
G,11299,33429320.61,3111840.391
E,11300,33424757.65,3111950.345
B,11301,33436937.08,3112097.828
G,11302,33447783.46,3112046.639
E,11303,33417243.8,3111851.683
C,11304,33449894.14,3112054.349
G,11305,33430779.3,3112028.282
F,11306,33423967.59,3112060.687
G,11307,33431634.71,3112052.638
B,11308,33428189.7,3111883.766
H,11309,33429927.14,3112200.916
C,11310,33449053.19,3112387.784
C,11311,33449829.82,3112488
E,11312,33423424.33,3111986.835
C,11313,33448714.87,3112221.967
D,11314,33447915.52,3112395.464
G,11315,33430732.31,3112474.559
E,11316,33445302.58,3112365.326
O,11317,33445859.37,3112458.425
G,11318,33446250.61,3112430.582
E,11319,33423024.34,3112214.988
E,11320,33425878.92,3112147.83
F,11321,33446534.32,3112294.122
E,11322,33426508.23,3112215.6
B,11323,33429021.84,3112426.95
F,11324,33424135.3,3112651.477
E,11325,33422488.22,3112638.874
C,11326,33449440.07,3112776.752
B,11327,33428191.93,3112702.52
G,11328,33446346.73,3112887.809
F,11329,33424656.39,3112425.836
E,11330,33421408.21,3112848.426
E,11331,33426833,3112965.407
E,11332,33424490.7,3112963.606
F,11333,33425156.08,3112734.679
F,11334,33425571.71,3112587.284
C,11335,33448818.79,3112888.649
G,11336,33446761.21,3113152.832
G,11337,33428773.97,3113093.521
O,11338,33445932.09,3113063.049
E,11339,33417220.98,3112910.294
G,11340,33447289.43,3112863.151
G,11341,33430837.72,3112938.736
G,11342,33429659.7,3112943.51
G,11343,33447715.01,3112911.105
G,11344,33430249.52,3113040.142
E,11345,33427527.28,3113088.454
F,11346,33423323.64,3113091.143
E,11347,33416722.84,3112817.545
E,11348,33422969.61,3113047.854
E,11349,33418663.38,3113074.576
E,11350,33421985.35,3113316.8
F,11351,33423578.47,3113454.269
F,11352,33438488.22,3113234.811
G,11353,33437674.91,3113463.781
C,11354,33448551.79,3113184.269
G,11355,33428308.87,3113384.935
E,11356,33417778.96,3113303.093
E,11357,33425582.97,3113241.36
G,11358,33446697.02,3113461.375
C,11359,33448205.35,3113226.254
C,11360,33447690.5,3113589.65
F,11361,33426152.44,3113343.946
G,11362,33429263.57,3113556.369
E,11363,33419130.57,3113332.582
E,11364,33424414.54,3113530.821
E,11365,33419645.99,3113460.153
E,11366,33439154.65,3113603.068
C,11367,33447965.1,3113899.077
F,11368,33426603.21,3113596.472
F,11369,33427874.39,3113673.196
F,11370,33427230.2,3113740.2
E,11371,33419684.85,3114059.577
E,11372,33423671.68,3113459.342
E,11373,33438954.7,3113876.979
F,11374,33425302.43,3113816.785
E,11375,33417861.44,3113779.423
C,11376,33447232.1,3114058.645
F,11377,33419180.96,3114008.388
E,11378,33416946.01,3113848.219
G,11379,33437848.26,3113973.222
D,11380,33426663.14,3114160.483
G,11381,33436983.78,3113939.736
F,11382,33438443.99,3114131.888
C,11383,33448087.13,3114219.522
F,11384,33424032.96,3114039.826
E,11385,33420258,3113955.866
G,11386,33429386.48,3114021.417
E,11387,33423025.54,3113925.636
E,11388,33420829.24,3114281.378
F,11389,33418635.88,3114170.113
F,11390,33424602.69,3114288.329
E,11391,33421475.65,3114314.506
C,11392,33447740.24,3114487.411
F,11393,33425195.37,3114383.18
F,11394,33437941.42,3114619.38
F,11395,33418216.25,3114288.902
G,11396,33436399.72,3114373.098
E,11397,33423446.74,3114616.35
F,11398,33419306.34,3114531.992
F,11399,33426688.8,3114605.257
E,11400,33422442.7,3114495.516
F,11401,33425890.04,3114544.012
G,11402,33436963.4,3114596.103
E,11403,33420672.09,3114668.445
E,11404,33438952.14,3114604.991
E,11405,33415887.58,3114555.008
G,11406,33437588.48,3114948.051
E,11407,33438749.14,3114984.77
F,11408,33420118.47,3114748.643
C,11409,33447828.77,3114853.809
E,11410,33417931.2,3114603.803
G,11411,33436048.25,3114851.824
E,11412,33424220.69,3114827.234
E,11413,33417550.81,3114656.549
G,11414,33437860,3115150.039
E,11415,33416693.18,3115047.808
E,11416,33422150.13,3114821.481
F,11417,33419280.92,3115076.831
E,11418,33425077.95,3115051.014
C,11419,33448258.13,3115203.984
E,11420,33418679.99,3115077.638
E,11421,33423685.67,3115222.4
G,11422,33435853,3115168.883
G,11423,33436988.03,3115332.559
G,11424,33432247.17,3114748.135
G,11425,33427097.38,3115191.802
G,11426,33432525.99,3115221.6
E,11427,33418309.4,3115205.637
E,11428,33419464.19,3115522.067
G,11429,33434665.65,3115307.419
G,11430,33427787.35,3115149.328
E,11431,33422965.05,3115753.877
E,11432,33425705.89,3115289.669
E,11433,33421951.27,3115151.658
F,11434,33419927.78,3115320.793
E,11435,33417929.56,3115536.625
F,11436,33418945.98,3115633.213
E,11437,33415771.66,3115333.377
E,11438,33421505.98,3115294.46
E,11439,33424453.5,3115450.225
B,11440,33426371.54,3115355.665
F,11441,33420620.35,3115402.881
E,11442,33438184.33,3115558.379
G,11443,33437429.21,3115713.437
G,11444,33431816.23,3115498.166
E,11445,33416696.76,3115522.819
E,11446,33417231.7,3115846.816
G,11447,33428421.25,3115584.689
G,11448,33436690.5,3115802.203
G,11449,33435157.82,3115425.342
E,11450,33425218.97,3115725.222
G,11451,33427437.61,3115766.235
E,11452,33438625.7,3115813.136
F,11453,33421043.08,3115710.197
E,11454,33420233.13,3115991.777
E,11455,33417493.3,3115801.613
C,11456,33432964.53,3115753.665
F,11457,33422362.4,3115799.903
G,11458,33437557.55,3116223.96
F,11459,33438368.54,3116107.822
G,11460,33431652.07,3116039.604
F,11461,33435702.8,3115814.334
E,11462,33425134.04,3116159.263
E,11463,33419779.68,3116022.822
G,11464,33432275.01,3116827.071
G,11465,33436182.42,3115998.021
F,11466,33421489.09,3116247.148
E,11467,33418134.42,3116147.756
C,11468,33426692.95,3116094.382
E,11469,33420409.09,3116424.506
F,11470,33426401.38,3116278.189
C,11471,33432933.96,3116345.593
E,11472,33416448.16,3116141.78
E,11473,33418764.06,3116240.268
F,11474,33422562.04,3116335.87
E,11475,33417060.4,3116349.729
E,11476,33419288.32,3116247.882
G,11477,33431582.98,3116498.584
E,11478,33424101.55,3116297.537
F,11479,33437846.72,3116656.046
E,11480,33424782.77,3116546.658
E,11481,33438476.5,3116426.501
B,11482,33423096.87,3116400.47
F,11483,33426091.4,3116399.805
E,11484,33417687,3116452.923
E,11485,33421097.21,3116581.683
G,11486,33436950.58,3116510.816
G,11487,33433109.68,3116729.959
B,11488,33424721.4,3116960.537
G,11489,33436546.37,3116768.6
F,11490,33423151.84,3116898.86
E,11491,33419615.88,3116768.83
E,11492,33418586.4,3116879.561
F,11493,33437893.5,3117057.947
F,11494,33421854.45,3117047.116
B,11495,33422031.04,3116440.02
F,11496,33425711.92,3116942.771
F,11497,33425424.37,3117265.26
G,11498,33430989.57,3117106.573
E,11499,33424694.1,3117406.422
E,11500,33424012.98,3117248.774
G,11501,33431729.59,3117142.558
G,11502,33436345.37,3117247.388
G,11503,33432265.83,3117580.378
G,11504,33437119.12,3117413.541
B,11505,33428912.02,3117570.864
G,11506,33423084.84,3117470.33
F,11507,33422029.44,3117574.962
G,11508,33431367.91,3117626.126
G,11509,33437768.15,3117590.41
C,11510,33433364.92,3117757.093
E,11511,33420657.12,3117631.873
E,11512,33420013.1,3117413.072
G,11513,33430324.62,3117615.121
E,11514,33421393.21,3117608.461
G,11515,33429459.11,3117931.391
F,11516,33422435.45,3118078.809
G,11517,33432779.36,3117968.641
F,11518,33425296.68,3117794.374
B,11519,33423996.2,3117947.406
G,11520,33428479.21,3117900.417
G,11521,33428041.49,3117848.055
G,11522,33432097.88,3118127.254
G,11523,33429049.42,3117873.222
F,11524,33424603.74,3118054.386
E,11525,33421134.03,3118151.471
E,11526,33419818.71,3117974.546
G,11527,33431226.7,3118080.22
E,11528,33420424.37,3118187.485
G,11529,33427563.56,3118313.166
C,11530,33430048.03,3118034.897
F,11531,33422146.5,3118355.492
G,11532,33436781.86,3118058.054
F,11533,33423523.62,3118047.417
B,11534,33431209.08,3118279.121
F,11535,33437945.92,3118440.987
G,11536,33423070.54,3118212.248
E,11537,33421974.1,3118541.25
B,11538,33433116.59,3118602.988
F,11539,33436649.09,3118632.231
F,11540,33421453.71,3118624.128
G,11541,33430580.81,3118263.928
G,11542,33432561.44,3118562.259
G,11543,33437296.97,3118345.116
F,11544,33437885.87,3118837.745
G,11545,33428243.14,3118577.932
C,11546,33433492.22,3118570.766
B,11547,33424167.75,3118604.689
F,11548,33437580.99,3118906.023
G,11549,33431049.38,3118654.964
E,11550,33439316.58,3117980.197
G,11551,33432898.59,3118968.129
B,11552,33427633.53,3118823.057
B,11553,33421114.4,3118858.897
G,11554,33427513.19,3119052.361
B,11555,33432963.66,3119214.352
F,11556,33431715.87,3118782.789
G,11557,33428858.52,3118703.502
G,11558,33424976.88,3118722.314
G,11559,33421782.07,3119003.919
C,11560,33433394.6,3119219.257
G,11561,33422613.66,3119032.456
F,11562,33432049.23,3119178.057
G,11563,33428736.41,3119262.574
G,11564,33429976.3,3118973.277
G,11565,33429468.59,3118861.778
C,11566,33434357.31,3119130.322
G,11567,33436356.64,3119330.359
G,11568,33435247.92,3119241.993
E,11569,33438090.8,3119166.748
F,11570,33430920.53,3119270.994
E,11571,33437353.81,3119457.443
G,11572,33422075.44,3119345.212
G,11573,33424216.58,3119272.49
F,11574,33432292.6,3119457.58
G,11575,33427148.66,3119564.409
G,11576,33432893.65,3119617.335
G,11577,33423246.53,3119189.222
C,11578,33433648.57,3119641.644
F,11579,33436913.71,3119733.843
E,11580,33431505.27,3119602.586
E,11581,33418490.52,3119644.347
G,11582,33435233.07,3119744.621
E,11583,33428732.9,3119725.519
E,11584,33418356.04,3119980.16
G,11585,33436015.1,3119741.939
G,11586,33422369.82,3119816.565
C,11587,33434333.62,3119823.628
B,11588,33432278.72,3119987.819
G,11589,33422839.08,3119792.717
G,11590,33421834.33,3119918.952
F,11591,33419593.73,3120072.064
F,11592,33427706.21,3119966.653
E,11593,33421352.49,3119542.263
E,11594,33437716.01,3120050.041
B,11595,33436935.5,3120156.94
E,11596,33431778.93,3120038.75
G,11597,33424037.6,3119953.885
F,11598,33429982.19,3120029.415
G,11599,33423612.52,3119804.913
F,11600,33433023.18,3120119.886
C,11601,33433632.87,3120242.474
G,11602,33426913.72,3120015.175
B,11603,33430549.72,3120022.642
E,11604,33428186.67,3120072.536
G,11605,33435202.39,3120238.659
E,11606,33430931.78,3120254.704
G,11607,33423296.73,3120340.236
E,11608,33420872.43,3120319.561
E,11609,33428757.33,3120213.284
E,11610,33432360.73,3120502.558
F,11611,33421279.83,3120259.284
B,11612,33435766.31,3120554.87
B,11613,33437650.31,3120605.203
E,11614,33431420.17,3120397.728
G,11615,33436145.02,3120601.756
E,11616,33429821.21,3120549.247
F,11617,33427628,3120643.46
G,11618,33423046.03,3120665.565
E,11619,33429412.03,3120409.873
G,11620,33435128.7,3120757.737
C,11621,33434389.84,3120569.598
G,11622,33422431.57,3120571.248
E,11623,33428958.53,3120767.358
F,11624,33420356.52,3120456.946
G,11625,33426788.92,3120988.676
B,11626,33419065.8,3120532.133
E,11627,33431293.6,3120908.794
B,11628,33418667.51,3120713.882
G,11629,33436771.05,3120851.1
G,11630,33426739.15,3120632.871
F,11631,33419666.14,3120701.072
F,11632,33428076.22,3121069.354
C,11633,33433501.73,3120861.978
G,11634,33421136.96,3120972.933
G,11635,33422141.91,3120867.271
B,11636,33432460.2,3121018.728
E,11637,33430545.27,3121015.195
G,11638,33426538.09,3121367.143
F,11639,33420058.18,3120973.213
G,11640,33434964.1,3121250.722
E,11641,33431716.66,3121177.786
G,11642,33421877.14,3121133.085
E,11643,33437867.12,3121147.371
B,11644,33418276.37,3121027.124
E,11645,33430170.4,3121311.703
G,11646,33435715.45,3121346.826
G,11647,33427261.32,3121375.894
G,11648,33432894.14,3121284.891
F,11649,33437087.29,3121101.156
F,11650,33419586.55,3121522.722
G,11651,33436376.84,3121300.909
E,11652,33429018.91,3121446.568
C,11653,33434059.67,3121216.957
G,11654,33420648.22,3121404.575
G,11655,33427042.95,3121705.473
B,11656,33432226.93,3121658.777
E,11657,33437390.46,3121668.454
G,11658,33425667.77,3121804.314
F,11659,33428329.81,3121667.401
C,11660,33433441.33,3121648.309
G,11661,33421460.93,3121612.434
G,11662,33421760.76,3121537.956
F,11663,33427707.82,3121820.981
G,11664,33426417.52,3121708.351
G,11665,33419880.91,3121947.749
E,11666,33431445.36,3121822.321
B,11667,33418923.74,3121640.052
E,11668,33429456.02,3121738.48
C,11669,33433665.74,3122060.122
F,11670,33436626.86,3121937.661
G,11671,33432815.4,3122048.272
G,11672,33425579.86,3122191.548
E,11673,33438152.87,3121952.582
E,11674,33429910.66,3121997.65
E,11675,33429017.99,3122002.846
H,11676,33424135.74,3122221.573
B,11677,33427226.43,3122228.266
Y,11678,33426682.03,3122204.821
G,11679,33421343.35,3122149.808
F,11680,33419059.04,3122266.756
B,11681,33432021.79,3122458.03
G,11682,33420657.86,3122093.308
E,11683,33428473.76,3122229.41
U,11684,33435579.55,3122134.056
C,11685,33433607.99,3122406.672
E,11686,33430473.06,3122326.893
F,11687,33420309.72,3122549.83
F,11688,33427782.27,3122373.28
B,11689,33418481.98,3122151.3
E,11690,33436881.44,3122336.321
E,11691,33437725.7,3122452.684
G,11692,33425974.17,3122520.599
G,11693,33436234.47,3122211.024
B,11694,33418267.97,3122410.063
E,11695,33438528.64,3122614.717
E,11696,33430204.12,3122428.119
C,11697,33423087.73,3122613.67
G,11698,33434827.43,3122443.413
G,11699,33419601.34,3122612.051
D,11700,33423992.61,3122696.792
E,11701,33429207.26,3122665.715
G,11702,33426271,3122831.246
F,11703,33432638.46,3122578.378
E,11704,33430979.47,3122563.731
G,11705,33435474.31,3122768.223
C,11706,33434509.74,3122881.901
E,11707,33431823.91,3122841.798
B,11708,33419364.96,3122970.893
E,11709,33428539.94,3122846.925
G,11710,33423503.62,3122688.147
B,11711,33436692.2,3122803.155
E,11712,33431132.6,3122902.501
F,11713,33427441.65,3122975.835
G,11714,33420720.29,3122990.114
B,11715,33436613.14,3123227.806
F,11716,33426581.75,3123143.709
C,11717,33424603.01,3122557.483
G,11718,33435773.81,3123111.074
E,11719,33429225.27,3123150.085
B,11720,33437539.57,3123108.349
F,11721,33419813.55,3123280.26
F,11722,33433422.77,3123135.124
E,11723,33428187.77,3123341.659
E,11724,33438356.92,3123121.646
G,11725,33421092.06,3123397.065
B,11726,33436883,3123558.212
C,11727,33425309.19,3123095.975
F,11728,33437027.15,3123380.446
C,11729,33435461.26,3123488.357
D,11730,33421515.33,3123667.944
C,11731,33424786.15,3122980.859
G,11732,33434095.78,3122920.574
E,11733,33430566.54,3123442.292
B,11734,33425025.59,3123426.788
G,11735,33437206.85,3123663.782
G,11736,33432904.75,3123679.258
G,11737,33433985.46,3123606.001
F,11738,33427362.29,3123630.215
E,11739,33438308.28,3123781.415
C,11740,33434543.84,3123792.363
E,11741,33429231.91,3123690.648
E,11742,33429755.7,3123508.773
G,11743,33426826.78,3124051.045
G,11744,33426233.26,3123665.971
C,11745,33433664.18,3123870.634
E,11746,33430496.3,3123177.165
G,11747,33434985.64,3123675.441
F,11748,33426940.07,3123856.261
E,11749,33431402.33,3123484.381
F,11750,33437475.54,3124034.66
G,11751,33425784.96,3123833.051
E,11752,33432084.23,3123615.787
G,11753,33424346.71,3123670.692
C,11754,33423655.78,3123602.399
G,11755,33435976.61,3123902.202
F,11756,33432448.75,3123983.599
E,11757,33428043.15,3124007.958
E,11758,33438290.49,3124263.797
F,11759,33426660.95,3124290.437
E,11760,33431092.52,3124146.551
G,11761,33434967.45,3124239.528
B,11762,33427285.48,3124332.358
G,11763,33424409.77,3124278.262
F,11764,33433914.9,3124349.135
E,11765,33429440.98,3124307.666
E,11766,33430328.57,3124110.266
F,11767,33433084.48,3124386.087
B,11768,33427208.38,3124567.907
F,11769,33425117.86,3124164.484
H,11770,33425592.43,3124428.37
E,11771,33432267.8,3124533.548
E,11772,33431801.49,3124369.31
F,11773,33435558.53,3124504.195
E,11774,33428852.84,3124476.955
F,11775,33438079.25,3124890.226
F,11776,33426506.27,3124875.694
F,11777,33437475.98,3124767.797
E,11778,33430008.52,3124731.275
E,11779,33426724.78,3124955.08
F,11780,33426951.34,3124826.876
E,11781,33426214.58,3124924.693
G,11782,33436579.65,3124570.178
F,11783,33425495.6,3124955.187
G,11784,33434442.44,3124732.567
G,11785,33433729.59,3124928.155
F,11786,33435920.3,3124963.304
F,11787,33426030.27,3125173.927
D,11788,33435100.6,3125017.324
E,11789,33438415.67,3124986.313
F,11790,33437059.52,3124726.061
E,11791,33432255.98,3125301.871
B,11792,33437723.46,3125381.14
G,11793,33433514.59,3125361.375
E,11794,33426521.3,3125322.161
E,11795,33432829.63,3125190.33
G,11796,33434861.7,3125493.592
E,11797,33436643.93,3125413.539
E,11798,33431358.5,3125402.17
E,11799,33430738.53,3125421.022
G,11800,33433261.15,3125765.047
G,11801,33435923.71,3125764.607
E,11802,33436666.34,3125729.058
E,11803,33437365.72,3125935.086
G,11804,33434249.61,3125805.282
G,11805,33435647.39,3126159.268
G,11806,33434879.14,3126118.991
E,11807,33430327.77,3126243.362
E,11808,33436345.86,3126341.269
E,11809,33437642.06,3126457.901
E,11810,33435791.76,3126554.243
G,11811,33433719.43,3126530.545
E,11812,33437180.04,3126626.214
G,11813,33434262.11,3126481.076
E,11814,33437412.09,3127069.012
E,11815,33438323.09,3126607.897
F,11816,33436728.59,3127003.965
F,11817,33435328.67,3126873.733
E,11818,33437289.17,3127255.559
E,11819,33430020.89,3126922.788
F,11820,33435986.26,3127077.206
E,11821,33429629.09,3127069.745
E,11822,33437671.7,3127345.264
E,11823,33430586.78,3126977.276
E,11824,33428878.79,3127185.572
E,11825,33436557.3,3126887.191
F,11826,33434851.45,3127070.276
G,11827,33434241.41,3127219.705
E,11828,33438029.51,3127235.762
E,11829,33429804.86,3127643.199
F,11830,33436337.63,3127515.406
E,11831,33435573.28,3127676.611
G,11832,33433563.05,3127476.437
E,11833,33429306.77,3127654.024
E,11834,33437357.56,3127644.233
E,11835,33437101.62,3127904.1
F,11836,33436779.3,3127861.228
F,11837,33434768.28,3127888.513
B,11838,33436134.6,3128233.978
B,11839,33434750.97,3128347.129
G,11840,33434033.35,3127983.975
E,11841,33428803.65,3128039.048
F,11842,33435529.1,3128182.001
B,11843,33436720.35,3128154.528
E,11844,33436255.19,3128500.943
B,11845,33435404.69,3128621.872
H,11846,33432931.42,3128304.738
G,11847,33433439.72,3128461.707
B,11848,33429078.7,3128641.36
B,11849,33432366.28,3128820.456
G,11850,33434215.66,3128576.364
B,11851,33437574.49,3128432.148
B,11852,33428984.02,3128798.013
G,11853,33433332.18,3128926.021
B,11854,33428959.6,3128976.97
B,11855,33430282.52,3128925.404
G,11856,33434653.25,3128934.413
C,11857,33432067.28,3128886.545
B,11858,33428159.15,3129221.727
B,11859,33430999.81,3129243.02
B,11860,33436406.69,3129064.16
B,11861,33430150.77,3129308.598
F,11862,33435617.63,3129033.457
B,11863,33435686.9,3129420.183
B,11864,33430608.18,3129572.237
C,11865,33431642.41,3129369.314
G,11866,33432623.98,3129241.597
G,11867,33434935.83,3129520.987
B,11868,33428657.63,3129523.577
B,11869,33428213.45,3129678.332
B,11870,33429090.63,3129574.914
B,11871,33431515.43,3129853.387
B,11872,33436886.96,3129301.559
B,11873,33435994.46,3129738.858
G,11874,33434171.05,3129332.017
B,11875,33428789.89,3129897.398
B,11876,33434827.2,3129977.219
C,11877,33431235.47,3129907.067
G,11878,33433950.82,3129697.588
G,11879,33433435.84,3129658.787
F,11880,33434413.08,3129991.441
B,11881,33429122.73,3130152.581
B,11882,33435584.18,3130029.823
B,11883,33435077.5,3130028.974
G,11884,33433028.12,3129940.667
B,11885,33428765.14,3130274.903
B,11886,33429563.01,3129839.743
B,11887,33430628.32,3130009.434
E,11888,33434146.53,3130317.129
B,11889,33428133.59,3130245.698
C,11890,33431281.46,3130365.839
B,11891,33436407.89,3130248.937
G,11892,33432083.49,3130009.685
E,11893,33434316.15,3130580.049
B,11894,33429993.9,3130199.467
B,11895,33435213.81,3130399.571
H,11896,33432636.32,3130395.991
E,11897,33434956.85,3130743.333
B,11898,33433965.35,3130832.366
F,11899,33433553.02,3130672.726
B,11900,33428213.76,3130753.844
B,11901,33430498.96,3130709.155
F,11902,33434095.15,3130893.041
G,11903,33432513.24,3130887.94
B,11904,33434577.78,3130771.369
C,11905,33431121.02,3130898.911
B,11906,33434788.91,3131242.202
B,11907,33434314.4,3131213.598
F,11908,33433346.43,3131259.702
B,11909,33433698.8,3131288.011
B,11910,33435276.87,3131324.072
B,11911,33436175.56,3131444.213
B,11912,33434570.9,3131650.942
F,11913,33430372.01,3131728.239
F,11914,33431779.09,3131437.377
B,11915,33429222.67,3131866.993
F,11916,33431565.94,3131758.108
F,11917,33429923.26,3132133.618
F,11918,33431307.16,3132039.585
F,11919,33430986.31,3132264.098
B,11920,33429037.91,3132529.325
F,11921,33429517.54,3132717.68
F,11922,33430865.12,3132556.899
B,11923,33427714.73,3132862.882
E,11924,33429899.87,3132872.341
B,11925,33428416.77,3132831.145
B,11926,33426781.97,3133050.825
F,11927,33430361.25,3132952.936
B,11928,33432079.2,3132965.815
B,11929,33428726.97,3133275.6
B,11930,33427129.47,3133560.149
B,11931,33431223.22,3133300.208
B,11932,33427716.09,3133426.757
E,11933,33432526.35,3133272.448
E,11934,33429174.76,3133566.181
B,11935,33432656.83,3133022.546
F,11936,33429099.57,3133944.744
B,11937,33428319.99,3133870.999
F,11938,33430258.8,3133684.417
F,11939,33429095.44,3134139.044
F,11940,33429053.26,3134340.238
E,11941,33431057.47,3133855.298
F,11942,33431854.1,3134028.805
E,11943,33432501.04,3134165.679
B,11944,33428627.1,3134330.716
E,11945,33431438.18,3134582.581
E,11946,33428886.83,3134618.509
F,11947,33429994.53,3134155.584
B,11948,33432543.41,3134556.67
F,11949,33429644.73,3134384.862
E,11950,33430534.35,3134355.195
B,11951,33425447.59,3134781.45
B,11952,33427749.18,3134276.206
B,11953,33427145.37,3134455.352
B,11954,33428385.85,3134630.647
E,11955,33428612.55,3134969.716
B,11956,33428056.63,3134812.785
B,11957,33427304.19,3134914.255
F,11958,33430620.5,3135002.021
E,11959,33428005.9,3135270.053
B,11960,33426545.77,3134873.827
F,11961,33429076.77,3134914.631
B,11962,33431079.93,3134454.181
D,11963,33428023.8,3135313.693
E,11964,33427535.83,3135183.627
B,11965,33429605.67,3135163.363
B,11966,33431578.71,3135213.452
B,11967,33430181.47,3135161.705
B,11968,33425807.63,3135152.903
E,11969,33431255.94,3135175.053
B,11970,33431900.78,3134948.638
E,11971,33426304.16,3135391.483
B,11972,33425016.07,3135259.488
F,11973,33427608.17,3135533.015
B,11974,33425049.47,3135642.086
F,11975,33428868.96,3135600.053
B,11976,33424511.24,3135583.116
F,11977,33429817.49,3135682.509
B,11978,33430669.27,3135671.702
B,11979,33431487.97,3135779.352
E,11980,33432971.74,3135836.084
B,11981,33432318.5,3136037.407
E,11982,33425407.7,3135864.55
F,11983,33428011.38,3135909.539
B,11984,33427241.57,3135950.634
B,11985,33425487.9,3136321.725
B,11986,33426802.94,3135862.815
F,11987,33428979.01,3136136.154
F,11988,33428483.43,3136267.834
B,11989,33427414.97,3136372.876
F,11990,33430958.13,3136334.843
B,11991,33429507.04,3136386.281
B,11992,33426250.15,3136084.603
F,11993,33428802.2,3136554.533
F,11994,33429968.2,3136342.439
B,11995,33424048.52,3136525.287
B,11996,33425166.12,3137165.209
F,11997,33427789.52,3136828.763
B,11998,33426488.13,3136862.061
F,11999,33428355.84,3136948.684
B,12000,33427003.08,3137054.301
F,12001,33428664.97,3137147.085
B,12002,33422378.74,3136799.947
E,12003,33432216.74,3137122.555
B,12004,33430787.43,3136894.465
B,12005,33430276.33,3137092.801
B,12006,33431586.89,3136671.173
B,12007,33429389.73,3137360.231
B,12008,33426205.95,3137381.178
F,12009,33427389.47,3137511.052
B,12010,33422317.48,3137546.38
B,12011,33430068.08,3137722.452
F,12012,33428124.66,3137673.923
B,12013,33428914.7,3137817.949
B,12014,33426344.86,3137956.359
B,12015,33425651.3,3137932.223
B,12016,33428339.82,3138149.223
F,12017,33426938.72,3138013.132
B,12018,33423283.99,3138048.671
B,12019,33430090.71,3138271.474
B,12020,33426808.6,3138314.188
B,12021,33428255.27,3138510.82
F,12022,33427555.54,3138167.54
B,12023,33429059.74,3138185.749
B,12024,33422463.06,3138211.405
B,12025,33430645.51,3138369.425
B,12026,33426215.31,3138443.067
B,12027,33427859.02,3138560.597
B,12028,33425456.89,3138540.371
B,12029,33429421.92,3138603.67
F,12030,33426181.42,3138729.256
B,12031,33427491.2,3138851.015
B,12032,33426200.36,3139170.182
B,12033,33426864.15,3138698.627
B,12034,33430209.61,3138855.25
B,12035,33428688.66,3139458.575
B,12036,33426597.7,3139368.742
B,12037,33425644.22,3139195.397
B,12038,33430056.95,3139595.956
B,12039,33428882.77,3138945.404
B,12040,33427534.88,3139307.039
B,12041,33428681.52,3139474.207
B,12042,33428032.33,3139706.84
B,12043,33424964.21,3139453.244
B,12044,33427162.56,3139549.824
B,12045,33425434.17,3139735.185
B,12046,33428816.8,3139925.177
B,12047,33425956.93,3140032.993
B,12048,33427943.25,3140060.149
B,12049,33424883.04,3140115.098
B,12050,33428530.98,3140182.431
B,12051,33426841.72,3140408.524
B,12052,33426942.58,3140175.497
B,12053,33426717.81,3140031.809
B,12054,33429194.49,3140596.168
B,12055,33426006.42,3140785.091
B,12056,33429123.65,3140921.029
B,12057,33427741.72,3140639.098
B,12058,33428620.56,3141267.295
B,12059,33429893.07,3141562.537
B,12060,33429356.2,3141915.097
B,12061,33423143.81,3136647.412
B,12062,33424625.66,3136423.02
B,12063,33431587.65,3137484.224
B,12064,33428327.69,3128343.833
E,12065,33431148.91,3126067.053
H,12066,33432941.55,3126343.756
E,12067,33431987.25,3126566.229
E,12068,33431334.98,3126802.651
E,12069,33432468.4,3126962.011
F,12070,33432952.91,3127191.623
E,12071,33431410.22,3127823.417
E,12072,33431415.62,3127491.721
E,12073,33432094.6,3127672.022
F,12074,33432631.64,3127823.419
E,12075,33432463.01,3126086.769
E,12076,33433341.88,3126389.626
F,12077,33426335.82,3124292.448
E,12078,33426086.52,3124689.477
E,12079,33437957.39,3124571.202
E,12080,33432541.77,3123106.469
D,12081,33434179.1,3122026.282
G,12082,33434408.18,3122041.988
G,12083,33434976.97,3121646.72
B,12084,33419404.81,3120836.634
E,12085,33421574.28,3120213.463
B,12086,33423622.31,3116062.35
B,12087,33430357.34,3119512.346
C,12088,33433196.67,3117415.381
G,12089,33432954.74,3117169.087
F,12090,33436416.75,3119016.062
E,12091,33438357.54,3118354.718
E,12092,33438688.93,3117929.983
E,12093,33438028.17,3117997.394
E,12094,33439041.89,3115282.765
E,12095,33418004.64,3112815.555
E,12096,33417555.16,3112443.57
E,12097,33420371.28,3113291.05
E,12098,33421860.2,3112327.735
E,12099,33439050.12,3113316.34
G,12100,33437640.24,3110109.018
E,12101,33439028.57,3109591.908
G,12102,33448994.34,3111680.058
G,12103,33448053.76,3109847.237
G,12104,33448357.76,3110712.278
E,12105,33429097.43,3108475.516
G,12106,33447147.12,3108195.664
F,12107,33449020.25,3107195.007
E,12108,33422380.91,3107422.167
E,12109,33422113.54,3107131.284
E,12110,33423131.14,3106801.351
E,12111,33441889.75,3103886.521
E,12112,33419652.45,3106429.205
B,12113,33425923.85,3105250.888
F,12114,33446222.91,3103601.933
F,12115,33446977.27,3104966.344
F,12116,33447751.76,3104295.489
E,12117,33451807.58,3103032.246
L,12118,33452526.08,3103150.285
B,12119,33421726.77,3101927.429
C,12120,33434025.56,3102767.039
F,12121,33435106.5,3100261.894
F,12122,33437716.7,3100736.165
F,12123,33446564.97,3102789.806
G,12124,33458967.87,3100157.159
G,12125,33458917.45,3100175.306
B,12126,33417495.55,3099512.539
B,12127,33421000.29,3101900.348
B,12128,33420452.65,3100541.928
E,12129,33424208.48,3100650.687
B,12130,33422678.63,3099816.926
E,12131,33441575.43,3098994.905
E,12132,33440405.2,3099081.847
E,12133,33451612.2,3099053.954
G,12134,33453633.49,3100749.203
D,12135,33462017.47,3099016.115
D,12136,33461708.05,3098806.087
F,12137,33418655.13,3098388.05
B,12138,33420347.33,3096432.63
B,12139,33421620.7,3099161.594
B,12140,33425278.83,3095894.26
B,12141,33417830.97,3093668.186
B,12142,33420300.79,3093226.138
B,12143,33420695.55,3093716.42
B,12144,33446139.76,3089947.157
F,12145,33446409.75,3091403.002
B,12146,33447145.99,3090147.824
F,12147,33451171.68,3092392.735
F,12148,33451043.49,3092851.804
F,12149,33454610.76,3095163.801
B,12150,33428223.45,3089938.979
B,12151,33430912.71,3088261.275
E,12152,33444023.16,3087422.141
G,12153,33443834.57,3088473.627
G,12154,33444557.73,3088570.779
F,12155,33449016.15,3087883.387
F,12156,33432269.86,3131109.903
B,12157,33433648.45,3131743.602
E,12158,33433265.48,3131837.008
F,12159,33432307.18,3131749.942
B,12160,33434324,3132416.782
B,12161,33433498.61,3132494.03
E,12162,33433196.31,3133226.666
B,12163,33433136.64,3132821.532
E,12164,33434103.66,3133198.072
C,12165,33434588.4,3111463.63
G,12166,33436588.71,3112500.956
U,12167,33435804.61,3112598.018
G,12168,33435139.11,3112588.797
G,12169,33437182.86,3112864.653
B,12170,33435699.42,3113095.907
G,12171,33436690.07,3113243.286
C,12172,33436082,3113633.716
C,12173,33435290.67,3112041.968
C,12174,33435744.56,3114024.785
B,12175,33432195.76,3086779.099
D,12176,33433549.82,3086785.538
C,12177,33432473.99,3087043.419
C,12178,33433162.83,3087071.309
B,12179,33431562.19,3087087.465
B,12180,33431857.52,3087236.343
C,12181,33432869.76,3087200.481
J,12182,33433734.51,3087267.461
C,12183,33432283.08,3087396.234
D,12184,33434160.09,3087303.62
D,12185,33432494.2,3087719.021
J,12186,33433822.04,3087768.569
B,12187,33431940.5,3087799.085
D,12188,33432758.85,3087864.435
B,12189,33431413.36,3087862.257
J,12190,33434351.44,3087965.479
B,12191,33431680.17,3088127.426
D,12192,33433531.33,3087995.5
B,12193,33432317.69,3088175.435
D,12194,33433050.78,3087961.93
B,12195,33432916.48,3088399.975
D,12196,33433265.99,3088260.755
C,12197,33433834.42,3088339.628
J,12198,33434793.54,3088347.855
D,12199,33434405.68,3088471.548
J,12200,33434863.31,3088690.63
J,12201,33435021.62,3088966.082
J,12202,33436030.18,3089004.537
C,12203,33433939.39,3088902.302
J,12204,33435480.77,3089359.544
D,12205,33434867.32,3089186.543
C,12206,33434323.47,3089034.256
J,12207,33435332.26,3089394.707
C,12208,33433572.17,3089321.66
D,12209,33436287.95,3089358.003
D,12210,33435747.03,3089540.069
J,12211,33433870.91,3089439.467
C,12212,33433367.77,3089564.736
J,12213,33434340.49,3089587.833
J,12214,33433245.81,3089911.136
B,12215,33433749.35,3089857.603
J,12216,33434430.33,3089832.471
G,12217,33432971.76,3089822.304
G,12218,33432763.55,3089644.387
J,12219,33435941.16,3089827.53
J,12220,33434384.33,3090054.528
J,12221,33435380.53,3089976.359
B,12222,33432317.1,3090319.971
G,12223,33433852.27,3090263.035
J,12224,33436487.76,3090255.233
G,12225,33432729.86,3090315.611
J,12226,33434735.65,3090287.648
G,12227,33433553.37,3090416.259
J,12228,33435278.24,3090399.834
G,12229,33433209.38,3090430.234
J,12230,33435865.7,3090536.468
D,12231,33434496.85,3090551.81
C,12232,33432694.25,3090625.055
C,12233,33433558.25,3090911.046
J,12234,33435763.35,3090847.584
J,12235,33434004.07,3090760.641
B,12236,33436455.76,3091137.927
C,12237,33436258.81,3090961.344
B,12238,33434202.34,3091082.796
C,12239,33433012.91,3090995.25
J,12240,33434743.32,3091082.622
C,12241,33432869.78,3091180.221
J,12242,33435438.18,3091046.375
J,12243,33433557.42,3091257.171
J,12244,33435219.74,3091202.841
B,12245,33435941.81,3091584.188
C,12246,33436216.59,3091416.058
B,12247,33435437.11,3091735.807
J,12248,33435261.25,3091577.323
B,12249,33435149.49,3091725.748
J,12250,33434778.95,3091703.745
J,12251,33434514.29,3091577.244
D,12252,33434442.67,3091322.235
J,12253,33433980.61,3091601.387
C,12254,33432835.89,3091685.898
C,12255,33435219.48,3091933.721
G,12256,33435852.6,3091991.916
J,12257,33433388.28,3091723.555
Y,12258,33434079.1,3092402.387
J,12259,33433834.07,3092198.851
D,12260,33433326.93,3092168.926
J,12261,33432666.45,3092457.289
Y,12262,33434926.73,3092461.675
J,12263,33435222.41,3092370.248
J,12264,33434632.92,3092366.915
J,12265,33433339.44,3092457.03
J,12266,33434427.07,3092556.646
J,12267,33433177.87,3092769.686
J,12268,33433808.95,3093075.375
J,12269,33434714.77,3093130.231
G,12270,33435247.22,3093046.193
J,12271,33434002.74,3093129.112
J,12272,33434171.67,3092898.257
H,12273,33433362.78,3093222.59
J,12274,33433093.69,3093514.663
D,12275,33434402.52,3093452.59
J,12276,33433514.86,3093574.322
J,12277,33432983.39,3093750.579
J,12278,33433942.04,3093722.398
D,12279,33434070.04,3093916.794
D,12280,33434006.96,3094079.732
J,12281,33433183.74,3094043.224
D,12282,33434027.94,3094421.925
J,12283,33434114.75,3094659.386
J,12284,33432541.64,3094210.568
J,12285,33433545.74,3094508.76
J,12286,33433241.06,3094524.651
J,12287,33432697.59,3094619.84
J,12288,33433792.96,3094967.981
J,12289,33434024.38,3095019.089
J,12290,33432740.13,3095145.494
J,12291,33433154.22,3095173.716
J,12292,33433494.38,3095112.934
J,12293,33433836.58,3095530.227
J,12294,33433680.05,3095758.533
J,12295,33433057.31,3095735.93
J,12296,33432640.27,3095693.815
D,12297,33433801.59,3096190.772
E,12298,33433937.03,3096486.323
J,12299,33433393.37,3095875.611
J,12300,33434608.52,3096516.715
J,12301,33433709.67,3096444.425
D,12302,33434202.92,3096521.216
J,12303,33433266.1,3096376.962
J,12304,33434178.59,3096714.569
Y,12305,33432592.58,3096849.152
J,12306,33433451.14,3096850.349
J,12307,33432880.59,3096951.31
J,12308,33433019.57,3096790.74
J,12309,33433899.77,3096955.48
D,12310,33432950.59,3097135.836
E,12311,33433686.38,3097276.096
G,12312,33432395.08,3097173.863
J,12313,33433828.78,3097228.746
D,12314,33434049.55,3097449.815
J,12315,33432885.34,3097409.904
J,12316,33434252.11,3097592.466
C,12317,33433750.35,3097734.14
G,12318,33432120.54,3097536.45
G,12319,33432401.16,3097709.408
J,12320,33433716.55,3097701.071
J,12321,33433158.22,3097623.147
J,12322,33433687.91,3097983.24
Z,12323,33433743.95,3098065.867
D,12324,33433169.98,3098146.439
J,12325,33433176.04,3098203.271
D,12326,33432660.94,3098207.99
G,12327,33431569.94,3098108.158
G,12328,33432180.79,3098215.641
J,12329,33433834.18,3098364.541
G,12330,33431421.39,3098410.068
D,12331,33434084.1,3098670.668
J,12332,33433126.49,3098641.906
U,12333,33431720.61,3098838.765
D,12334,33432211.54,3098970.158
D,12335,33433857.97,3099124.725
D,12336,33434097.9,3099005.263
J,12337,33432677.65,3099246.599
J,12338,33433155.26,3098972.954
D,12339,33432626.81,3098881.797
J,12340,33433592.5,3099264.238
D,12341,33432483.39,3099381.366
J,12342,33433434.54,3099470.367
D,12343,33433276.74,3099663.781
D,12344,33432028.86,3099396.529
J,12345,33433580.64,3099953.059
J,12346,33432860.05,3099702.716
C,12347,33432436.58,3099868.832
D,12348,33431927.67,3099682.357
D,12349,33433881.37,3100106.795
J,12350,33433501.95,3099935.276
J,12351,33432838.1,3100196.766
J,12352,33433087.8,3100152.994
J,12353,33432220.7,3100301.221
D,12354,33431172.14,3100221.646
J,12355,33431494.31,3100415.758
J,12356,33432860.38,3100550.462
J,12357,33433654.08,3100587.292
D,12358,33432712.53,3100812.394
J,12359,33434017.12,3100544.056
D,12360,33432105.42,3100742.378
D,12361,33431686.89,3100935.453
J,12362,33433868.82,3101091.415
J,12363,33432681.37,3101271.974
J,12364,33432241.57,3101173.099
D,12365,33431525.74,3101222.848
J,12366,33432626.3,3101458.935
J,12367,33432780.88,3101256.06
D,12368,33433881.59,3101454.492
Z,12369,33433387.44,3101505.767
J,12370,33432576.73,3101572.154
J,12371,33433353.11,3101291.179
C,12372,33431177.67,3101322.553
D,12373,33433651.52,3101609.481
C,12374,33430852.71,3101528.15
G,12375,33430527.77,3101744.39
D,12376,33432781.23,3101777.169
J,12377,33432118.02,3101779.701
J,12378,33431937.22,3102051.611
J,12379,33431373.14,3101878.367
G,12380,33430440.5,3102026.118
D,12381,33431639.03,3101877.693
C,12382,33433438.28,3101975.828
J,12383,33433023.98,3102124.248
J,12384,33432526.3,3102144.598
C,12385,33433711.31,3102249.117
D,12386,33432116.33,3102328.759
J,12387,33431369.98,3102474.971
J,12388,33431725.35,3102484.471
G,12389,33430682.68,3102326.773
J,12390,33433449.8,3102532.261
J,12391,33432963.49,3102498.794
G,12392,33430886.92,3102533.554
J,12393,33433268.82,3102810.957
J,12394,33432099.09,3102831.507
G,12395,33431118.25,3102877.125
C,12396,33431842.57,3102944.962
G,12397,33431099.4,3103177.775
J,12398,33433631.37,3103094.377
B,12399,33430523.42,3103326.805
D,12400,33433186.62,3103269.719
S,12401,33432756.99,3103460.927
G,12402,33430846.87,3103458.202
D,12403,33435095.33,3103468.263
J,12404,33433099.65,3103759.726
J,12405,33431825.09,3103475.411
J,12406,33432137.71,3103562.592
D,12407,33434423.72,3103617.826
D,12408,33433934.39,3103579.276
D,12409,33433546.8,3103574.773
J,12410,33433281.92,3103873.503
J,12411,33432300.16,3103797.578
D,12412,33435251.82,3103790.071
J,12413,33432666.88,3103548.325
G,12414,33430894.65,3103795.236
J,12415,33432829.77,3104057.66
G,12416,33431313.57,3103861.357
U,12417,33431743.7,3104066.599
J,12418,33434357.68,3104041.765
C,12419,33431995.75,3104242.705
J,12420,33433322.48,3104196.677
C,12421,33434730.52,3104308.791
G,12422,33431530.15,3104307.964
D,12423,33432606.31,3104334.977
C,12424,33435133.05,3104307.961
D,12425,33432431.44,3104228.373
J,12426,33433817.99,3104343.328
C,12427,33434236.75,3104680.97
C,12428,33433865.07,3104990.422
C,12429,33433442.38,3104780.027
J,12430,33434464.49,3105002.185
U,12431,33433471.51,3105218.559
C,12432,33434088.88,3105372.927
C,12433,33435016.14,3105334.369
C,12434,33434714.45,3105647.589
C,12435,33433897.32,3105638.39
J,12436,33434359.72,3105761.275
C,12437,33435106.95,3105930.955
C,12438,33434744.35,3106259.049
J,12439,33434296.84,3106377.216
C,12440,33434686.73,3106611.616
C,12441,33435091.7,3106561.966
J,12442,33434041.52,3106755.062
G,12443,33434698.98,3106990.761
C,12444,33433515.82,3107256.7
Z,12445,33433846.64,3107225.421
Z,12446,33434257.14,3107364.861
J,12447,33433236.66,3107548.68
C,12448,33434614.99,3107472.139
J,12449,33433684.88,3107671.946
C,12450,33433026.63,3107823.255
J,12451,33434347.73,3107901.521
Z,12452,33433961.94,3107942.604
Z,12453,33433324.26,3108117.982
C,12454,33432820.66,3108215.332
J,12455,33434264.15,3108222.077
J,12456,33434494.4,3108496.408
Z,12457,33433941.29,3108657.827
J,12458,33434232.99,3108740.963
C,12459,33432995.05,3108678.673
C,12460,33433577.25,3108955.844
Z,12461,33433812.97,3108998.144
J,12462,33433650.62,3109030.234
G,12463,33434548.81,3109022.363
Z,12464,33433405.85,3108809.007
C,12465,33432968.38,3109148.73
C,12466,33433909.1,3109254.397
C,12467,33434289.45,3109427.499
J,12468,33433777.95,3109623.146
C,12469,33433102.2,3109610.905
C,12470,33434645.04,3109689.756
J,12471,33434395.85,3109882.961
C,12472,33433261.98,3109918.419
C,12473,33434200.55,3110004.595
C,12474,33434611.35,3110313.09
J,12475,33433900.78,3110628.252
C,12476,33433636.46,3110282.439
C,12477,33433326.97,3110476.757
C,12478,33432895.76,3110421.065
Z,12479,33434119.31,3110391.856
J,12480,33433688.01,3110854.734
C,12481,33432767.21,3110730.748
C,12482,33432643.52,3110950.921
C,12483,33434023.43,3110955.342
C,12484,33432624.62,3111225.03
C,12485,33433613.87,3111286.542
J,12486,33433176.48,3111217.235
C,12487,33432367.8,3111462.627
J,12488,33432854.91,3111775.97
C,12489,33432218.14,3111677.518
J,12490,33433197.7,3111655.237
C,12491,33433394.7,3111825.364
C,12492,33432364.78,3111944.555
C,12493,33433414.44,3112302.13
C,12494,33434062.58,3112412.098
D,12495,33432298.14,3112375.376
C,12496,33432752.69,3112299.765
J,12497,33433138.3,3112572.15
C,12498,33433623.78,3112729.296
G,12499,33434573.54,3112470.238
C,12500,33431591.56,3112789.129
C,12501,33431919.07,3112638.601
C,12502,33432446.96,3112842.197
C,12503,33433599.43,3113006.201
C,12504,33434199.6,3113025.232
C,12505,33431748.27,3113135.3
G,12506,33434941.68,3113061.315
C,12507,33433736.09,3113362.414
C,12508,33432470.71,3113316.18
C,12509,33434613.74,3113370.985
C,12510,33431102.06,3113370.793
J,12511,33433366.41,3113406.168
G,12512,33435199.13,3113571.84
J,12513,33429997.64,3113794.796
C,12514,33430474.24,3113612.206
C,12515,33433960.37,3113615.92
C,12516,33431638.23,3113609.023
C,12517,33430170.7,3113831.203
C,12518,33432848.27,3113666.308
C,12519,33432030.18,3113650.085
C,12520,33434413.42,3113861.226
C,12521,33435115.28,3113897.404
C,12522,33432584.76,3113586.251
J,12523,33431127.03,3113778.058
J,12524,33433437.78,3113961.031
C,12525,33434378.25,3114147.454
C,12526,33430023.35,3114152.51
C,12527,33433756.21,3114079.143
G,12528,33427998.48,3114073.604
J,12529,33433182.35,3113874.516
G,12530,33428388.79,3114060.957
C,12531,33432595.43,3114296.474
C,12532,33430158.95,3114374.623
C,12533,33431405.38,3114225.287
C,12534,33435536.43,3114309.368
C,12535,33431822.18,3114195.546
G,12536,33428737.12,3114197.935
C,12537,33430193.65,3114550.827
C,12538,33431128.09,3114475.42
G,12539,33427569.61,3114477.387
C,12540,33432961.53,3114334.31
C,12541,33434084.91,3114574.402
C,12542,33435082.32,3114516.746
G,12543,33428364.31,3114643.872
G,12544,33427915.86,3114682.57
G,12545,33429049.29,3114555.188
C,12546,33431128.95,3114841.266
C,12547,33434607.79,3114663.314
C,12548,33433498.45,3114582.529
C,12549,33430261.73,3114850.166
G,12550,33429410.22,3114649.086
G,12551,33431723,3114721.364
C,12552,33433920.59,3114967.428
G,12553,33429762.65,3115078.6
G,12554,33428593.3,3114966.583
C,12555,33431140.63,3115142.383
G,12556,33428994.09,3115106.124
D,12557,33429279.6,3115267.054
C,12558,33434018.21,3115225.873
C,12559,33430304.04,3115201.267
C,12560,33433203.96,3115097.582
C,12561,33429242.49,3115458.292
C,12562,33431216.66,3115459.062
C,12563,33434152.19,3115561.788
J,12564,33430665.57,3115493.841
C,12565,33429843.5,3115544.884
C,12566,33430241.28,3115726.675
C,12567,33430980.5,3115820.869
J,12568,33433740.55,3115650.032
C,12569,33434511.31,3115910.218
C,12570,33435102.06,3116050.193
C,12571,33430364.29,3116070.651
J,12572,33433527.33,3115749.097
C,12573,33434032,3116011.095
C,12574,33429087.96,3116020.122
C,12575,33434469.36,3116308.445
C,12576,33427765.19,3116186.478
C,12577,33429482,3116096.041
C,12578,33433393.49,3115984.421
C,12579,33435378.72,3116356.966
C,12580,33428317.09,3116250.902
C,12581,33428749.05,3116170.766
C,12582,33430879.06,3116350.387
D,12583,33430153.71,3116456.52
G,12584,33434375.21,3116551.35
G,12585,33435043.83,3116580.677
J,12586,33427593.61,3116561.368
J,12587,33428253.48,3116647.613
J,12588,33430562.96,3116602.96
C,12589,33429721.58,3116481.166
J,12590,33430040.25,3116843.706
C,12591,33429103.05,3116634.704
J,12592,33428717.41,3116803.496
C,12593,33427135.53,3116572.316
G,12594,33435737.88,3116772.069
J,12595,33429012.38,3116901.778
C,12596,33430670.1,3116865.951
J,12597,33427128.34,3117091.772
C,12598,33434017.98,3116781.665
G,12599,33435684.09,3117006.714
C,12600,33426625.82,3116977.307
G,12601,33435131.87,3116936.697
J,12602,33426840.6,3117312.39
J,12603,33430131.47,3117053.09
C,12604,33429708.71,3117188.735
C,12605,33429483.67,3117068.957
C,12606,33428904.27,3117208.174
C,12607,33428364.4,3117085.874
C,12608,33433716.23,3116909.04
C,12609,33426335.28,3117230.078
C,12610,33427906.14,3117012.61
J,12611,33427254.03,3117087.388
G,12612,33434327.72,3117127.985
G,12613,33434906.3,3117187.461
J,12614,33426717.62,3117195.625
G,12615,33434593.68,3117456.824
G,12616,33435415.63,3117363.382
G,12617,33435734.32,3117442.358
C,12618,33427636.63,3117342.377
C,12619,33426098.7,3117542.66
J,12620,33425898.45,3117740.595
C,12621,33427344.66,3117585.722
J,12622,33426603.16,3117522.682
J,12623,33426705.75,3117607.614
C,12624,33426908.16,3117768.162
G,12625,33436012.74,3117674.071
J,12626,33425783.99,3117990.52
G,12627,33434379.37,3117780.79
J,12628,33426227.39,3117802.116
G,12629,33427275.41,3117985.582
G,12630,33435696.93,3117888.661
C,12631,33425969.38,3117923.089
J,12632,33425741.67,3118150.133
G,12633,33435418.61,3117998.101
G,12634,33434111.82,3118052.94
G,12635,33426889.2,3118144.912
J,12636,33426226.39,3118247.263
G,12637,33434935.52,3118208.172
G,12638,33435045.59,3117991.478
J,12639,33426434.18,3118254.114
C,12640,33425803.92,3118385.774
C,12641,33433685.81,3118004.987
C,12642,33426906.5,3118424.736
G,12643,33434234.02,3118427.657
G,12644,33436106.57,3118429.36
G,12645,33435206.36,3118515.846
J,12646,33426042.88,3118843.738
C,12647,33426699.45,3118701.472
G,12648,33434646.96,3118709.489
G,12649,33435536.96,3118754.709
C,12650,33425647.97,3118730.86
C,12651,33425355.14,3119101.267
C,12652,33426590.97,3119078.793
J,12653,33426102.23,3118654.126
J,12654,33425671.66,3119256.699
C,12655,33426378.55,3119353.306
J,12656,33426153.84,3119122.913
C,12657,33425050.57,3119524.831
B,12658,33426124.99,3119851.148
G,12659,33426457.32,3119815.409
C,12660,33424955.51,3119869.255
B,12661,33425729.11,3120109.609
C,12662,33425871.52,3119763.137
J,12663,33425270.34,3120147.659
B,12664,33426379.35,3120204.476
C,12665,33425608.12,3119980.108
G,12666,33425837.98,3120322.942
J,12667,33424763.98,3120190.102
C,12668,33425088.14,3120508.076
C,12669,33425634.27,3120596.857
C,12670,33424498.03,3120465.975
J,12671,33424980.64,3120784.506
C,12672,33424478.85,3120809.298
C,12673,33425578.89,3120911.294
C,12674,33426165.82,3120765.289
C,12675,33423562.6,3121055.141
J,12676,33423747.56,3121389.988
J,12677,33424774.77,3121366.712
J,12678,33425022.04,3121384.379
C,12679,33424501.4,3121153.474
C,12680,33424026.1,3121131.661
C,12681,33423015.78,3121245.51
J,12682,33423027.41,3121527.837
C,12683,33425352.85,3121219.384
C,12684,33425196.54,3121618.232
C,12685,33422501.97,3121521.052
J,12686,33423905.78,3121715.965
C,12687,33424507.11,3121760.728
C,12688,33423766.35,3121819.855
C,12689,33423316.99,3121681.875
C,12690,33422971.46,3121886.352
C,12691,33422201.83,3121912.695
C,12692,33422671.56,3122168.567
J,12693,33422075.72,3122289.966
C,12694,33421498.02,3122615.036
C,12695,33422667.83,3122637.127
C,12696,33421403.47,3122907.809
C,12697,33422123.32,3122969.777
B,12698,33421849.07,3123415.731
G,12699,33435996.58,3091226.479
D,12700,33436655.9,3090798.511
D,12701,33435991.77,3090343.048
D,12702,33434960.93,3089740.126
J,12703,33430747.27,3062420.969
D,12704,33432659.96,3062409.946
D,12705,33430113.33,3062486.749
C,12706,33433165.71,3062799.796
J,12707,33431102.74,3062882.227
J,12708,33431420.43,3062631.495
J,12709,33430724.24,3062849.812
D,12710,33432641.58,3062792.15
J,12711,33430697.66,3062779.533
H,12712,33431743.28,3062942.298
J,12713,33430468.12,3062968.188
C,12714,33433315.1,3063193.822
D,12715,33433116.46,3062856.976
H,12716,33429757.46,3063012.535
J,12717,33432383.06,3063087.24
H,12718,33431401.33,3063181.561
H,12719,33430872.84,3063223.916
C,12720,33430253.87,3062917.193
J,12721,33430551.14,3063411.484
J,12722,33432920.64,3063246.042
J,12723,33436339.41,3063256.094
H,12724,33430161.85,3063277.592
J,12725,33430622.87,3063488.451
J,12726,33430988.29,3063481.947
J,12727,33432317.39,3063435.148
J,12728,33431319.85,3063475.849
D,12729,33432021.74,3063299.259
C,12730,33434434.68,3063699.946
D,12731,33433039.55,3063589.571
J,12732,33430845.48,3063657.751
I,12733,33431195.24,3063758.166
C,12734,33433469.36,3063756.334
D,12735,33431603.96,3063742.522
D,12736,33431615.53,3063905.792
C,12737,33434908.19,3063709.288
J,12738,33435952.47,3063593.747
J,12739,33435715.19,3063804.069
J,12740,33435337.47,3063832.242
H,12741,33429630.09,3063669.741
J,12742,33434407.32,3063758.907
C,12743,33430318.62,3063769.232
D,12744,33432519.16,3063818.46
J,12745,33431809.48,3064064.006
H,12746,33429315.58,3064104.715
D,12747,33433500.51,3063989.227
H,12748,33430050.42,3063968.908
J,12749,33430909.85,3064079.37
C,12750,33433863.3,3064301.091
J,12751,33430513.91,3064018.355
D,12752,33432932.14,3064147.269
I,12753,33431549.88,3064295.139
B,12754,33433139.55,3064401.74
J,12755,33435732.15,3064255.7
D,12756,33432210.83,3064187.397
C,12757,33430240.86,3064397.52
J,12758,33436137.42,3064151.369
D,12759,33434724.23,3064162.934
J,12760,33431844.6,3064443.772
J,12761,33431188.29,3064423.092
J,12762,33435413.55,3064208.661
D,12763,33433336.07,3064192.135
J,12764,33434323.98,3064362.403
C,12765,33430299.6,3064587.594
J,12766,33430634.26,3064490.332
H,12767,33429838.76,3064366.38
B,12768,33433509.05,3064552.857
H,12769,33429118.99,3064395.5
J,12770,33435372.56,3064412.986
J,12771,33431755.13,3064632.196
B,12772,33433687.41,3064419.228
C,12773,33430188.57,3064657.184
B,12774,33434577.9,3064605.955
D,12775,33435205.58,3064558.956
I,12776,33432301.09,3064791.468
B,12777,33434970.01,3064729.064
H,12778,33429700.5,3064628.97
C,12779,33430269.84,3064840.961
D,12780,33433066.94,3064502.951
C,12781,33434427.07,3064778.441
J,12782,33432462.42,3064584.066
J,12783,33431470.02,3064691.364
D,12784,33434295.9,3064875.934
D,12785,33434022.32,3064721.428
D,12786,33433677.86,3064667.7
H,12787,33429467.43,3064810.649
H,12788,33428464.26,3064962.708
D,12789,33433084.79,3064867.935
C,12790,33435192.82,3064935.029
J,12791,33433972.99,3064975.034
D,12792,33436618.56,3064882.332
J,12793,33430910.74,3064773.584
J,12794,33430598.53,3064856.789
H,12795,33428301.73,3064927.357
J,12796,33432002.39,3064812.524
H,12797,33429176.58,3064958.796
J,12798,33435981.85,3064759.146
J,12799,33435049.81,3064843.425
D,12800,33435118.73,3065121.696
J,12801,33432276.13,3065071.871
J,12802,33431729.69,3065013.935
H,12803,33428574.06,3064963.503
C,12804,33433920.68,3065144.843
D,12805,33432923.05,3065053.007
D,12806,33436205.85,3065126.552
D,12807,33432668.38,3064836.819
H,12808,33429757.04,3065101.275
J,12809,33432467.55,3065261.995
H,12810,33428333.06,3065346.324
C,12811,33434628.86,3065043.158
H,12812,33430278.96,3065131.323
D,12813,33433216.31,3065255.857
H,12814,33429896.96,3065334.038
H,12815,33429010.09,3065190.831
J,12816,33435195.81,3065390.841
H,12817,33430472.89,3065376.92
J,12818,33430950.04,3065182.608
C,12819,33434380.4,3065292.968
J,12820,33435170.5,3065355.99
J,12821,33431300.09,3065129.173
I,12822,33435684.54,3065476.707
J,12823,33431458.05,3065302.188
H,12824,33433023.19,3065399.764
C,12825,33433858.04,3065468.88
D,12826,33435257.43,3065612.485
I,12827,33435652.54,3065692.811
H,12828,33432243.17,3065452.844
D,12829,33437608.97,3065357.46
J,12830,33437047.97,3065392.75
H,12831,33428813.48,3065480.953
J,12832,33436565.98,3065475.886
I,12833,33436049.65,3065552.632
H,12834,33430756.74,3065596.393
H,12835,33431825.83,3065595.406
J,12836,33433848.37,3065688.873
D,12837,33435548.13,3065712.816
H,12838,33432667.2,3065629.486
H,12839,33433012.94,3065785.471
J,12840,33435169.28,3065756.035
J,12841,33436870.61,3065800.468
H,12842,33428371.56,3065702.827
B,12843,33435494.74,3065902.587
C,12844,33433962.46,3065858.445
D,12845,33433463.61,3065489.407
D,12846,33437954.56,3065664.448
C,12847,33437467.1,3065802.299
C,12848,33434521.46,3065736.041
J,12849,33436268.45,3065966.921
J,12850,33432967.52,3066078.833
H,12851,33430966.52,3065930.454
C,12852,33434814.5,3065832.591
C,12853,33436729.14,3066052.031
I,12854,33435566.47,3066190.944
J,12855,33435727,3066058.534
J,12856,33435962.44,3066091.324
C,12857,33435280.79,3066126.979
D,12858,33434433.64,3066074.706
D,12859,33433718.2,3066191.956
C,12860,33437121.33,3066190.607
D,12861,33433603.18,3066350.747
D,12862,33434001.47,3066163.152
D,12863,33432963.7,3066357.869
D,12864,33434970.66,3066333.229
B,12865,33434577.5,3066369.742
D,12866,33437213.32,3066406.566
J,12867,33435860.11,3066470.539
D,12868,33434058.46,3066555.438
D,12869,33437613.44,3066279.037
D,12870,33435231.94,3066501.115
J,12871,33433436.72,3066593.79
J,12872,33433104.66,3066627.346
J,12873,33433870.55,3066682.31
I,12874,33435632.33,3066848.891
D,12875,33434407.51,3066599.245
J,12876,33432713.99,3066683.888
D,12877,33436346.71,3066618.147
J,12878,33434984.83,3066805.82
J,12879,33433588.29,3066843.333
J,12880,33434352.19,3066864.712
H,12881,33433032.07,3066937.825
D,12882,33437119.26,3066739.267
C,12883,33434014.52,3066927.735
D,12884,33436594.3,3066889.54
J,12885,33433060.24,3067102.905
D,12886,33435535.54,3066826.627
C,12887,33433704.96,3067020.379
J,12888,33435719.43,3067053.065
M,12889,33435585.85,3067331.394
D,12890,33434976.89,3067183.355
D,12891,33436991.71,3067137.027
H,12892,33432776.05,3067317.403
C,12893,33434094.89,3067229.558
J,12894,33434403.92,3067407.782
J,12895,33434873.44,3067430.948
D,12896,33437051.19,3067390.897
H,12897,33432991.21,3067484.451
D,12898,33438054.32,3067470.12
H,12899,33433284.62,3067367.497
J,12900,33435817.86,3067541.439
H,12901,33433567.51,3067465.258
J,12902,33435008.21,3067696.015
J,12903,33434686.27,3067691.772
D,12904,33437545.09,3067568.483
J,12905,33434143.41,3067667.888
J,12906,33436327.14,3067509.687
C,12907,33435273.65,3067830.818
J,12908,33434476.48,3067930.893
D,12909,33435451.33,3067828.677
J,12910,33436081.53,3067920.884
D,12911,33438097.11,3067853.289
C,12912,33434385.6,3068165.393
J,12913,33434866.14,3068088.436
D,12914,33435119.74,3068036.411
J,12915,33434606.17,3068201.92
J,12916,33436940.88,3067975.107
J,12917,33435970.82,3068178.521
J,12918,33435213.06,3068385.17
J,12919,33435409.11,3068305.459
D,12920,33436169.51,3068399.71
J,12921,33437260.21,3068306.801
J,12922,33434308.43,3068564.789
D,12923,33436629.71,3068572.094
B,12924,33435144.06,3068473.63
C,12925,33434530.01,3068648.328
J,12926,33437883.42,3068386.344
D,12927,33434625.69,3068439.366
C,12928,33435883.25,3068796.58
C,12929,33435996.75,3068855.119
J,12930,33436203.09,3068762.731
J,12931,33434889.62,3068813.676
J,12932,33435816.1,3069039.044
B,12933,33435229.24,3068982.363
D,12934,33434525.49,3069029.38
D,12935,33436852.78,3068998.405
M,12936,33434135.24,3069289.168
J,12937,33436677.7,3069159.83
C,12938,33436500.54,3069226.832
M,12939,33434419.32,3069343.115
J,12940,33437376.78,3068847.202
J,12941,33434456.36,3069329.422
B,12942,33435880.77,3069388.86
J,12943,33437197.06,3069142.382
J,12944,33434774.9,3069563.445
D,12945,33436792,3069519.591
C,12946,33435049.38,3069708.839
J,12947,33436420.87,3069631.994
J,12948,33435291.21,3069569.434
J,12949,33435710.06,3069735.91
C,12950,33437294.67,3069641.149
B,12951,33436459,3069875.563
D,12952,33437414.51,3069978.792
C,12953,33434499.55,3069851.548
M,12954,33435097.12,3069943.485
J,12955,33436029.82,3069888.44
D,12956,33436591.63,3070032.34
C,12957,33437636.9,3070024.042
D,12958,33434051.88,3069993.937
B,12959,33435666.3,3070234.992
D,12960,33434862.78,3070250.594
B,12961,33436360.07,3070356.547
D,12962,33434082.64,3070287.831
J,12963,33436720.54,3070317.982
B,12964,33435955.7,3070388.112
C,12965,33437459.06,3070686.896
D,12966,33437564.61,3070389.156
C,12967,33438186.76,3070659.675
J,12968,33435028.65,3070723.14
M,12969,33435711.79,3070620.625
J,12970,33434533.08,3070675.895
D,12971,33437680.84,3070832.631
D,12972,33436554.55,3070753.217
C,12973,33435154.93,3070914.619
J,12974,33435267.69,3070595.547
D,12975,33437411.58,3070663.639
M,12976,33436062.74,3070832.619
D,12977,33434711.58,3071000.556
C,12978,33435229.04,3071238.085
J,12979,33434817.26,3071182.648
D,12980,33437416.65,3071131.381
B,12981,33436111.72,3071192.722
J,12982,33436796.91,3071170.664
C,12983,33437089.43,3071481.927
J,12984,33436530.35,3071433.591
C,12985,33434543.41,3071685.644
D,12986,33434739.46,3071493.126
M,12987,33436059.66,3071588.496
C,12988,33434871.01,3071894.58
J,12989,33435225.53,3071741.741
B,12990,33435085.32,3072153.564
D,12991,33434479.42,3071912.671
J,12992,33434320.42,3072069.568
C,12993,33436547.32,3071819.991
J,12994,33435604.07,3071717.165
M,12995,33435919.18,3072051.316
J,12996,33435299.91,3072267.461
J,12997,33436181.93,3072196.96
B,12998,33434952.89,3072283.567
C,12999,33434290.48,3072363.978
J,13000,33436243.63,3072427.089
C,13001,33436441.56,3072494.583
D,13002,33434715.84,3072428.144
J,13003,33435713.48,3072667.143
D,13004,33433136.57,3072382.249
D,13005,33434454.18,3072655.066
D,13006,33437024.89,3072533.423
D,13007,33432817.84,3072502.503
D,13008,33437567.04,3072678.298
M,13009,33435410.16,3072930.045
D,13010,33438115.58,3072949.523
D,13011,33434430.02,3072960.544
D,13012,33436532.32,3072752.993
D,13013,33435887.45,3072980.365
J,13014,33434073.98,3073047.69
D,13015,33437724.71,3073132.086
D,13016,33434930.62,3072996.509
B,13017,33437394.92,3073253.076
D,13018,33434085.48,3072767.633
B,13019,33435097.25,3073078.737
C,13020,33436990.39,3073310.559
D,13021,33436762.51,3073153.519
J,13022,33434404.31,3073338.509
B,13023,33435693.79,3073396.839
J,13024,33433813.02,3073421.947
M,13025,33432948.4,3073527.277
J,13026,33436967.03,3073352.288
D,13027,33433834.95,3072983.499
D,13028,33433610.13,3073222.534
D,13029,33436460.69,3073585.659
C,13030,33435567.58,3073702.323
J,13031,33435424.26,3073381.857
D,13032,33433071.53,3073589.661
J,13033,33436388.94,3073519.437
D,13034,33434842.7,3073548.078
D,13035,33432653.2,3073869.586
D,13036,33433528.64,3073584.323
D,13037,33436207.94,3073681.554
D,13038,33434113.86,3073825.782
D,13039,33435194.62,3073887.124
J,13040,33433565.05,3073975.548
J,13041,33435920.26,3073711.773
D,13042,33436285.84,3074034.08
C,13043,33433620.8,3074148.843
D,13044,33434910.3,3073962.509
D,13045,33432857.9,3074084.959
D,13046,33434584.61,3074080.668
D,13047,33433592.29,3074396.185
D,13048,33434681.49,3074486.567
C,13049,33433442.27,3074927.741
J,13050,33434000.07,3074641.85
D,13051,33433694.93,3074839.226
D,13052,33434825.43,3074928.411
C,13053,33434524.23,3075177.553
D,13054,33432180.22,3075243.3
D,13055,33432891.09,3075308.854
D,13056,33434671.5,3075362.56
D,13057,33431818.74,3075402.315
D,13058,33433836.96,3075290.48
D,13059,33433452.92,3075335.041
C,13060,33434351.6,3075617.913
D,13061,33434273.82,3075237.625
C,13062,33434283.25,3075872.949
J,13063,33432305.52,3075695.272
D,13064,33434877.37,3075657.694
C,13065,33432863.42,3076015.899
J,13066,33432828.57,3075801.065
J,13067,33433473.22,3075911.412
D,13068,33434494.68,3076019.072
C,13069,33433884.92,3076463.775
D,13070,33434978.95,3076360.497
D,13071,33433386.94,3076317.997
C,13072,33433879.7,3076663.086
J,13073,33434436.02,3076461.873
D,13074,33434051.04,3076516.825
C,13075,33434390.38,3076616.174
J,13076,33435006.66,3076815.035
D,13077,33433077.17,3077055.318
D,13078,33433235.12,3076762.577
D,13079,33434063.22,3076979.277
D,13080,33433267.52,3077239.978
D,13081,33434589.38,3077324.97
D,13082,33434323.52,3077436.686
D,13083,33433950.09,3077592.356
D,13084,33433020.3,3077365.548
C,13085,33433812.26,3077701.637
D,13086,33434116.54,3077612.63
D,13087,33432039.05,3077804.502
C,13088,33433001.14,3077669.632
D,13089,33433585.28,3077531.559
C,13090,33434052.04,3078016.888
D,13091,33432047.63,3078093.736
D,13092,33433030.75,3078158.651
J,13093,33434011.25,3078192.626
D,13094,33432703.44,3078026.192
D,13095,33432160.61,3078501.01
D,13096,33433157.43,3078329.862
D,13097,33432628.41,3078499.471
C,13098,33433904.9,3078451.314
D,13099,33433896.85,3078734.038
Y,13100,33433643.62,3078785.528
J,13101,33432893.69,3078970.858
D,13102,33432741.67,3078864.596
D,13103,33432948.49,3079280.945
Y,13104,33433392.38,3079031.601
Y,13105,33433780.9,3079195.639
Y,13106,33434068,3079540.816
D,13107,33432982.15,3079649.418
J,13108,33433139.44,3079907.374
D,13109,33432340.35,3079719.202
Y,13110,33434388.65,3079831.541
D,13111,33433930.33,3079981.794
Y,13112,33435059.21,3080251.766
Y,13113,33434836.7,3080493.006
D,13114,33433594.57,3080302.794
D,13115,33432669.25,3080445.791
D,13116,33434348.19,3080546.269
Y,13117,33434894.21,3080851.747
B,13118,33433014.87,3080808.721
D,13119,33434455.97,3081042.963
D,13120,33434518.61,3081274.402
D,13121,33433796.08,3080997.03
D,13122,33433304.25,3081267.467
D,13123,33432031.1,3081184.268
Y,13124,33433972.19,3081485.029
J,13125,33432462.82,3081261.375
D,13126,33434947.22,3081520.911
D,13127,33435678.61,3081531.925
D,13128,33434012.02,3081773.785
D,13129,33434704.2,3081702.876
J,13130,33432737.82,3081708.817
D,13131,33436203.43,3081639.425
J,13132,33433165.59,3081884.555
J,13133,33431934.14,3081931.822
J,13134,33433521.23,3081981.437
D,13135,33432425.55,3081554.624
J,13136,33434362.69,3081953.921
J,13137,33432035.81,3082133.713
J,13138,33432747.07,3082152.437
D,13139,33435044.92,3081989.431
I,13140,33434483.47,3082282.653
D,13141,33435645.84,3082324.625
J,13142,33433598.75,3082155.18
C,13143,33435469.88,3082378.389
D,13144,33436093.12,3082019.574
J,13145,33433056.19,3081837.241
B,13146,33434474.66,3082276.412
J,13147,33433847.34,3082499.348
D,13148,33434256.85,3082349.37
D,13149,33432171.43,3082207.536
J,13150,33432297.38,3082044.454
J,13151,33433804.81,3082610.807
J,13152,33433973.37,3082483.33
J,13153,33435124.97,3082418.212
C,13154,33436741.07,3082415.757
D,13155,33432552.02,3082688.218
D,13156,33433391.01,3082658.616
D,13157,33435133.74,3082726.867
C,13158,33437155.16,3082660.459
I,13159,33435183.43,3082980.53
C,13160,33437536.12,3082795.031
J,13161,33434822.13,3082973.761
J,13162,33434318.65,3082854.227
C,13163,33436056.94,3082431.354
D,13164,33432436.17,3082958.597
D,13165,33433355.05,3083260.298
D,13166,33435767.41,3083139.661
D,13167,33434159.91,3083309.71
D,13168,33435195.93,3083157.469
C,13169,33436772.19,3083028.434
G,13170,33437210.45,3083206.544
J,13171,33433700.21,3083224.826
J,13172,33434503.36,3083171.106
J,13173,33433305.63,3083037.762
D,13174,33436482.37,3083348.591
J,13175,33432575.51,3083384.091
G,13176,33437793.6,3083368.408
D,13177,33435789.37,3083432.862
D,13178,33433218.61,3083505.334
D,13179,33435066.6,3083524.749
G,13180,33438073.02,3083167.502
D,13181,33436175.28,3083668.098
J,13182,33433700.01,3083736.385
G,13183,33437998.35,3083836.006
D,13184,33432856.25,3083840.646
G,13185,33437198.07,3083690.669
J,13186,33432123.33,3083721.689
B,13187,33435010.9,3083949.256
J,13188,33434144.84,3083574.813
J,13189,33434568.03,3083911.718
D,13190,33434730.69,3084198.034
J,13191,33433909.04,3084116.191
J,13192,33433148.17,3084133.086
G,13193,33437820.29,3084118.07
F,13194,33438299.8,3084226.845
D,13195,33435488.85,3083979.001
G,13196,33437163.25,3084115.087
D,13197,33436630.59,3084042.262
D,13198,33432564.55,3084350.287
D,13199,33433721.73,3084409.485
C,13200,33434971.11,3084385.573
F,13201,33437821.85,3084439.065
D,13202,33436190.32,3084273.978
D,13203,33431926.09,3084402.58
J,13204,33434605.34,3084433.705
D,13205,33435724.02,3084386.008
J,13206,33434033,3084583.008
D,13207,33435189.15,3084595.939
D,13208,33432364.41,3084656.42
J,13209,33433370.09,3084713.266
G,13210,33437199.74,3084610.512
J,13211,33432936,3084694.451
J,13212,33434972.05,3084844.468
F,13213,33438185.76,3084705.116
J,13214,33434457.94,3084935.592
G,13215,33437674.13,3084831.573
C,13216,33432602.67,3085038.374
B,13217,33433919.36,3085043.457
C,13218,33432465.62,3084865.09
J,13219,33434048.34,3084904.718
D,13220,33436439.25,3084971.487
G,13221,33436994.87,3084871.492
G,13222,33437625.55,3085111.428
J,13223,33433436.03,3085012.378
D,13224,33436687.03,3084894.292
B,13225,33433188.81,3085180.229
D,13226,33436094.62,3084977.061
J,13227,33435621.19,3085026.551
D,13228,33431911.06,3084969.721
B,13229,33433518.09,3085375.018
D,13230,33432724.27,3085207.014
J,13231,33435274.38,3085326.96
J,13232,33433244.46,3085434.114
J,13233,33434676.72,3085202.874
G,13234,33432180.08,3085376.74
J,13235,33433971.06,3085443.623
D,13236,33437387.9,3085525.352
D,13237,33433537.36,3085723.347
D,13238,33432534.23,3085678.937
D,13239,33436933.95,3085526.655
D,13240,33435194.97,3085690.805
D,13241,33437464.69,3085762.214
D,13242,33436382.56,3085764.242
J,13243,33435744.01,3085739.652
D,13244,33437047.93,3086018.67
G,13245,33431846.97,3085776.015
D,13246,33433106.74,3086000.394
I,13247,33434972.57,3086322.023
J,13248,33434617.27,3086041.959
J,13249,33435463.89,3086108.12
D,13250,33435843.48,3086076.284
D,13251,33434061.65,3086119.395
G,13252,33432300.36,3086103.1
J,13253,33436807.19,3086229.617
D,13254,33433377.06,3086294.595
C,13255,33433095.17,3086455.226
D,13256,33437629.81,3086165.537
J,13257,33433902.72,3086113.062
C,13258,33436789.33,3086458.816
C,13259,33433632.23,3086494.927
J,13260,33434822.8,3086387.973
D,13261,33432764.2,3086396.076
J,13262,33434342.56,3086565.979
J,13263,33436366.03,3086375.936
E,13264,33432101.56,3086518.425
J,13265,33435986.02,3086504.603
J,13266,33435496.71,3086562.915
C,13267,33434194.2,3086767.949
D,13268,33437572.58,3086518.554
E,13269,33431627.34,3086373.563
J,13270,33434846.44,3086790.973
D,13271,33436187.78,3086828.298
D,13272,33437285.69,3086682.493
Y,13273,33437496.88,3087013.521
D,13274,33437024.18,3086863.334
D,13275,33434604.27,3086992.126
J,13276,33435615.74,3086973.852
D,13277,33437737.71,3087110.745
D,13278,33436183.98,3087202.066
D,13279,33436692.98,3087101.513
I,13280,33434401.99,3087473.659
J,13281,33435328.44,3087269.273
D,13282,33437204.9,3087388.925
D,13283,33434479.89,3087318.328
C,13284,33435136.86,3087561.115
C,13285,33435303.03,3087628.493
D,13286,33434900.84,3087513.305
D,13287,33436636.09,3087636.66
D,13288,33436072.27,3087603.011
D,13289,33435691.83,3087635.427
I,13290,33435381.72,3087952.859
B,13291,33435485.04,3087855.012
J,13292,33436496.74,3088084.999
D,13293,33435105.57,3087940.843
J,13294,33436028.04,3088072.342
J,13295,33435461.29,3088342.253
J,13296,33435778.37,3088268.855
J,13297,33435729.66,3088423.725
J,13298,33436169.43,3088424.849
D,13299,33435641.6,3088670.073
J,13300,33436628.39,3088480.186
C,13301,33436526.81,3088751.904
D,13302,33435345.27,3088642.533
D,13303,33435843.81,3088822.923
J,13304,33432882.77,3094025.734
J,13305,33434034.6,3083260.669
B,13306,33469492.05,3078425.369
D,13307,33473612.1,3058827.154
B,13308,33483932.36,3049545.12
B,13309,33481472.56,3052078.181
B,13310,33481628.22,3049132.913
B,13311,33429871.33,3130746.051
B,13312,33429293.03,3131065.008
C,13313,33430401.28,3131361.041
B,13314,33428911.08,3130906.444
B,13315,33429802.45,3131235.768
F,13316,33477240.37,3071808.449
E,13317,33466406.76,3114563.956
L,13318,33462453.98,3115928.183
L,13319,33462972,3115446.258
F,13320,33475802.55,3095368.349
E,13321,33480647.64,3069530.209
D,13322,33466697.68,3057349.756
E,13323,33484700.59,3065769.576
E,13324,33484698.22,3065162.49
E,13325,33484808.66,3063814.346
E,13326,33485172.88,3061970.02
E,13327,33488758.02,3062094.155
F,13328,33468606.52,3108208.819
E,13329,33483595.14,3080921.571
E,13330,33459118.35,3060004.44
E,13331,33482245.69,3063699.061
B,13332,33422898.11,3137531.178
B,13333,33423197.83,3137080.61
B,13334,33426293.26,3134715.055
B,13335,33431812.7,3133531.817
F,13336,33430828.57,3133052.326
B,13337,33435472.47,3131718.798
E,13338,33431994.01,3125814.393
G,13339,33432376.56,3116048.505
E,13340,33438864.62,3118740.237
E,13341,33439329.94,3117341.856
E,13342,33425536.63,3110832.149
E,13343,33420408.76,3108365.294
E,13344,33422850.92,3107293.255
F,13345,33446827.01,3104114.762
G,13346,33436240.24,3100515.521
B,13347,33416806.53,3101095.169
F,13348,33417500.4,3093417.356
