Feature,Id,x,y
Aa,1,271588.3169,2779142.165
Aa,2,268054.2762,2774764.201
Aa,3,263812.0813,2774772.574
Aa,4,266293.5977,2773398.363
Aa,5,263539.6293,2774648.568
Aa,6,269471.6655,2771648.682
Aa,7,268538.242,2772698.711
Aa,8,269293.3031,2774445.99
Aa,9,265123.074,2772912.65
Aa,10,264786.8893,2773292.366
Aa,11,271157.8068,2778306.465
Aa,12,269146.8212,2773890.244
Aa,13,266116.6049,2772732.823
Aa,14,268036.2554,2772119.627
Aa,15,265606.4586,2773388.806
Aa,16,269030.966,2773279.023
Aa,17,269463.912,2770779.034
Aa,18,269231.6103,2771891.585
Aa,19,266903.5363,2773802.85
Aa,20,263185.1551,2774857.01
Aa,21,267792.024,2772658.337
Aa,22,264118.1661,2774125.746
Aa,23,267421.2849,2772461.102
Aa,24,269029.6578,2771199.599
Aa,25,266462.5704,2773281.539
Aa,26,265224.9144,2772878.134
Aa,27,266998.8131,2773249.118
Aa,28,265892.0819,2775804.346
Aa,29,272237.3246,2780341.992
Aa,30,266048.2324,2774089.957
Aa,31,270519.4732,2777065.278
Aa,32,270842.7841,2778754.369
Aa,33,264319.1692,2774482.244
Aa,34,265576.0868,2775205.669
Aa,35,265785.0063,2772529.041
Aa,36,265787.7041,2772102.865
Aa,37,268253.4511,2772572.919
Aa,38,266518.45,2772316.512
Aa,39,269278.3149,2771647.299
Aa,40,268611.2509,2773733.607
Aa,41,268102.8096,2773044.509
Aa,42,269094.4885,2772208.844
Aa,43,268955.9419,2773078.225
Aa,44,269698.5613,2775506.127
Aa,45,262958.679,2776136.829
Aa,46,267506.4422,2772125.05
Aa,47,265314.9768,2772248.38
Aa,48,262742.9274,2777542.876
Aa,49,265584.4103,2772464.212
Aa,50,267268.3862,2773566.223
Aa,51,269324.8939,2771896.772
Aa,52,265785.0063,2772529.041
Aa,53,267139.443,2771877.239
Aa,54,267415.4582,2774196.984
Aa,55,267948.4234,2774969.553
Aa,56,265233.5701,2773649.503
Aa,57,264339.7303,2772418.435
Aa,58,268545.6645,2772137.399
Aa,59,266127.477,2772693.11
Aa,60,264787.803,2772943.369
Aa,61,265735.5828,2772521.434
Aa,62,269449.684,2771943.278
Aa,63,267931.8711,2771416.27
Aa,64,267747.1788,2771471.409
Aa,65,270678.0535,2778023.908
Aa,66,270870.8669,2778501.946
Aa,67,270989.1756,2777892.484
Aa,68,265624.3072,2772186.204
Aa,69,269363.4275,2771442.313
Aa,70,267802.0879,2770623.936
Aa,71,268674.9686,2771223.148
Aa,72,271127.7488,2778304.434
Aa,73,262054.4593,2775507.036
Aa,74,264752.0692,2774889.909
Aa,75,264663.3085,2772691.443
Aa,76,265643.1308,2773730.179
Aa,77,269189.9669,2774073.404
Aa,78,265735.6629,2776917.598
Aa,79,267770.0851,2774897.554
Aa,80,263880.6067,2772236.133
Aa,81,268652.9645,2772651.321
Aa,82,263905.5459,2775455.817
Aa,83,267448.6805,2775106.162
Aa,84,266962.506,2771619.215
Aa,85,264600.3625,2773462.359
Aa,86,266521.5894,2773444.977
Aa,87,267521.2641,2771819.578
Aa,88,266885.8383,2771685.204
Aa,89,269062.891,2774118.253
Aa,90,265959.7582,2772209.827
Aa,91,264711.8063,2777596.856
Aa,92,265084.6417,2778678.795
Aa,93,263689.0461,2775671.159
Aa,94,264640.9391,2774296.17
Aa,95,266489.9118,2772584.175
Aa,96,265443.8083,2775752.447
Aa,97,268182.5788,2774293.832
Aa,98,269206.5931,2773872.745
Aa,99,268777.995,2772257.745
Aa,100,268183.5131,2773488.072
Aa,101,267668.0774,2771620.926
Aa,102,267442.6766,2770868.69
Aa,103,267295.5569,2774391.167
Aa,104,263538.7071,2773263.005
Aa,105,263453.5778,2772839.612
Aa,106,270436.1568,2776370.224
Aa,107,266607.7786,2772990.953
Aa,108,270660.0529,2778234.945
Aa,109,263562.8561,2775543.561
Aa,110,266727.1827,2773758.095
Aa,111,270727.4829,2779358.5
Aa,112,267713.8644,2771052.616
Aa,113,264135.3004,2773602.504
Aa,114,262918.9364,2775357.321
Aa,115,269529.6942,2772257.076
Aa,116,268641.7811,2772718.514
Aa,117,268006.5632,2771324.323
Aa,118,269497.4592,2772719.672
Aa,119,267866.4207,2772775.861
Aa,120,266613.9271,2772720.079
Aa,121,271721.6934,2777777.246
Aa,122,269013.3125,2772327.316
Aa,123,266580.9291,2773177.209
Aa,124,265512.0632,2772019.033
Aa,125,269727.3574,2775934.296
Aa,126,271238.7681,2778222.459
Aa,127,263392.7459,2772529.52
Aa,128,264300.79,2776313.718
Aa,129,268888.5616,2771236.863
Aa,130,272030.2553,2780249.29
Aa,131,267609.0958,2772273.375
Aa,132,269104.6275,2770895.862
Aa,133,268347.2866,2773699.196
Aa,134,269310.7931,2771244.728
Aa,135,263800.9986,2772620.737
Aa,136,269084.9642,2774375.749
Aa,137,263319.5555,2773016.746
Aa,138,270208.1592,2776638.701
Aa,139,269519.5265,2772019.882
Aa,140,266348.2521,2772587.446
Aa,141,266381.4185,2773804.386
Aa,142,262992.0927,2776995.08
Aa,143,266741.7811,2772314.806
Aa,144,267369.3162,2770451.003
Aa,145,267990.209,2772491.788
Aa,146,269262.5266,2772991.025
Aa,147,267730.2669,2772288.01
Aa,148,269097.2982,2772010.744
Aa,149,265279.8929,2773208.624
Aa,150,267071.8791,2771844.784
Aa,151,262959.5314,2776451.346
Aa,152,269822.7742,2776340.837
Aa,153,264617.2954,2774309.472
Aa,154,269918.8655,2775966.994
Aa,155,269123.505,2771829.792
Aa,156,269991.3484,2776201.235
Aa,157,271499.5441,2778072.87
Aa,158,268431.0277,2771418.362
Aa,159,269106.0576,2772027.717
Aa,160,267423.0337,2771026.919
Aa,161,262180.7656,2775684.504
Aa,162,267155.9449,2770767.469
Aa,163,265853.7078,2772044.239
Aa,164,267194.171,2771879.687
Aa,165,271865.6379,2778097.59
Aa,166,267248.7601,2770789.771
Aa,167,266763.8918,2773968.206
Aa,168,263445.9702,2773155.965
Aa,169,265384.545,2773606.321
Aa,170,267828.2669,2771393.302
Aa,171,263810.7223,2773760.524
Aa,172,264804.2153,2772733.825
Aa,173,264197.1773,2772459.368
Aa,174,268068.2918,2773369.761
Aa,175,265239.0904,2774149.098
Aa,176,268364.989,2773562.562
Aa,177,268208.5276,2771469.696
Aa,178,268430.5011,2772022.888
Aa,179,266911.7098,2773064.387
Aa,180,269336.8146,2771781.798
Aa,181,264447.5087,2772727.719
Aa,182,263493.5621,2774700.943
Aa,183,269161.482,2771934.834
Aa,184,266380.5191,2773032.467
Aa,185,266513.0932,2774028.3
Aa,186,265411.3899,2775524.297
Aa,187,266877.3166,2772133.246
Aa,188,268167.0384,2771929.285
Aa,189,266383.0773,2772552.184
Aa,190,269225.6384,2771492.834
Aa,191,262339.7269,2772875.881
Aa,192,262603.8751,2772962.598
Aa,193,268207.5186,2771500.996
Aa,194,267747.9944,2771564.609
Aa,195,264041.9114,2773857.982
Aa,196,269537.1946,2771880.292
Aa,197,266214.5638,2773909.551
Aa,198,266117.4039,2772734.501
Aa,199,268906.7328,2773446.63
Aa,200,270009.4726,2777821.493
Aa,201,267033.6349,2771860.444
Aa,202,269065.4154,2771446.506
Aa,203,262546.1586,2772788.369
Aa,204,267567.0706,2772247.88
Aa,205,271418.3723,2778648.729
Aa,206,265290.259,2774526.79
Aa,207,263454.4342,2774443.107
Aa,208,267617.2429,2772570.846
Aa,209,267641.4641,2772455.448
Aa,210,267053.5681,2773388.745
Aa,211,265824.4018,2773208.777
Aa,212,267320.3408,2773135.618
Aa,213,265198.4409,2772145.331
Aa,214,267841.8433,2772191.417
Aa,215,268904.9262,2770747.478
Aa,216,267858.3235,2772118.848
Aa,217,267945.2836,2771480.299
Aa,218,269798.2693,2775847.494
Aa,219,267916.5156,2772098.623
Aa,220,268774.2737,2771674.429
Aa,221,267412.0925,2771560.183
Aa,222,267895.6814,2772594.43
Aa,223,269737.9276,2775511.803
Aa,224,269262.1866,2775564.66
Aa,225,269348.9245,2771905.877
Aa,226,263402.2639,2774720.706
Aa,227,266971.7639,2773829.585
Aa,228,267125.6645,2771295.357
Aa,229,267107.9623,2773597.497
Aa,230,269576.5696,2771749.002
Aa,231,265185.3489,2774292.913
Aa,232,264365.3371,2772652.408
Aa,233,268018.632,2772532.733
Aa,234,269839.0209,2775980.813
Aa,235,268716.1107,2773468.461
Aa,236,269200.0474,2771710.342
Aa,237,267014.6615,2773049.734
Aa,238,268683.8029,2775785.202
Aa,239,268927.2434,2775610.707
Aa,240,268876.8246,2775634.39
Aa,241,266676.643,2774225.037
Aa,242,269644.5315,2776773.564
Aa,243,270615.4859,2779381.736
Aa,244,269275.9457,2771689.402
Aa,245,266600.1691,2772501.121
Aa,246,262599.1573,2775566.657
Aa,247,269162.1565,2773977.279
Aa,248,265177.8657,2773097.928
Aa,249,268025.024,2771277.508
Aa,250,267690.7214,2772136.707
Aa,251,269181.0084,2772224.078
Aa,252,264760.4972,2773414.362
Aa,253,269885.1911,2776343.799
Aa,254,262663.6361,2774051.003
Aa,255,266752.6223,2773624.495
Aa,256,265177.7581,2776846.46
Aa,257,264084.0706,2773980.063
Aa,258,269371.9524,2771627.75
Aa,259,269219.6585,2772004.658
Aa,260,269182.2829,2775529.658
Aa,261,264448.7391,2772575.93
Aa,262,263810.7505,2772383.192
Aa,263,264195.0092,2772423.049
Aa,264,262867.0807,2773039.612
Aa,265,266327.3501,2773345.576
Aa,266,265532.0366,2772643.511
Aa,267,265594.3781,2772282.259
Aa,268,267789.3671,2772411.713
Aa,269,265776.6753,2772671.861
Aa,270,267753.8747,2771502.789
Aa,271,266451.4976,2772319.771
Aa,272,269054.0841,2773598.222
Aa,273,263655.9532,2774295.453
Aa,274,267601.1393,2770539.213
Aa,275,269152.7884,2771193.077
Aa,276,264954.9669,2772587.703
Aa,277,265211.9015,2772882.797
Aa,278,266873.2396,2772976.479
Aa,279,268541.1034,2773956.524
Aa,280,265241.8805,2773416.425
Aa,281,265253.1549,2774250.316
Aa,282,272465.8655,2779969.967
Aa,283,263997.4712,2776361.668
Aa,284,262591.8518,2774572.457
Aa,285,269542.5219,2771967.708
Aa,286,267059.0432,2773709.303
Aa,287,264063.5735,2776310.426
Aa,288,266402.7904,2772039.057
Aa,289,270489.6002,2777576.869
Aa,290,263143.9358,2774612.105
Aa,291,267438.4176,2771161.3
Aa,292,266690.3705,2772641.41
Aa,293,265531.6268,2773381.426
Aa,294,264906.746,2773007.479
Aa,295,266677.7277,2772352.468
Aa,296,267605.7116,2770672.088
Aa,297,263095.2591,2774248.323
Aa,298,268521.2329,2772150.072
Aa,299,269586.4457,2771877.769
Aa,300,268000.5984,2773736.584
Aa,301,269520.8345,2772188.531
Aa,302,265511.4037,2772563.332
Aa,303,263185.1551,2774857.01
Aa,304,268258.163,2774980.136
Aa,305,268539.8034,2772699.953
Aa,306,266002.4125,2773977.87
Aa,307,269137.7006,2771348.477
Aa,308,268941.7767,2772332.755
Aa,309,267073.618,2774472.319
Aa,310,266155.5679,2772579.544
Aa,311,269144.6379,2775716.512
Aa,312,266911.7098,2773064.387
Aa,313,263879.9573,2776112.165
Aa,314,267703.112,2772502.591
Aa,315,266385.8973,2772581.94
Aa,316,266266.5733,2772405.373
Aa,317,269623.7277,2775679.869
Aa,318,268013.729,2770975.441
Aa,319,264392.819,2772727.395
Aa,320,269232.571,2771356.173
Aa,321,272768.3837,2780062.773
Aa,322,270579.6164,2778167.183
Aa,323,264964.4013,2774297.143
Aa,324,268281.9048,2771708.567
Aa,325,263323.615,2772717.999
Aa,326,269219.6041,2773230.809
Aa,327,265748.0602,2772440.687
Aa,328,268373.5742,2773886.658
Aa,329,266825.6886,2772447.382
Aa,330,265006.7144,2775590.032
Aa,331,268513.2648,2772588.377
Aa,332,266806.6481,2772730.312
Aa,333,269757.8346,2777145.137
Aa,334,264745.1228,2772969.47
Aa,335,267215.8104,2774726.919
Aa,336,264784.0076,2777230.35
Aa,337,267259.7848,2772791.27
Aa,338,267392.7211,2772818.595
Aa,339,269580.8344,2775693.276
Aa,340,268921.5771,2771367.141
Aa,341,269577.7416,2771955.277
Aa,342,266005.7682,2773455.296
Aa,343,267484.7407,2771529.353
Aa,344,269523.1489,2772051.949
Aa,345,263409.4847,2773317.033
Aa,346,267150.9747,2770882.54
Aa,347,271934.062,2778413.704
Aa,348,268950.8934,2772416.302
Aa,349,265670.1398,2772433.147
Aa,350,265762.5683,2776512.14
Aa,351,265355.2289,2775482.566
Aa,352,264983.5002,2778037.745
Aa,353,268983.5215,2771886.905
Aa,354,269446.964,2771782.262
Aa,355,267835.6876,2772146.5
Aa,356,269551.0717,2771835.459
Aa,357,267272.9011,2771347.38
Aa,358,265479.0044,2778243.323
Aa,359,263588.346,2773727.386
Aa,360,267361.6785,2774655.733
Aa,361,267809.9795,2772898.783
Aa,362,269651.8058,2775655.51
Aa,363,266911.7098,2773064.387
Aa,364,263781.247,2775659.414
Aa,365,266709.4864,2773173.741
Aa,366,268978.4118,2772404
Aa,367,265580.6679,2775337.7
Aa,368,267983.5048,2774859.043
Aa,369,271492.0689,2777306.368
Aa,370,269588.0442,2771333.682
Aa,371,267948.912,2773640.867
Aa,372,269114.0856,2771955.927
Aa,373,268543.907,2771534.18
Aa,374,268878.1201,2771120.575
Aa,375,264350.835,2773952.833
Aa,376,265877.5373,2772669.918
Aa,377,262025.1351,2775812.147
Aa,378,271290.1061,2778757.836
Aa,379,269685.2624,2777907.083
Aa,380,267778.0594,2775094.416
Aa,381,270546.4411,2778025.914
Aa,382,266977.3811,2771858.868
Aa,383,267772.0461,2772434.836
Aa,384,265785.0063,2772529.041
Aa,385,268202.8431,2771452.461
Aa,386,268386.3073,2770598.373
Aa,387,268984.156,2771696.874
Aa,388,267993.0709,2773565.713
Aa,389,267661.8319,2771480.259
Aa,390,266285.6011,2773830.547
Aa,391,263974.5144,2773790.663
Aa,392,265789.7938,2775677.165
Aa,393,265448.2978,2774984.233
Aa,394,267340.7484,2774015.845
Aa,395,267543.2725,2773563.226
Aa,396,267678.54,2773230.548
Aa,397,266882.0478,2773807.233
Aa,398,267475.4133,2774145.232
Aa,399,265563.8766,2773375.798
Aa,400,266526.6126,2772343.428
Aa,401,268440.5343,2772114.875
Aa,402,271982.0415,2779255.618
Aa,403,265558.5846,2774053.556
Aa,404,270348.5881,2778892.903
Aa,405,269494.4063,2775500.067
Aa,406,266058.7129,2773847.966
Aa,407,263455.7464,2773009.099
Aa,408,267067.7615,2773859.017
Aa,409,268437.0242,2773904.392
Aa,410,263760.5663,2773310.314
Aa,411,264409.5406,2774275.013
Aa,412,264840.3864,2773447.015
Aa,413,268575.9287,2771969.058
Aa,414,268183.915,2771562.483
Aa,415,269542.0684,2770663.365
Aa,416,267866.8818,2772214.453
Aa,417,268095.6113,2772621.045
Aa,418,263555.5248,2777694.039
Aa,419,268711.3116,2772322.286
Aa,420,268358.6373,2772009.1
Aa,421,267750.0325,2771729.655
Aa,422,259243.0284,2784949.129
Aa,423,262382.0846,2773936.689
Aa,424,269633.6544,2775356.095
Aa,425,271296.7577,2778099.949
Aa,426,265374.8418,2772504.804
Aa,427,269312.9665,2775198.343
Aa,428,268935.6399,2774925.093
Aa,429,268455.2972,2773075.511
Aa,430,263406.0698,2775738.425
Aa,431,262949.5535,2778310.812
Aa,432,270382.5171,2777846.69
Aa,433,267582.1097,2772678.61
Aa,434,262948.9531,2778320.546
Aa,435,271187.3325,2778688.966
Aa,436,265550.7739,2772613.386
Aa,437,262914.6827,2773739.926
Aa,438,268409.551,2771514.477
Aa,439,269737.38,2775661.673
Aa,440,269078.0533,2773239.968
Aa,441,268726.89,2776055.447
Aa,442,266473.167,2774170.181
Aa,443,266019.7417,2772653.528
Aa,444,267528.9364,2772722.001
Aa,445,265259.0612,2772221.652
Aa,446,267717.1088,2771424.362
Aa,447,265989.2122,2775272.551
Aa,448,272293.9005,2779629.375
Aa,449,266440.3807,2773110.073
Aa,450,271261.8668,2777993.583
Aa,451,268521.4455,2771980.973
Aa,452,265230.8374,2777111.667
Aa,453,267936.2098,2772532.021
Aa,454,265088.8816,2772850.249
Aa,455,271267.1002,2778625.695
Aa,456,265949.0956,2773743.103
Aa,457,266675.0382,2774221.26
Aa,458,268758.353,2771371.173
Aa,459,269265.2814,2774246.298
Aa,460,269275.8495,2775871.337
Aa,461,268905.1805,2775581.067
Aa,462,268902.0232,2775621.915
Aa,463,269116.3843,2772091.798
Aa,464,269670.7055,2776773.332
Aa,465,268752.0616,2773953.579
Aa,466,265000.6691,2773184.05
Aa,467,270783.0291,2779776.918
Aa,468,265323.1654,2775766.995
Aa,469,265602.0302,2774296.101
Aa,470,269371.2872,2775641.443
Aa,471,271734.0855,2778470.321
Aa,472,263281.0823,2774837.8
Aa,473,268875.2467,2771815.182
Aa,474,266701.1852,2772327.971
Aa,475,270209.7281,2777963.533
Aa,476,267905.6154,2772589.823
Aa,477,267814.2985,2771387.198
Aa,478,269161.1123,2771184.27
Aa,479,267738.7978,2772291.458
Aa,480,265360.5151,2775565.969
Aa,481,266928.5671,2773555.116
Aa,482,267499.3616,2774962.41
Aa,483,262254.851,2776399.789
Aa,484,266530.5885,2772935.837
Aa,485,272193.8009,2780087.179
Aa,486,262768.9144,2772443.541
Aa,487,264347.1494,2772535.832
Aa,488,262906.7865,2777092.743
Aa,489,264300.1042,2772576.806
Aa,490,268451.7923,2771825.107
Aa,491,263671.211,2774331.545
Aa,492,266885.5477,2773200.958
Aa,493,269065.9271,2773297.032
Aa,494,268195.3581,2773958.381
Aa,495,265497.9219,2772675.17
Aa,496,269185.3764,2771207.111
Aa,497,262537.6902,2773983.018
Aa,498,265616.9345,2772474.433
Aa,499,264745.1078,2773147.237
Aa,500,268763.3652,2772530.659
Aa,501,265146.0695,2773979.698
Aa,502,268288.8718,2771483.762
Aa,503,266390.3435,2772571.718
Aa,504,263692.8734,2774159.532
Aa,505,267181.7556,2773453.984
Aa,506,272000.7266,2779727.498
Aa,507,268582.5902,2771998.537
Aa,508,265572.1015,2772465.057
Aa,509,269068.1956,2774385.968
Aa,510,269904.8117,2777869.551
Aa,511,269220.7853,2773664.729
Aa,512,266450.3511,2772927.699
Aa,513,268942.2615,2775088.581
Aa,514,263986.5334,2776352.557
Aa,515,266938.1175,2771228.382
Aa,516,269064.5692,2774262.801
Aa,517,264002.3824,2774110.416
Aa,518,266989.4859,2773153.948
Aa,519,269509.6247,2771889.635
Aa,520,266689.8041,2773328.803
Aa,521,269414.3271,2772403.39
Aa,522,265466.5997,2774212.823
Aa,523,270961.9984,2777558.346
Aa,524,264120.4297,2778969.841
Aa,525,269549.0914,2775910.678
Aa,526,266835.9103,2772324.4
Aa,527,268638.7762,2773676.493
Aa,528,264005.2433,2774631.622
Aa,529,268434.3797,2772659.89
Aa,530,266701.5898,2772351.638
Aa,531,262066.9251,2774324.147
Aa,532,270545.7134,2779672.064
Aa,533,268658.8122,2774721.166
Aa,534,269350.7026,2771372.988
Aa,535,270801.9612,2778067.265
Aa,536,266399.9551,2772548.302
Aa,537,263784.6283,2774699.279
Aa,538,267756.0985,2771497.678
Aa,539,267360.4959,2774315.656
Aa,540,265710.057,2775562.914
Aa,541,268306.9305,2773635.625
Aa,542,264450.0749,2777999.827
Aa,543,270291.5433,2777154.513
Aa,544,263207.7682,2772966.053
Aa,545,263973.1656,2774958.332
Aa,546,262485.5055,2776291.556
Aa,547,269574.4969,2771626.232
Aa,548,272347.3984,2780526.152
Aa,549,268498.8419,2773825.981
Aa,550,268196.9855,2772558.659
Aa,551,267318.8082,2773136.067
Aa,552,269590.8109,2775964.506
Aa,553,267021.4547,2772635.752
Aa,554,266852.2735,2780208.974
Aa,555,268933.5051,2771298.244
Aa,556,271310.0561,2777700.03
Aa,557,269223.4342,2775367.897
Aa,558,262944.1133,2776096.286
Aa,559,272012.8126,2780035.256
Aa,560,271030.8185,2779406.656
Aa,561,268742.2432,2772147.805
Aa,562,268288.5467,2771646.1
Aa,563,269291.1744,2771678.999
Aa,564,267245.7146,2773320.785
Aa,565,268342.5787,2771879.803
Aa,566,265540.234,2773389.31
Aa,567,266889.9211,2773456.855
Aa,568,269358.2309,2771864.081
Aa,569,269186.7093,2775381.836
Aa,570,269168.5329,2772397.189
Aa,571,268143.2384,2773293.45
Aa,572,268533.6959,2774880.972
Aa,573,267668.7405,2772474.218
Aa,574,269080.8572,2774360.6
Aa,575,269142.0967,2773065.139
Aa,576,269613.0374,2776777.901
Aa,577,263376.949,2773838.855
Aa,578,268468.7384,2771189.443
Aa,579,268084.2057,2771541.983
Aa,580,263441.0422,2772827.359
Aa,581,269479.0305,2775683.584
Aa,582,267766.4506,2770702.538
Aa,583,267819.6619,2770660.839
Aa,584,268424.369,2771797.672
Aa,585,270725.317,2779001.535
Aa,586,269152.985,2771386.899
Aa,587,267677.0221,2771693.908
Aa,588,269448.2234,2772130.364
Aa,589,268106.6557,2772545.821
Aa,590,268261.0525,2775285.941
Aa,591,269167.6519,2774802.161
Aa,592,265477.4111,2775199.334
Aa,593,267436.8785,2774098.331
Aa,594,267784.159,2772648.748
Aa,595,267768.2385,2772120.592
Aa,596,268171.4196,2772731.149
Aa,597,268938.2793,2775398.728
Aa,598,268720.1117,2772659.694
Aa,599,269015.0234,2771882.356
Aa,600,267186.0802,2772037.508
Aa,601,267955.4608,2772441.227
Aa,602,268812.7753,2773446.531
Aa,603,271406.8089,2778510.266
Aa,604,267673.086,2774266.572
Aa,605,269159.785,2772244.306
Aa,606,265540.9786,2772581.214
Aa,607,266543.2129,2774033.28
Aa,608,267045.6846,2771934.641
Aa,609,270198.8812,2778780.234
Aa,610,269002.9523,2772306.777
Aa,611,266885.4065,2771614.824
Aa,612,271973.193,2778727.561
Aa,613,264554.6398,2772464.187
Aa,614,267374.492,2773149.702
Aa,615,269158.6254,2772221.286
Aa,616,268921.6038,2771459.72
Aa,617,266269.2396,2772650.943
Aa,618,266911.7098,2773064.387
Aa,619,265186.4606,2777261.875
Aa,620,265003.4443,2774238.976
Aa,621,268740.4526,2772087.595
Aa,622,264078.8891,2773636.031
Aa,623,269551.4007,2775910.639
Aa,624,272073.4857,2779843.376
Aa,625,270323.4238,2778450.933
Aa,626,267760.5673,2774338.85
Aa,627,266853.7804,2772423.651
Aa,628,269207.8481,2773082.204
Aa,629,268821.5953,2774965.918
Aa,630,262911.2136,2777081.674
Aa,631,265274.3915,2773067.943
Aa,632,265063.2551,2774983.677
Aa,633,267245.955,2773921.499
Aa,634,268526.7255,2772065.22
Aa,635,265314.5176,2774012.309
Aa,636,268203.3146,2770799.743
Aa,637,265058.8468,2772179.44
Aa,638,267440.8835,2774242.841
Aa,639,267918.7814,2774313.962
Aa,640,268000.7831,2773928.505
Aa,641,267564.4744,2770512.148
Aa,642,268469.2258,2771218.181
Aa,643,265596.7017,2775464.037
Aa,644,269727.7338,2776639.84
Aa,645,264616.5293,2774265.097
Aa,646,265376.949,2778307.649
Aa,647,262352.7792,2775613.016
Aa,648,269202.4648,2771898.842
Aa,649,265283.2047,2774340.69
Aa,650,272483.0201,2780535.296
Aa,651,267755.952,2772484.782
Aa,652,269216.7928,2775021.153
Aa,653,264938.0844,2794293.561
Aa,654,262587.0801,2774254.203
Aa,655,268503.6891,2772614.115
Aa,656,269785.0333,2775838.84
Aa,657,265460.4476,2773944.694
Aa,658,269455.8404,2771942.963
Aa,659,270275.0271,2777179.522
Aa,660,269253.8158,2774797.32
Aa,661,262812.4915,2778221.249
Aa,662,269401.2804,2770764.873
Aa,663,271955.9584,2778939.428
Aa,664,262919.6407,2777919.435
Aa,665,267033.396,2773966.135
Aa,666,263238.7048,2772485.266
Aa,667,271919.9057,2779819.529
Aa,668,264570.3325,2772391.625
Aa,669,269115.9358,2771883.185
Aa,670,264953.7759,2773814.756
Aa,671,268570.8576,2771987.956
Aa,672,270243.373,2779682.663
Aa,673,269405.8311,2772356.398
Aa,674,264976.4499,2773923.858
Aa,675,268216.3204,2771565.737
Aa,676,264936.739,2773273.084
Aa,677,266726.8144,2773421.385
Aa,678,267902.5773,2773678.645
Aa,679,268345.4325,2770822.484
Aa,680,263680.9969,2772584.978
Aa,681,267395.3357,2770847.937
Aa,682,270536.1284,2777688.11
Aa,683,264785.6331,2772281.379
Aa,684,270644.7019,2778329.051
Aa,685,267187.5084,2773114.211
Aa,686,270166.3884,2779545.516
Aa,687,269179.9738,2771798.611
Aa,688,267461.2296,2771505.658
Aa,689,271634.0165,2778195.532
Aa,690,270312.5143,2776343.562
Aa,691,264553.5714,2773607.113
Aa,692,269488.5738,2776702.646
Aa,693,268027.5264,2774323.525
Aa,694,263272.3356,2774112.291
Aa,695,265694.1007,2771989.485
Aa,696,263443.5924,2772663.497
Aa,697,263739.7119,2774729.227
Aa,698,266669.7682,2773012.932
Aa,699,268876.6748,2773945.126
Aa,700,269370.6424,2771823.711
Aa,701,268586.0031,2771972.692
Aa,702,268682.8207,2771004.671
Aa,703,268878.1209,2773439.717
Aa,704,270889.9531,2777257.303
Aa,705,264393.4507,2774056.939
Aa,706,266028.0809,2772645.776
Aa,707,268012.8366,2772644.858
Aa,708,266377.2583,2772617.175
Aa,709,268713.286,2772665.939
Aa,710,264936.6805,2777600.159
Aa,711,266272.2652,2774085.904
Aa,712,269568.0225,2770695.055
Aa,713,265776.0288,2772499.602
Aa,714,267471.2554,2770963.743
Aa,715,265483.5107,2773852.773
Aa,716,265938.6621,2775691.94
Aa,717,267053.5681,2773388.745
Aa,718,268575.1049,2771965.901
Aa,719,265615.3982,2772474.671
Aa,720,263941.357,2773699.288
Aa,721,268880.2287,2771563.568
Aa,722,268544.4134,2775194.675
Aa,723,269912.2566,2777808.974
Aa,724,268040.9832,2771355.443
Aa,725,270911.2429,2777378.692
Aa,726,264817.2507,2772596.417
Aa,727,270914.2013,2779109.745
Aa,728,268396.5934,2771885.65
Aa,729,269470.4139,2771437.758
Aa,730,269367.0388,2771838.356
Aa,731,269232.1086,2771283.259
Aa,732,268007.74,2772571.599
Aa,733,268604.8747,2770677.735
Aa,734,265277.5614,2772625.481
Aa,735,267383.234,2772984.894
Aa,736,266259.599,2774155.663
Aa,737,262919.0467,2775363.66
Aa,738,262573.4896,2773075.368
Aa,739,266293.4685,2774109.848
Aa,740,267885.0123,2772963.242
Aa,741,265720.4562,2772492.736
Aa,742,262339.5036,2775514.11
Aa,743,268522.0118,2774238.182
Aa,744,270833.7175,2779038.812
Aa,745,265182.9606,2773080.719
Aa,746,265731.6159,2772021.181
Aa,747,269138.1418,2775105.764
Aa,748,268018.1384,2771552.195
Aa,749,269582.7849,2775717.551
Aa,750,269552.3476,2775738.991
Aa,751,266625.0362,2772423.968
Aa,752,269189.3476,2771669.729
Aa,753,269071.475,2772214.306
Aa,754,267969.2931,2773345.024
Aa,755,268480.7043,2770714.082
Aa,756,269367.0388,2771838.356
Aa,757,269003.6962,2771850.208
Aa,758,266413.2977,2772247.924
Aa,759,271141.2751,2778742.583
Aa,760,264844.5758,2772930.553
Aa,761,263943.6402,2775343.339
Aa,762,271247.5891,2778243.448
Aa,763,263807.834,2773504.808
Aa,764,268604.6632,2773027.532
Aa,765,266746.4437,2772362.285
Aa,766,269013.8281,2775585.566
Aa,767,268910.1439,2775646.719
Aa,768,269876.3309,2775591.265
Aa,769,269604.5169,2776774.875
Aa,770,265529.2952,2773380.198
Aa,771,267933.1047,2772349.449
Aa,772,268882.8793,2775855.169
Aa,773,267071.0504,2772743.762
Aa,774,265624.1848,2773972.106
Aa,775,269349.1963,2771694.082
Aa,776,268205.6675,2771936.238
Aa,777,265693.8693,2775561.924
Aa,778,262887.2298,2773844.19
Aa,779,266386.5519,2774104.026
Aa,780,268683.4062,2773220.234
Aa,781,267523.4248,2771313.308
Aa,782,267731.3139,2772304.268
Aa,783,267938.4785,2772620.124
Aa,784,268587.2213,2771499.415
Aa,785,268163.163,2772607.849
Aa,786,267622.5584,2774238.898
Aa,787,266087.5798,2773869.665
Aa,788,265166.2573,2772154.974
Aa,789,262697.7956,2772694.415
Aa,790,265152.5312,2772878.957
Aa,791,268185.7298,2771533.283
Aa,792,268143.0543,2774233.841
Aa,793,267336.0667,2773244.84
Aa,794,268711.9394,2775356.066
Aa,795,266633.6511,2773557.834
Aa,796,267116.9752,2773539.004
Aa,797,267109.6209,2773739.722
Aa,798,266899.9417,2773952.986
Aa,799,265211.611,2776219.57
Aa,800,263099.4646,2774667.624
Aa,801,264556.5484,2773734.944
Aa,802,265799.595,2773827.26
Aa,803,263938.5339,2774381.45
Aa,804,269405.9031,2772132.77
Aa,805,268477.9841,2772960.141
Aa,806,265441.8101,2773935.714
Aa,807,264296.567,2776158.641
Aa,808,263311.8592,2774348.348
Aa,809,264023.1568,2774064.822
Aa,810,265403.1007,2774461.013
Aa,811,261941.9438,2773693.88
Aa,812,267990.9415,2770948.984
Aa,813,263055.8046,2772819.459
Aa,814,271190.9907,2778219.669
Aa,815,268004.3942,2774004.96
Aa,816,263800.8912,2773948.819
Aa,817,264080.2366,2773669.405
Aa,818,268952.7124,2772205.325
Aa,819,266602.4472,2773084.471
Aa,820,266092.2798,2773335.443
Aa,821,265670.3327,2775267.884
Aa,822,265227.6173,2774332.558
Aa,823,269693.6071,2777899.755
Aa,824,262222.5565,2775872.96
Aa,825,269596.2745,2777106.864
Aa,826,265306.5149,2772607.228
Aa,827,267380.2849,2773986.001
Aa,828,264950.9559,2773159.542
Aa,829,268716.3761,2772530.188
Aa,830,264871.8523,2772725.683
Aa,831,264091.4107,2773825.631
Aa,832,267512.4034,2772022.856
Aa,833,264313.5513,2776606.255
Aa,834,268627.3547,2774092.662
Aa,835,269001.1749,2772565.734
Aa,836,267949.7107,2773642.544
Aa,837,266842.446,2773202.54
Aa,838,268667.0187,2773434.629
Aa,839,268501.5868,2774441.233
Aa,840,264479.8227,2772591.88
Aa,841,270939.8324,2778299.986
Aa,842,267343.7542,2772837.608
Aa,843,267822.1108,2772570.74
Aa,844,268647.9504,2772083.033
Aa,845,269942.6869,2778015.178
Aa,846,263623.199,2772938.768
Aa,847,266288.8566,2772447.266
Aa,848,262287.398,2776367.514
Aa,849,269299.8346,2774285.873
Aa,850,268079.4393,2771805.431
Aa,851,268057.3244,2772407.578
Aa,852,268781.3042,2770770.708
Aa,853,265718.5246,2773591.068
Aa,854,267979.6168,2772321.814
Aa,855,265593.8621,2776641.656
Aa,856,268778.0561,2772215.893
Aa,857,264152.5882,2778071.139
Aa,858,269116.627,2773926.265
Aa,859,267907.4966,2774962.852
Aa,860,267538.9225,2775837.026
Aa,861,271864.0419,2778094.235
Aa,862,266356.6624,2773932.691
Aa,863,268614.3595,2773916.812
Aa,864,267067.638,2771686.539
Aa,865,267255.2192,2771349.372
Aa,866,265390.4876,2772384.475
Aa,867,265846.0535,2773438.168
Aa,868,266795.3633,2773331.648
Aa,869,268828.9412,2772446.269
Aa,870,265503.7417,2773775.273
Aa,871,266064.5124,2773018.648
Aa,872,262881.9331,2772520.42
Aa,873,268527.7506,2772579.676
Aa,874,268726.7615,2772506.761
Aa,875,269395.2389,2770635.196
Aa,876,266368.12,2772623.25
Aa,877,270545.0114,2777712.691
Aa,878,264844.9042,2773172.995
Aa,879,264817.1399,2772098.42
Aa,880,266610.7281,2772533.069
Aa,881,266240.3413,2774065.525
Aa,882,269088.6049,2773135.373
Aa,883,266136.2888,2773341.875
Aa,884,270913.5207,2779115.04
Aa,885,263445.9316,2772665.147
Aa,886,265929.9408,2772267.621
Aa,887,268609.9901,2773886.237
Aa,888,265155.2487,2772634.139
Aa,889,266816.4669,2772448.596
Aa,890,267992.6883,2773950.626
Aa,891,262589.9296,2774152.48
Aa,892,263746.9164,2775411.429
Aa,893,270088.1656,2778788.445
Aa,894,262302.2708,2772892.176
Aa,895,267434.7899,2772349.69
Aa,896,266993.0719,2771334.187
Aa,897,267189.4908,2773455.965
Aa,898,264034.1601,2773721.567
Aa,899,263690.2964,2774144.146
Aa,900,267889.9117,2772753.268
Aa,901,267392.2441,2774009.893
Aa,902,267874.284,2772151.55
Aa,903,268218.2211,2771178.687
Aa,904,268403.5934,2770663.816
Aa,905,266455.3331,2772318.86
Aa,906,266885.8275,2771684.57
Aa,907,271574.0415,2777695.176
Aa,908,268064.1871,2775210.871
Aa,909,269473.4714,2771755.604
Aa,910,269299.1421,2774199.435
Aa,911,267769.8024,2770627.867
Aa,912,271125.3493,2778115.934
Aa,913,263320.1429,2773583.228
Aa,914,269688.0928,2776390.038
Aa,915,267277.2076,2774263.6
Aa,916,265088.9388,2779774.92
Aa,917,263665.2204,2774341.373
Aa,918,262382.7053,2776798.969
Aa,919,268666.7807,2772648.55
Aa,920,265515.3301,2772478.081
Aa,921,263973.9219,2773934.409
Aa,922,263444.8767,2772337.742
Aa,923,263627.4449,2773628.206
Aa,924,262998.4952,2776212.444
Aa,925,268574.2636,2773233.077
Aa,926,265617.3241,2776304.743
Aa,927,265510.5481,2773857.592
Aa,928,267321.5827,2773885.544
Aa,929,268054.7284,2771076.413
Aa,930,263682.9843,2773366.616
Aa,931,267111.5385,2771325.19
Aa,932,270434.5069,2776363.7
Aa,933,265409.1341,2772349.066
Aa,934,267156.6741,2776133.345
Aa,935,263735.8345,2775127.53
Aa,936,266961.6572,2773643.75
Aa,937,269115.9085,2770834.163
Aa,938,266893.7803,2771699.23
Aa,939,262313.5238,2776231.987
Aa,940,264198.8665,2772423.405
Aa,941,267222.2893,2773662.973
Aa,942,267742.4302,2774991.874
Aa,943,266027.4805,2774002.593
Aa,944,262948.8853,2775086.869
Aa,945,268231.6696,2772560.184
Aa,946,269390.699,2775878.482
Aa,947,265447.8702,2773213.344
Aa,948,265982.2827,2773433.082
Aa,949,268418.7558,2771920.784
Aa,950,269270.9031,2774578.475
Aa,951,271101.9667,2777778.351
Aa,952,268965.3775,2773135.135
Aa,953,265129.573,2773424.277
Aa,954,265645.6904,2773072.339
Aa,955,267701.2255,2774245.8
Aa,956,268754.0791,2772346.291
Aa,957,266270.8196,2773327.521
Aa,958,268427.6772,2774442.277
Aa,959,265479.0377,2774219.584
Aa,960,266666.5834,2773276.991
Aa,961,265640.1676,2773602.56
Aa,962,265332.5545,2773449.319
Aa,963,269680.719,2776773.586
Aa,964,262944.0724,2776359.454
Aa,965,269054.4949,2773167.656
Aa,966,268995.4221,2771452.341
Aa,967,269266.487,2771858.868
Aa,968,265847.7913,2772417.626
Aa,969,265974.8238,2772504.435
Aa,970,267034.6713,2774176.006
Aa,971,268086.2584,2771889.44
Aa,972,266885.5477,2773200.958
Aa,973,266885.5477,2773200.958
Aa,974,268512.0359,2771880.31
Aa,975,269223.9941,2770939.922
Aa,976,265347.4988,2777000.798
Aa,977,267727.3955,2771485.696
Aa,978,264972.259,2774350.908
Aa,979,270768.1669,2778849.051
Aa,980,266256.1407,2774268.384
Aa,981,266267.6682,2772694.09
Aa,982,267743.9827,2772279.322
Aa,983,267641.7236,2772606.362
Aa,984,269480.7905,2772690.362
Aa,985,264282.4182,2776230.965
Aa,986,264151.8888,2778963.799
Aa,987,267086.7044,2773750.682
Aa,988,267164.7976,2772911.682
Aa,989,263867.1342,2774883.227
Aa,990,269714.5082,2777678.943
Aa,991,268757.028,2771020.112
Aa,992,265903.629,2774055.448
Aa,993,268137.5057,2771551.012
Aa,994,267678.5094,2772821.757
Aa,995,266926.2546,2773735.245
Aa,996,269316.1097,2773108.273
Aa,997,265606.2057,2774180.619
Aa,998,269645.3333,2775545.919
Aa,999,269040.4475,2772337.848
Aa,1000,262420.2676,2776038.826
Aa,1001,265088.6445,2774267.312
Aa,1002,266344.0946,2774277.868
Aa,1003,266517.9361,2773231.553
Aa,1004,264345.2153,2774162.404
Aa,1005,266669.1972,2772934.523
Aa,1006,270711.0887,2777791.269
Aa,1007,268558.372,2771433.323
Aa,1008,268458.3398,2776337.539
Aa,1009,263025.4005,2772754.037
Aa,1010,268123.1868,2771161.489
Aa,1011,265957.5211,2772303.927
Aa,1012,270462.5503,2777890.362
Aa,1013,268548.7317,2771591.591
Aa,1014,265354.4235,2772884.995
Aa,1015,269429.9396,2770956.734
Aa,1016,266361.6992,2773732.223
Aa,1017,269177.031,2771214.65
Aa,1018,266958.9878,2771638.721
Aa,1019,267461.8467,2771225.369
Aa,1020,269206.965,2771846.135
Aa,1021,269365.2868,2772964.979
Aa,1022,266142.9847,2772474.496
Aa,1023,265714.9765,2774684.357
Aa,1024,270335.7365,2776076.847
Aa,1025,262963.1018,2777098.949
Aa,1026,264429.6292,2774145.092
Aa,1027,265705.4304,2772111.041
Aa,1028,268778.5572,2772290.921
Aa,1029,265248.5601,2775235.615
Aa,1030,272061.9238,2779888.379
Aa,1031,266082.8336,2772694.721
Aa,1032,266273.0522,2772603.741
Aa,1033,265589.7518,2772192.293
Aa,1034,268567.082,2771901.57
Aa,1035,266718.1145,2773227.917
Aa,1036,266653.0563,2774646.707
Aa,1037,267329.9036,2773244.734
Aa,1038,263971.6672,2773670.65
Aa,1039,268789.751,2775222.216
Aa,1040,267369.1033,2771207.08
Aa,1041,265763.5922,2772537.863
Aa,1042,267221.0578,2774041.984
Aa,1043,267724.4444,2770587.844
Aa,1044,263297.3153,2774309.073
Aa,1045,271301.1288,2778589.191
Aa,1046,271490.4467,2777943.666
Aa,1047,269384.1704,2773125.3
Aa,1048,266230.4735,2772501.109
Aa,1049,265945.3765,2772179.636
Aa,1050,265007.0071,2777570.832
Aa,1051,263173.3175,2777631.138
Aa,1052,271519.9452,2778462.711
Aa,1053,265670.1037,2772700.113
Aa,1054,265677.6819,2772827.441
Aa,1055,263919.0454,2772142.885
Aa,1056,265944.2859,2772205.865
Aa,1057,267960.9745,2774892.612
Aa,1058,269271.7128,2773078.799
Aa,1059,267789.3707,2772411.924
Aa,1060,268351.2974,2771485.873
Aa,1061,269085.9665,2772433.462
Aa,1062,263233.5286,2772897.12
Aa,1063,267758.9563,2771439.291
Aa,1064,269151.0947,2771275.117
Aa,1065,268073.3406,2771038.473
Aa,1066,263104.4473,2773003.781
Aa,1067,266624.4187,2772252.767
Aa,1068,267166.423,2773232.516
Aa,1069,266642.4084,2773979.585
Aa,1070,264808.9951,2773279.09
Aa,1071,266666.4677,2773270.229
Aa,1072,262075.3621,2774189.774
Aa,1073,265594.3781,2772282.259
Aa,1074,265864.6499,2772861.433
Aa,1075,264451.1986,2772584.554
Aa,1076,269225.3686,2771522.43
Aa,1077,264401.2049,2772543.987
Aa,1078,271196.6046,2778049.847
Aa,1079,269542.3941,2775742.33
Aa,1080,268175.4341,2772650.126
Aa,1081,262380.4982,2776495.889
Aa,1082,262056.021,2775861.07
Aa,1083,268990.0141,2772679.851
Aa,1084,268342.5787,2771879.803
Aa,1085,269455.8404,2771942.963
Aa,1086,267760.5673,2774338.85
Aa,1087,268777.995,2772257.745
Aa,1088,269321.1808,2771221.302
Aa,1089,266825.6886,2772447.382
Aa,1090,269206.5931,2773872.745
Aa,1091,267657.7704,2773955.271
Aa,1092,265239.0904,2774149.098
Aa,1093,268434.3797,2772659.89
Aa,1094,265123.074,2772912.65
Aa,1095,267738.7978,2772291.458
Aa,1096,267230.2979,2772733.223
Aa,1097,267990.209,2772491.788
Aa,1098,262382.0846,2773936.689
Aa,1099,267948.912,2773640.867
Aa,1100,267512.4034,2772022.856
Aa,1101,265248.5601,2775235.615
Aa,1102,268205.6711,2771936.45
Aa,1103,269371.2872,2775641.443
Aa,1104,267071.0504,2772743.762
Aa,1105,271588.3169,2779142.165
Aa,1106,268627.3547,2774092.662
Aa,1107,266390.3435,2772571.718
Aa,1108,266241.9181,2772494.783
Aa,1109,268533.6959,2774880.972
Aa,1110,265804.8718,2773551.538
Aa,1111,272768.3837,2780062.773
Aa,1112,268288.5467,2771646.1
Aa,1113,263173.3175,2777631.138
Aa,1114,269645.3333,2775545.919
Aa,1115,269580.8344,2775693.276
Aa,1116,266471.5793,2772413.066
Aa,1117,267461.8395,2771224.947
Aa,1118,267166.423,2773232.516
Aa,1119,266756.2835,2773748.508
Aa,1120,268064.1871,2775210.871
Aa,1121,269991.3484,2776201.235
Aa,1122,265003.4443,2774238.976
Aa,1123,266386.5519,2774104.026
Aa,1124,269714.5082,2777678.943
Aa,1125,270009.4726,2777821.493
Aa,1126,271955.9584,2778939.428
Aa,1127,268604.8747,2770677.735
Aa,1128,267215.8104,2774726.919
Aa,1129,268864.6708,2773418.596
Aa,1130,265447.8702,2773213.344
Aa,1131,266377.2583,2772617.175
Aa,1132,267164.7976,2772911.682
Aa,1133,270545.7134,2779672.064
Aa,1134,263997.4712,2776361.668
Aa,1135,272347.3984,2780526.152
Aa,1136,267747.9944,2771564.609
Aa,1137,271190.9907,2778219.669
Aa,1138,268539.8034,2772699.953
Aa,1139,265877.5373,2772669.918
Aa,1140,268063.3856,2771087.257
Aa,1141,269586.4457,2771877.769
Aa,1142,266058.7129,2773847.966
Aa,1143,264350.835,2773952.833
Aa,1144,264195.0092,2772423.049
Aa,1145,272061.9238,2779888.379
Aa,1146,265532.0366,2772643.511
Aa,1147,265763.5922,2772537.863
Aa,1148,269273.7467,2771149.182
Aa,1149,266489.9118,2772584.175
Aa,1150,267969.2931,2773345.024
Aa,1151,265314.9768,2772248.38
Aa,1152,265731.6159,2772021.181
Aa,1153,266267.6682,2772694.09
Aa,1154,262604.4421,2774587.879
Aa,1155,262382.7053,2776798.969
Aa,1156,265460.4476,2773944.694
Aa,1157,263376.949,2773838.855
Aa,1158,265787.7041,2772102.865
Aa,1159,267538.9225,2775837.026
Aa,1160,267609.0958,2772273.375
Aa,1161,263899.1305,2772238.349
Aa,1162,263185.1551,2774857.01
Aa,1163,264319.1692,2774482.244
Aa,1164,267395.3357,2770847.937
Aa,1165,265594.3781,2772282.259
Aa,1166,267938.4785,2772620.124
Aa,1167,268683.8029,2775785.202
Aa,1168,267753.8747,2771502.789
Aa,1169,268904.9298,2770747.69
Aa,1170,269574.4969,2771626.232
Aa,1171,266809.9952,2772745.896
Aa,1172,267157.8958,2776114.723
Aa,1173,267361.6785,2774655.733
Aa,1174,266763.8918,2773968.206
Aa,1175,269523.1489,2772051.949
Aa,1176,266440.3807,2773110.073
Aa,1177,267125.6645,2771295.357
Aa,1178,268004.3942,2774004.96
Aa,1179,268927.2434,2775610.707
Aa,1180,267033.396,2773966.135
Aa,1181,265710.057,2775562.914
Aa,1182,262812.4915,2778221.249
Aa,1183,267237.236,2771830.548
Aa,1184,266746.4437,2772362.285
Aa,1185,268216.4517,2772616.455
Aa,1186,267814.2985,2771387.198
Aa,1187,265624.1848,2773972.106
Aa,1188,267186.0802,2772037.508
Aa,1189,270546.4411,2778025.914
Aa,1190,263971.6672,2773670.65
Aa,1191,267993.0709,2773565.713
Aa,1192,263445.9316,2772665.147
Aa,1193,266653.0563,2774646.707
Aa,1194,268281.9048,2771708.567
Aa,1195,269299.8346,2774285.873
Aa,1196,269137.7006,2771348.477
Aa,1197,268941.7767,2772332.755
Aa,1198,266816.4669,2772448.596
Aa,1199,266082.8336,2772694.721
Aa,1200,262485.5055,2776291.556
Aa,1201,266613.9271,2772720.079
Aa,1202,268424.369,2771797.672
Aa,1203,266795.3633,2773331.648
Aa,1204,265975.4335,2772225.623
Aa,1205,264005.2433,2774631.622
Aa,1206,269873.7988,2777446.703
Aa,1207,265306.5149,2772607.228
Aa,1208,268545.6645,2772137.399
Aa,1209,269181.0084,2772224.078
Aa,1210,269312.9665,2775198.343
Aa,1211,267506.4422,2772125.05
Aa,1212,262254.851,2776399.789
Aa,1213,267360.4959,2774315.656
Aa,1214,269078.0533,2773239.968
Aa,1215,265847.7913,2772417.626
Aa,1216,264228.6546,2772364.339
Aa,1217,269189.3476,2771669.729
Aa,1218,266240.3413,2774065.525
Aa,1219,262958.679,2776136.829
Aa,1220,267742.4266,2774991.662
Aa,1221,266559.1432,2773164.265
Aa,1222,263941.357,2773699.288
Aa,1223,267053.5681,2773388.745
Aa,1224,267059.0432,2773709.303
Aa,1225,267945.2836,2771480.299
Aa,1226,262948.9531,2778320.546
Aa,1227,268837.9738,2775250.567
Aa,1228,264451.6929,2777959.849
Aa,1229,269071.475,2772214.306
Aa,1230,267918.7814,2774313.962
Aa,1231,263391.9502,2772528.054
Aa,1232,269151.0947,2771275.117
Aa,1233,271187.3325,2778688.966
Aa,1234,267211.7392,2773541.191
Aa,1235,268207.5186,2771500.996
Aa,1236,269876.3309,2775591.265
Aa,1237,268202.8431,2771452.461
Aa,1238,267750.0325,2771729.655
Aa,1239,263943.6402,2775343.339
Aa,1240,267369.1033,2771207.08
Aa,1241,270621.6247,2779380.575
Aa,1242,268171.4196,2772731.149
Aa,1243,265079.6931,2779774.445
Aa,1244,266669.1972,2772934.523
Aa,1245,267416.547,2771550.384
Aa,1246,265354.4235,2772884.995
Aa,1247,268070.8978,2772345.204
Aa,1248,269712.012,2777849.983
Aa,1249,264080.2366,2773669.405
Aa,1250,267067.7615,2773859.017
Aa,1251,266273.0522,2772603.741
Aa,1252,268681.2913,2771005.331
Aa,1253,269124.5385,2775302.78
Aa,1254,267802.0879,2770623.936
Aa,1255,265360.5151,2775565.969
Aa,1256,266450.3511,2772927.699
Aa,1257,267876.1454,2772532.62
Aa,1258,264953.7759,2773814.756
Aa,1259,266690.3705,2772641.41
Aa,1260,264784.1587,2772285.209
Aa,1261,268972.7558,2771887.933
Aa,1262,262944.0724,2776359.454
Aa,1263,267940.1123,2773621.57
Aa,1264,263973.1656,2774958.332
Aa,1265,266259.599,2774155.663
Aa,1266,262944.1133,2776096.286
Aa,1267,267392.7211,2772818.595
Aa,1268,267805.5049,2770688.98
Aa,1269,267617.2429,2772570.846
Aa,1270,271982.0415,2779255.618
Aa,1271,263671.211,2774331.545
Aa,1272,265155.2487,2772634.139
Aa,1273,268882.8793,2775855.169
Aa,1274,268575.7961,2771961.24
Aa,1275,267605.7116,2770672.088
Aa,1276,268107.624,2772648.108
Aa,1277,268431.0277,2771418.362
Aa,1278,265211.611,2776219.57
Aa,1279,268543.907,2771534.18
Aa,1280,268505.758,2770647.076
Aa,1281,269161.8894,2771184.68
Aa,1282,268778.5572,2772290.921
Aa,1283,268758.353,2771371.173
Aa,1284,263692.8734,2774159.532
Aa,1285,266286.2362,2773328.314
Aa,1286,267622.5584,2774238.898
Aa,1287,266718.1145,2773227.917
Aa,1288,267475.4205,2774145.655
Aa,1289,267880.3999,2772963.744
Aa,1290,263441.0422,2772827.359
Aa,1291,267448.6805,2775106.162
Aa,1292,272012.8126,2780035.256
Aa,1293,270727.4829,2779358.5
Aa,1294,268828.9412,2772446.269
Aa,1295,268752.0616,2773953.579
Aa,1296,266266.5733,2772405.373
Aa,1297,270435.1039,2779321.156
Aa,1298,263812.0813,2774772.574
Aa,1299,266741.7811,2772314.806
Aa,1300,269291.1744,2771678.999
Aa,1301,264570.3325,2772391.625
Aa,1302,266624.7865,2772499.432
Aa,1303,269299.1421,2774199.435
Aa,1304,266842.446,2773202.54
Aa,1305,268740.4526,2772087.595
Aa,1306,267320.3408,2773135.618
Aa,1307,266356.6624,2773932.691
Aa,1308,268006.5632,2771324.323
Aa,1309,267366.5188,2773133.774
Aa,1310,268544.4134,2775194.675
Aa,1311,269542.3941,2775742.33
Aa,1312,268108.6731,2771032.588
Aa,1313,265719.0324,2772499.524
Aa,1314,263062.6389,2775295.847
Aa,1315,269651.8058,2775655.51
Aa,1316,269405.8311,2772356.398
Aa,1317,269094.4885,2772208.844
Aa,1318,270711.0887,2777791.269
Aa,1319,265735.5828,2772521.434
Aa,1320,270208.1592,2776638.701
Aa,1321,267902.5773,2773678.645
Aa,1322,265584.4103,2772464.212
Aa,1323,269590.8109,2775964.506
Aa,1324,268687.7281,2773475.073
Aa,1325,267747.1788,2771471.409
Aa,1326,268469.2258,2771218.181
Aa,1327,264786.8893,2773292.366
Aa,1328,263001.0288,2776225.294
Aa,1329,269470.4139,2771437.758
Aa,1330,269123.505,2771829.792
Aa,1331,262867.0807,2773039.612
Aa,1332,264300.79,2776313.718
Aa,1333,267053.5681,2773388.745
Aa,1334,268521.4455,2771980.973
Aa,1335,267139.443,2771877.239
Aa,1336,268570.8576,2771987.956
Aa,1337,265375.4888,2774377.995
Aa,1338,263099.4646,2774667.624
Aa,1339,262075.3621,2774189.774
Aa,1340,271574.0415,2777695.176
Aa,1341,268893.0129,2771090.309
Aa,1342,267992.0224,2772824.877
Aa,1343,268658.8337,2774722.434
Aa,1344,269262.5266,2772991.025
Aa,1345,268876.8246,2775634.39
Aa,1346,266878.2416,2773809.835
Aa,1347,264954.9669,2772587.703
Aa,1348,269603.8007,2771263.242
Aa,1349,269262.1866,2775564.66
Aa,1350,263760.5663,2773310.314
Aa,1351,266607.7786,2772990.953
Aa,1352,269138.1418,2775105.764
Aa,1353,267218.6936,2776067.816
Aa,1354,269231.6103,2771891.585
Aa,1355,268723.2166,2772661.121
Aa,1356,267933.1047,2772349.449
Aa,1357,269003.6962,2771850.208
Aa,1358,267874.284,2772151.55
Aa,1359,269365.5047,2772977.869
Aa,1360,269613.0374,2776777.901
Aa,1361,269142.0967,2773065.139
Aa,1362,261941.9438,2773693.88
Aa,1363,266402.7904,2772039.057
Aa,1364,269152.7884,2771193.077
Aa,1365,266890.6911,2773456.842
Aa,1366,267071.8791,2771844.784
Aa,1367,269162.1565,2773977.279
Aa,1368,265129.573,2773424.277
Aa,1369,270579.6164,2778167.183
Aa,1370,265290.259,2774526.79
Aa,1371,269115.9085,2770834.163
Aa,1372,268781.3042,2770770.708
Aa,1373,262054.4593,2775507.036
Aa,1374,265607.1777,2773385.834
Aa,1375,264345.2153,2774162.404
Aa,1376,266649.9927,2774107.758
Aa,1377,268726.89,2776055.447
Aa,1378,270773.3012,2779062.446
Aa,1379,267929.3034,2772442.94
Aa,1380,270198.8812,2778780.234
Aa,1381,269405.9031,2772132.77
Aa,1382,266344.0946,2774277.868
Aa,1383,263453.5778,2772839.612
Aa,1384,263867.1342,2774883.227
Aa,1385,267764.3899,2775105.64
Aa,1386,267266.5705,2773775.724
Aa,1387,267753.5736,2773837.808
Aa,1388,269235.7344,2772408.734
Aa,1389,267061.9249,2774509.086
Aa,1390,267905.6154,2772589.823
Aa,1391,267673.086,2774266.572
Aa,1392,269182.2829,2775529.658
Aa,1393,267809.9795,2772898.783
Aa,1394,269348.9245,2771905.877
Aa,1395,268231.6696,2772560.184
Aa,1396,265277.5614,2772625.481
Aa,1397,263406.0698,2775738.425
Aa,1398,267789.3671,2772411.713
Aa,1399,272237.3246,2780341.992
Aa,1400,267769.8024,2770627.867
Aa,1401,269348.4298,2771694.306
Aa,1402,267438.4212,2771161.512
Aa,1403,266853.7804,2772423.651
Aa,1404,267318.8082,2773136.067
Aa,1405,267329.9036,2773244.734
Aa,1406,268351.2974,2771485.873
Aa,1407,264252.4381,2772537.256
Aa,1408,266677.7277,2772352.468
Aa,1409,266998.8131,2773249.118
Aa,1410,269094.1362,2770913.161
Aa,1411,268007.74,2772571.599
Aa,1412,269533.1805,2771870.637
Aa,1413,269529.6942,2772257.076
Aa,1414,263320.3438,2773017.789
Aa,1415,268396.5934,2771885.65
Aa,1416,269023.4976,2771199.703
Aa,1417,269062.891,2774118.253
Aa,1418,269168.5329,2772397.189
Aa,1419,267001.1993,2772441.847
Aa,1420,265063.2551,2774983.677
Aa,1421,266882.0478,2773807.233
Aa,1422,266455.3331,2772318.86
Aa,1423,268532.0302,2774102.524
Aa,1424,266517.9361,2773231.553
Aa,1425,267756.0985,2771497.678
Aa,1426,271310.0561,2777700.03
Aa,1427,267678.54,2773230.548
Aa,1428,268711.3116,2772322.286
Aa,1429,265671.4396,2772463.985
Aa,1430,270913.5207,2779115.04
Aa,1431,264556.5484,2773734.944
Aa,1432,269414.3271,2772403.39
Aa,1433,270911.2429,2777378.692
Aa,1434,264339.7303,2772418.435
Aa,1435,266214.5638,2773909.551
Aa,1436,270223.8882,2776566.994
Aa,1437,269275.8495,2775871.337
Aa,1438,268812.7753,2773446.531
Aa,1439,269542.0684,2770663.365
Aa,1440,267072.8151,2771764.235
Aa,1441,265390.4876,2772384.475
Aa,1442,263095.2591,2774248.323
Aa,1443,265846.0535,2773438.168
Aa,1444,269174.4852,2773977.705
Aa,1445,269409.9075,2774965.887
Aa,1446,269001.1713,2772565.523
Aa,1447,267436.8785,2774098.331
Aa,1448,269429.9396,2770956.734
Aa,1449,270801.9612,2778067.265
Aa,1450,271499.5441,2778072.87
Aa,1451,265058.8468,2772179.44
Aa,1452,269232.1086,2771283.259
Aa,1453,267033.6349,2771860.444
Aa,1454,263810.7505,2772383.192
Aa,1455,268995.4221,2771452.341
Aa,1456,265959.7582,2772209.827
Aa,1457,268638.0425,2773497.052
Aa,1458,266852.2735,2780208.974
Aa,1459,262352.7792,2775613.016
Aa,1460,269604.5169,2776774.875
Aa,1461,271492.0689,2777306.368
Aa,1462,268641.7811,2772718.514
Aa,1463,269054.4949,2773167.656
Aa,1464,267340.7484,2774015.845
Aa,1465,267768.2385,2772120.592
Aa,1466,265989.2122,2775272.551
Aa,1467,263573.6939,2773859.539
Aa,1468,269682.2584,2776773.56
Aa,1469,268025.024,2771277.508
Aa,1470,269421.8132,2771889.216
Aa,1471,262599.1573,2775566.657
Aa,1472,270462.5503,2777890.362
Aa,1473,269588.0442,2771333.682
Aa,1474,266285.6011,2773830.547
Aa,1475,268027.5264,2774323.525
Aa,1476,263323.615,2772717.999
Aa,1477,268208.5276,2771469.696
Aa,1478,272193.8009,2780087.179
Aa,1479,267109.6209,2773739.722
Aa,1480,264663.3085,2772691.443
Aa,1481,268225.9646,2771181.092
Aa,1482,265708.9307,2775855.687
Aa,1483,269367.0388,2771838.356
Aa,1484,265776.0288,2772499.602
Aa,1485,266002.4125,2773977.87
Aa,1486,265677.6819,2772827.441
Aa,1487,263055.8046,2772819.459
Aa,1488,270889.9531,2777257.303
Aa,1489,267484.7407,2771529.353
Aa,1490,267034.6713,2774176.006
Aa,1491,269471.6655,2771648.682
Aa,1492,265000.6691,2773184.05
Aa,1493,266977.3811,2771858.868
Aa,1494,268135.0818,2773311.978
Aa,1495,263297.3153,2774309.073
Aa,1496,268695.0739,2773817.367
Aa,1497,269271.7128,2773078.799
Aa,1498,265563.8766,2773375.798
Aa,1499,265178.0141,2774314.177
Aa,1500,264714.1154,2777596.816
Aa,1501,270833.7175,2779038.812
Aa,1502,266381.4185,2773804.386
Aa,1503,262948.8853,2775086.869
Aa,1504,263588.346,2773727.386
Aa,1505,270541.5802,2777691.823
Aa,1506,264817.2507,2772596.417
Aa,1507,263899.496,2775684.421
Aa,1508,267866.8818,2772214.453
Aa,1509,269463.912,2770779.034
Aa,1510,265640.1676,2773602.56
Aa,1511,271998.9835,2778842.535
Aa,1512,263665.2204,2774341.373
Aa,1513,268437.0242,2773904.392
Aa,1514,267268.3862,2773566.223
Aa,1515,270323.4238,2778450.933
Aa,1516,269390.699,2775878.482
Aa,1517,268923.169,2774961.66
Aa,1518,262380.4982,2776495.889
Aa,1519,269232.571,2771356.173
Aa,1520,266989.4859,2773153.948
Aa,1521,262110.8756,2774106.505
Aa,1522,264078.8891,2773636.031
Aa,1523,262906.7865,2777092.743
Aa,1524,270088.1656,2778788.445
Aa,1525,265785.0063,2772529.041
Aa,1526,266513.0932,2774028.3
Aa,1527,270842.7841,2778754.369
Aa,1528,269636.7353,2771571.705
Aa,1529,269831.9538,2775972.689
Aa,1530,268455.2972,2773075.511
Aa,1531,272000.7266,2779727.498
Aa,1532,269177.1901,2771178.503
Aa,1533,265670.1037,2772700.113
Aa,1534,267073.618,2774472.319
Aa,1535,270243.373,2779682.663
Aa,1536,266136.2888,2773341.875
Aa,1537,264002.3824,2774110.416
Aa,1538,267736.0898,2771408.186
Aa,1539,265643.1308,2773730.179
Aa,1540,269115.2354,2771204.281
Aa,1541,265824.4018,2773208.777
Aa,1542,269487.0558,2776703.94
Aa,1543,265602.0302,2774296.101
Aa,1544,268567.082,2771901.57
Aa,1545,265253.1549,2774250.316
Aa,1546,268821.5953,2774965.918
Aa,1547,265259.0612,2772221.652
Aa,1548,269401.2804,2770764.873
Aa,1549,266709.4864,2773173.741
Aa,1550,265627.7183,2772429.648
Aa,1551,269310.7931,2771244.728
Aa,1552,268216.3204,2771565.737
Aa,1553,268137.5057,2771551.012
Aa,1554,267241.8484,2774357.63
Aa,1555,265117.7947,2772158.556
Aa,1556,265938.6621,2775691.94
Aa,1557,270335.7365,2776076.847
Aa,1558,268935.197,2772399.025
Aa,1559,262116.7372,2776030.805
Aa,1560,265166.2573,2772154.974
Aa,1561,266899.9417,2773952.986
Aa,1562,271951.3657,2778940.985
Aa,1563,264448.7391,2772575.93
Aa,1564,262919.6407,2777919.435
Aa,1565,263313.8367,2773530.493
Aa,1566,265949.0956,2773743.103
Aa,1567,266745.3692,2772434.593
Aa,1568,267756.3041,2771464.49
Aa,1569,265409.0405,2775522.013
Aa,1570,267107.9623,2773597.497
Aa,1571,268345.4325,2770822.484
Aa,1572,266005.7682,2773455.296
Aa,1573,262343.1743,2772941.137
Aa,1574,264752.0692,2774889.909
Aa,1575,268910.1439,2775646.719
Aa,1576,268965.3775,2773135.135
Aa,1577,265110.4904,2774149.622
Aa,1578,271721.6934,2777777.246
Aa,1579,269064.5692,2774262.801
Aa,1580,262768.9144,2772443.541
Aa,1581,269698.5613,2775506.127
Aa,1582,267245.7146,2773320.785
Aa,1583,269065.9271,2773297.032
Aa,1584,268018.1384,2771552.195
Aa,1585,269727.3574,2775934.296
Aa,1586,265443.8083,2775752.447
Aa,1587,265799.595,2773827.26
Aa,1588,269465.911,2771946.386
Aa,1589,268763.3652,2772530.659
Aa,1590,268647.9504,2772083.033
Aa,1591,268625.0652,2770596.439
Aa,1592,268335.044,2773885.199
Aa,1593,268503.6891,2772614.115
Aa,1594,265789.7938,2775677.165
Aa,1595,265376.949,2778307.649
Aa,1596,264936.6805,2777600.159
Aa,1597,266300.3504,2774106.982
Aa,1598,269684.9389,2776385.652
Aa,1599,271634.0165,2778195.532
Aa,1600,265006.7144,2775590.032
Aa,1601,262573.4896,2773075.368
Aa,1602,265512.0632,2772019.033
Aa,1603,262992.0927,2776995.08
Aa,1604,268938.2793,2775398.728
Aa,1605,268716.3761,2772530.188
Aa,1606,267992.6883,2773950.626
Aa,1607,265864.6499,2772861.433
Aa,1608,268778.0561,2772215.893
Aa,1609,265409.1341,2772349.066
Aa,1610,270209.7281,2777963.533
Aa,1611,265565.6916,2774063.791
Aa,1612,263808.1811,2773658.261
Aa,1613,268513.2648,2772588.377
Aa,1614,269255.874,2776783.102
Aa,1615,266385.8973,2772581.94
Aa,1616,266938.1175,2771228.382
Aa,1617,268102.8096,2773044.509
Aa,1618,266893.7803,2771699.23
Aa,1619,268261.0525,2775285.941
Aa,1620,268608.043,2772000.642
Aa,1621,269549.0914,2775910.678
Aa,1622,267784.7962,2772595.683
Aa,1623,265182.9606,2773080.719
Aa,1624,265776.6753,2772671.861
Aa,1625,264187.8431,2772498.634
Aa,1626,265694.1007,2771989.485
Aa,1627,266092.2798,2773335.443
Aa,1628,267813.9509,2771502.612
Aa,1629,267187.5084,2773114.211
Aa,1630,267730.2669,2772288.01
Aa,1631,265233.5701,2773649.503
Aa,1632,265152.5312,2772878.957
Aa,1633,263767.1301,2773911.568
Aa,1634,269200.0474,2771710.342
Aa,1635,268203.3146,2770799.743
Aa,1636,264972.259,2774350.908
Aa,1637,267523.4248,2771313.308
Aa,1638,271406.5833,2778634.342
Aa,1639,267792.024,2772658.337
Aa,1640,263626.1609,2774131.729
Aa,1641,269336.8146,2771781.798
Aa,1642,265512.8312,2773721.639
Aa,1643,267471.2482,2770963.321
Aa,1644,265177.7545,2776846.248
Aa,1645,265479.0044,2778243.323
Aa,1646,269365.2725,2772964.134
Aa,1647,263455.7464,2773009.099
Aa,1648,268403.5934,2770663.816
Aa,1649,268501.5868,2774441.233
Aa,1650,266399.9551,2772548.302
Aa,1651,272483.0201,2780535.296
Aa,1652,270494.3642,2777585.455
Aa,1653,269113.7755,2773348.43
Aa,1654,266282.2411,2774083.83
Aa,1655,267789.3707,2772411.924
Aa,1656,267245.955,2773921.499
Aa,1657,267434.7899,2772349.69
Aa,1658,265332.5545,2773449.319
Aa,1659,268477.9841,2772960.141
Aa,1660,263442.3884,2773127.068
Aa,1661,264936.739,2773273.084
Aa,1662,267841.8433,2772191.417
Aa,1663,266380.5191,2773032.467
Aa,1664,262995.1071,2773891.777
Aa,1665,265648.4648,2772381.944
Aa,1666,265466.5997,2774212.823
Aa,1667,267701.2255,2774245.8
Aa,1668,268574.2636,2773233.077
Aa,1669,268609.9901,2773886.237
Aa,1670,270768.1669,2778849.051
Aa,1671,267392.2441,2774009.893
Aa,1672,271734.0855,2778470.321
Aa,1673,271101.2148,2777779.421
Aa,1674,267885.2929,2774699.016
Aa,1675,264416.4221,2774272.146
Aa,1676,263262.9742,2772862.999
Aa,1677,265529.2952,2773380.198
Aa,1678,270644.7019,2778329.051
Aa,1679,265088.8816,2772850.249
Aa,1680,269757.8346,2777145.137
Aa,1681,267028.987,2773933.448
Aa,1682,265515.3301,2772478.081
Aa,1683,262963.1018,2777098.949
Aa,1684,270679.5821,2778023.248
Aa,1685,267190.2925,2771245.85
Aa,1686,265903.629,2774055.448
Aa,1687,265572.1015,2772465.057
Aa,1688,262911.2136,2777081.674
Aa,1689,265384.545,2773606.321
Aa,1690,269189.9669,2774073.404
Aa,1691,269537.1946,2771880.292
Aa,1692,263155.7364,2773917.1
Aa,1693,268409.551,2771514.477
Aa,1694,263186.8297,2772514.068
Aa,1695,265892.0819,2775804.346
Aa,1696,272465.8655,2779969.967
Aa,1697,270703.2429,2779701.536
Aa,1698,264824.2228,2772107.175
Aa,1699,262021.7856,2774341.211
Aa,1700,269097.2982,2772010.744
Aa,1701,265279.8929,2773208.624
Aa,1702,268458.3398,2776337.539
Aa,1703,269737.38,2775661.673
Aa,1704,264084.0706,2773980.063
Aa,1705,271030.8185,2779406.656
Aa,1706,265248.3181,2775176.857
Aa,1707,269065.9271,2773297.032
Aa,1708,265974.8238,2772504.435
Aa,1709,263689.0461,2775671.159
Aa,1710,267720.681,2771498.492
Aa,1711,262485.4392,2776287.752
Aa,1712,267866.4207,2772775.861
Aa,1713,266726.8144,2773421.385
Aa,1714,265594.3781,2772282.259
Aa,1715,264779.3929,2777230.641
Aa,1716,268054.7284,2771076.413
Aa,1717,264938.0844,2794293.561
Aa,1718,264429.6292,2774145.092
Aa,1719,271198.5662,2778212.355
Aa,1720,263680.9969,2772584.978
Aa,1721,267826.2031,2771905.91
Aa,1722,268548.7317,2771591.591
Aa,1723,264553.5714,2773607.113
Aa,1724,268575.7286,2771548.436
Aa,1725,263443.5924,2772663.497
Aa,1726,265347.4988,2777000.798
Aa,1727,269083.3426,2773233.96
Aa,1728,264600.3625,2773462.359
Aa,1729,265539.504,2773391.648
Aa,1730,265510.5481,2773857.592
Aa,1731,269316.1097,2773108.273
Aa,1732,263974.5144,2773790.663
Aa,1733,270545.0114,2777712.691
Aa,1734,265477.4111,2775199.334
Aa,1735,267409.958,2772022.488
Aa,1736,263781.247,2775659.414
Aa,1737,265645.6904,2773072.339
Aa,1738,268522.0118,2774238.182
Aa,1739,267724.3123,2771440.304
Aa,1740,268012.8366,2772644.858
Aa,1741,269202.4648,2771898.842
Aa,1742,264197.1773,2772459.368
Aa,1743,262464.0436,2776253.036
Aa,1744,268447.0433,2771817.579
Aa,1745,266127.477,2772693.11
Aa,1746,269209.3893,2771852.858
Aa,1747,268057.3244,2772407.578
Aa,1748,265374.8418,2772504.804
Aa,1749,264804.2153,2772733.825
Aa,1750,267189.4908,2773455.965
Aa,1751,264871.8523,2772725.683
Aa,1752,269144.6379,2775716.512
Aa,1753,268902.0232,2775621.915
Aa,1754,263526.9126,2775424.757
Aa,1755,266116.6049,2772732.823
Aa,1756,266296.739,2773401.903
Aa,1757,268872.3924,2774010.511
Aa,1758,269623.7277,2775679.869
Aa,1759,268666.7807,2772648.55
Aa,1760,267276.1561,2770860.536
Aa,1761,267907.379,2772784.042
Aa,1762,269167.6519,2774802.161
Aa,1763,267641.4641,2772455.448
Aa,1764,270436.1568,2776370.224
Aa,1765,265283.2047,2774340.69
Aa,1766,266526.6126,2772343.428
Aa,1767,263454.4342,2774443.107
Aa,1768,264640.9391,2774296.17
Aa,1769,263807.834,2773504.808
Aa,1770,263766.3602,2773911.581
Aa,1771,267770.0851,2774897.554
Aa,1772,269219.6585,2772004.658
Aa,1773,266518.45,2772316.512
Aa,1774,268054.2762,2774764.201
Aa,1775,263539.6293,2774648.568
Aa,1776,266027.4805,2774002.593
Aa,1777,265477.4111,2775199.334
Aa,1778,269912.2566,2777808.974
Aa,1779,262626.3797,2774167.065
Aa,1780,262339.5036,2775514.11
Aa,1781,265693.8693,2775561.924
Aa,1782,268774.2737,2771674.429
Aa,1783,266521.5894,2773444.977
Aa,1784,268589.8527,2771927.182
Aa,1785,269904.8117,2777869.551
Aa,1786,268955.9419,2773078.225
Aa,1787,268086.2584,2771889.44
Aa,1788,268404.0978,2770602.721
Aa,1789,268000.5984,2773736.584
Aa,1790,262685.1629,2773960.37
Aa,1791,268742.2432,2772147.805
Aa,1792,267499.3616,2774962.41
Aa,1793,267936.2098,2772532.021
Aa,1794,268306.9305,2773635.625
Aa,1795,262546.1586,2772788.369
Aa,1796,267108.6614,2773548.235
Aa,1797,268526.7255,2772065.22
Aa,1798,263905.5459,2775455.817
Aa,1799,263810.7223,2773760.524
Aa,1800,267835.6876,2772146.5
Aa,1801,268906.7328,2773446.63
Aa,1802,266462.5704,2773281.539
Aa,1803,268754.9816,2772354.097
Aa,1804,269015.0234,2771882.356
Aa,1805,267528.9364,2772722.001
Aa,1806,264324.4555,2772648.887
Aa,1807,265593.3067,2774191.832
Aa,1808,267727.3955,2771485.696
Aa,1809,267889.9117,2772753.268
Aa,1810,269088.6049,2773135.373
Aa,1811,268013.1546,2772437.075
Aa,1812,267418.6098,2774201.157
Aa,1813,262961.1849,2776457.87
Aa,1814,268253.4511,2772572.919
Aa,1815,268942.2615,2775088.581
Aa,1816,265606.2057,2774180.619
Aa,1817,262967.7526,2773868.79
Aa,1818,268079.4393,2771805.431
Aa,1819,263025.4005,2772754.037
Aa,1820,268183.5131,2773488.072
Aa,1821,266327.3501,2773345.576
Aa,1822,263444.8767,2772337.742
Aa,1823,263104.4473,2773003.781
Aa,1824,269831.9504,2776337.089
Aa,1825,269942.6869,2778015.178
Aa,1826,265707.4407,2772407.564
Aa,1827,269186.7093,2775381.836
Aa,1828,269114.0856,2771955.927
Aa,1829,268499.6727,2773829.56
Aa,1830,268036.2554,2772119.627
Aa,1831,264296.567,2776158.641
Aa,1832,266752.6223,2773624.495
Aa,1833,269270.9031,2774578.475
Aa,1834,269551.0717,2771835.459
Aa,1835,263493.5621,2774700.943
Aa,1836,262881.9331,2772520.42
Aa,1837,266602.4472,2773084.471
Aa,1838,264041.9114,2773857.982
Aa,1839,265483.5107,2773852.773
Aa,1840,268757.028,2771020.112
Aa,1841,267678.5094,2772821.757
Aa,1842,266074.2228,2773045.96
Aa,1843,268905.1805,2775581.067
Aa,1844,269552.3476,2775738.991
Aa,1845,265427.5116,2774805.556
Aa,1846,267268.5502,2771318.073
Aa,1847,269278.7157,2771898.821
Aa,1848,268429.9975,2774442.871
Aa,1849,271284.4184,2778281.932
Aa,1850,269106.0576,2772027.717
Aa,1851,269223.4342,2775367.897
Aa,1852,266928.5671,2773555.116
Aa,1853,266103.0629,2772302.277
Aa,1854,264183.7447,2773954.453
Aa,1855,263207.7682,2772966.053
Aa,1856,269220.7853,2773664.729
Aa,1857,269181.659,2775174.568
Aa,1858,269737.924,2775511.592
Aa,1859,262025.1351,2775812.147
Aa,1860,269727.7338,2776639.84
Aa,1861,266087.5798,2773869.665
Aa,1862,269286.7222,2771689.008
Aa,1863,268950.8934,2772416.302
Aa,1864,269195.4737,2770938.714
Aa,1865,268604.6632,2773027.532
Aa,1866,265615.3982,2772474.671
Aa,1867,266383.0773,2772552.184
Aa,1868,270939.8324,2778299.986
Aa,1869,268430.5011,2772022.888
Aa,1870,264762.7305,2773409.884
Aa,1871,267858.3235,2772118.848
Aa,1872,266116.6049,2772732.823
Aa,1873,265146.0695,2773979.698
Aa,1874,266117.4039,2772734.501
Aa,1875,269568.0225,2770695.055
Aa,1876,267955.4608,2772441.227
Aa,1877,267758.9563,2771439.291
Aa,1878,271301.1288,2778589.191
Aa,1879,266625.0362,2772423.968
Aa,1880,267014.6615,2773049.734
Aa,1881,264103.7108,2775470.987
Aa,1882,265088.6445,2774267.312
Aa,1883,264745.1078,2773147.237
Aa,1884,263746.9164,2775411.429
Aa,1885,268183.915,2771562.483
Aa,1886,269577.7416,2771955.277
Aa,1887,270272.7861,2777229.231
Aa,1888,263562.8561,2775543.561
Aa,1889,265185.3489,2774292.913
Aa,1890,267122.1166,2771177.683
Aa,1891,262313.5238,2776231.987
Aa,1892,269179.9738,2771798.611
Aa,1893,263410.1774,2773356.971
Aa,1894,265224.9144,2772878.134
Aa,1895,268196.9855,2772558.659
Aa,1896,268195.3581,2773958.381
Aa,1897,265377.0852,2774470.761
Aa,1898,265617.3241,2776304.743
Aa,1899,272073.4857,2779843.376
Aa,1900,265785.0063,2772529.041
Aa,1901,267380.2849,2773986.001
Aa,1902,269014.0932,2772327.937
Aa,1903,271127.7488,2778304.434
Aa,1904,267248.7601,2770789.771
Aa,1905,271247.5891,2778243.448
Aa,1906,267713.8644,2771052.616
Aa,1907,264950.9559,2773159.542
Aa,1908,267784.159,2772648.748
Aa,1909,264844.2435,2773179.348
Aa,1910,268952.7124,2772205.325
Aa,1911,268933.5051,2771298.244
Aa,1912,269473.4714,2771755.604
Aa,1913,268807.4918,2771089.009
Aa,1914,262287.398,2776367.514
Aa,1915,269542.5219,2771967.708
Aa,1916,269115.9358,2771883.185
Aa,1917,265705.4304,2772111.041
Aa,1918,266669.7682,2773012.932
Aa,1919,265957.5211,2772303.927
Aa,1920,270348.5453,2778890.367
Aa,1921,267155.9449,2770767.469
Aa,1922,269135.0993,2772241.976
Aa,1923,269145.2132,2772475.579
Aa,1924,269582.7849,2775717.551
Aa,1925,265355.2289,2775482.566
Aa,1926,262919.0467,2775363.66
Aa,1927,267219.77,2773470.245
Aa,1928,268418.7558,2771920.784
Aa,1929,263281.0823,2774837.8
Aa,1930,266998.7514,2770899.721
Aa,1931,263819.6629,2773253.91
Aa,1932,269116.3843,2772091.798
Aa,1933,269084.9642,2774375.749
Aa,1934,267458.6616,2771987.839
Aa,1935,268106.6557,2772545.821
Aa,1936,268045.6699,2774529.937
Aa,1937,265479.0377,2774219.584
Aa,1938,270519.4732,2777065.278
Aa,1939,265929.9408,2772267.621
Aa,1940,266030.5176,2772653.132
Aa,1941,267895.6814,2772594.43
Aa,1942,266666.4677,2773270.229
Aa,1943,269370.6424,2771823.711
Aa,1944,264151.8888,2778963.799
Aa,1945,264091.4107,2773825.631
Aa,1946,265785.0063,2772529.041
Aa,1947,269265.2814,2774246.298
Aa,1948,268018.632,2772532.733
Aa,1949,265735.6629,2776917.598
Aa,1950,269499.7976,2772721.323
Aa,1951,270660.0529,2778234.945
Aa,1952,267677.0221,2771693.908
Aa,1953,265670.3327,2775267.884
Aa,1954,262657.431,2777408.449
Aa,1955,268638.7762,2773676.493
Aa,1956,267582.1097,2772678.61
Aa,1957,270263.383,2776215.245
Aa,1958,263322.5059,2774695.457
Aa,1959,269065.4154,2771446.506
Aa,1960,268713.286,2772665.939
Aa,1961,266610.7281,2772533.069
Aa,1962,266676.643,2774225.037
Aa,1963,264616.5293,2774265.097
Aa,1964,265596.7017,2775464.037
Aa,1965,271157.8068,2778306.465
Aa,1966,268084.2057,2771541.983
Aa,1967,266962.506,2771619.215
Aa,1968,267440.8835,2774242.841
Aa,1969,268467.5275,2771163.465
Aa,1970,265550.7739,2772613.386
Aa,1971,269551.4007,2775910.639
Aa,1972,265576.0868,2775205.669
Aa,1973,263938.5339,2774381.45
Aa,1974,267369.3162,2770451.003
Aa,1975,269371.9524,2771627.75
Aa,1976,266361.6992,2773732.223
Aa,1977,267272.9011,2771347.38
Aa,1978,264023.2556,2774070.527
Aa,1979,269266.487,2771858.868
Aa,1980,269312.9665,2775198.343
Aa,1981,267964.6588,2773661.102
Aa,1982,266958.9878,2771638.721
Aa,1983,268068.2918,2773369.761
Aa,1984,268364.989,2773562.562
Aa,1985,267755.952,2772484.782
Aa,1986,265230.8374,2777111.667
Aa,1987,269395.2389,2770635.196
Aa,1988,269922.9498,2775980.875
Aa,1989,263973.9219,2773934.409
Aa,1990,265198.4409,2772145.331
Aa,1991,264964.4013,2774297.143
Aa,1992,268954.3422,2773392.981
Aa,1993,268442.5825,2772099.41
Aa,1994,267461.1684,2771502.065
Aa,1995,266368.12,2772623.25
Aa,1996,269177.031,2771214.65
Aa,1997,266961.6572,2773643.75
Aa,1998,265589.7518,2772192.293
Aa,1999,271136.6788,2778743.928
Aa,2000,266885.8275,2771684.57
Aa,2001,268182.5788,2774293.832
Aa,2002,265532.4003,2773381.624
Aa,2003,268978.4118,2772404
Aa,2004,269576.5696,2771749.002
Aa,2005,270690.4257,2777295.748
Aa,2006,265762.5683,2776512.14
Aa,2007,265718.521,2773590.857
Aa,2008,265443.1537,2773924.277
Aa,2009,266877.2733,2772130.711
Aa,2010,266413.2977,2772247.924
Aa,2011,265274.3915,2773067.943
Aa,2012,265448.2978,2774984.233
Aa,2013,265714.9765,2774684.357
Aa,2014,263836.4766,2776046.968
Aa,2015,267222.2893,2773662.973
Aa,2016,267691.3943,2772130.989
Aa,2017,266048.2324,2774089.957
Aa,2018,266624.4187,2772252.767
Aa,2019,264840.3864,2773447.015
Aa,2020,266270.8087,2773326.887
Aa,2021,266971.7639,2773829.585
Aa,2022,269670.7055,2776773.332
Aa,2023,266642.4084,2773979.585
Aa,2024,269520.8345,2772188.531
Aa,2025,262697.7956,2772694.415
Aa,2026,269278.3149,2771647.299
Aa,2027,265241.8805,2773416.425
Aa,2028,265982.2827,2773433.082
Aa,2029,266689.8041,2773328.803
Aa,2030,265570.8098,2775570.382
Aa,2031,267743.9827,2772279.322
Aa,2032,268451.7923,2771825.107
Aa,2033,262222.5565,2775872.96
Aa,2034,267724.4444,2770587.844
Aa,2035,264844.5758,2772930.553
Aa,2036,269168.3334,2772248.811
Aa,2037,269230.7108,2772384.935
Aa,2038,266701.1852,2772327.971
Aa,2039,263682.9843,2773366.616
Aa,2040,267545.9889,2770512.251
Aa,2041,265733.4532,2772397.394
Aa,2042,268611.2509,2773733.607
Aa,2043,268558.372,2771433.323
Aa,2044,265177.8657,2773097.928
Aa,2045,264906.746,2773007.479
Aa,2046,264120.4297,2778969.841
Aa,2047,263735.8345,2775127.53
Aa,2048,269237.0269,2774760.826
Aa,2049,264118.1661,2774125.746
Aa,2050,269275.9457,2771689.402
Aa,2051,265084.6417,2778678.795
Aa,2052,267789.8142,2771985.37
Aa,2053,269373.3148,2776489
Aa,2054,269054.0841,2773598.222
Aa,2055,265414.3854,2773774.062
Aa,2056,269596.2745,2777106.864
Aa,2057,267086.7044,2773750.682
Aa,2058,267423.0265,2771026.496
Aa,2059,265593.8621,2776641.656
Aa,2060,266019.7417,2772653.528
Aa,2061,270382.5171,2777846.69
Aa,2062,263402.2639,2774720.706
Aa,2063,271267.1002,2778625.695
Aa,2064,264222.8542,2778794.102
Aa,2065,267661.8319,2771480.259
Aa,2066,269146.8212,2773890.244
Aa,2067,266727.1827,2773758.095
Aa,2068,269183.3095,2773270.526
Aa,2069,271328.8353,2777580.504
Aa,2070,269494.9857,2772299.725
Aa,2071,263997.4712,2776361.668
Aa,2072,269216.7928,2775021.153
Aa,2073,268163.163,2772607.849
Aa,2074,269080.8572,2774360.6
Aa,2075,267421.2849,2772461.102
Aa,2076,264808.9951,2773279.09
Aa,2077,268876.6748,2773945.126
Aa,2078,266873.2396,2772976.479
Aa,2079,268984.156,2771696.874
Aa,2080,269040.4475,2772337.848
Aa,2081,267277.2076,2774263.6
Aa,2082,270914.2013,2779109.745
Aa,2083,270961.9984,2777558.346
Aa,2084,265211.9015,2772882.797
Aa,2085,271263.1817,2778484.145
Aa,2086,269324.8939,2771896.772
Aa,2087,269682.2584,2776773.56
Aa,2088,267819.6619,2770660.839
Aa,2089,266926.2546,2773735.245
Aa,2090,266835.9103,2772324.4
Aa,2091,264976.4499,2773923.858
Aa,2092,263732.0536,2774731.685
Aa,2093,267383.234,2772984.894
Aa,2094,269798.2693,2775847.494
Aa,2095,266260.058,2772654.482
Aa,2096,262180.7656,2775684.504
Aa,2097,267990.9415,2770948.984
Aa,2098,269203.6274,2771056.519
Aa,2099,264559.2563,2772731.708
Aa,2100,266451.4976,2772319.771
Aa,2101,270166.3884,2779545.516
Aa,2102,271865.6379,2778097.59
Aa,2103,263800.9986,2772620.737
Aa,2104,264209.4877,2778111.372
Aa,2105,267421.2193,2774128.401
Aa,2106,269494.4063,2775500.067
Aa,2107,266530.5885,2772935.837
Aa,2108,259243.0284,2784949.129
Aa,2109,267343.7542,2772837.608
Aa,2110,265323.1654,2775766.995
Aa,2111,266666.5834,2773276.991
Aa,2112,262343.6209,2772878.35
Aa,2113,268259.9055,2773632.831
Aa,2114,268258.163,2774980.136
Aa,2115,263555.5248,2777694.039
Aa,2116,263538.7071,2773263.005
Aa,2117,269013.8281,2775585.566
Aa,2118,268095.6113,2772621.045
Aa,2119,268123.1868,2771161.489
Aa,2120,268875.2502,2771815.393
Aa,2121,266142.9847,2772474.496
Aa,2122,269358.2309,2771864.081
Aa,2123,267916.5156,2772098.623
Aa,2124,268667.0187,2773434.629
Aa,2125,268541.1034,2773956.524
Aa,2126,265511.4037,2772563.332
Aa,2127,264038.1791,2776578.047
Aa,2128,265945.3765,2772179.636
Aa,2129,268185.7298,2771533.283
Aa,2130,268539.8034,2772699.953
Aa,2131,264034.1601,2773721.567
Aa,2132,269323.7806,2774972.84
Aa,2133,263185.1551,2774857.01
Aa,2134,267668.7405,2772474.218
Aa,2135,264840.817,2772935.902
Aa,2136,262100.6982,2773567.242
Aa,2137,269002.9523,2772306.777
Aa,2138,265815.887,2772174.248
Aa,2139,268575.1049,2771965.901
Aa,2140,269152.985,2771386.899
Aa,2141,262914.6827,2773739.926
Aa,2142,268288.8718,2771483.762
Aa,2143,264289.6126,2772549.085
Aa,2144,263311.8592,2774348.348
Aa,2145,265882.9548,2772850.973
Aa,2146,266344.0946,2774277.868
Aa,2147,269448.2234,2772130.364
Aa,2148,264313.5513,2776606.255
Aa,2149,268013.729,2770975.441
Aa,2150,266543.2129,2774033.28
Aa,2151,262827.6857,2773077.288
Aa,2152,264554.6398,2772464.187
Aa,2153,267641.7236,2772606.362
Aa,2154,268512.0359,2771880.31
Aa,2155,268647.6751,2772657.329
Aa,2156,269255.874,2776783.102
Aa,2157,267295.5569,2774391.167
Aa,2158,269161.482,2771934.834
Aa,2159,266256.1407,2774268.384
Aa,2160,269367.0388,2771838.356
Aa,2161,263860.8589,2776431.887
Aa,2162,268363.0205,2771995.075
Aa,2163,267336.0667,2773244.84
Aa,2164,268921.5771,2771367.141
Aa,2165,269885.1911,2776343.799
Aa,2166,265970.5577,2771986.221
Aa,2167,268008.353,2772517.055
Aa,2168,271293.3549,2778218.16
Aa,2169,268674.9686,2771223.148
Aa,2170,263860.8589,2776431.887
Aa,2171,269438.9667,2777365.284
Aa,2172,268274.4482,2771450.822
Aa,2173,268000.7831,2773928.505
Aa,2174,267549.8541,2772277.131
Aa,2175,265262.3811,2775859.145
Aa,2176,271490.4467,2777943.666
Aa,2177,268941.6037,2772686.378
Aa,2178,265440.6525,2772031.886
Aa,2179,268888.5616,2771236.863
Aa,2180,265624.3072,2772186.204
Aa,2181,263919.0454,2772142.885
Aa,2182,264617.2954,2774309.472
Aa,2183,263359.0697,2775648.137
Aa,2184,265370.4097,2773948.568
Aa,2185,269078.6995,2770911.308
Aa,2186,271928.2077,2778248.091
Aa,2187,268861.7344,2771790.469
Aa,2188,263784.6283,2774699.279
Aa,2189,269363.4275,2771442.313
Aa,2190,264282.4182,2776230.965
Aa,2191,269225.6384,2771492.834
Aa,2192,262365.5888,2776479.873
Aa,2193,263661.9094,2772950.357
Aa,2194,268949.4276,2771192.29
Aa,2195,268853.6965,2772225.391
Aa,2196,265891.5756,2772635.224
Aa,2197,263551.5825,2772894.985
Aa,2198,272321.4925,2780312.049
Aa,2199,269391.2675,2772406.105
Aa,2200,269552.8267,2771665.701
Aa,2201,263662.7393,2774287.092
Aa,2202,269207.8481,2773082.204
Aa,2203,267347.2329,2772951.266
Aa,2204,270504.3335,2776486.596
Aa,2205,264177.0731,2776995.437
Aa,2206,267406.7282,2770838.443
Aa,2207,267731.3139,2772304.268
Aa,2208,271934.062,2778413.704
Aa,2209,262914.6827,2773739.926
Aa,2210,269076.9859,2772539.932
Aa,2211,268338.8015,2773653.05
Aa,2212,266651.1653,2771880.083
Aa,2213,267269.2128,2773253.59
Aa,2214,272022.9357,2778755.897
Aa,2215,271286.9034,2778750.492
Aa,2216,268915.3278,2771179.974
Aa,2217,267830.5947,2772571.441
Aa,2218,266473.1634,2774169.97
Aa,2219,270980.5592,2777563.318
Aa,2220,268921.6038,2771459.72
Aa,2221,267607.4222,2770546.293
Aa,2222,271973.193,2778727.561
Aa,2223,266908.1824,2771595.412
Aa,2224,269384.1704,2773125.3
Aa,2225,268735.2769,2771009.278
Aa,2226,267565.3123,2774449.554
Aa,2227,262057.616,2775864.213
Aa,2228,269225.3686,2771522.43
Aa,2229,267775.9032,2772435.193
Aa,2230,268279.288,2773187.144
Aa,2231,268873.0099,2771273.693
Aa,2232,263143.9358,2774612.105
Aa,2233,263860.1738,2776125.824
Aa,2234,264034.1601,2773721.567
Aa,2235,266690.2392,2772318.435
Aa,2236,266673.2024,2772267.997
Aa,2237,272119.0045,2779527.888
Aa,2238,268167.0384,2771929.285
Aa,2239,270504.3335,2776486.596
Aa,2240,268835.1927,2771496.693
Aa,2241,262663.6361,2774051.003
Aa,2242,267000.4438,2772442.706
Aa,2243,262370.1336,2776475.566
Aa,2244,266987.1731,2774235.579
Aa,2245,265843.7123,2772045.256
Aa,2246,266993.0719,2771334.187
Aa,2247,262845.4452,2773744.301
Aa,2248,269633.6544,2775356.095
Aa,2249,269068.1956,2774385.968
Aa,2250,269636.5748,2771562.196
Aa,2251,266911.7098,2773064.387
Aa,2252,269141.9752,2773376.487
Ab,1,269441.4296,2770952.947
Ab,2,264174.7924,2773436.736
Ab,3,264811.2028,2773139.122
Ab,4,269178.4652,2770843.885
Ab,5,271118.5691,2778033.192
Ab,6,268731.4492,2772056.254
Ab,7,267901.738,2771773.153
Ab,8,267648.1423,2772576.238
Ab,9,271464.3531,2777444.011
Ab,10,269225.2835,2771016.205
Ab,11,265112.0674,2773078.558
Ab,12,269210.8647,2774443.581
Ab,13,268939.3824,2774010.01
Ab,14,268490.3169,2772779.21
Ab,15,269055.8926,2770883.582
Ab,16,268521.8757,2770598.188
Ab,17,265721.6939,2771981.613
Ab,18,265878.8057,2772384.754
Ab,19,268923.7069,2770810.36
Ab,20,264699.8869,2772132.781
Ab,21,266342.2905,2772554.151
Ab,22,272352.0919,2780070.79
Ab,23,264183.5643,2774166.678
Ab,24,264401.3872,2784829.034
Ab,25,267205.2708,2770859.42
Ab,26,266807.5205,2772420.848
Ab,27,269206.8551,2770882.931
Ab,28,271040.3508,2779241.206
Ab,29,271202.744,2778048.687
Ab,30,269216.2844,2770985.074
Ab,31,268872.6631,2774389.915
Ab,32,265511.3007,2776318.405
Ab,33,267252.3522,2773935.341
Ab,34,267408.0614,2772001.595
Ab,35,263120.2293,2775286.391
Ab,36,265162.6949,2778740.649
Ab,37,268134.46,2771417.055
Ab,38,265063.54,2793990.163
Ab,39,265425.6304,2776172.551
Ab,40,264394.954,2774054.799
Ab,41,269234.6767,2771526.289
Ab,42,267621.4379,2772500.6
Ab,43,267488.434,2770932.168
Ab,44,269587.7058,2770811.609
Ab,45,267256.4157,2773541.697
Ab,46,270380.2273,2776706.397
Ab,47,267769.903,2771177.217
Ab,48,267292.792,2770887.52
Ab,49,268729.3546,2772614.304
Ab,50,269275.7217,2770627.914
Ab,51,267771.0813,2774142.307
Ab,52,267515.1703,2771280.897
Ab,53,270964.5827,2777620.445
Ab,54,268932.5138,2772467.976
Ab,55,269159.2859,2771850.535
Ab,56,267992.708,2773091.615
Ab,57,264164.6769,2774365.91
Ab,58,267411.9835,2771463.377
Ab,59,268967.7166,2771271.667
Ab,60,267443.6439,2771377.655
Ab,61,268888.9972,2771308.086
Ab,62,269613.4927,2771061.645
Ab,63,264180.7162,2773957.465
Ab,64,267634.5489,2772501.645
Ab,65,270949.305,2777581.81
Ab,66,271803.9586,2779331.736
Ab,67,269310.9801,2771301.372
Ab,68,263438.268,2772711.783
Ab,69,267179.9019,2773976.95
Ab,70,262805.3836,2773654.95
Ab,71,269491.3483,2771719.581
Ab,72,267466.2623,2772117.491
Ab,73,265085.1844,2774200.577
Ab,74,263003.4778,2775347.818
Ab,75,269055.3867,2771582.163
Ab,76,264220.0222,2772533.378
Ab,77,267230.2986,2771243.054
Ab,78,269008.7429,2774013.062
Ab,79,268735.1967,2770822.64
Ab,80,263602.1974,2775369.972
Ab,81,264270.7078,2773995.436
Ab,82,268874.0201,2774379.112
Ab,83,265716.3329,2771983.396
Ab,84,269490.1902,2771742.217
Ab,85,270964.1178,2778736.686
Ab,86,267096.2491,2774084.064
Ab,87,269371.7861,2775579.926
Ab,88,265960.9163,2772322.258
Ab,89,268788.5304,2770651.585
Ab,90,267040.1655,2772739.216
Ab,91,269267.2495,2771539.477
Ab,92,269189.5548,2771590.885
Ab,93,268217.3143,2771941.748
Ab,94,263808.9663,2774726.125
Ab,95,267243.9763,2773579.956
Ab,96,264123.235,2773528.308
Ab,97,271471.976,2778219.176
Ab,98,269468.5561,2770962.846
Ab,99,269382.685,2771123.245
Ab,100,264186.8765,2774135.549
Ab,101,266273.7798,2772646.215
Ab,102,264187.8164,2773477.306
Ab,103,264845.7956,2773135.355
Ab,104,267999.8554,2771564.131
Ab,105,269602.9295,2771029.061
Ab,106,264350.7938,2774128.699
Ab,107,268503.884,2771535.916
Ab,108,272312.3921,2779998.322
Ab,109,264280.7629,2774131.6
Ab,110,264345.52,2774046.353
Ab,111,265181.829,2776859.283
Ab,112,267954.2363,2771599.148
Ab,113,268848.3798,2772502.586
Ab,114,265066.9508,2773320.936
Ab,115,268081.6626,2774246.511
Ab,116,266257.3399,2774248.494
Ab,117,267559.3293,2772833.299
Ab,118,269493.8835,2770774.935
Ab,119,267416.1713,2771980.319
Ab,120,267919.7735,2773059.881
Ab,121,268428.9338,2772702.045
Ab,122,268346.1561,2773813.989
Ab,123,269186.4498,2771589.458
Ab,124,265062.0906,2793995.261
Ab,125,269114.462,2771295.182
Ab,126,269591.6094,2770769.058
Ab,127,269491.5781,2772736.258
Ab,128,262760.6314,2776349.119
Ab,129,268961.4594,2771584.598
Ab,130,265697.494,2773532.456
Ab,131,271426.5403,2778309.982
Ab,132,263616.1238,2775418.136
Ab,133,270320.7737,2777061.652
Ab,134,268071.2636,2774404.793
Ab,135,271283.6546,2777503.268
Ab,136,264318.581,2774047.241
Ab,137,265504.1583,2772365.822
Ab,138,263999.3941,2774783.069
Ab,139,268058.1464,2771776.201
Ab,140,268921.8471,2771656.077
Ab,141,271017.8939,2779141.818
Ab,142,271009.0122,2778705.493
Ab,143,268879.068,2771813.426
Ab,144,268699.8727,2771010.934
Ab,145,268033.5313,2771778.099
Ab,146,269360.6331,2771596.025
Ab,147,267798.8864,2772518.504
Ab,148,268712.3148,2772472.341
Ab,149,264335.2198,2773138.248
Ab,150,265475.7016,2772368.214
Ab,151,271929.2637,2779643.092
Ab,152,268036.0037,2773916.492
Ab,153,267240.1029,2774029.822
Ab,154,264610.4843,2773156.323
Ab,155,270650.8926,2777736.905
Ab,156,268762.0869,2770636.603
Ab,157,262792.2452,2773608.041
Ab,158,269623.7451,2770847.567
Ab,159,266820.6524,2771927.281
Ab,160,265039.5965,2772403.406
Ab,161,268863.2627,2770652.434
Ab,162,269739.5118,2775787.824
Ab,163,262386.3761,2776479.721
Ab,164,267287.1651,2784028.245
Ab,165,265612.0581,2776848.914
Ab,166,262932.2719,2775017.192
Ab,167,268791.3595,2770682.186
Ab,168,265846.6104,2772303.927
Ab,169,268392.304,2771769.047
Ab,170,264147.8483,2774105.363
Ab,171,267590.0753,2771744.426
Ab,172,263119.7496,2775303.098
Ab,173,265561.1063,2773662.681
Ab,174,267464.8592,2771357.002
Ab,175,269478.7703,2770701
Ab,176,267307.4243,2773010.495
Ab,177,271403.6317,2778229.413
Ab,178,269035.1992,2770844.195
Ab,179,268260.3912,2771711.68
Ab,180,266285.1825,2772997.11
Ab,181,269600.725,2770624.54
Ab,182,266342.4498,2772563.449
Ab,183,265067.2725,2774412.472
Ab,184,267165.9788,2773747.849
Ab,185,270557.5177,2777769.549
Ab,186,262605.4151,2772962.571
Ab,187,268298.9634,2771715.252
Ab,188,270850.1822,2777684.723
Ab,189,263965.3725,2774018.896
Ab,190,266907.4981,2771871.052
Ab,191,270997.3515,2779110.459
Ab,192,269050.6522,2771575.48
Ab,193,272409.4623,2780279.294
Ab,194,269029.8368,2772484.506
Ab,195,270453.8553,2778926.848
Ab,196,267046.3906,2770892.779
Ab,197,268617.342,2771640.522
Ab,198,271239.0502,2778147.631
Ab,199,268052.2747,2770977.322
Ab,200,266610.8338,2773214.533
Ab,201,267283.2203,2773487.762
Ab,202,267427.9194,2771720.555
Ab,203,265429.6539,2776182.628
Ab,204,269774.3155,2776115.914
Ab,205,268272.9848,2770593.109
Ab,206,269480.8477,2770915.292
Ab,207,262609.7811,2772947.91
Ab,208,269605.6138,2771005.554
Ab,209,263655.6042,2773519.916
Ab,210,272526.1732,2780446.223
Ab,211,269428.4655,2771599.106
Ab,212,265835.4075,2776494.19
Ab,213,269071.4976,2771532.853
Ab,214,269244.2347,2770633.519
Ab,215,269284.0041,2771528.203
Ab,216,270436.2553,2777335.329
Ab,217,264664.2127,2773145.673
Ab,218,264201.0627,2772372.214
Ab,219,269295.1575,2772415.761
Ab,220,271417.8885,2778115.669
Ab,221,268998.3331,2770850.525
Ab,222,268088.612,2771393.315
Ab,223,268605.2045,2770606.287
Ab,224,269418.6394,2771199.787
Ab,225,269492.5619,2771152.883
Ab,226,269043.8848,2770947.83
Ab,227,267773.2959,2771648.304
Ab,228,264572.0418,2773160.158
Ab,229,271220.5947,2777690.753
Ab,230,265871.72,2772375.786
Ab,231,270940.181,2777634.383
Ab,232,268196.7446,2771365.48
Ab,233,266277.9797,2772621.624
Ab,234,264157.4143,2772386.919
Ab,235,262631.2916,2773077.533
Ab,236,268120.1993,2771439.068
Ab,237,265749.4068,2771980.714
Ab,238,270801.73,2778190.708
Ab,239,269509.597,2771933.6
Ab,240,268740.071,2771655.986
Ab,241,269013.2579,2771322.893
Ab,242,271001.3702,2777610.526
Ab,243,268796.5309,2772488.035
Ab,244,265648.6188,2772032.118
Ab,245,269228.8925,2772459.579
Ab,246,268792.4445,2773746.386
Ab,247,268603.6143,2771648.575
Ab,248,270724.7712,2778146.56
Ab,249,268145.7377,2771400.799
Ab,250,271412.6015,2778259.276
Ab,251,266398.7356,2772926.892
Ab,252,266408.1028,2772529.35
Ab,253,268596.8548,2770886.281
Ab,254,267021.2955,2772761.732
Ab,255,264785.4283,2777401.751
Ab,256,264572.0418,2773160.158
Ab,257,268428.9338,2772702.045
Ab,258,267165.9788,2773747.849
Ab,259,264164.6769,2774365.91
Ab,260,270574.111,2779301.902
Ab,261,270329.5488,2776257.882
Ab,262,268120.1993,2771439.068
Ab,263,271417.8885,2778115.669
Ab,264,269495.2725,2771678.298
Ab,265,268921.8471,2771656.077
Ab,266,270326.65,2778824.578
Ab,267,269509.597,2771933.6
Ab,268,270436.2553,2777335.329
Ab,269,267972.4437,2771582.774
Ab,270,268956.5975,2771206.331
Ab,271,268923.7069,2770810.36
Ab,272,270949.305,2777581.81
Ab,273,268729.3546,2772614.304
Ab,274,265039.5965,2772403.406
Ab,275,270959.787,2777609.957
Ab,276,267429.3157,2771395.654
Ab,277,269310.9801,2771301.372
Ab,278,264147.8483,2774105.363
Ab,279,268058.1464,2771776.201
Ab,280,267769.903,2771177.217
Ab,281,263438.268,2772711.783
Ab,282,269050.6522,2771575.48
Ab,283,269029.8368,2772484.506
Ab,284,264811.2028,2773139.122
Ab,285,265871.72,2772375.786
Ab,286,269176.302,2771535.942
Ab,287,267466.2623,2772117.491
Ab,288,265960.9163,2772322.258
Ab,289,266285.1825,2772997.11
Ab,290,262760.6314,2776349.119
Ab,291,268427.7302,2773855.935
Ab,292,268699.8727,2771010.934
Ab,293,271197.5828,2778016.434
Ab,294,267488.434,2770932.168
Ab,295,265425.6304,2776172.551
Ab,296,263629.893,2773680.585
Ab,297,262605.4151,2772962.571
Ab,298,268932.5138,2772467.976
Ab,299,262792.2452,2773608.041
Ab,300,270964.1178,2778736.686
Ab,301,270557.5177,2777769.549
Ab,302,270940.181,2777634.383
Ab,303,268738.6527,2771663.196
Ab,304,270997.3515,2779110.459
Ab,305,268617.342,2771640.522
Ab,306,268464.4561,2771300.273
Ab,307,269490.1902,2771742.217
Ab,308,269491.5781,2772736.258
Ab,309,269234.6767,2771526.289
Ab,310,268792.4445,2773746.386
Ab,311,265067.2725,2774412.472
Ab,312,272302.4732,2780003.561
Ab,313,270801.73,2778190.708
Ab,314,267648.1423,2772576.238
Ab,315,267615.3105,2772502.606
Ab,316,267954.2363,2771599.148
Ab,317,264284.2836,2774112.515
Ab,318,265475.7016,2772368.214
Ab,319,266398.7356,2772926.892
Ab,320,267559.3293,2772833.299
Ab,321,262805.3836,2773654.95
Ab,322,268981.1695,2771383.887
Ab,323,267307.4243,2773010.495
Ab,324,265063.54,2793990.163
Ab,325,271426.5403,2778309.982
Ab,326,268966.5463,2774567.777
Ab,327,271202.744,2778048.687
Ab,328,268967.7166,2771271.667
Ab,329,268709.1633,2772468.167
Ab,330,269774.3155,2776115.914
Ab,331,268081.6626,2774246.511
Ab,332,269493.8835,2770774.935
Ab,333,267992.708,2773091.615
Ab,334,264187.8164,2773477.306
Ab,335,268145.7377,2771400.799
Ab,336,264350.7938,2774128.699
Ab,337,265504.1583,2772365.822
Ab,338,270650.8926,2777736.905
Ab,339,264345.52,2774046.353
Ab,340,271475.2035,2778228
Ab,341,271674.5238,2779049.831
Ab,342,268521.8757,2770598.188
Ab,343,268071.2636,2774404.793
Ab,344,268394.9899,2774467.351
Ab,345,266807.5205,2772420.848
Ab,346,265648.6188,2772032.118
Ab,347,271220.5947,2777690.753
Ab,348,263003.4778,2775347.818
Ab,349,267256.4157,2773541.697
Ab,350,270636.1468,2777592.789
Ab,351,265697.494,2773532.456
Ab,352,264401.3872,2784829.034
Ab,353,263602.1974,2775369.972
Ab,354,269343.4952,2771128.768
Ab,355,265083.8813,2774214.339
Ab,356,268088.612,2771393.315
Ab,357,268605.2045,2770606.287
Ab,358,269739.5118,2775787.824
Ab,359,265809.3225,2773676.172
Ab,360,268691.9735,2772499.107
Ab,361,267283.2203,2773487.762
Ab,362,272548.5522,2780449.653
Ab,363,264183.5643,2774166.678
Ab,364,268788.5304,2770651.585
Ab,365,269482.6564,2772618.465
Ab,366,269600.725,2770624.54
Ab,367,268260.3912,2771711.68
Ab,368,264394.954,2774054.799
Ab,369,264699.8869,2772132.781
Ab,370,264174.7924,2773436.736
Ab,371,268934.7237,2774007.764
Ab,372,264157.4143,2772386.919
Ab,373,265926.9986,2772275.704
Ab,374,267590.0753,2771744.426
Ab,375,268791.3595,2770682.186
Ab,376,266273.7798,2772646.215
Ab,377,268888.9972,2771308.086
Ab,378,269071.4976,2771532.853
Ab,379,265561.1063,2773662.681
Ab,380,269587.7058,2770811.609
Ab,381,269605.6138,2771005.554
Ab,382,267426.4297,2771994.729
Ab,383,265444.3993,2774891.929
Ab,384,269491.3483,2771719.581
Ab,385,269478.7703,2770701
Ab,386,267205.2708,2770859.42
Ab,387,269159.2859,2771850.535
Ab,388,267240.1029,2774029.822
Ab,389,269114.462,2771295.182
Ab,390,271017.8939,2779141.818
Ab,391,269216.2844,2770985.074
Ab,392,269623.7451,2770847.567
Ab,393,269032.8676,2770842.966
Ab,394,269441.4296,2770952.947
Ab,395,269055.8926,2770883.582
Ab,396,271412.6015,2778259.276
Ab,397,268998.3331,2770850.525
Ab,398,266408.1028,2772529.35
Ab,399,267021.2955,2772761.732
Ab,400,265111.4629,2773356.526
Ab,401,268490.3169,2772779.21
Ab,402,264186.8765,2774135.549
Ab,403,269210.8647,2774443.581
Ab,404,269371.7861,2775579.926
Ab,405,268445.9814,2771482.576
Ab,406,269189.5548,2771590.885
Ab,407,269492.5619,2771152.883
Ab,408,267634.5489,2772501.645
Ab,409,262411.9738,2776490.478
Ab,410,268036.0037,2773916.492
Ab,411,263655.6042,2773519.916
Ab,412,265431.4024,2774718.403
Ab,413,267999.8554,2771564.131
Ab,414,265181.829,2776859.283
Ab,415,267292.792,2770887.52
Ab,416,263965.3725,2774018.896
Ab,417,265749.4068,2771980.714
Ab,418,269206.8551,2770882.931
Ab,419,267297.0381,2773936.48
Ab,420,264270.7078,2773995.436
Ab,421,270453.8553,2778926.848
Ab,422,263147.3643,2775296.911
Ab,423,271118.5691,2778033.192
Ab,424,267581.9192,2772124.821
Ab,425,267599.4519,2772701.988
Ab,426,271403.6317,2778229.413
Ab,427,269219.6315,2772458.467
Ab,428,267773.2959,2771648.304
Ab,429,269008.7429,2774013.062
Ab,430,269480.8477,2770915.292
Ab,431,268139.7923,2771957.649
Ab,432,268735.2002,2770822.852
Ab,433,264180.7162,2773957.465
Ab,434,268392.304,2771769.047
Ab,435,267416.1713,2771980.319
Ab,436,267621.4379,2772500.6
Ab,437,266342.4498,2772563.449
Ab,438,268298.9634,2771715.252
Ab,439,267919.7735,2773059.881
Ab,440,271058.6285,2779229.485
Ab,441,264845.7956,2773135.355
Ab,442,269225.2835,2771016.205
Ab,443,265429.6539,2776182.628
Ab,444,271464.3531,2777444.011
Ab,445,265066.9508,2773320.936
Ab,446,265846.6104,2772303.927
Ab,447,268603.6143,2771648.575
Ab,448,266342.2905,2772554.151
Ab,449,267798.8864,2772518.504
Ab,450,268272.9848,2770593.109
Ab,451,271803.9586,2779331.736
Ab,452,266610.8338,2773214.533
Ab,453,263870.7698,2773225.335
Ab,454,265112.0674,2773078.558
Ab,455,269602.9295,2771029.061
Ab,456,268872.6631,2774389.915
Ab,457,268879.068,2771813.426
Ab,458,267411.9835,2771463.377
Ab,459,270380.2273,2776706.397
Ab,460,271929.2637,2779643.092
Ab,461,271283.6546,2777503.268
Ab,462,266257.3399,2774248.494
Ab,463,269275.7217,2770627.914
Ab,464,269178.4652,2770843.885
Ab,465,268848.3798,2772502.586
Ab,466,269395.7354,2771075.044
Ab,467,264123.235,2773528.308
Ab,468,265612.0581,2776848.914
Ab,469,269267.2495,2771539.477
Ab,470,268476.1504,2771353.974
Ab,471,267515.1703,2771280.897
Ab,472,269428.4655,2771599.106
Ab,473,267443.6439,2771377.655
Ab,474,266907.4981,2771871.052
Ab,475,264005.5896,2774785.076
Ab,476,264610.4843,2773156.323
Ab,477,262870.5749,2773772.188
Ab,478,264335.2198,2773138.248
Ab,479,269295.1575,2772415.761
Ab,480,267046.3906,2770892.779
Ab,481,268385.5254,2774454.195
Ab,482,268874.0201,2774379.112
Ab,483,270336.0322,2777053.363
Ab,484,265716.3329,2771983.396
Ab,485,265878.8057,2772384.754
Ab,486,268196.7446,2771365.48
Ab,487,263808.9663,2774726.125
Ab,488,271001.3702,2777610.526
Ab,489,268441.4205,2772666.323
Ab,490,268502.9021,2771478.017
Ab,491,269418.6394,2771199.787
Ab,492,267424.4221,2770927.551
Ab,493,269043.8848,2770947.83
Ab,494,267243.9763,2773579.956
Ab,495,266820.6524,2771927.281
Ab,496,268596.8548,2770886.281
Ab,497,264318.581,2774047.241
Ab,498,267901.738,2771773.153
Ab,499,262932.2719,2775017.192
Ab,500,272409.4623,2780279.294
Ab,501,268863.2627,2770652.434
Ab,502,267287.1651,2784028.245
Ab,503,268327.0079,2772641.21
Ab,504,268052.2747,2770977.322
Ab,505,268503.884,2771535.916
Ab,506,267179.9019,2773976.95
Ab,507,267096.2491,2774084.064
Ab,508,268822.137,2770680.185
Ab,509,267427.9194,2771720.555
Ab,510,262631.2916,2773077.533
Ab,511,264201.0627,2772372.214
Ab,512,268731.4492,2772056.254
Ab,513,268796.5309,2772488.035
Ab,514,270850.1822,2777684.723
Ab,515,268961.4594,2771584.598
Ab,516,269468.5561,2770962.846
Ab,517,267040.1655,2772739.216
Ab,518,266277.7444,2772607.888
Ab,519,264788.821,2777419.871
Ab,520,269055.3867,2771582.163
Ab,521,269360.6331,2771596.025
Ab,522,271009.0122,2778705.493
Ab,523,262609.7811,2772947.91
Ab,524,271755.4726,2778643.917
Ab,525,264220.0222,2772533.378
Ab,526,268603.6143,2771648.575
Ab,527,268454.3876,2771751.084
Ab,528,268473.7144,2771301.173
Ab,529,269163.5514,2771647.337
Ab,530,265511.3007,2776318.405
Ab,531,263120.2293,2775286.391
Ab,532,265062.0906,2793995.261
Ab,533,263931.9864,2778846.493
Ab,534,271455.1132,2778865.397
Ab,535,263613.1655,2775425.163
Ab,536,268346.1561,2773813.989
Ab,537,268033.5313,2771778.099
Ab,538,269512.3983,2770913.491
Ab,539,269496.0817,2772045.431
Ab,540,268964.1794,2774564.435
Ab,541,271168.1091,2778003.402
Ab,542,268207.5951,2771959.034
Ab,543,265085.1844,2774200.577
Ab,544,270724.7712,2778146.56
Ab,545,270724.7712,2778146.56
Ab,546,264692.4388,2773531.792
Ab,547,269008.3899,2774719.465
Ab,548,265824.275,2776473.666
Ab,549,268740.071,2771655.986
Ad,1,267558.3171,2772728.687
Ad,2,268325.3316,2772633.207
Ad,3,268751.7192,2772207.039
Ad,4,267314.1118,2770827.761
Ad,5,271756.2685,2777727.207
Ad,6,268135.6271,2771304.375
Ad,7,269569.5241,2770829.671
Ad,8,266815.9701,2771968.79
Ad,9,268414.3605,2773794.23
Ad,10,268654.3687,2772688.709
Ad,11,267314.1118,2770827.761
Ad,12,269592.8984,2771164.928
Ad,13,268037.1807,2773261.223
Ad,14,267793.9825,2772501.889
Ad,15,263439.2716,2774545.677
Ad,16,267651.0312,2772067.419
Ad,17,265808.7939,2774138.667
Ad,18,265505.1537,2774349.976
Ad,19,266656.7035,2771888.654
Ad,20,268141.6164,2771430.25
Ad,21,267533.5993,2770508.446
Ad,22,269546.7871,2771855.4
Ad,23,265579.8848,2774217.427
Ad,24,267286.1266,2770812.808
Ad,25,265715.2381,2772054.225
Ad,26,268143.6853,2771869.441
Ad,27,265579.8811,2774217.216
Ad,28,268455.9606,2771298.938
Ad,29,266716.7019,2773055.249
Ad,30,265250.4615,2772035.156
Ad,31,266738.1797,2771878.807
Ad,32,267206.4226,2771875.462
Ad,33,265927.7352,2772992.036
Ad,34,267467.7286,2770801.893
Ad,35,268037.1807,2773261.223
Ad,36,269225.1922,2771375.321
Ad,37,266429.0089,2772625.801
Ad,38,263176.027,2772912.28
Ad,39,268453.0597,2771309.556
Ad,40,265066.1485,2774213.164
Ad,41,268158.0219,2773981.844
Ad,42,272164.7348,2780144.101
Ad,43,269590.0826,2771636.96
Ad,44,269496.3471,2775614.808
Ad,45,267751.7456,2770789.027
Ad,46,269450.3685,2770798.075
Ad,47,268282.9437,2771316.035
Ad,48,266815.9701,2771968.79
Ad,49,269207.2042,2775819.023
Ad,50,264732.424,2774599.395
Ad,51,267725.3792,2772996.185
Ad,52,267290.0208,2770860.512
Ad,53,269629.5563,2770918.066
Ad,54,269539.7145,2771618.999
Ad,55,265685.5169,2772745.505
Ad,56,268561.375,2772609.543
Ad,57,268160.159,2773971.662
Ad,58,265550.7652,2774673.652
Ad,59,265505.1682,2774350.821
Ad,60,267314.1118,2770827.761
Ad,61,267976.138,2771618.856
Ad,62,268543.907,2771534.18
Ad,63,268876.667,2773444.814
Ad,64,266815.9701,2771968.79
Ad,65,268561.375,2772609.543
Ad,66,267314.1118,2770827.761
Ad,67,267831.9208,2770702.27
Ad,68,267715.9023,2772891.93
Ad,69,267831.9208,2770702.27
Ad,70,269590.0826,2771636.96
Ad,71,263611.2947,2772207.187
Ad,72,268325.3316,2772633.207
Ad,73,265927.7352,2772992.036
Ad,74,267489.9165,2770838.294
Ad,75,266824.2153,2772000.566
Ad,76,268498.6198,2771588.847
Ad,77,269424.3115,2770805.913
Ad,78,266616.6884,2771890.818
Ad,79,266815.9701,2771968.79
Ad,80,267831.9208,2770702.27
Ad,81,267286.1266,2770812.808
Ad,82,267462.0465,2770694.402
Ad,83,269582.5714,2771922.011
Ad,84,267473.0003,2770794.828
Ad,85,267314.1118,2770827.761
Ad,86,269590.0826,2771636.96
Ad,87,269590.0826,2771636.96
Ad,88,265250.4615,2772035.156
Ad,89,267751.319,2771578.926
Ad,90,267088.7674,2772518.348
Ad,91,269117.4326,2771060.936
Ad,92,268339.6616,2771344.876
Ad,93,268004.3162,2771373.399
Ad,94,267573.6955,2772817.624
Ad,95,271886.6073,2780037.161
Ad,96,267793.9825,2772501.889
Ad,97,267307.8469,2770821.738
Ad,98,266692.1129,2771887.415
Ad,99,267433.0252,2770754.292
Ad,100,267489.9165,2770838.294
Ad,101,269082.2097,2772439.021
Ad,102,268450.4567,2773924.455
Ad,103,267290.0208,2770860.512
Ad,104,267314.1118,2770827.761
Ad,105,267412.5554,2772220.076
Ad,106,268961.0884,2771517.178
Ad,107,267831.9208,2770702.27
Ad,108,265572.0951,2774212.277
Ad,109,271379.5444,2777574.368
Ad,110,267527.5321,2770514.045
Ad,111,268561.375,2772609.543
Ad,112,269424.3115,2770805.913
Ad,113,266815.9701,2771968.79
Ad,114,268037.1807,2773261.223
Ad,115,268037.1807,2773261.223
Ad,116,263176.027,2772912.28
Ad,117,268450.4567,2773924.455
Ad,118,267976.138,2771618.856
Ad,119,268160.159,2773971.662
Ad,120,267489.9165,2770838.294
Ad,121,267751.319,2771578.926
Ad,122,267802.7057,2771158.481
Ad,123,265927.7352,2772992.036
Ad,124,269539.7145,2771618.999
Ad,125,271751.6434,2777726.861
Ad,126,266656.7035,2771888.654
Ad,127,265550.7652,2774673.652
Ad,128,267831.9208,2770702.27
Ad,129,267412.5554,2772220.076
Ad,130,267314.1118,2770827.761
Ad,131,269546.7871,2771855.4
Ad,132,265715.2381,2772054.225
Ad,133,267715.9023,2772891.93
Ad,134,267725.3792,2772996.185
Ad,135,267831.9208,2770702.27
Ad,136,268135.6271,2771304.375
Ad,137,269450.3685,2770798.075
Ad,138,268143.6853,2771869.441
Ad,139,267314.1118,2770827.761
Ad,140,265685.5169,2772745.505
Ad,141,268751.7192,2772207.039
Ad,142,267573.6955,2772817.624
Ad,143,265808.7939,2774138.667
Ad,144,267405.1175,2773184.267
Ad,145,268561.375,2772609.543
Ad,146,268141.6164,2771430.25
Ad,147,266816.2616,2772030.928
Ad,148,267314.1118,2770827.761
Ad,149,266824.2153,2772000.566
Ad,150,269233.235,2771486.576
Ad,151,267558.3171,2772728.687
Ad,152,264732.424,2774599.395
Ad,153,267286.1266,2770812.808
Ad,154,266815.9701,2771968.79
Ad,155,267206.4226,2771875.462
Ad,156,269207.2042,2775819.023
Ad,157,264923.0452,2772120.692
Ad,158,267240.999,2770831.544
Ad,159,268135.6271,2771304.375
Ad,160,265579.8848,2774217.427
Ad,161,267794.2167,2774596.361
Ad,162,267313.0111,2771892.879
Ad,163,267314.1118,2770827.761
Ad,164,266815.9701,2771968.79
Ad,165,268654.3687,2772688.709
Ad,166,267290.0208,2770860.512
Ad,167,267473.0003,2770794.828
Ad,168,266692.1129,2771887.415
Ad,169,267314.1118,2770827.761
Ad,170,268453.0597,2771309.556
Ad,171,269590.0826,2771636.96
Ad,172,269117.4326,2771060.936
Ad,173,267088.7674,2772518.348
Ad,174,269590.0826,2771636.96
Ad,175,267751.7456,2770789.027
Ad,176,271497.9237,2778297.369
Ad,177,265505.1537,2774349.976
Ad,178,265541.0438,2772002.259
Ad,179,267467.7286,2770801.893
Ad,180,267651.0312,2772067.419
Ad,181,265927.7352,2772992.036
Ad,182,268498.6198,2771588.847
Ad,183,269629.5563,2770918.066
Ad,184,267577.2708,2775150.893
Ad,185,266809.8191,2772059.574
Ad,186,269222.8368,2771600.468
Ad,187,265250.4615,2772035.156
Ad,188,267527.5321,2770514.045
Ad,189,267863.2085,2771138.006
Ad,190,265831.0496,2774313.514
Ad,191,271886.6073,2780037.161
Ad,192,266652.8005,2772155.896
Ad,193,269592.8984,2771164.928
Ad,194,268532.4364,2771629.914
Ad,195,265572.0951,2774212.277
Ad,196,267715.9023,2772891.93
Ad,197,265066.1485,2774213.164
Ad,198,268876.667,2773444.814
Ad,199,267462.0465,2770694.402
Ad,200,268455.9606,2771298.938
Ad,201,266815.9701,2771968.79
Ad,202,269569.5241,2770829.671
Ad,203,263615.1008,2772204.584
Ad,204,268455.5078,2771453.879
Ad,205,265228.7163,2775514.126
Ad,206,269592.8948,2771164.717
Ad,207,269225.1922,2771375.321
Ad,208,266738.1797,2771878.807
Ad,209,267286.1266,2770812.808
Ad,210,265809.0558,2772584.008
Ad,211,268279.0612,2771314.199
Ad,212,267290.0208,2770860.512
Ad,213,266815.9701,2771968.79
Ad,214,268325.3316,2772633.207
Ad,215,267314.1118,2770827.761
Ad,216,266716.7019,2773055.249
Ad,217,267489.9165,2770838.294
Ad,218,268339.6616,2771344.876
Ad,219,267314.1118,2770827.761
Ad,220,271756.2685,2777727.207
Ad,221,263439.2716,2774545.677
Ad,222,267433.0252,2770754.292
Ad,223,267793.9825,2772501.889
Ad,224,268543.907,2771534.18
Ad,225,267533.5993,2770508.446
Ad,226,267831.9208,2770702.27
Ad,227,267831.9208,2770702.27
Ad,228,268004.3162,2771373.399
Ad,229,266429.0089,2772625.801
Ad,230,265117.0131,2773052.685
Ad,231,265505.1682,2774350.821
Ad,232,269006.5928,2770837.915
Ad,233,266809.8191,2772059.574
Ad,234,268158.0219,2773981.844
Ad,235,268961.0884,2771517.178
Ad,236,265250.4615,2772035.156
Ad,237,263667.2558,2774547.642
Ad,238,268414.3605,2773794.23
Ad,239,265579.8811,2774217.216
Ad,240,269082.2097,2772439.021
Ad,241,272164.7348,2780144.101
Ad,242,267751.7456,2770789.027
Ad,243,269469.7172,2771350.898
Ad,244,269590.0826,2771636.96
Ad,245,269590.0826,2771636.96
Ad,246,269590.0826,2771636.96
Ad,247,262814.1685,2776018.646
Ad,248,268325.3316,2772633.207
Ad,249,268325.3316,2772633.207
Ad,250,268498.6198,2771588.847
Ad,251,269582.5714,2771922.011
Ad,252,266616.6884,2771890.818
Ad,253,269590.0826,2771636.96
Ad,254,269590.0826,2771636.96
Ag,1,267166.8712,2772852.673
Ag,2,263303.043,2774417.199
Ag,3,266390.3369,2772616.317
Ag,4,269354.3807,2771043.615
Ag,5,269255.3441,2771473.097
Ag,6,268077.0396,2774517.989
Ag,7,268744.1117,2770803.255
Ag,8,268721.9602,2771041.631
Ag,9,268286.0961,2772635.775
Ag,10,268890.7011,2773318.6
Ag,11,267985.5542,2771629.053
Ag,12,267957.4982,2771791.017
Ag,13,268712.0351,2772364.97
Ag,14,263654.8427,2774275.814
Ag,15,267787.4544,2774244.543
Ag,16,263097.6553,2772257.736
Ag,17,269483.3793,2771202.075
Ag,18,268190.4893,2772810.934
Ag,19,267566.783,2772728.332
Ag,20,271037.8415,2777581.801
Ag,21,267543.9866,2772384.819
Ag,22,268164.4571,2774179.155
Ag,23,268984.9332,2774289.514
Ag,24,268679.2225,2771519.627
Ag,25,267924.3746,2772062.557
Ag,26,265622.1255,2773583.424
Ag,27,267100.335,2772519.208
Ag,28,265873.0546,2772318.904
Ag,29,267712.5495,2772514.055
Ag,30,265808.4413,2773580.012
Ag,31,272025.5728,2780153.619
Ag,32,268881.8994,2773980.758
Ag,33,265162.6449,2772974.325
Ag,34,263702.3482,2775328.073
Ag,35,262258.0933,2775703.024
Ag,36,266456.1591,2772052.094
Ag,37,265471.2452,2772512.236
Ag,38,266475.9273,2772307.093
Ag,39,267656.7774,2772043.014
Ag,40,268050.4852,2771189.357
Ag,41,268584.6195,2772526.926
Ag,42,269475.9234,2772766.96
Ag,43,266438.4371,2772681.653
Ag,44,269198.5672,2770802.752
Ag,45,269373.4744,2770851.581
Ag,46,265965.3155,2772399.123
Ag,47,268429.3041,2771362.167
Ag,48,266728.9998,2772963.726
Ag,49,269301.1044,2771628.525
Ag,50,269335.9441,2771639.139
Ag,51,269041.1927,2771244.002
Ag,52,270647.6473,2777909.859
Ag,53,267229.5116,2773950.738
Ag,54,267703.1906,2770877.995
Ag,55,269250.3902,2771407.868
Ag,56,264129.7882,2773372.833
Ag,57,269309.4081,2771664.106
Ag,58,269252.7062,2773776.215
Ag,59,270520.0795,2776781.4
Ag,60,267819.7061,2772067.296
Ag,61,269259.8425,2771237.98
Ag,62,269223.8765,2771160.804
Ag,63,267845.5991,2771597.191
Ag,64,271509.5223,2777474.746
Ag,65,268553.7007,2772111.687
Ag,66,266048.8657,2773453.5
Ag,67,265399.3436,2772585.973
Ag,68,262549.909,2776143.101
Ag,69,270865.8861,2778114.592
Ag,70,263594.7888,2775386.799
Ag,71,265731.39,2772411.803
Ag,72,264792.7121,2773183.407
Ag,73,269490.9165,2772788.266
Ag,74,264487.7999,2773410.824
Ag,75,268888.7625,2770884.719
Ag,76,269505.1325,2775405.827
Ag,77,267843.9999,2770733.136
Ag,78,265533.1805,2772754.886
Ag,79,265935.1114,2773691.134
Ag,80,268574.1468,2772136.493
Ag,81,264742.6959,2773319.972
Ag,82,264649.4398,2773539.298
Ag,83,264531.8098,2773461.851
Ag,84,265481.5564,2772619.225
Ag,85,267756.5887,2771435.95
Ag,86,264060.6098,2773336.193
Ag,87,269494.4605,2770717.856
Ag,88,266382.7762,2772219.7
Ag,89,264029.8328,2773293.393
Ag,90,267252.401,2773983.321
Ag,91,267969.4449,2771632.92
Ag,92,271235.7381,2777996.347
Ag,93,267078.252,2774112.484
Ag,94,267055.43,2774128.938
Ag,95,266694.0061,2774114.615
Ag,96,269188.2339,2772059.3
Ag,97,269981.5365,2775939.303
Ag,98,265487.8005,2772086.244
Ag,99,266954.0162,2772926.061
Ag,100,264063.4656,2774079.978
Ag,101,264745.0416,2773009.421
Ag,102,267822.961,2773797.1
Ag,103,269239.6841,2773188.618
Ag,104,267761.236,2774287.687
Ag,105,269422.3631,2775565.542
Ag,106,269019.6299,2775110.097
Ag,107,264831.2346,2772067.105
Ag,108,268440.3003,2770829.752
Ag,109,268926.3927,2773379.715
Ag,110,262810.2242,2776367.068
Ag,111,269888.8962,2775560.193
Ag,112,263823.4796,2774585.942
Ag,113,265467.7608,2774772.735
Ag,114,269047.2525,2771738.714
Ag,115,271661.1473,2778849.045
Ag,116,269598.9522,2771660.483
Ag,117,269469.5108,2772888.816
Ag,118,267971.8864,2771957.755
Ag,119,268374.0189,2771508.527
Ag,120,265660.4127,2772001.266
Ag,121,269187.3758,2771917.486
Ag,122,267779.021,2771622.631
Ag,123,265754.8014,2772429.579
Ag,124,270291.1009,2776991.344
Ag,125,269474.5959,2770727.492
Ag,126,270914.1989,2779063.878
Ag,127,265915.5386,2775825.08
Ag,128,264742.5736,2774696.664
Ag,129,270837.4462,2779123.085
Ag,130,269400.8899,2772337.459
Ag,131,264077.7659,2776463.006
Ag,132,268547.154,2771316.837
Ag,133,262667.3331,2773157.019
Ag,134,268958.9688,2773393.325
Ag,135,266388.522,2772600.284
Ag,136,266344.2311,2772712.436
Ag,137,265149.7652,2774417.815
Ag,138,269364.3123,2770856.386
Ag,139,269244.2347,2770633.519
Ag,140,263042.1712,2775358.771
Ag,141,267865.7679,2772918.548
Ag,142,270165.3275,2775742.8
Ag,143,268864.1751,2771661.704
Ag,144,269073.4795,2771376.83
Ag,145,268767.32,2770627.214
Ag,146,267077.4653,2772893.938
Ag,147,262171.8288,2775084.13
Ag,148,269104.1716,2772507.978
Ag,149,268360.8535,2773183.011
Ag,150,268110.2564,2772032.553
Ag,151,269550.6727,2771857.448
Ag,152,262333.9054,2776605.774
Ag,153,262339.2736,2775721.689
Ag,154,264230.2365,2778731.406
Ag,155,269010.4895,2773024.882
Ag,156,267642.6874,2771939.259
Ag,157,270718.0105,2777699.419
Ag,158,269068.6999,2774461.207
Ag,159,267731.1244,2773831.003
Ag,160,269594.0477,2770685.316
Ag,161,267975.0092,2771461.827
Ag,162,269364.532,2774149.925
Ag,163,264342.803,2772462.559
Ag,164,268948.1517,2774118.505
Ag,165,267478.5455,2770713.356
Ag,166,267580.8269,2772422.45
Ag,167,266873.8287,2772424.999
Ag,168,263825.1414,2773436.867
Ag,169,269206.297,2772398.664
Ag,170,263488.3229,2772755.727
Ag,171,265580.4119,2772410.803
Ag,172,267914.9276,2771824.08
Ag,173,264351.3811,2774118.12
Ag,174,262680.9643,2773143.676
Ag,175,265116.9995,2773409.697
Ag,176,266213.006,2772065.98
Ag,177,264181.4739,2774179.397
Ag,178,264477.6444,2772554.927
Ag,179,264764.9997,2772067.401
Ag,180,267056.1999,2774128.925
Ag,181,263840.9907,2774796.593
Ag,182,265859.1933,2773081.989
Ag,183,267373.2087,2771176.784
Ag,184,269066.6595,2773658.672
Ag,185,268731.0019,2772575.173
Ag,186,268289.0826,2772630.229
Ag,187,269424.9809,2772942.622
Ag,188,271552.9854,2777495.576
Ag,189,267898.762,2772549.145
Ag,190,271515.492,2777417.577
Ag,191,268943.2873,2773467.781
Ag,192,263352.6427,2772792.957
Ag,193,271066.9172,2779493.344
Ag,194,267254.1785,2773906.986
Ag,195,270938.5481,2779046.981
Ag,196,265864.6214,2772186.517
Ag,197,262368.768,2776529.703
Ag,198,267962.1148,2774959.597
Ag,199,267665.8084,2772663.868
Ag,200,266160.6763,2772922.515
Ag,201,267747.2762,2772110.803
Ag,202,269498.5445,2772647.154
Ag,203,263606.9557,2775377.922
Ag,204,263937.5248,2776812.518
Ag,205,269277.4697,2771187.165
Ag,206,267677.9417,2771974.169
Ag,207,266807.9624,2773528.009
Ag,208,268156.0953,2771693.159
Ag,209,269151.5079,2774712.813
Ag,210,270704.1582,2778613.819
Ag,211,269306.1751,2772201.882
Ag,212,269616.582,2771427.259
Ag,213,269362.4834,2774802.667
Ag,214,264308.172,2773890.58
Ag,215,269430.1756,2771381.157
Ag,216,267262.3251,2771314.375
Ag,217,265926.6719,2772166.852
Ag,218,266931.6209,2771885.436
Ag,219,269406.2375,2770647.903
Ag,220,267619.034,2770594.922
Ag,221,269027.2741,2771650.488
Ag,222,267133.5605,2771216.381
Ag,223,267216.7574,2772029.798
Ag,224,268144.1753,2771172.758
Ag,225,269202.4425,2770804.166
Ag,226,269091.4507,2770799.913
Ag,227,268303.5577,2773890.384
Ag,228,268063.8841,2772385.695
Ag,229,270243.8203,2776835.729
Ag,230,268752.7746,2773677.73
Ag,231,265564.7837,2774055.774
Ag,232,264614.6007,2775357.521
Ag,233,271220.3336,2777354.473
Ag,234,270959.1616,2779219.745
Ag,235,267110.5784,2773885.975
Ag,236,268473.8294,2771625.835
Ag,237,268349.8243,2771898.281
Ag,238,268995.7288,2774563.055
Ag,239,267309.2593,2773750.053
Ag,240,269113.4254,2772508.667
Ag,241,269247.7258,2774755.995
Ag,242,265615.6756,2772042.406
Ag,243,264578.1028,2777344.88
Ag,244,269203.1167,2771527.457
Ag,245,268639.4847,2775351.8
Ag,246,265788.6003,2772603.805
Ag,247,268995.3564,2774541.079
Ag,248,267862.2967,2775021.749
Ag,249,267560.8115,2771111.446
Ag,250,268403.8885,2774220.531
Ag,251,266773.3288,2773259.101
Ag,252,268708.1674,2772363.979
Ag,253,265618.138,2773530.649
Ag,254,263651.6093,2774266.992
Ag,255,267463.9716,2771530.975
Ag,256,269560.8395,2770817.135
Ag,257,269549.0563,2771168.627
Ag,258,267544.6694,2771565.745
Ag,259,267138.6889,2773998.791
Ag,260,265917.3949,2772883.145
Ag,261,269359.0051,2771636.424
Ag,262,268762.1658,2772232.649
Ag,263,269520.2558,2770922.659
Ag,264,269536.9397,2770861.503
Ag,265,266932.7593,2774115.816
Ag,266,266409.3629,2772917.832
Ag,267,269650.9251,2770860.636
Ag,268,268004.8203,2771584.338
Ag,269,268533.4498,2773777.835
Ag,270,269214.7345,2772396.619
Ag,271,268944.1054,2774106.949
Ag,272,266414.178,2772929.164
Ag,273,265929.9398,2773120.513
Ag,274,269595.531,2770773.219
Ag,275,265615.7119,2773703.172
Ag,276,268720.4773,2773862.169
Ag,277,264613.626,2772445.625
Ag,278,269226.5739,2772504.639
Ag,279,265753.6869,2774830.808
Ag,280,263654.8434,2775208.623
Ag,281,268185.8781,2771678.069
Ag,282,270292.7599,2778869.115
Ag,283,262357.4529,2776234.18
Ag,284,268913.8209,2775046.155
Ag,285,262262.2044,2776644.651
Ag,286,263821.3901,2772152.396
Ag,287,267552.639,2773841.654
Ag,288,265619.202,2773637.374
Ag,289,268018.3152,2771879.815
Ag,290,265524.364,2772197.01
Ag,291,263509.5683,2774469.419
Ag,292,263298.1005,2776349.493
Ag,293,262809.2292,2778078.202
Ag,294,268356.4529,2773195.979
Ag,295,267953.4559,2772866.75
Ag,296,267344.6461,2772076.867
Ag,297,265094.9268,2774587.226
Ag,298,263539.4293,2773038.087
Ag,299,264465.3301,2777412.992
Ag,300,267700.114,2770878.258
Ag,301,268065.2589,2772375.949
Ag,302,265093.3092,2774225.168
Ag,303,266216.5608,2772543.2
Ag,304,266310.5996,2772592.529
Ag,305,264029.7046,2775288.37
Ag,306,264467.5963,2773757.195
Ag,307,267457.5038,2773862.722
Ag,308,269019.2381,2772586.354
Ag,309,265919.8062,2772889.022
Ag,310,269811.2966,2776026.092
Ag,311,267753.9248,2772184.67
Ag,312,263605.3444,2773863.852
Ag,313,262955.5478,2776399.416
Ag,314,266808.3423,2772153.448
Ag,315,270902.7108,2777512.209
Ag,316,268687.0981,2773210.871
Ag,317,269185.4066,2775304.919
Ag,318,266651.3256,2774005.642
Ag,319,263985.5216,2774026.157
Ag,320,269555.6712,2770967.294
Ag,321,264952.3242,2773685.842
Ag,322,263670.4601,2774288.226
Ag,323,265397.8956,2773397.465
Ag,324,264136.208,2773565.92
Ag,325,269421.2292,2770897.064
Ag,326,268847.6708,2770686.939
Ag,327,267287.7288,2772984.621
Ag,328,264369.0958,2774118.236
Ag,329,267628.2121,2771948.595
Ag,330,269917.4751,2777252.14
Ag,331,263776.1026,2772339.403
Ag,332,268957.0632,2772462.276
Ag,333,268731.3551,2771005.117
Ag,334,263603.1466,2773737.064
Ag,335,264917.0572,2773829.128
Ag,336,265621.4038,2772017.155
Ag,337,263586.8006,2773860.369
Ag,338,263258.1399,2774359.215
Ag,339,268970.0768,2774548.905
Ag,340,262452.8467,2776670.706
Ag,341,265466.5817,2772464.968
Ag,342,267335.0528,2771468.915
Ag,343,270906.8675,2777850.75
Ag,344,266866.422,2774289.641
Ag,345,268024.2575,2771594.999
Ag,346,268109.1984,2773510.895
Ag,347,265335.3126,2773341.047
Ag,348,265628.7677,2773880.29
Ag,349,264165.298,2773600.294
Ag,350,272438.1697,2780246.897
Ag,351,267637.6047,2771504.979
Ag,352,268583.5317,2774187.677
Ag,353,271299.4407,2778763.597
Ag,354,267951.496,2772615.675
Ag,355,266710.4595,2773005.472
Ag,356,269111.7711,2772501.931
Ag,357,269510.246,2772747.145
Ag,358,268516.0631,2772662.52
Ag,359,267716.3035,2771693.873
Ag,360,268532.601,2773773.2
Ag,361,267038.3081,2772720.647
Ag,362,267046.6038,2772845.638
Ag,363,268936.369,2772604.667
Ag,364,267786.0482,2771628.218
Ag,365,271530.6278,2778594.636
Ag,366,269107.165,2771546.834
Ag,367,271816.7524,2777707.17
Ag,368,269193.3915,2772045.474
Ag,369,265456.1507,2772485.44
Ag,370,269183.693,2771471.984
Ag,371,262351.2946,2776234.287
Ag,372,267319.5068,2773267.317
Ag,373,263966.3877,2773588.093
Ag,374,269127.5889,2775346.481
Ag,375,264116.8967,2773384.47
Ag,376,265469.9307,2772659.798
Ag,377,265151.8547,2772973.876
Ag,378,265135.1049,2772985.156
Ag,379,264918.9966,2772601.005
Ag,380,268763.8884,2772243.4
Ag,381,267203.919,2770915.668
Ag,382,269515.7827,2771022.711
Ag,383,267438.8197,2771501.389
Ag,384,265471.1269,2773849.181
Ag,385,265840.2838,2772563.603
Ag,386,268571.2926,2772149.858
Ag,387,263180.0533,2774252.98
Ag,388,262329.114,2775933.88
Ag,389,263508.8318,2775802.803
Ag,390,262577.4303,2777059.375
Ag,391,265655.9466,2773848.54
Ag,392,268607.0509,2772714.242
Ag,393,265172.7258,2772933.567
Ag,394,264695.5842,2772910.505
Ag,395,264686.7703,2772979.988
Ag,396,263795.7027,2773604.788
Ag,397,269266.2249,2771159.877
Ag,398,265663.4235,2772490.544
Ag,399,268759.6479,2770629.035
Ag,400,267728.9007,2774197.77
Ag,401,269139.5905,2771095.86
Ag,402,267746.3723,2770835.409
Ag,403,264887.0168,2774096.825
Ag,404,265925.5922,2773271.086
Ag,405,265661.4812,2773856.9
Ag,406,269556.8582,2770946.348
Ag,407,269218.6802,2770990.107
Ag,408,269439.2887,2770826.162
Ag,409,271244.7994,2778627.127
Ag,410,267522.7468,2772313.526
Ag,411,267124.9371,2772922.719
Ag,412,268437.9251,2771824.92
Ag,413,267133.0723,2773985.57
Ag,414,267212.2417,2773841.331
Ag,415,266097.568,2772700.598
Ag,416,262901.4692,2776698.824
Ag,417,265488.0794,2772685.062
Ag,418,269425.0609,2774951.258
Ag,419,267345.6091,2772494.731
Ag,420,264750.6376,2773423.198
Ag,421,267966.224,2771171.554
Ag,422,265591.6552,2772572.099
Ag,423,269353.1155,2774704.117
Ag,424,268481.55,2771808.538
Ag,425,271049.873,2778251.422
Ag,426,269161.0819,2771136.924
Ag,427,267356.0787,2775635.961
Ag,428,269104.5846,2770893.327
Ag,429,268342.4705,2770602.499
Ag,430,265136.1441,2773000.78
Ag,431,262800.4679,2772619.282
Ag,432,269438.8029,2771390.312
Ag,433,263577.9004,2775434.229
Ag,434,263793.3631,2774758.947
Ag,435,268034.412,2771693.959
Ag,436,267990.3609,2771413.374
Ag,437,269004.4513,2774532.47
Ag,438,267715.7201,2774780.112
Ag,439,268725.408,2773199.23
Ag,440,266221.5411,2772069.639
Ag,441,268092.4893,2772709.24
Ag,442,265464.6778,2774772.576
Ag,443,269473.9113,2771644.84
Ag,444,271815.9438,2777704.858
Ag,445,268530.6408,2770888.038
Ag,446,264956.9211,2773595.083
Ag,447,269614.1842,2771011.327
Ag,448,268174.5696,2771420.39
Ag,449,263177.5547,2776546.479
Ag,450,270309.6103,2777860.391
Ag,451,265623.7162,2773586.356
Ag,452,262490.7235,2776723.314
Ag,453,262263.7919,2776647.371
Ag,454,266258.9802,2773939.861
Ag,455,263850.3899,2776449.824
Ag,456,267426.0605,2772876.788
Ag,457,263591.6215,2775381.781
Ag,458,268785.4306,2773378.088
Ag,459,269635.4849,2770858.572
Ag,460,269108.8475,2771464.161
Ag,461,270304.4144,2778875.471
Ag,462,265487.5811,2773372.883
Ag,463,265154.7178,2774213.541
Ag,464,266512.9436,2771994.686
Ag,465,266488.6976,2771973.118
Ag,466,267132.78,2771576.993
Ag,467,267742.6144,2773691.726
Ag,468,270996.6417,2778702.319
Ag,469,263449.8114,2774531.755
Ag,470,263582.1739,2773860.026
Ag,471,262648.7579,2777396.762
Ag,472,262384.2911,2776448.474
Ag,473,266726.4874,2772996.955
Ag,474,267023.7567,2773762.537
Ag,475,267540.0881,2772155.971
Ag,476,267715.7019,2772337.296
Ag,477,263190.1711,2774214.756
Ag,478,269234.7832,2770621.208
Ag,479,264523.1147,2774296.302
Ag,480,269415.8306,2771990.985
Ag,481,267921.202,2773732.228
Ag,482,269434.1686,2772893.852
Ag,483,264614.5424,2775354.14
Ag,484,265640.9743,2776560.523
Ag,485,262828.7464,2777032.802
Ag,486,262333.0729,2776602.195
Ag,487,262650.2678,2777395.045
Ag,488,262240.2225,2775517.322
Ag,489,267226.2657,2773850.814
Ag,490,267456.7648,2772464.09
Ag,491,269102.517,2773775.163
Ag,492,263824.1555,2773424.413
Ag,493,265564.845,2771997.834
Ag,494,265573.1104,2772120.289
Ag,495,268083.7516,2771016.525
Ag,496,267934.9981,2771826.698
Ag,497,264144.195,2775140.538
Ag,498,268597.6871,2774068.858
Ag,499,264697.5061,2776055.957
Ag,500,267967.8843,2774212.725
Ag,501,268239.5182,2772704.839
Ag,502,267778.4754,2770594.323
Ag,503,263817.3432,2774720.695
Ag,504,267041.7233,2773822.471
Ag,505,266908.1688,2771684.822
Ag,506,267084.3257,2773250.616
Ag,507,269444.2136,2771345.833
Ag,508,267353.6205,2773912.687
Ag,509,269230.193,2772991.783
Ag,510,267935.4672,2771627.791
Ag,511,264979.8384,2774075.778
Ag,512,269242.7898,2774873.811
Ag,513,268815.608,2774930.721
Ag,514,264788.4614,2773472.853
Ag,515,265611.4377,2773857.76
Ag,516,271692.301,2778687.038
Ag,517,272341.1622,2779923.651
Ag,518,269100.5362,2772384.178
Ag,519,264596.3145,2772424.363
Ag,520,269300.5516,2771504.673
Ag,521,268035.2707,2772605.373
Ag,522,268726.6681,2772319.489
Ag,523,268641.5326,2772567.601
Ag,524,269143.9649,2771536.7
Ag,525,269057.6985,2770762.649
Ag,526,268363.5444,2771889.804
Ag,527,268723.4631,2771903.146
Ag,528,267253.3007,2772546.612
Ag,529,268312.1218,2771855.167
Ag,530,269195.0058,2771776.586
Ag,531,266700.7431,2772977.737
Ag,532,268315.1589,2773077.257
Ag,533,269531.3134,2771167.025
Ag,534,269310.2797,2771487.81
Ag,535,269656.0445,2770935.797
Ag,536,269221.9257,2773595.592
Ag,537,269235.5217,2773625.377
Ag,538,267087.2078,2772562.34
Ag,539,268563.8412,2772754.924
Ag,540,271154.0744,2777992.858
Ag,541,267954.7851,2772582.645
Ag,542,269535.4349,2770817.987
Ag,543,269293.0406,2772336.111
Ag,544,268745.5307,2772250.897
Ag,545,263499.4173,2775704.041
Ag,546,262743.2717,2773139.21
Ag,547,265295.7359,2772070.099
Ag,548,268305.9121,2770990.136
Ag,549,263021.9477,2776055.616
Ag,550,267355.9187,2772060.399
Ag,551,271245.6079,2777759.027
Ag,552,269010.7985,2770813.325
Ag,553,269001.9547,2773839.643
Ag,554,269017.6017,2774035.952
Ag,555,263185.5884,2772797.547
Ag,556,264778.4635,2777622.549
Ag,557,265536.7802,2772560.994
Ag,558,269029.1374,2770895.66
Ag,559,269478.8179,2772892.675
Ag,560,265523.3072,2772180.329
Ag,561,269524.7381,2772374.047
Ag,562,268016.9204,2771389.883
Ag,563,267453.3771,2771361.214
Ag,564,267757.4555,2773839.644
Ag,565,268573.0571,2774160.377
Ag,566,263191.6833,2775631.598
Ag,567,268036.7184,2771693.708
Ag,568,267944.7254,2771628.69
Ag,569,264235.6093,2778730.467
Ag,570,267362.2731,2775637.969
Ag,571,267460.7152,2771520.674
Ag,572,263597.2201,2773617.316
Ag,573,269409.6092,2772898.917
Ag,574,269307.4427,2771137.621
Ag,575,264973.0005,2773232.086
Ag,576,269588.5845,2771867.588
Ag,577,265641.0143,2776562.847
Ag,578,263822.2542,2775315.215
Ag,579,267808.0952,2774552.159
Ag,580,269432.6294,2771435.226
Ag,581,266656.4605,2771964.541
Ag,582,268360.8535,2773183.011
Ag,583,268990.0672,2771773.078
Ag,584,269636.5529,2771469.618
Ag,585,269169.6113,2772051.16
Ag,586,264620.3222,2773458.632
Ag,587,265487.673,2772213.282
Ag,588,265296.5004,2772517.566
Ag,589,264496.1686,2774252.167
Ag,590,268608.8026,2773226.15
Ag,591,264455.6004,2774043.606
Ag,592,263665.1039,2772912.465
Ag,593,268043.617,2774409.279
Ag,594,268394.0816,2771828.412
Ag,595,269424.3708,2772222.923
Ag,596,269107.1788,2771456.58
Ag,597,269302.8096,2770635.489
Ag,598,267536.6099,2771725.679
Ag,599,269074.575,2773307.454
Ag,600,268767.32,2770627.214
Ag,601,268152.3565,2771699.775
Ag,602,268152.3565,2771699.775
Ag,603,267866.9514,2770587.957
Ag,604,266121.608,2772530.453
Ag,605,269029.8781,2771258.144
Ag,606,267285.7262,2774085.902
Ag,607,265493.6219,2774216.797
Ag,608,267327.3114,2771376.255
Ag,609,263581.8785,2774997.665
Ag,610,264462.8611,2773973.515
Ag,611,269538.8687,2771796.985
Ag,612,262907.5192,2775010.858
Ag,613,267568.3405,2772684.129
Ag,614,268453.4163,2770831.009
Ag,615,264962.3035,2772298.204
Ag,616,267683.8924,2770875.575
Ag,617,268928.5167,2775504.155
Ag,618,265421.2063,2774752.398
Ag,619,265127.2489,2772976.202
Ag,620,268288.336,2773583.733
Ag,621,271065.5173,2778037.255
Ag,622,269030.801,2774815.047
Ag,623,265832.741,2772258.72
Ag,624,265554.3223,2773626.441
Ag,625,269433.8911,2770825.831
Ag,626,268234.6831,2771694.573
Ag,627,266181.7692,2772939.909
Ag,628,267683.6071,2770949.348
Ag,629,268940.5891,2774035.777
Ag,630,266412.8644,2771907.622
Ag,631,269200.7774,2770796.796
Ag,632,267135.09,2771576.954
Ag,633,268267.1173,2771835.64
Ag,634,269192.5223,2771538.627
Ag,635,269187.1715,2771449.943
Ag,636,269028.1478,2771656.603
Ag,637,269394.746,2771153.267
Ag,638,267614.8847,2772025.338
Ag,639,268932.1708,2773857.101
Ag,640,266246.8902,2773953.385
Ag,641,265094.7907,2774221.76
Ag,642,267950.0213,2771396.516
Ag,643,264221.0896,2772684.282
Ag,644,269127.8203,2773950.594
Ag,645,265658.0089,2772444.347
Ag,646,265610.625,2772555.498
Ag,647,262044.4774,2775508.69
Ag,648,269687.2996,2770779.492
Ag,649,267049.4007,2772648.591
Ag,650,268253.9656,2771696.147
Ag,651,268070.7205,2772380.083
Ag,652,267962.2058,2773607.455
Ag,653,263184.8,2773772.435
Ag,654,269558.8322,2772066.987
Ag,655,270766.2453,2777729.255
Ag,656,269843.6937,2776257.416
Ag,657,267963.1271,2772665.572
Ag,658,267358.5036,2771534.252
Ag,659,264795.7372,2773180.184
Ag,660,264244.8077,2772541.404
Ag,661,264409.8921,2776656.164
Ag,662,268848.9044,2772260.771
Ag,663,262189.8706,2775500.233
Ag,664,262239.7233,2775621.118
Ag,665,265529.6453,2772145.767
Ag,666,264719.5437,2772200.716
Ag,667,270624.8137,2778245.262
Ag,668,264861.1866,2773536.703
Ag,669,264075.9,2773240.598
Ag,670,265407.901,2775545.283
Ag,671,265541.5238,2776284.91
Ag,672,263578.0259,2774908.742
Ag,673,269577.3597,2770746.26
Ag,674,267317.4339,2771564.967
Ag,675,268177.408,2771678.213
Ag,676,268764.7479,2772248.669
Ag,677,265401.9234,2773407.753
Ag,678,269844.6687,2775540.226
Ag,679,267912.4736,2771000.201
Ag,680,267442.4385,2772301.367
Ag,681,269190.4515,2772463.611
Ag,682,268113.7736,2771332.858
Ag,683,270356.0089,2777416.157
Ag,684,269057.6894,2774447.654
Ag,685,269614.7474,2770999.059
Ag,686,267063.451,2773245.9
Ag,687,263901.2137,2777338.421
Ag,688,268642.5065,2775348.367
Ag,689,267753.1886,2771688.807
Ag,690,268817.3996,2770809.834
Ag,691,268754.447,2773685.522
Ag,692,263665.0344,2772908.45
Ag,693,266866.9288,2772381.786
Ag,694,264239.3541,2772359.504
Ag,695,268980.6999,2771128.562
Ag,696,269578.6465,2770685.575
Ag,697,268213.1592,2770744.408
Ag,698,269068.3921,2774443.034
Ag,699,266523.9267,2774076.308
Ag,700,269327.1448,2770616.9
Ag,701,265740.1964,2773821.516
Ag,702,268047.2447,2771542.611
Ag,703,267246.5005,2772870.338
Ag,704,266719.7045,2772329.979
Ag,705,266677.8444,2772224.163
Ag,706,269233.9686,2771256.595
Ag,707,269705.4623,2775549.975
Ag,708,267865.1861,2772522.238
Ag,709,266920.6539,2772100.166
Ag,710,268989.4267,2771598.709
Ag,711,268569.1557,2773340.539
Ag,712,268263.8172,2771278.314
Ag,713,268539.2328,2770713.301
Ag,714,268342.5166,2771830.766
Ag,715,266007.8891,2772411.498
Ag,716,263025.5167,2772228.55
Ag,717,267218.288,2773969.953
Ag,718,269045.2607,2771757.559
Ag,719,267139.7005,2771260.241
Ag,720,269287.3866,2771728.311
Ag,721,269410.6072,2772456.718
Ag,722,261049.8134,2775391.444
Ag,723,269189.7622,2771329.842
Ag,724,268890.8808,2772601.844
Ag,725,267495.2819,2772509.724
Ag,726,267880.6857,2773161.582
Ag,727,266000.4936,2772339.546
Ag,728,265950.4068,2772383.103
Ag,729,264959.1389,2772651.044
Ag,730,268088.5726,2771209.635
Ag,731,264098.7721,2773761.456
Ag,732,269475.5972,2772291.809
Ag,733,269246.6142,2774280.856
Ag,734,268010.1974,2771220.901
Ag,735,270217.6511,2776334.171
Ag,736,269253.4632,2771407.394
Ag,737,269273.9409,2771434.103
Ag,738,269663.6702,2770885.574
Ag,739,263514.88,2774642.445
Ag,740,269662.9288,2770750.311
Ag,741,267349.5628,2774577.521
Ag,742,270465.5323,2778204.194
Ag,743,271658.1558,2777339.726
Ag,744,263303.0761,2774419.101
Ag,745,269134.1221,2771364.601
Ag,746,269539.8956,2771812.186
Ag,747,269068.6442,2771273.13
Ag,748,269287.9387,2771715.409
Ag,749,265461.6839,2774867.112
Ag,750,268558.2495,2772152.827
Ag,751,268342.1028,2771897.143
Ag,752,269502.2729,2772639.905
Ag,753,269484.4902,2772544.667
Ag,754,266197.3889,2772592.989
Ag,755,268582.9021,2773288.309
Ag,756,265869.3462,2773493.994
Ag,757,267727.5603,2771540.649
Ag,758,269308.4324,2771697.519
Ag,759,264722.1845,2773157.778
Ag,760,264726.3956,2773535.857
Ag,761,262310.4957,2775970.14
Ag,762,263299.0731,2774454.682
Ag,763,262650.1904,2773189.869
Ag,764,264726.793,2772397.805
Ag,765,269080.5274,2775159.371
Ag,766,268657.4079,2772549.999
Ag,767,268779.0228,2773681.512
Ag,768,268059.7419,2770963.456
Ag,769,268547.0373,2770628.41
Ag,770,265493.5383,2772733.796
Ag,771,271093.0182,2778024.533
Ag,772,267776.915,2771453.57
Ag,773,267478.4016,2770659.67
Ag,774,271222.3494,2778619.683
Ag,775,265563.2597,2773608.744
Ag,776,270942.4672,2779051.143
Ag,777,267506.7502,2771962.289
Ag,778,268437.6539,2771445.727
Ag,779,269301.7745,2774628.047
Ag,780,263557.4657,2774433.71
Ag,781,268005.6297,2772990.994
Ag,782,269569.6047,2771518.94
Ag,783,264476.5409,2774052.122
Ag,784,266238.403,2773323.426
Ag,785,267940.9175,2772854.069
Ag,786,268110.6607,2772645.52
Ag,787,270607.935,2777060.617
Ag,788,267821.2182,2771567.591
Ag,789,268221.104,2773207.579
Ag,790,267517.6715,2772738.892
Ag,791,271187.3714,2778004.347
Ag,792,267560.6983,2770697.584
Ag,793,269143.8307,2771483.226
Ag,794,269357.1806,2771254.935
Ag,795,268270.7176,2773815.905
Ag,796,267793.1124,2772088.675
Ag,797,269595.601,2771644.476
Ag,798,268195.6237,2770891.185
Ag,799,268902.9457,2773086.732
Ag,800,268913.1084,2772686.438
Ag,801,268192.8582,2774083.133
Ag,802,268909.7877,2773354.21
Ag,803,265810.1447,2773140.959
Ag,804,271499.414,2777422.92
Ag,805,268168.4983,2771607.133
Ag,806,267779.3185,2773902.472
Ag,807,267768.9361,2773971.133
Ag,808,268604.9767,2774316.883
Ag,809,269485.2934,2775052.33
Ag,810,269369.959,2774561.792
Ag,811,268041.8891,2771182.105
Ag,812,265483.6302,2772426.205
Ag,813,267755.0924,2771664.889
Ag,814,266351.1975,2774063.202
Ag,815,264191.8138,2774153.853
Ag,816,269213.5669,2772965.009
Ag,817,268974.9258,2773971.573
Ag,818,269451.5803,2771234.74
Ag,819,270630.7713,2778233.325
Ag,820,266999.7409,2774204.927
Ag,821,269458.2166,2775591.145
Ag,822,267509.9149,2772509.686
Ag,823,267898.9729,2771248.156
Ag,824,271305.9116,2778690.567
Ag,825,264864.4749,2774620.58
Ag,826,268056.4195,2774482.83
Ag,827,269330.8571,2774753.954
Ag,828,264453.7736,2773536.546
Ag,829,269089.0498,2774025.864
Ag,830,268504.2201,2774052.056
Ag,831,268501.3674,2774201.543
Ag,832,263635.4112,2775109.401
Ag,833,269670.7969,2770760.113
Ag,834,264174.2232,2774160.921
Ag,835,268720.4939,2772046.082
Ag,836,265555.0227,2772770.998
Ag,837,269330.2358,2774262.108
Ag,838,268701.9857,2771772.039
Ag,839,265922.487,2773269.66
Ag,840,263921.7966,2774660.123
Ag,841,264193.5487,2773942.447
Ag,842,268153.2256,2771161.401
Ag,843,268549.247,2773256.54
Ag,844,262806.8358,2775376.182
Ag,845,263046.728,2775266.531
Ag,846,264960.8965,2772261.238
Ag,847,268699.4405,2771394.576
Ag,848,269526.0009,2771399.83
Ag,849,268838.0258,2771482.061
Ag,850,271118.8566,2777500.753
Ag,851,268998.572,2774412.723
Ag,852,265472.2406,2772122.022
Ag,853,264077.3331,2776215.702
Ag,854,267870.03,2773531.028
Ag,855,265754.5293,2772413.731
Ag,856,265344.4536,2773111.337
Ag,857,269247.6475,2771473.439
Ag,858,269036.7047,2770705.511
Ag,859,262394.565,2776287.011
Ag,860,271080.0357,2778305.448
Ag,861,261837.6349,2774027.357
Ag,862,263444.6906,2774724.832
Ag,863,269441.2991,2770808.374
Ag,864,269414.1991,2771757.662
Ag,865,269317.7443,2770653.203
Ag,866,269301.1909,2772180.406
Ag,867,264532.7943,2774143.31
Ag,868,268273.786,2771956.219
Ag,869,269662.319,2770896.799
Ag,870,266909.3171,2772698.965
Ag,871,269091.4302,2771163.044
Ag,872,269339.7835,2771638.44
Ag,873,268707.8493,2771527.174
Ag,874,269377.818,2771245.498
Ag,875,268996.4225,2771147.319
Ag,876,269076.8201,2771756.391
Ag,877,267753.7753,2771678.017
Ag,878,262365.5821,2776523.628
Ag,879,265113.8943,2773408.271
Ag,880,268911.4362,2775041.756
Ag,881,269529.4329,2772378.406
Ag,882,268539.283,2770716.259
Ag,883,268707.7526,2771521.468
Ag,884,270819.7292,2779259.505
Ag,885,269054.3646,2775205.893
Ag,886,264121.2107,2773277.65
Ag,887,271064.1256,2777267.69
Ag,888,269609.0722,2771073.556
Ag,889,267300.866,2774025.403
Ag,890,269031.1376,2774834.91
Ag,891,268992.1769,2775534.782
Ag,892,267983.9208,2771623.585
Ag,893,263343.1147,2774551.785
Ag,894,267015.7571,2773790.152
Ag,895,267689.1973,2773358.88
Ag,896,267874.2978,2775093.411
Ag,897,265758.4966,2774259.169
Ag,898,264973.5563,2777729.307
Ag,899,269075.5852,2771273.646
Ag,900,271721.6934,2777777.246
Ag,901,262590.2984,2777046.68
Ag,902,262055.0044,2776287.865
Ag,903,264551.8372,2774086.544
Ag,904,263470.792,2775740.684
Ag,905,267769.8788,2770587.072
Ag,906,268497.6308,2772665.581
Ag,907,269142.907,2773022.006
Ag,908,263448.015,2772607.617
Ag,909,267960.867,2771626.725
Ag,910,267317.848,2773260.37
Ag,911,266697.5195,2772338.814
Ag,912,263534.8377,2774017.055
Ag,913,263452.9496,2774535.082
Ag,914,263908.4684,2774735.393
Ag,915,262911.1823,2776991.416
Ag,916,263003.5432,2777122.131
Ag,917,262395.9195,2772697.133
Ag,918,264530.3024,2776004.944
Ag,919,266374.0493,2772879.544
Ag,920,267593.4092,2772437.666
Ag,921,267160.351,2771251.645
Ag,922,267786.7188,2773025.367
Ag,923,267248.5498,2772719.595
Ag,924,267051.3817,2772539.067
Ag,925,265547.6595,2775298.952
Ag,926,266816.7581,2772781.08
Ag,927,269511.3933,2771492.656
Ag,928,264939.9072,2773680.349
Ag,929,267734.8797,2774187.1
Ag,930,268007.0166,2771894.803
Ag,931,264212.1668,2776843.272
Ag,932,263419.5177,2775625.95
Ag,933,263693.6158,2772868.85
Ag,934,268095.2193,2773141.657
Ag,935,267821.6263,2772451.747
Ag,936,268414.9821,2771607.598
Ag,937,270272.0896,2776914.093
Ag,938,265912.3294,2772049.152
Ag,939,268046.1826,2773835.787
Ag,940,262136.9856,2775823.299
Ag,941,269225.1096,2773055.491
Ag,942,268885.1897,2770810.166
Ag,943,264587.4384,2774052.109
Ag,944,262558.8884,2776393.218
Ag,945,266209.4006,2772574.817
Ag,946,264921.2956,2772600.331
Ag,947,268432.32,2771812.333
Ag,948,263513.0096,2773957.402
Ag,949,262443.7598,2776591.175
Ag,950,265666.2123,2777177.093
Ag,951,267374.6929,2773838.77
Ag,952,265649.3088,2772565.613
Ag,953,263444.7133,2773083.484
Ag,954,269158.1947,2771922.63
Ag,955,265490.3245,2772188.294
Ag,956,263873.647,2774058.744
Ag,957,269548.1888,2771664.722
Ag,958,269228.0349,2773592.53
Ag,959,268271.5521,2773819.696
Ag,960,269568.6217,2771871.307
Ag,961,265648.5672,2773867.268
Ag,962,268829.5592,2771482.415
Ag,963,269545.9167,2770891.366
Ag,964,265609.0772,2773854.841
Ag,965,268474.6292,2775030.357
Ag,966,269105.771,2771464.424
Ag,967,268551.7634,2771316.125
Ag,968,268701.3427,2773959.935
Ag,969,266152.8516,2772960.274
Ag,970,269551.2458,2771800.158
Ag,971,269607.8632,2770956.267
Ag,972,268586.3702,2772176.023
Ag,973,267759.9017,2772128.555
Ag,974,270855.8931,2777200.595
Ag,975,267013.5452,2772894.184
Ag,976,271148.0442,2779511.213
Ag,977,265354.9106,2773181.968
Ag,978,271308.3483,2778698.135
Ag,979,267522.2588,2772736.911
Ag,980,265648.8495,2772404.343
Ag,981,267151.444,2773888.871
Ag,982,268674.354,2770959.581
Ag,983,268815.5785,2770702.278
Ag,984,264275.5476,2772403.69
Ag,985,268887.6154,2770771.445
Ag,986,269482.961,2772545.327
Ag,987,267495.0963,2772001.591
Ag,988,269495.4264,2771276.908
Ag,989,269437.6076,2775601.851
Ag,990,271217.1731,2778403.33
Ag,991,264091.7483,2773399.913
Ag,992,266670.4764,2774179.697
Ag,993,266916.9232,2772377.761
Ag,994,263524.7924,2774015.115
Ag,995,266238.8756,2772811.684
Ag,996,262905.0014,2775972.676
Ag,997,269144.2126,2771050.337
Ag,998,272111.3956,2779165.522
Ag,999,266840.4348,2773310.163
Ag,1000,264764.382,2773862.833
Ag,1001,270883.6714,2778805.255
Ag,1002,270413.7211,2777231.716
Ag,1003,267808.2201,2771075.108
Ag,1004,267243.9913,2772723.266
Ag,1005,269423.9571,2771651.391
Ag,1006,263000.7623,2772798.854
Ag,1007,262636.1122,2775566.225
Ag,1008,270889.203,2777212.717
Ag,1009,261985.8968,2775902.246
Ag,1010,264770.3327,2773180.833
Ag,1011,268682.3524,2771795.199
Ag,1012,268176.1115,2771873.963
Ag,1013,268500.0375,2772671.247
Ag,1014,266032.9448,2773917.104
Ag,1015,268457.0066,2771315.196
Ag,1016,264253.2049,2772581.632
Ag,1017,269347.0405,2772295.673
Ag,1018,268828.7992,2772256.039
Ag,1019,265941.5052,2772268.268
Ag,1020,268272.5123,2771881.204
Ag,1021,267660.0518,2772687.639
Ag,1022,268990.779,2773043.393
Ag,1023,269172.6707,2775325.849
Ag,1024,263922.5335,2774658.208
Ag,1025,267670.1766,2772060.964
Ag,1026,266763.7652,2772204.094
Ag,1027,271842.344,2778912.375
Ag,1028,266493.5871,2772438.899
Ag,1029,268883.4582,2774254.456
Ag,1030,264050.3932,2773235.332
Ag,1031,267586.4919,2773794.575
Ag,1032,267341.2275,2771876.334
Ag,1033,267071.5523,2772547.6
Ag,1034,263308.001,2776343.191
Ag,1035,264556.6094,2773247.722
Ag,1036,264885.5496,2773565.03
Ag,1037,267015.1859,2772539.262
Ag,1038,266644.2771,2773233.618
Ag,1039,269276.5373,2772179.978
Ag,1040,268267.3132,2770848.962
Ag,1041,261986.414,2782665.382
Ag,1042,271908.2486,2779629.283
Ag,1043,265850.4918,2773068.611
Ag,1044,267679.9275,2775029.506
Ag,1045,271237.9324,2777531.303
Ag,1046,268586.1845,2772528.379
Ag,1047,264255.012,2774379.356
Ag,1048,269087.847,2770814.558
Ag,1049,268635.8222,2772730.452
Ag,1050,263901.1441,2777334.406
Ag,1051,263587.8293,2773475.433
Ag,1052,269226.3807,2770989.976
Ag,1053,268552.2406,2773251.417
Ag,1054,269250.1458,2772395.597
Ag,1055,268987.6499,2771766.778
Ag,1056,266321.86,2774103.866
Ag,1057,269481.2428,2771759.7
Ag,1058,267747.1935,2772105.943
Ag,1059,263571.1314,2773844.999
Ag,1060,268888.7625,2770884.719
Ag,1061,266112.5748,2772542.657
Ag,1062,268561.7331,2770631.965
Ag,1063,269301.168,2771495.573
Ag,1064,269042.1023,2770705.843
Ag,1065,263674.2556,2772907.233
Ag,1066,269042.308,2770763.543
Ag,1067,268762.5036,2770797.659
Ag,1068,269420.0915,2770647.247
Ag,1069,270279.9863,2776925.796
Ag,1070,270383.3932,2777213.838
Ag,1071,264032.0031,2775287.696
Ag,1072,267744.995,2772112.533
Ag,1073,271237.9085,2778629.356
Ag,1074,264342.9125,2772468.899
Ag,1075,269604.0664,2771872.188
Ag,1076,269454.6783,2771235.745
Ag,1077,268744.8781,2770803.03
Ag,1078,268903.3946,2770839.027
Ag,1079,268229.8335,2771454.327
Ag,1080,269156.1389,2772256.416
Ag,1081,269548.2923,2771670.85
Ag,1082,268727.0329,2770931.845
Ag,1083,264390.0004,2773857.248
Ag,1084,267822.6683,2771562.282
Ag,1085,268542.3921,2772670.951
Ag,1086,267275.6851,2773993.915
Ag,1087,265134.9084,2772973.745
Ag,1088,264460.2644,2777342.691
Ag,1089,263988.9358,2774000.944
Ag,1090,268083.4555,2771588.497
Ag,1091,269096.8018,2770797.497
Ag,1092,270309.6353,2777861.87
Ag,1093,271041.8071,2777588.709
Ag,1094,268427.9009,2772641.188
Ag,1095,265133.4299,2773200.999
Ag,1096,271403.1562,2778201.097
Ag,1097,268346.7958,2771810.614
Ag,1098,267981.2437,2771058.216
Ag,1099,269093.7699,2774759.236
Ag,1100,262359.3936,2776213.008
Ag,1101,264712.9214,2773067.258
Ag,1102,264008.8569,2773772.524
Ag,1103,262879.1557,2773911.337
Ag,1104,269103.3087,2772502.497
Ag,1105,267502.2152,2772509.817
Ag,1106,267907.1448,2773087.152
Ag,1107,270505.091,2776577.26
Ag,1108,269087.6648,2770803.781
Ag,1109,267374.2643,2770470.154
Ag,1110,268544.8618,2771317.933
Ag,1111,269387.6128,2775514.134
Ag,1112,268680.6692,2771968.55
Ag,1113,267024.1688,2772659.379
Ag,1114,268583.1684,2773167.824
Ag,1115,265084.8286,2774448.103
Ag,1116,264169.6499,2776344.312
Ag,1117,262810.6629,2775374.847
Ag,1118,268371.064,2771833.664
Ag,1119,268586.235,2773030.804
Ag,1120,265850.6636,2772181.05
Ag,1121,266246.3605,2774281.868
Ag,1122,267844.5659,2775065.805
Ag,1123,269506.0024,2775411.73
Ag,1124,266937.1147,2772297.306
Ag,1125,264132.6925,2773362.636
Ag,1126,267825.7823,2772424.409
Ag,1127,267883.3117,2772863.293
Ag,1128,264955.6767,2772718.321
Ag,1129,265576.9584,2773599.208
Ag,1130,267757.335,2771117.613
Ag,1131,264393.8656,2773546.036
Ag,1132,267757.4233,2772525.974
Ag,1133,264567.58,2773526.337
Ag,1134,264329.7423,2774024.643
Ag,1135,263683.1629,2773910.275
Ag,1136,269046.4431,2770916.926
Ag,1137,262391.0531,2776438.843
Ag,1138,267960.9891,2771633.909
Ag,1139,263731.2727,2774731.065
Ag,1140,269546.4307,2770967.45
Ag,1141,264509.9928,2773982.424
Ag,1142,268159.7262,2771770.882
Ag,1143,264157.35,2773986.828
Ag,1144,265503.6064,2772333.703
Ag,1145,266063.2555,2773529.136
Ag,1146,263405.9981,2775601.242
Ag,1147,269600.9864,2771872.24
Ag,1148,269762.2244,2775810.479
Ag,1149,270689.6204,2777293.648
Ag,1150,271160.2742,2777995.291
Ag,1151,265231.5828,2772325.698
Ag,1152,268119.0149,2770870.504
Ag,1153,268699.4609,2771713.955
Ag,1154,267160.9239,2771646.477
Ag,1155,268302.4368,2771692.999
Ag,1156,265976.568,2772381.597
Ag,1157,267828.4666,2772401.113
Ag,1158,269145.2519,2771703.871
Ag,1159,262763.957,2772645.705
Ag,1160,268719.8077,2773868.099
Ag,1161,263121.563,2774654.135
Ag,1162,263927.9166,2775235.808
Ag,1163,263686.1574,2775193.706
Ag,1164,263430.5885,2774888.471
Ag,1165,263280.8817,2775446.995
Ag,1166,262588.2134,2776352.757
Ag,1167,264731.1559,2773231.394
Ag,1168,268973.6373,2774986.169
Ag,1169,269151.318,2771151.674
Ag,1170,268257.0104,2773190.482
Ag,1171,266302.6556,2773747.185
Ag,1172,265385.3681,2772982.541
Ag,1173,264772.8702,2772702.659
Ag,1174,263066.4058,2774936.65
Ag,1175,264139.3307,2775482.419
Ag,1176,269031.1948,2774838.291
Ag,1177,269273.8338,2771199.908
Ag,1178,269624.0382,2775516.053
Ag,1179,262987.7118,2775282.565
Ag,1180,262894.0115,2776358.845
Ag,1181,268306.4052,2771699.907
Ag,1182,268659.75,2772551.862
Ag,1183,267554.5382,2772190.39
Ag,1184,268891.3573,2770810.485
Ag,1185,268070.0583,2772386.436
Ag,1186,268342.6313,2771837.528
Ag,1187,266398.4086,2772592.928
Ag,1188,266110.3156,2772545.655
Ag,1189,271041.8071,2777588.709
Ag,1190,267746.9629,2772137.652
Ag,1191,269890.4134,2776652.943
Ag,1192,262486.105,2776723.394
Ag,1193,268276.8827,2771276.612
Ag,1194,268665.7951,2772544.996
Ag,1195,268990.7807,2771587.695
Ag,1196,268743.5908,2771818.257
Ag,1197,263788.7696,2774760.506
Ag,1198,268851.5211,2770686.874
Ag,1199,269138.6322,2774680.058
Ag,1200,269259.0246,2771189.59
Ag,1201,269653.8486,2770759.976
Ag,1202,267004.3406,2772445.387
Ag,1203,269965.369,2775802.609
Ag,1204,262816.2813,2777554.915
Ag,1205,262928.8762,2778272.912
Ag,1206,267166.5714,2771209.899
Ag,1207,268282.1588,2773582.781
Ag,1208,269161.1284,2771139.671
Ag,1209,262934.2409,2777785.166
Ag,1210,269606.7754,2775861.299
Ag,1211,267217.2751,2772014.993
Ag,1212,267928.1193,2773867.176
Ag,1213,267996.3106,2771582.157
Ag,1214,262392.7585,2776448.326
Ag,1215,265668.2805,2772414.578
Ag,1216,263964.5829,2779261.074
Ag,1217,267447.8163,2773023.531
Ag,1218,267883.5699,2771338.885
Ag,1219,269070.1046,2775135.029
Ag,1220,266050.6234,2773915.11
Ag,1221,269481.2963,2771762.87
Ag,1222,268873.9405,2771738.054
Ag,1223,269378.1077,2774861.375
Ag,1224,265661.8431,2772533.058
Ag,1225,267186.1626,2773531.693
Ag,1226,267572.4328,2772833.921
Ag,1227,264702.656,2772293.379
Ag,1228,268209.8619,2773633.681
Ag,1229,268242.9095,2771453.26
Ag,1230,268026.867,2771793.854
Ag,1231,268213.1305,2770742.718
Ag,1232,267934.9191,2774990.497
Ag,1233,266354.3241,2774065.897
Ag,1234,265332.4246,2772188.049
Ag,1235,266877.7448,2772068.136
Ag,1236,269217.7397,2774895.16
Ag,1237,267649.2935,2774903.839
Ag,1238,265128.8494,2772934.957
Ag,1239,269268.2793,2771190.279
Ag,1240,269204.3447,2771281.192
Ag,1241,268433.7712,2771852.468
Ag,1242,264131.1173,2773939.51
Ag,1243,267919.1986,2771984.649
Ag,1244,267462.14,2771513.886
Ag,1245,268993.151,2774320.024
Ag,1246,266905.3332,2771608.988
Ag,1247,269491.2723,2772626.986
Ag,1248,267667.5286,2771995.907
Ag,1249,269428.4265,2772052.703
Ag,1250,265620.5711,2773717.039
Ag,1251,262922.8874,2777133.047
Ag,1252,266614.1486,2773228.215
Ag,1253,262762.373,2772643.196
Ag,1254,270808.9219,2779120.606
Ag,1255,270452.8625,2779096.171
Ag,1256,264573.8009,2773619.024
Ag,1257,269243.7876,2772338.424
Ag,1258,269088.7064,2770819.828
Ag,1259,266588.0922,2772875.669
Ag,1260,268397.9531,2771012.459
Ag,1261,268703.9526,2771524.492
Ag,1262,268001.338,2770926.191
Ag,1263,267393.3207,2770865.304
Ag,1264,263833.4668,2772182.625
Ag,1265,267624.3117,2771945.702
Ag,1266,267535.7277,2772216.497
Ag,1267,265269.7798,2778209.305
Ag,1268,267806.8706,2772489.833
Ag,1269,264074.2613,2776216.178
Ag,1270,263443.9067,2773081.384
Ag,1271,267920.779,2770990.337
Ag,1272,266494.7204,2772055.027
Ag,1273,264094.6831,2775438.802
Ag,1274,262881.4207,2773598.669
Ag,1275,265603.6439,2773583.53
Ag,1276,269508.5027,2772735.127
Ag,1277,264806.6385,2777114.124
Ag,1278,264251.2368,2775318.779
Ag,1279,271393.3675,2778214.155
Ag,1280,264785.8019,2773139.983
Ag,1281,268444.926,2771011.663
Ag,1282,267596.8333,2774898.181
Ag,1283,265916.0217,2774149.297
Ag,1284,263759.6511,2775435.305
Ag,1285,271520.4882,2778586.775
Ag,1286,267435.1408,2772460.654
Ag,1287,265618.886,2773708.613
Ag,1288,267283.1632,2772987.869
Ag,1289,267316.3838,2773264.834
Ag,1290,267676.6454,2772667.065
Ag,1291,268452.6535,2771467.244
Ag,1292,268574.7059,2770761.103
Ag,1293,268471.5033,2775027.662
Ag,1294,268314.2381,2771843.717
Ag,1295,271914.3378,2780084.254
Ag,1296,269372.1742,2774237.514
Ag,1297,271124.6468,2777982.573
Ag,1298,267368.9667,2770882.628
Ag,1299,267193.1136,2770778.883
Ag,1300,267817.3804,2772473.802
Ag,1301,268244.4862,2771228.547
Ag,1302,266924.7077,2771255.032
Ag,1303,269557.6098,2771857.754
Ag,1304,268083.4986,2771591.033
Ag,1305,267402.8734,2772239.476
Ag,1306,269092.1314,2770794.617
Ag,1307,271681.2846,2777800.751
Ag,1308,269359.3774,2772387.621
Ag,1309,269577.6285,2775230.433
Ag,1310,264010.8899,2773979.004
Ag,1311,264739.2014,2772358.063
Ag,1312,269219.8643,2772563.302
Ag,1313,267770.7305,2772855.274
Ag,1314,271663.6054,2777251.495
Ag,1315,271580.7618,2777407.393
Ag,1316,270535.1139,2776576.966
Ag,1317,267279.9884,2770859.414
Ag,1318,267310.3094,2771372.952
Ag,1319,267918.573,2770996.504
Ag,1320,262933.0885,2776391.986
Ag,1321,269466.8989,2770727.833
Ag,1322,267638.0853,2771985.628
Ag,1323,269919.7413,2777249.565
Ag,1324,269276.251,2771434.064
Ag,1325,263761.9349,2775433.786
Ag,1326,264119.452,2774600.687
Ag,1327,264819.4095,2774061.634
Ag,1328,268045.5451,2771578.573
Ag,1329,268758.4406,2770648.713
Ag,1330,269545.8353,2772072.702
Ag,1331,267277.6764,2771175.665
Ag,1332,265339.9841,2772672.389
Ag,1333,268569.2586,2771121.369
Ag,1334,271026.1744,2778261.332
Ag,1335,269613.4631,2771470.642
Ag,1336,269520.1754,2772377.506
Ag,1337,267792.1407,2773027.177
Ag,1338,267114.8239,2772600.973
Ag,1339,269500.8544,2772647.115
Ag,1340,266788.4373,2772205.575
Ag,1341,266994.5277,2772637.48
Ag,1342,267728.6768,2770746.089
Ag,1343,268272.3116,2773592.46
Ag,1344,266725.7075,2772861.267
Ag,1345,267373.4412,2772049.109
Ag,1346,268823.7925,2770641.477
Ag,1347,265571.1794,2772411.384
Ag,1348,268441.8781,2771013.617
Ag,1349,268573.1658,2770761.13
Ag,1350,268429.6021,2771833.727
Ag,1351,267978.8701,2771462.396
Ag,1352,268367.1102,2771509.912
Ag,1353,264120.1821,2773574.441
Ag,1354,269577.8232,2775196.399
Ag,1355,265520.8577,2772575.641
Ag,1356,265476.5007,2772549.136
Ag,1357,269089.4572,2775186.487
Ag,1358,269375.4332,2774339.127
Ag,1359,267880.5302,2772156.517
Ag,1360,271106.5988,2778374.329
Ag,1361,263462.9524,2772625.113
Ag,1362,263490.8199,2774720.438
Ag,1363,269543.9822,2775244.318
Ag,1364,266306.1752,2772918.754
Ag,1365,267958.7045,2774985.442
Ag,1366,265836.7276,2772176.85
Ag,1367,267727.3882,2772345.129
Ag,1368,267725.7511,2772339.45
Ag,1369,267756.3945,2771696.15
Ag,1370,269462.9891,2770815.617
Ag,1371,264641.3905,2777353.721
Ag,1372,270772.367,2777727.039
Ag,1373,266381.284,2772537.419
Ag,1374,262982.8055,2775974.493
Ag,1375,265887.6547,2773124.832
Ag,1376,263416.7757,2775867.18
Ag,1377,269401.8478,2772302.99
Ag,1378,268550.5845,2773335.359
Ag,1379,269884.8525,2775776.702
Ag,1380,266144.9456,2772948.361
Ag,1381,262668.6063,2776193.878
Ag,1382,264804.1348,2777414.956
Ag,1383,267793.1768,2773042.801
Ag,1384,263651.2387,2775400.405
Ag,1385,267157.9279,2771199.901
Ag,1386,268311.1405,2773520.779
Ag,1387,267052.754,2772799.876
Ag,1388,267295.4046,2773931.013
Ag,1389,269283.7912,2771333.325
Ag,1390,267849.1956,2775066.36
Ag,1391,267268.5275,2770864.894
Ag,1392,268246.7277,2772721.203
Ag,1393,263848.088,2776450.287
Ag,1394,264642.7996,2773466.911
Ag,1395,269340.1083,2770973.893
Ag,1396,267066.2461,2772642.808
Ag,1397,266712.513,2772134.583
Ag,1398,270188.264,2775824.424
Ag,1399,263963.707,2779254.959
Ag,1400,264133.6832,2774087.852
Ag,1401,267364.4346,2773463.126
Ag,1402,265158.5443,2773988.572
Ag,1403,264140.0908,2776460.447
Ag,1404,269002.5435,2771144.89
Ag,1405,269089.4811,2771503.169
Ag,1406,264699.5856,2776042.604
Ag,1407,271060.537,2778015.779
Ag,1408,269465.6435,2771200.895
Ag,1409,264903.1161,2772305.142
Ag,1410,265527.5159,2772335.617
Ag,1411,272117.9549,2780108.53
Ag,1412,267059.4457,2772560.278
Ag,1413,269422.0502,2772222.328
Ag,1414,268526.158,2771168.812
Ag,1415,266191.209,2774703.236
Ag,1416,268775.9718,2773683.255
Ag,1417,265269.9802,2778220.927
Ag,1418,264106.8036,2773246.193
Ag,1419,269305.491,2774802.152
Ag,1420,265538.2195,2772330.994
Ag,1421,265454.3066,2773945.857
Ag,1422,268588.4524,2770754.107
Ag,1423,263533.4278,2773846.921
Ag,1424,268188.7931,2771350.819
Ag,1425,264909.0976,2772294.682
Ag,1426,265275.5387,2772642.215
Ag,1427,263765.3625,2774565.177
Ag,1428,266050.009,2773475.252
Ag,1429,271061.1822,2778008.371
Ag,1430,267577.9531,2770670.446
Ag,1431,268064.8307,2770945.615
Ag,1432,262772.599,2776063.548
Ag,1433,264130.034,2773565.181
Ag,1434,264524.5464,2780745.601
Ag,1435,268492.4508,2772587.25
Ag,1436,268268.7691,2773066.631
Ag,1437,266706.1617,2772979.335
Ag,1438,268445.4848,2771317.082
Ag,1439,264145.9616,2775064.623
Ag,1440,268458.6882,2771459.744
Ag,1441,269366.1176,2771236.818
Ag,1442,269095.9611,2771157.683
Ag,1443,271639.7098,2777754.737
Ag,1444,270643.8275,2777911.614
Ag,1445,263911.6539,2774741.468
Ag,1446,269303.5333,2770632.729
Ag,1447,269671.6454,2770764.749
Ag,1448,267424.1424,2771498.891
Ag,1449,267806.9516,2771543.949
Ag,1450,264569.1191,2773660.112
Ag,1451,264513.2766,2773548.201
Ag,1452,270501.9331,2778217.107
Ag,1453,268488.5774,2772086.581
Ag,1454,266134.9377,2773083.389
Ag,1455,267607.5306,2771502.955
Ag,1456,268894.8068,2771287.274
Ag,1457,266825.1842,2772778.399
Ag,1458,267288.694,2771144.194
Ag,1459,268419.7805,2772707.274
Ag,1460,268659.0843,2772603.447
Ag,1461,269401.255,2772267.912
Ag,1462,268619.0251,2772602.858
Ag,1463,269466.3524,2770923.569
Ag,1464,268178.873,2771583.072
Ag,1465,266198.5332,2772659.764
Ag,1466,268743.0428,2771831.372
Ag,1467,272131.5889,2780141.274
Ag,1468,265155.4171,2772688.67
Ag,1469,269417.3768,2771170.639
Ag,1470,268512.6165,2771914.542
Ag,1471,270447.8572,2776561.949
Ag,1472,263371.5767,2772774.451
Ag,1473,272135.2905,2780040.602
Ag,1474,270292.7599,2778869.115
Ag,1475,265936.8925,2772268.77
Ag,1476,266842.7472,2773400.379
Ag,1477,270114.5305,2775881.046
Ag,1478,264166.5504,2773316.394
Ag,1479,269595.0106,2770788.024
Ag,1480,263616.8639,2774395.055
Ag,1481,268285.3182,2772998.077
Ag,1482,269551.927,2770836.732
Ag,1483,269298.0923,2771404.737
Ag,1484,271549.6129,2777432.223
Ag,1485,267955.1481,2772603.987
Ag,1486,266721.0689,2772995.356
Ag,1487,266991.6702,2772830.934
Ag,1488,266280.9556,2772660.465
Ag,1489,263673.5983,2774291.554
Ag,1490,268764.0401,2770797.422
Ag,1491,266150.601,2773098.551
Ag,1492,265851.397,2772582.858
Ag,1493,265357.0271,2773125.917
Ag,1494,265323.664,2772529.57
Ag,1495,262436.7819,2776720.872
Ag,1496,264799.2331,2773472.245
Ag,1497,271212.36,2778391.786
Ag,1498,269220.017,2774893.22
Ag,1499,265999.633,2772334.277
Ag,1500,267513.6016,2770736.433
Ag,1501,268512.9505,2771979.638
Ag,1502,267810.2777,2772509.01
Ag,1503,264994.7538,2773377.137
Ag,1504,264987.2642,2774059.797
Ag,1505,269653.8486,2770759.976
Ag,1506,266411.1308,2772931.118
Ag,1507,263641.5851,2774088.552
Ag,1508,269473.9113,2771644.84
Ag,1509,263310.7387,2775392.575
Ag,1510,271814.5779,2785829.847
Ag,1511,269242.6775,2773866.216
Ag,1512,265043.9182,2773593.373
Ag,1513,269640.3253,2775705.164
Ag,1514,270381.8645,2777214.498
Ag,1515,266660.3302,2774126.816
Ag,1516,264237.0933,2772540.692
Ag,1517,267080.0553,2774127.884
Ag,1518,268758.4263,2770647.868
Ag,1519,266055.5714,2772721.822
Ag,1520,269491.3008,2772628.676
Ag,1521,268610.3639,2773227.391
Ag,1522,268721.7642,2770939.121
Ag,1523,271369.4326,2778347.507
Ag,1524,269176.2072,2772076.836
Ag,1525,268395.7077,2771833.457
Ag,1526,269168.4335,2772254.728
Ag,1527,263467.1267,2774775.173
Ag,1528,262415.5241,2776473.294
Ag,1529,262040.2298,2775485.935
Ag,1530,264493.1857,2773499.72
Ag,1531,269540.501,2770844.322
Ag,1532,268597.3452,2771960.24
Ag,1533,267831.0164,2771554.953
Ag,1534,268659.2065,2772656.076
Ag,1535,268214.6233,2771692.588
Ag,1536,268662.9341,2772603.382
Ag,1537,268815.3111,2770640.986
Ag,1538,268709.7646,2771731.112
Ag,1539,269481.4568,2772547.466
Ag,1540,268242.8585,2773672.013
Ag,1541,265116.0112,2772949.762
Ag,1542,269571.7023,2770821.813
Ag,1543,268745.506,2771385.764
Ag,1544,269431.2446,2771991.57
Ag,1545,269061.8614,2771145.366
Ag,1546,267669.5358,2772249.517
Ag,1547,269259.7234,2771413.206
Ag,1548,265457.8383,2774867.39
Ag,1549,269236.4483,2770628.578
Ag,1550,263964.0936,2774701.243
Ag,1551,268204.1808,2771395.157
Ag,1552,269577.83,2770682.841
Ag,1553,268333.0342,2771272.066
Ag,1554,269059.9291,2774852.6
Ag,1555,269530.8041,2772322.793
Ag,1556,266485.6411,2772379.639
Ag,1557,264904.2836,2772685.809
Ag,1558,267471.1104,2772492.381
Ag,1559,269082.4583,2771270.148
Ag,1560,264794.8314,2777634.103
Ag,1561,268191.116,2773708.825
Ag,1562,268025.8902,2771011.167
Ag,1563,269145.3098,2773027.461
Ag,1564,267421.5583,2772251.205
Ag,1565,268058.3614,2771698.202
Ag,1566,268330.4355,2773069.811
Ag,1567,264727.0712,2772503.276
Ag,1568,271103.5935,2778332.952
Ag,1569,267740.6457,2774977.531
Ag,1570,268311.8356,2774105.629
Ag,1571,266437.0497,2772735.577
Ag,1572,269142.5545,2774911.652
Ag,1573,269459.2633,2771644.03
Ag,1574,265745.6184,2773823.325
Ag,1575,271849.4872,2779889.193
Ag,1576,268675.6611,2773535.518
Ag,1577,265016.3371,2774182.739
Ag,1578,264725.2616,2772219.642
Ag,1579,265646.594,2772407.552
Ag,1580,264175.9458,2773904.28
Ag,1581,267808.1287,2771975.336
Ag,1582,268427.584,2772713.271
Ag,1583,262925.8306,2778274.868
Ag,1584,264213.7429,2776845.359
Ag,1585,263005.1378,2777125.274
Ag,1586,263599.286,2773736.497
Ag,1587,263690.7447,2773903.379
Ag,1588,269238.3341,2772516.911
Ag,1589,264477.2779,2774050.207
Ag,1590,269304.5459,2772196.625
Ag,1591,268724.3187,2772271.76
Ag,1592,268936.1827,2773457.545
Ag,1593,265469.8,2773368.961
Ag,1594,268052.8732,2774772.257
Ag,1595,262639.2025,2775566.805
Ag,1596,265464.0752,2774782.31
Ag,1597,266408.5459,2772915.098
Ag,1598,268589.4896,2772178.295
Ag,1599,267693.2922,2774186.963
Ag,1600,268961.2145,2774525.805
Ag,1601,269396.899,2771143.93
Ag,1602,265599.226,2777311.201
Ag,1603,269288.6257,2771345.925
Ag,1604,269567.0246,2771867.952
Ag,1605,265529.5868,2774069.062
Ag,1606,264473.2552,2773460.537
Ag,1607,263867.3047,2774670.79
Ag,1608,268684.8325,2773576.79
Ag,1609,269407.807,2771880.787
Ag,1610,269357.0818,2772388.505
Ag,1611,268157.6755,2774187.936
Ag,1612,268888.3216,2772450.758
Ag,1613,267991.0731,2772316.124
Ag,1614,267434.9191,2771498.496
Ag,1615,269592.4544,2770773.483
Ag,1616,271801.4762,2779688.565
Ag,1617,270874.0556,2778508.445
Ag,1618,262814.267,2777174.044
Ag,1619,265507.7385,2774545.03
Ag,1620,269295.8144,2771406.678
Ag,1621,264015.5129,2773979.135
Ag,1622,262947.6648,2777185.249
Ag,1623,268372.7612,2773203.946
Ag,1624,270952.2164,2777846.394
Ag,1625,267296.2547,2771181.055
Ag,1626,267036.5561,2772798.462
Ag,1627,266580.0202,2772809.013
Ag,1628,270952.9079,2777750.21
Ag,1629,271077.093,2779274.618
Ag,1630,267913.4811,2771829.601
Ag,1631,265916.7749,2772263.408
Ag,1632,267158.3162,2773975.627
Ag,1633,262462.5122,2776783.415
Ag,1634,270990.2069,2779509.219
Ag,1635,262440.6233,2776720.382
Ag,1636,268061.1393,2774488.668
Ag,1637,271768.8388,2778247.38
Ag,1638,269523.1639,2770821.153
Ag,1639,268941.0976,2772247.162
Ag,1640,266559.5602,2772783.576
Ag,1641,269438.6922,2772022.093
Ag,1642,262635.9665,2773080.623
Ag,1643,267329.6658,2771649.941
Ag,1644,269423.9761,2770786.05
Ag,1645,269265.817,2770862.278
Ag,1646,268956.144,2774135.702
Ag,1647,267548.6561,2771302.309
Ag,1648,268316.1013,2774356.665
Ag,1649,265084.3204,2774686.755
Ag,1650,266284.8205,2772975.979
Ag,1651,262238.4026,2775501.289
Ag,1652,262919.1077,2777004.383
Ag,1653,262956.8473,2777137.741
Ag,1654,265676.3731,2773378.938
Ag,1655,269378.9539,2771631.86
Ag,1656,269495.968,2771491.437
Ag,1657,264693.7535,2775258.922
Ag,1658,266726.5027,2772862.733
Ag,1659,267350.5553,2775673.257
Ag,1660,267303.9599,2775154.077
Ag,1661,271069.4213,2777536.883
Ag,1662,266192.3698,2772659.658
Ag,1663,267542.2406,2771558.811
Ag,1664,269307.0463,2770977.411
Ag,1665,265711.2814,2773841.882
Ag,1666,268009.977,2771570.511
Ag,1667,266808.2493,2772102.932
Ag,1668,265654.2055,2771998.625
Ag,1669,268493.2638,2772589.773
Ag,1670,269428.1668,2770897.37
Ag,1671,266554.5743,2772447.156
Ag,1672,268117.5876,2774230.681
Ag,1673,263568.2639,2774789.906
Ag,1674,270811.3338,2779126.695
Ag,1675,267461.225,2771369.746
Ag,1676,264737.7744,2772364.641
Ag,1677,271651.6864,2777826.189
Ag,1678,271562.559,2777423.762
Ag,1679,263936.6629,2775251.722
Ag,1680,271425.6601,2777248.723
Ag,1681,267080.3128,2771120.269
Ag,1682,267902.7753,2772060.599
Ag,1683,268010.8266,2772300.147
Ag,1684,266191.283,2772191.697
Ag,1685,268180.4202,2771583.468
Ag,1686,265926.2968,2773267.269
Ag,1687,269315.3346,2771604.611
Ag,1688,271248.1482,2778001.846
Ag,1689,269127.1918,2771364.719
Ag,1690,268692.5917,2771717.665
Ag,1691,269626.4691,2770963.351
Ag,1692,268949.7923,2774578.841
Ag,1693,267821.149,2772061.565
Ag,1694,262249.8297,2775582.471
Ag,1695,269567.254,2770969
Ag,1696,266906.1687,2772379.424
Ag,1697,265057.411,2773437.78
Ag,1698,265459.9519,2775034.974
Ag,1699,269033.6153,2773617.381
Ag,1700,263644.1935,2775304.985
Ag,1701,267895.7963,2773596.96
Ag,1702,268576.0348,2773155.897
Ag,1703,268965.7269,2771654.701
Ag,1704,266480.7253,2772452.436
Ag,1705,265462.3374,2774860.337
Ag,1706,263202.4564,2774212.64
Ag,1707,270882.7009,2779159.101
Ag,1708,266025.1794,2773464.475
Ag,1709,262705.4655,2776055.417
Ag,1710,263440.6242,2776841.431
Ag,1711,269326.6645,2774051.011
Ag,1712,265163.3023,2772699.315
Ag,1713,265810.8411,2773630.066
Ag,1714,266346.1086,2772597.206
Ag,1715,269092.2166,2771755.919
Ag,1716,268226.7174,2771679.066
Ag,1717,267374.468,2770798.62
Ag,1718,266980.1849,2771797.522
Ag,1719,266713.453,2772910.303
Ag,1720,265206.7748,2772047.744
Ag,1721,264932.0576,2772152.031
Ag,1722,267952.1941,2772611.436
Ag,1723,266881.8577,2771452.128
Ag,1724,269849.8195,2776255.41
Ag,1725,267764.3155,2774287.634
Ag,1726,267428.8171,2772902.951
Ag,1727,265351.0209,2773179.71
Ag,1728,263296.3899,2774965.418
Ag,1729,271356.042,2778191.954
Ag,1730,267978.2885,2774914.511
Ag,1731,268010.1149,2774748.466
Ag,1732,269600.99,2771872.451
Ag,1733,266138.1325,2774257.725
Ag,1734,263594.3331,2773983.894
Ag,1735,270918.6201,2777176.501
Ag,1736,268392.3801,2773769.662
Ag,1737,266990.7223,2773000.894
Ag,1738,269347.3575,2771038.238
Ag,1739,264807.8304,2773166.87
Ag,1740,269237.6925,2773207.464
Ag,1741,264809.4279,2774911.537
Ag,1742,269484.5952,2772322.94
Ag,1743,267512.9261,2772143.963
Ag,1744,268241.8875,2773660.192
Ag,1745,268729.6141,2771038.754
Ag,1746,269290.4742,2771409.727
Ag,1747,269113.3539,2772504.441
Ag,1748,268894.0905,2771290.457
Ag,1749,265342.7829,2773327.602
Ag,1750,269422.5738,2772207.735
Ag,1751,265673.4201,2775357.876
Ag,1752,269152.673,2770776.261
Ag,1753,268188.9458,2772810.749
Ag,1754,268160.4532,2771768.333
Ag,1755,267754.3763,2771668.072
Ag,1756,264130.1379,2773348.518
Ag,1757,267743.8613,2773041.316
Ag,1758,271505.6965,2777246.746
Ag,1759,266882.5631,2771944.401
Ag,1760,264928.7701,2773704.427
Ag,1761,265661.1544,2773837.882
Ag,1762,264276.3517,2772583.98
Ag,1763,265926.2968,2773267.269
Ag,1764,269256.9182,2774025.136
Ag,1765,267692.9965,2771455.844
Ag,1766,267709.3993,2774770.708
Ag,1767,267381.1887,2772277.681
Ag,1768,262938.822,2772248.234
Ag,1769,264509.6491,2777438.013
Ag,1770,269029.0087,2770888.053
Ag,1771,263356.3129,2772782.536
Ag,1772,267391.6906,2770860.047
Ag,1773,269513.3004,2770921.297
Ag,1774,264273.5536,2772689.505
Ag,1775,264135.6879,2773892.083
Ag,1776,268152.3063,2771696.817
Ag,1777,262395.8719,2776229.493
Ag,1778,265545.0145,2772412.679
Ag,1779,269180.8631,2770803.474
Ag,1780,267786.4131,2772057.083
Ag,1781,267862.7328,2772242.213
Ag,1782,267952.2328,2771843.738
Ag,1783,265243.0519,2772276.039
Ag,1784,269598.3177,2771668.526
Ag,1785,267587.0474,2772832.827
Ag,1786,267014.1379,2773785.53
Ag,1787,264095.0437,2773412.327
Ag,1788,271046.2293,2778217.876
Ag,1789,271092.7015,2778326.16
Ag,1790,267919.243,2771624.896
Ag,1791,267023.8542,2773768.243
Ag,1792,268237.2748,2772754.126
Ag,1793,268131.3681,2771189.674
Ag,1794,264753.7247,2773244.955
Ag,1795,266838.7631,2773888.084
Ag,1796,266709.5816,2772909.101
Ag,1797,269208.8244,2770817.163
Ag,1798,268546.4034,2770681.897
Ag,1799,263697.6889,2775325.829
Ag,1800,264961.3742,2772959.613
Ag,1801,262866.035,2776034.443
Ag,1802,262906.0456,2775014.689
Ag,1803,267949.038,2771972.939
Ag,1804,269308.8045,2771628.395
Ag,1805,271404.231,2778219.257
Ag,1806,267368.2136,2771877.987
Ag,1807,264714.5278,2772401.187
Ag,1808,269152.5548,2770860.388
Ag,1809,263307.9235,2772390.637
Ag,1810,265471.1269,2773849.181
Ag,1811,268872.8717,2773857.049
Ag,1812,264139.5533,2773937.462
Ag,1813,268585.4585,2771304.563
Ag,1814,269319.8537,2771188.351
Ag,1815,266192.4251,2772572.994
Ag,1816,268495.3008,2774388.497
Ag,1817,263748.51,2774748.099
Ag,1818,263121.563,2774654.135
Ag,1819,268036.1718,2771797.5
Ag,1820,264435.9913,2773978.418
Ag,1821,264082.4591,2775399.909
Ag,1822,268078.8962,2771501.49
Ag,1823,268451.4928,2771444.224
Ag,1824,268743.2208,2772250.937
Ag,1825,268615.1072,2772598.909
Ag,1826,267584.5485,2771691.255
Ag,1827,265302.4397,2772594.193
Ag,1828,269046.4838,2775013.469
Ag,1829,262395.7972,2776136.91
Ag,1830,265398.4384,2773742.419
Ag,1831,268996.3939,2771145.628
Ag,1832,269201.8107,2771769.073
Ag,1833,269544.3766,2770891.392
Ag,1834,263460.2709,2774069.29
Ag,1835,267996.4399,2771589.764
Ag,1836,267986.7508,2771563.508
Ag,1837,269617.4357,2771067.074
Ag,1838,265546.8497,2775296.641
Ag,1839,269282.7418,2774367.962
Ag,1840,269465.5584,2775023.707
Ag,1841,267760.0024,2772134.471
Ag,1842,266586.322,2773132.306
Ag,1843,264531.8602,2776005.974
Ag,1844,267892.2774,2771352.687
Ag,1845,271064.9847,2778234.47
Ag,1846,268568.9433,2772147.572
Ag,1847,269623.4876,2771471.318
Ag,1848,268934.1665,2772611.045
Ag,1849,264915.9586,2772648.194
Ag,1850,265397.6503,2773741.375
Ag,1851,266040.0924,2772447.936
Ag,1852,270825.2366,2778443.742
Ag,1853,268138.8359,2771493.285
Ag,1854,264736.4179,2772598.656
Ag,1855,269546.4307,2770967.45
Ag,1856,264469.295,2772562.047
Ag,1857,268277.974,2771885.339
Ag,1858,265330.6621,2775531.606
Ag,1859,267036.0782,2772590.057
Ag,1860,264838.3318,2779438.721
Ag,1861,265224.6863,2772909.633
Ag,1862,264580.1611,2773585.94
Ag,1863,268421.1713,2776234.599
Ag,1864,268704.3637,2772185.014
Ag,1865,263869.5107,2774086.717
Ag,1866,266478.5562,2773135.63
Ag,1867,265127.2159,2773197.935
Ag,1868,269410.4491,2775498.528
Ag,1869,268858.9958,2773856.227
Ag,1870,265493.6086,2774305.575
Ag,1871,267798.5637,2772861.565
Ag,1872,269212.1011,2770828.732
Ag,1873,267590.8967,2773872.285
Ag,1874,269901.4437,2776439.908
Ag,1875,269961.4524,2775798.66
Ag,1876,270979.6444,2777142.713
Ag,1877,264234.0307,2772452.601
Ag,1878,268946.2077,2773867.431
Ag,1879,268863.1585,2770828.294
Ag,1880,263513.4321,2774558.976
Ag,1881,264819.7392,2772070.473
Ag,1882,269038.9765,2770885.348
Ag,1883,269074.0718,2770819.864
Ag,1884,263777.7121,2772343.391
Ag,1885,267021.306,2772897.644
Ag,1886,267063.0466,2771778.564
Ag,1887,263652.4493,2774493.152
Ag,1888,268672.8225,2771960.017
Ag,1889,263094.5411,2776023.492
Ag,1890,271177.9935,2779003.427
Ag,1891,263892.1625,2773615.8
Ag,1892,265451.2261,2774885.893
Ag,1893,269163.2982,2770812.437
Ag,1894,262767.8367,2773311.69
Ag,1895,269226.7236,2770782.407
Ag,1896,267742.4461,2771057.414
Ag,1897,268476.0939,2772984.903
Ag,1898,262599.0972,2776314.519
Ag,1899,269265.163,2771507.173
Ag,1900,267392.7537,2772323.562
Ag,1901,264222.6843,2772687.425
Ag,1902,269431.3672,2772044.41
Ag,1903,267869.9173,2772075.954
Ag,1904,267741.7078,2773683.709
Ag,1905,267681.9316,2771484.567
Ag,1906,269238.7088,2772994.387
Ag,1907,267593.6858,2770644.391
Ag,1908,267464.8319,2770812.723
Ag,1909,268059.6516,2771638.151
Ag,1910,268000.1106,2771035.278
Ag,1911,268633.6194,2772691.386
Ag,1912,267851.1925,2772333.51
Ag,1913,264072.3528,2773480.783
Ag,1914,264098.8911,2773590.239
Ag,1915,266244.7737,2774279.148
Ag,1916,267507.139,2771985.11
Ag,1917,266218.6319,2772664.069
Ag,1918,263313.3208,2772390.966
Ag,1919,267203.3905,2772871.496
Ag,1920,268088.3341,2771603.633
Ag,1921,269254.3537,2771277.81
Ag,1922,268985.9829,2771122.131
Ag,1923,263292.6206,2774925.744
Ag,1924,264688.3194,2773516.221
Ag,1925,271730.3518,2777742.648
Ag,1926,267432.0869,2770970.54
Ag,1927,267204.1878,2771473.472
Ag,1928,269291.8,2771397.023
Ag,1929,268129.0864,2771282.081
Ag,1930,269572.7383,2771522.057
Ag,1931,267565.2947,2771736.604
Ag,1932,264791.1842,2773139.467
Ag,1933,264724.4825,2773201.705
Ag,1934,263820.521,2774592.968
Ag,1935,268701.7814,2772032.66
Ag,1936,269351.2898,2771043.033
Ag,1937,268448.2171,2772930.632
Ag,1938,267257.2046,2772549.716
Ag,1939,268086.5225,2773490.778
Ag,1940,266493.8764,2772455.804
Ag,1941,266577.0288,2773174.316
Ag,1942,262394.336,2776229.732
Ag,1943,265961.172,2772382.072
Ag,1944,267258.1074,2790091.841
Ag,1945,267742.4932,2770833.784
Ag,1946,268309.4331,2773873.586
Ag,1947,268139.4486,2771302.619
Ag,1948,270185.9083,2775821.716
Ag,1949,263374.457,2775957.751
Ag,1950,264165.1811,2773593.532
Ag,1951,270081.5609,2775706.801
Ag,1952,269026.2286,2774817.872
Ag,1953,269815.9472,2776027.915
Ag,1954,270292.6367,2776991.107
Ag,1955,269556.9117,2775234.799
Ag,1956,268956.125,2772452.358
Ag,1957,267356.7313,2770797.443
Ag,1958,268067.8953,2772168.55
Ag,1959,265818.1992,2773610.071
Ag,1960,264558.3186,2773614.43
Ag,1961,268120.6797,2773053.717
Ag,1962,268515.3882,2771169.629
Ag,1963,267463.6261,2772459.957
Ag,1964,268821.8632,2773119.389
Ag,1965,268651.2926,2772234.74
Ag,1966,268025.2371,2772287.008
Ag,1967,268472.0297,2772700.046
Ag,1968,267823.742,2772440.297
Ag,1969,265738.7761,2772483.121
Ag,1970,264071.6623,2775132.07
Ag,1971,264060.8122,2775306.01
Ag,1972,262497.2774,2773121.719
Ag,1973,264393.8025,2773854.435
Ag,1974,264135.7756,2773897.154
Ag,1975,268789.391,2774928.629
Ag,1976,266523.9774,2774079.266
Ag,1977,265578.5936,2774769.349
Ag,1978,266213.4846,2772543.464
Ag,1979,269245.8188,2773687.768
Ag,1980,264189.9338,2775069.147
Ag,1981,269441.5752,2772876.395
Ag,1982,265642.7421,2773842.003
Ag,1983,268205.108,2771495.119
Ag,1984,262914.8649,2773706.102
Ag,1985,269231.7472,2774266.945
Ag,1986,267490.6249,2773456.535
Ag,1987,268743.5936,2771000.048
Ag,1988,265089.8924,2772998.406
Ag,1989,268338.8051,2773653.261
Ag,1990,265845.9242,2778359.393
Ag,1991,264977.6347,2773232.852
Ag,1992,269495.4264,2771276.908
Ag,1993,269109.9161,2770935.299
Ag,1994,269049.6366,2771287.824
Ag,1995,263570.6321,2774793.247
Ag,1996,263114.9184,2775423.879
Ag,1997,267031.5941,2772643.188
Ag,1998,262830.411,2777039.96
Ag,1999,269551.8909,2771792.749
Ag,2000,267654.1907,2772660.05
Ag,2001,264951.2163,2773755.615
Ag,2002,264110.984,2776424.806
Ag,2003,267559.6892,2771000.284
Ag,2004,263986.3484,2774741.231
Ag,2005,269093.0301,2770802.211
Ag,2006,269106.2312,2772493.148
Ag,2007,268504.0068,2772905.166
Ag,2008,268973.7979,2773950.455
Ag,2009,263225.7233,2773024.293
Ag,2010,268893.3333,2773292.134
Ag,2011,265542.117,2774215.54
Ag,2012,263425.4011,2773213.393
Ag,2013,263688.7751,2772900.641
Ag,2014,264716.2382,2772589.704
Ag,2015,266373.9669,2772919.706
Ag,2016,262613.2172,2776903.81
Ag,2017,267936.5451,2774995.543
Ag,2018,262928.2497,2777131.474
Ag,2019,268106.3155,2774292.382
Ag,2020,271295.614,2778764.93
Ag,2021,268532.2096,2770889.702
Ag,2022,270457.9607,2778211.719
Ag,2023,268149.316,2771702.152
Ag,2024,267819.5599,2774501.869
Ag,2025,267773.8814,2774306.706
Ag,2026,269129.2964,2773901.32
Ag,2027,266069.5989,2772192.302
Ag,2028,266222.3178,2773328.564
Ag,2029,264716.1572,2773299.504
Ag,2030,269475.6508,2772294.979
Ag,2031,269088.9705,2774066.66
Ag,2032,270486.8192,2778873.027
Ag,2033,263637.4,2773980.4
Ag,2034,267708.7117,2774233.202
Ag,2035,267473.7336,2771516.224
Ag,2036,263072.3202,2776118.365
Ag,2037,265022.904,2774206.3
Ag,2038,270587.6679,2777639.895
Ag,2039,265318.2328,2772034.624
Ag,2040,267156.3989,2773908.444
Ag,2041,263519.7888,2773237.968
Ag,2042,269475.6725,2772843.268
Ag,2043,264932.2068,2772160.695
Ag,2044,270434.4295,2777820.662
Ag,2045,269100.8403,2771764.862
Ag,2046,271021.2454,2777785.204
Ag,2047,265693.6282,2772410.549
Ag,2048,269416.5724,2772262.792
Ag,2049,269213.8731,2772345.693
Ag,2050,270738.2696,2778262.374
Ag,2051,270537.0361,2778381.383
Ag,2052,270934.7001,2779184.224
Ag,2053,263316.3233,2774561.128
Ag,2054,267220.2709,2773905.662
Ag,2055,264251.1453,2772417.851
Ag,2056,266972.9481,2771779.679
Ag,2057,267967.2994,2771189.502
Ag,2058,265633.9584,2772120.301
Ag,2059,267441.7512,2770678.684
Ag,2060,268371.7587,2771829.213
Ag,2061,263313.5099,2772757.068
Ag,2062,263136.783,2772781.273
Ag,2063,265160.6479,2772858.314
Ag,2064,265630.2494,2773742.449
Ag,2065,267793.716,2772531.486
Ag,2066,265685.8822,2772587.391
Ag,2067,265599.1007,2773632.858
Ag,2068,265756.0656,2773938.345
Ag,2069,268555.2896,2770706.265
Ag,2070,269275.9189,2771186.557
Ag,2071,269251.3283,2775469.094
Ag,2072,267219.0058,2771890.677
Ag,2073,267063.5084,2772076.378
Ag,2074,268947.7221,2774274.926
Ag,2075,269526.745,2771808.815
Ag,2076,263240.3947,2775377.098
Ag,2077,268901.3763,2773266.845
Ag,2078,268583.1505,2773166.767
Ag,2079,269471.0118,2772521.855
Ag,2080,266224.8242,2772665.866
Ag,2081,267951.4271,2771977.549
Ag,2082,263650.0793,2775644.355
Ag,2083,269087.9411,2771503.195
Ag,2084,264992.4608,2773512.246
Ag,2085,264466.7023,2773750.024
Ag,2086,271263.977,2777248.479
Ag,2087,267799.882,2771490.592
Ag,2088,269057.7147,2770809.149
Ag,2089,262786.1681,2775869.9
Ag,2090,269112.2581,2771756.848
Ag,2091,269397.1679,2772436.231
Ag,2092,266824.7749,2773880.713
Ag,2093,264148.8067,2773938.147
Ag,2094,264794.8299,2777099.109
Ag,2095,268683.31,2770715.298
Ag,2096,268050.6284,2774414.022
Ag,2097,265319.602,2772024.666
Ag,2098,268982.473,2770869.183
Ag,2099,268750.2052,2774933.733
Ag,2100,264712.8203,2772391.493
Ag,2101,267360.2469,2774571.843
Ag,2102,265116.1294,2774476.945
Ag,2103,269524.3872,2771486.73
Ag,2104,262168.6786,2775035.99
Ag,2105,264738.2602,2772348.145
Ag,2106,262393.6022,2772696.75
Ag,2107,271689.7067,2778945.372
Ag,2108,270112.0573,2776601.431
Ag,2109,271580.3047,2778848.288
Ag,2110,269108.0706,2774375.992
Ag,2111,268153.123,2771699.551
Ag,2112,267893.9296,2773125.212
Ag,2113,268731.1854,2774947.372
Ag,2114,266746.7979,2772112.648
Ag,2115,267149.0562,2772982.126
Ag,2116,266911.0993,2771495.594
Ag,2117,267084.9039,2772698.08
Ag,2118,269180.3359,2772093.253
Ag,2119,268686.9904,2772023.399
Ag,2120,268552.2406,2773251.417
Ag,2121,271020.641,2779030.593
Ag,2122,268760.4898,2772224.645
Ag,2123,267996.8969,2772522.745
Ag,2124,269373.0642,2774290.13
Ag,2125,269324.8839,2774082.324
Ag,2126,267948.4856,2773842.099
Ag,2127,264246.8762,2772482.817
Ag,2128,269222.5183,2770943.752
Ag,2129,265335.3303,2775489.673
Ag,2130,265128.6436,2773325.581
Ag,2131,269400.1369,2771654.752
Ag,2132,264540.6271,2777314.879
Ag,2133,265198.8966,2772037.523
Ag,2134,266377.6566,2772865.32
Ag,2135,265946.1137,2772492.034
Ag,2136,265538.2195,2772330.994
Ag,2137,269131.1988,2771191.751
Ag,2138,268418.4497,2774443.068
Ag,2139,268427.1417,2772641.835
Ag,2140,269303.5869,2770635.898
Ag,2141,268146.6764,2772634.762
Ag,2142,265494.3447,2772332.594
Ag,2143,269416.3029,2772884.854
Ag,2144,264737.5437,2774985.279
Ag,2145,263390.9141,2774732.318
Ag,2146,269456.9955,2771236.128
Ag,2147,268285.6475,2772609.362
Ag,2148,268062.8544,2770965.306
Ag,2149,268926.1317,2772227.546
Ag,2150,268336.7995,2773081.751
Ag,2151,265093.3008,2774448.169
Ag,2152,269661.1855,2770738.293
Ag,2153,269901.0058,2775547.729
Ag,2154,267487.6289,2771291.935
Ag,2155,269485.1856,2771765.129
Ag,2156,268186.0159,2771414.066
Ag,2157,268636.5205,2772726.213
Ag,2158,267459.1715,2771520.489
Ag,2159,267112.4592,2772913.632
Ag,2160,268026.569,2772999.515
Ag,2161,266894.7557,2772117.095
Ag,2162,264954.3287,2773757.464
Ag,2163,269233.9336,2772393.335
Ag,2164,267699.4943,2774189.394
Ag,2165,268946.3776,2773468.363
Ag,2166,265149.7652,2774417.815
Ag,2167,269068.6999,2774461.207
Ag,2168,263509.5683,2774469.419
Ag,2169,265690.4149,2772582.24
Ag,2170,269259.8425,2771237.98
Ag,2171,263114.9184,2775423.879
Ag,2172,267949.038,2771972.939
Ag,2173,267114.8239,2772600.973
Ag,2174,265462.3374,2774860.337
Ag,2175,269844.6687,2775540.226
Ag,2176,267683.8924,2770875.575
Ag,2177,268371.064,2771833.664
Ag,2178,268210.5097,2771404.984
Ag,2179,264736.4179,2772598.656
Ag,2180,270520.0795,2776781.4
Ag,2181,267660.0518,2772687.639
Ag,2182,266346.1086,2772597.206
Ag,2183,263101.5746,2774611.784
Ag,2184,269351.2898,2771043.033
Ag,2185,266840.4348,2773310.163
Ag,2186,269037.6137,2771396.671
Ag,2187,263405.9981,2775601.242
Ag,2188,265618.138,2773530.649
Ag,2189,265810.1447,2773140.959
Ag,2190,265622.1255,2773583.424
Ag,2191,268725.408,2773199.23
Ag,2192,265610.625,2772555.498
Ag,2193,270279.9863,2776925.796
Ag,2194,267828.4666,2772401.113
Ag,2195,270381.8645,2777214.498
Ag,2196,268176.1115,2771873.963
Ag,2197,263765.3625,2774565.177
Ag,2198,269148.0738,2774737.39
Ag,2199,265640.9743,2776560.523
Ag,2200,264952.3242,2773685.842
Ag,2201,263303.043,2774417.199
Ag,2202,267793.716,2772531.486
Ag,2203,267460.7152,2771520.674
Ag,2204,267619.034,2770594.922
Ag,2205,265661.1544,2773837.882
Ag,2206,265093.3008,2774448.169
Ag,2207,270942.4672,2779051.143
Ag,2208,266198.5332,2772659.764
Ag,2209,268712.0351,2772364.97
Ag,2210,269198.5672,2770802.752
Ag,2211,270819.7292,2779259.505
Ag,2212,267566.783,2772728.332
Ag,2213,271212.36,2778391.786
Ag,2214,269104.5846,2770893.327
Ag,2215,263922.5335,2774658.208
Ag,2216,264239.3541,2772359.504
Ag,2217,264794.8299,2777099.109
Ag,2218,266048.8657,2773453.5
Ag,2219,262390.6829,2776285.177
Ag,2220,269600.99,2771872.451
Ag,2221,267902.7753,2772060.599
Ag,2222,264234.0307,2772452.601
Ag,2223,265922.487,2773269.66
Ag,2224,267649.2935,2774903.839
Ag,2225,265224.6863,2772909.633
Ag,2226,267210.4056,2771476.748
Ag,2227,265855.5107,2772239.094
Ag,2228,267938.8876,2771828.957
Ag,2229,267953.4559,2772866.75
Ag,2230,267637.6047,2771504.979
Ag,2231,269010.4895,2773024.882
Ag,2232,267934.9191,2774990.497
Ag,2233,263556.1108,2774932.797
Ag,2234,267158.3162,2773975.627
Ag,2235,270772.367,2777727.039
Ag,2236,263795.7027,2773604.788
Ag,2237,269441.5752,2772876.395
Ag,2238,268447.2643,2772919.868
Ag,2239,267799.882,2771490.592
Ag,2240,271232.8852,2777734.934
Ag,2241,268724.3187,2772271.76
Ag,2242,262351.2946,2776234.287
Ag,2243,264920.0796,2774049.118
Ag,2244,269557.6098,2771857.754
Ag,2245,269091.3301,2771157.127
Ag,2246,267133.0723,2773985.57
Ag,2247,266050.6234,2773915.11
Ag,2248,269502.2729,2772639.905
Ag,2249,267559.6892,2771000.284
Ag,2250,269527.1863,2772336.593
Ag,2251,264506.1287,2773981.645
Ag,2252,269520.2558,2770922.659
Ag,2253,265929.9398,2773120.513
Ag,2254,266712.513,2772134.583
Ag,2255,265094.9268,2774587.226
Ag,2256,268009.977,2771570.511
Ag,2257,269163.2982,2770812.437
Ag,2258,262934.2409,2777785.166
Ag,2259,264435.9913,2773978.418
Ag,2260,269544.3766,2770891.392
Ag,2261,268947.7221,2774274.926
Ag,2262,265808.4413,2773580.012
Ag,2263,268157.6755,2774187.936
Ag,2264,268342.6313,2771837.528
Ag,2265,268070.0583,2772386.436
Ag,2266,270643.8275,2777911.614
Ag,2267,262440.6233,2776720.382
Ag,2268,267015.1859,2772539.262
Ag,2269,262907.5192,2775010.858
Ag,2270,265527.5159,2772335.617
Ag,2271,269049.6366,2771287.824
Ag,2272,262368.768,2776529.703
Ag,2273,263690.7447,2773903.379
Ag,2274,268829.5592,2771482.415
Ag,2275,263415.7091,2775628.341
Ag,2276,263184.8,2773772.435
Ag,2277,271080.0357,2778305.448
Ag,2278,262636.1122,2775566.225
Ag,2279,265154.7178,2774213.541
Ag,2280,267638.0853,2771985.628
Ag,2281,268271.5521,2773819.696
Ag,2282,268289.0826,2772630.229
Ag,2283,267756.5887,2771435.95
Ag,2284,264276.3517,2772583.98
Ag,2285,268764.0401,2770797.422
Ag,2286,266824.7749,2773880.713
Ag,2287,269424.3708,2772222.923
Ag,2288,262359.3936,2776213.008
Ag,2289,265579.5332,2772000.964
Ag,2290,268891.3573,2770810.485
Ag,2291,267317.4339,2771564.967
Ag,2292,267822.6683,2771562.282
Ag,2293,264794.8314,2777634.103
Ag,2294,262763.957,2772645.705
Ag,2295,268242.6581,2770893.98
Ag,2296,266493.5871,2772438.899
Ag,2297,265172.7258,2772933.567
Ag,2298,267541.2912,2771729.192
Ag,2299,268272.3116,2773592.46
Ag,2300,268397.9531,2771012.459
Ag,2301,269090.9854,2771501.03
Ag,2302,269571.7023,2770821.813
Ag,2303,269276.4088,2771352.261
Ag,2304,263651.6093,2774266.992
Ag,2305,271681.2846,2777800.751
Ag,2306,266209.4006,2772574.817
Ag,2307,265490.3245,2772188.294
Ag,2308,262394.336,2776229.732
Ag,2309,268429.6021,2771833.727
Ag,2310,269146.896,2774713.314
Ag,2311,263788.7696,2774760.506
Ag,2312,268010.1149,2774748.466
Ag,2313,264342.9125,2772468.899
Ag,2314,267981.2437,2771058.216
Ag,2315,263824.1555,2773424.413
Ag,2316,268744.8781,2770803.03
Ag,2317,266437.0497,2772735.577
Ag,2318,265451.2261,2774885.893
Ag,2319,269029.1374,2770895.66
Ag,2320,264390.0004,2773857.248
Ag,2321,263177.5547,2776546.479
Ag,2322,263777.7121,2772343.391
Ag,2323,269087.9411,2771503.195
Ag,2324,264957.7391,2773687.229
Ag,2325,267669.5358,2772249.517
Ag,2326,269475.5972,2772291.809
Ag,2327,269433.8911,2770825.831
Ag,2328,267046.6038,2772845.638
Ag,2329,268333.0342,2771272.066
Ag,2330,269127.1918,2771364.719
Ag,2331,267712.5495,2772514.055
Ag,2332,269444.2136,2771345.833
Ag,2333,269293.0406,2772336.111
Ag,2334,264130.1379,2773348.518
Ag,2335,264973.5563,2777729.307
Ag,2336,268186.0159,2771414.066
Ag,2337,267132.78,2771576.993
Ag,2338,268367.1102,2771509.912
Ag,2339,266026.8379,2772393.629
Ag,2340,262810.2242,2776367.068
Ag,2341,269068.6442,2771273.13
Ag,2342,263530.0717,2774008.683
Ag,2343,267962.1148,2774959.597
Ag,2344,269319.8537,2771188.351
Ag,2345,266069.5989,2772192.302
Ag,2346,263533.4278,2773846.921
Ag,2347,270902.7108,2777512.209
Ag,2348,269364.3123,2770856.386
Ag,2349,268427.584,2772713.271
Ag,2350,267463.9716,2771530.975
Ag,2351,269598.3177,2771668.526
Ag,2352,269303.5333,2770632.729
Ag,2353,265611.4377,2773857.76
Ag,2354,271798.5509,2779284.692
Ag,2355,265335.3126,2773341.047
Ag,2356,268888.3216,2772450.758
Ag,2357,264716.1572,2773299.504
Ag,2358,267700.114,2770878.258
Ag,2359,263440.6242,2776841.431
Ag,2360,265135.1049,2772985.156
Ag,2361,268213.1305,2770742.718
Ag,2362,267246.5005,2772870.338
Ag,2363,265471.2452,2772512.236
Ag,2364,262762.373,2772643.196
Ag,2365,269500.8544,2772647.115
Ag,2366,268311.8356,2774105.629
Ag,2367,269438.8029,2771390.312
Ag,2368,271914.3378,2780084.254
Ag,2369,267186.1626,2773531.693
Ag,2370,265487.5811,2773372.883
Ag,2371,269378.9539,2771631.86
Ag,2372,267950.0213,2771396.516
Ag,2373,265685.1278,2777157.744
Ag,2374,264962.3035,2772298.204
Ag,2375,267283.1632,2772987.869
Ag,2376,268296.7722,2774352.132
Ag,2377,263872.2207,2774065.321
Ag,2378,269087.6648,2770803.781
Ag,2379,266110.3156,2772545.655
Ag,2380,266150.601,2773098.551
Ag,2381,267975.8331,2771464.984
Ag,2382,262329.114,2775933.88
Ag,2383,263225.7233,2773024.293
Ag,2384,269169.6113,2772051.16
Ag,2385,267021.306,2772897.644
Ag,2386,267149.0562,2772982.126
Ag,2387,263390.9141,2774732.318
Ag,2388,265648.8495,2772404.343
Ag,2389,265421.2063,2774752.398
Ag,2390,266905.3332,2771608.988
Ag,2391,266221.5411,2772069.639
Ag,2392,269226.8995,2771157.371
Ag,2393,267368.9667,2770882.628
Ag,2394,267845.5991,2771597.191
Ag,2395,266788.4373,2772205.575
Ag,2396,263103.7565,2776022.063
Ag,2397,269623.4876,2771471.318
Ag,2398,271237.9085,2778629.356
Ag,2399,270272.0896,2776914.093
Ag,2400,267990.3609,2771413.374
Ag,2401,268719.8077,2773868.099
Ag,2402,268185.8781,2771678.069
Ag,2403,267779.021,2771622.631
Ag,2404,268785.4306,2773378.088
Ag,2405,268242.9095,2771453.26
Ag,2406,263449.8114,2774531.755
Ag,2407,269247.7258,2774755.995
Ag,2408,263850.3899,2776449.824
Ag,2409,267590.0588,2772828.759
Ag,2410,264973.0005,2773232.086
Ag,2411,263591.6215,2775381.781
Ag,2412,267954.7851,2772582.645
Ag,2413,268995.7288,2774563.055
Ag,2414,270996.6417,2778702.319
Ag,2415,265492.1041,2772202.214
Ag,2416,269406.2375,2770647.903
Ag,2417,267055.43,2774128.938
Ag,2418,264807.8304,2773166.87
Ag,2419,267778.4754,2770594.323
Ag,2420,263519.7888,2773237.968
Ag,2421,270447.8572,2776561.949
Ag,2422,267786.4131,2772057.083
Ag,2423,268763.8884,2772243.4
Ag,2424,269029.8781,2771258.144
Ag,2425,266937.1147,2772297.306
Ag,2426,269180.8631,2770803.474
Ag,2427,269004.917,2774423.607
Ag,2428,266773.3288,2773259.101
Ag,2429,264032.0031,2775287.696
Ag,2430,263674.3618,2772913.361
Ag,2431,268636.5205,2772726.213
Ag,2432,269437.9826,2772891.674
Ag,2433,267212.2417,2773841.331
Ag,2434,268936.1827,2773457.545
Ag,2435,265758.4966,2774259.169
Ag,2436,269558.0266,2772064.887
Ag,2437,267285.7262,2774085.902
Ag,2438,269006.2526,2774411.536
Ag,2439,269236.8946,2774980.441
Ag,2440,267962.2058,2773607.455
Ag,2441,263840.9907,2774796.593
Ag,2442,268707.8493,2771527.174
Ag,2443,268701.3427,2773959.935
Ag,2444,267509.9149,2772509.686
Ag,2445,262262.2044,2776644.651
Ag,2446,263936.6629,2775251.722
Ag,2447,268444.926,2771011.663
Ag,2448,265836.7276,2772176.85
Ag,2449,267843.9999,2770733.136
Ag,2450,268956.144,2774135.702
Ag,2451,267345.6091,2772494.731
Ag,2452,269290.4742,2771409.727
Ag,2453,263892.1625,2773615.8
Ag,2454,268659.75,2772551.862
Ag,2455,269520.1754,2772377.506
Ag,2456,263539.4293,2773038.087
Ag,2457,268474.6292,2775030.357
Ag,2458,264077.3331,2776215.702
Ag,2459,268608.8026,2773226.15
Ag,2460,264956.9211,2773595.083
Ag,2461,268400.4235,2773789.817
Ag,2462,269407.807,2771880.787
Ag,2463,267786.7188,2773025.367
Ag,2464,269109.9161,2770935.299
Ag,2465,267157.9279,2771199.901
Ag,2466,265385.3681,2772982.541
Ag,2467,268330.4355,2773069.811
Ag,2468,264712.9214,2773067.258
Ag,2469,264977.6347,2773232.852
Ag,2470,269481.2428,2771759.7
Ag,2471,268585.4585,2771304.563
Ag,2472,267038.3081,2772720.647
Ag,2473,270940.693,2777847.856
Ag,2474,263650.0793,2775644.355
Ag,2475,265057.411,2773437.78
Ag,2476,269324.8839,2774082.324
Ag,2477,263012.8634,2772253.923
Ag,2478,268890.7011,2773318.6
Ag,2479,269172.6707,2775325.849
Ag,2480,267869.9173,2772075.954
Ag,2481,268423.9794,2772637.028
Ag,2482,264614.5424,2775354.14
Ag,2483,268563.8412,2772754.924
Ag,2484,269187.1715,2771449.943
Ag,2485,265642.7421,2773842.003
Ag,2486,265398.4384,2773742.419
Ag,2487,268851.5211,2770686.874
Ag,2488,271064.1256,2777267.69
Ag,2489,263066.4058,2774936.65
Ag,2490,267356.7313,2770797.443
Ag,2491,269440.651,2775599.686
Ag,2492,269001.9547,2773839.643
Ag,2493,267554.5382,2772190.39
Ag,2494,266809.0915,2772107.145
Ag,2495,269981.5365,2775939.303
Ag,2496,264476.5409,2774052.122
Ag,2497,269195.0058,2771776.586
Ag,2498,267727.3882,2772345.129
Ag,2499,268237.2748,2772754.126
Ag,2500,263873.647,2774058.744
Ag,2501,267587.0474,2772832.827
Ag,2502,268103.8353,2771790.643
Ag,2503,267243.9913,2772723.266
Ag,2504,268894.0905,2771290.457
Ag,2505,268982.473,2770869.183
Ag,2506,269369.959,2774561.792
Ag,2507,266456.1591,2772052.094
Ag,2508,266911.0993,2771495.594
Ag,2509,264649.4398,2773539.298
Ag,2510,268961.2145,2774525.805
Ag,2511,263571.1314,2773844.999
Ag,2512,264719.7064,2772388.838
Ag,2513,265338.3856,2775532.952
Ag,2514,267950.5212,2772603.643
Ag,2515,269230.193,2772991.783
Ag,2516,262928.8762,2778272.912
Ag,2517,267819.7061,2772067.296
Ag,2518,269550.6727,2771857.448
Ag,2519,269484.5952,2772322.94
Ag,2520,267725.7511,2772339.45
Ag,2521,264244.8077,2772541.404
Ag,2522,268911.3825,2775038.587
Ag,2523,266877.7448,2772068.136
Ag,2524,267023.8542,2773768.243
Ag,2525,269191.7693,2772040.64
Ag,2526,267502.2152,2772509.817
Ag,2527,265609.0772,2773854.841
Ag,2528,267490.6249,2773456.535
Ag,2529,268493.2638,2772589.773
Ag,2530,270952.9079,2777750.21
Ag,2531,264716.0059,2772397.568
Ag,2532,268420.1581,2774452.973
Ag,2533,268532.601,2773773.2
Ag,2534,263599.286,2773736.497
Ag,2535,266063.2555,2773529.136
Ag,2536,268815.3111,2770640.986
Ag,2537,269184.7271,2772079.651
Ag,2538,268432.32,2771812.333
Ag,2539,269438.6922,2772022.093
Ag,2540,265302.4397,2772594.193
Ag,2541,267382.6395,2772317.605
Ag,2542,268277.974,2771885.339
Ag,2543,271217.1731,2778403.33
Ag,2544,268106.3155,2774292.382
Ag,2545,269161.1284,2771139.671
Ag,2546,269152.1533,2771702.063
Ag,2547,263693.6158,2772868.85
Ag,2548,266412.8644,2771907.622
Ag,2549,267052.754,2772799.876
Ag,2550,265663.4235,2772490.544
Ag,2551,269298.0315,2771629
Ag,2552,271124.6468,2777982.573
Ag,2553,268192.8582,2774083.133
Ag,2554,265599.226,2777311.201
Ag,2555,263263.5645,2775602.659
Ag,2556,267746.3723,2770835.409
Ag,2557,268452.6535,2771467.244
Ag,2558,266244.7737,2774279.148
Ag,2559,264509.6491,2777438.013
Ag,2560,268353.7008,2771809.017
Ag,2561,265919.8062,2772889.022
Ag,2562,267535.7277,2772216.497
Ag,2563,266994.5277,2772637.48
Ag,2564,267560.6983,2770697.584
Ag,2565,268007.0166,2771894.803
Ag,2566,268070.7205,2772380.083
Ag,2567,268721.9602,2771041.631
Ag,2568,268615.1072,2772598.909
Ag,2569,264251.1453,2772417.851
Ag,2570,268990.7807,2771587.695
Ag,2571,267036.2897,2772647.547
Ag,2572,262911.1823,2776991.416
Ag,2573,263670.4601,2774288.226
Ag,2574,270837.4462,2779123.085
Ag,2575,268928.5167,2775504.155
Ag,2576,267709.3993,2774770.708
Ag,2577,269635.4849,2770858.572
Ag,2578,269259.6209,2773775.252
Ag,2579,268863.1585,2770828.294
Ag,2580,263635.4112,2775109.401
Ag,2581,269965.369,2775802.609
Ag,2582,265615.6756,2772042.406
Ag,2583,267692.9965,2771455.844
Ag,2584,263581.8785,2774997.665
Ag,2585,268948.1517,2774118.505
Ag,2586,263374.457,2775957.751
Ag,2587,268088.5726,2771209.635
Ag,2588,265916.0217,2774149.297
Ag,2589,266224.8242,2772665.866
Ag,2590,269454.6783,2771235.745
Ag,2591,268701.9857,2771772.039
Ag,2592,268674.354,2770959.581
Ag,2593,269156.1389,2772256.416
Ag,2594,268890.8808,2772601.844
Ag,2595,269459.2633,2771644.03
Ag,2596,271814.5779,2785829.847
Ag,2597,267966.224,2771171.554
Ag,2598,267025.6076,2772653.436
Ag,2599,269315.3346,2771604.611
Ag,2600,268970.0768,2774548.905
Ag,2601,269189.7622,2771329.842
Ag,2602,267892.2774,2771352.687
Ag,2603,268883.4582,2774254.456
Ag,2604,264136.208,2773565.92
Ag,2605,270990.2069,2779509.219
Ag,2606,268679.2225,2771519.627
Ag,2607,269572.7383,2771522.057
Ag,2608,269222.5183,2770943.752
Ag,2609,267540.0881,2772155.971
Ag,2610,265456.1507,2772485.44
Ag,2611,262415.5241,2776473.294
Ag,2612,262667.3331,2773157.019
Ag,2613,267825.0837,2772473.882
Ag,2614,266920.6539,2772100.166
Ag,2615,265158.5443,2773988.572
Ag,2616,267667.5286,2771995.907
Ag,2617,269080.5274,2775159.371
Ag,2618,266810.7104,2772787.736
Ag,2619,270309.6103,2777860.391
Ag,2620,269257.6059,2774020.263
Ag,2621,265162.6449,2772974.325
Ag,2622,269481.4568,2772547.466
Ag,2623,268250.0366,2771691.564
Ag,2624,265658.0089,2772444.347
Ag,2625,270874.0556,2778508.445
Ag,2626,267133.5605,2771216.381
Ag,2627,268445.4848,2771317.082
Ag,2628,269204.9313,2770814.692
Ag,2629,266396.9742,2772644.105
Ag,2630,264139.3307,2775482.419
Ag,2631,270434.4295,2777820.662
Ag,2632,269275.9189,2771186.557
Ag,2633,263603.1466,2773737.064
Ag,2634,269190.4515,2772463.611
Ag,2635,263921.7966,2774660.123
Ag,2636,263931.7109,2775232.572
Ag,2637,269301.7745,2774628.047
Ag,2638,263570.6321,2774793.247
Ag,2639,264453.7736,2773536.546
Ag,2640,262814.267,2777174.044
Ag,2641,265668.2805,2772414.578
Ag,2642,269104.1716,2772507.978
Ag,2643,269456.9955,2771236.128
Ag,2644,262639.2025,2775566.805
Ag,2645,269555.6712,2770967.294
Ag,2646,269092.2166,2771755.919
Ag,2647,265127.2489,2772976.202
Ag,2648,268720.4939,2772046.082
Ag,2649,262391.0531,2776438.843
Ag,2650,268709.7646,2771731.112
Ag,2651,267831.0164,2771554.953
Ag,2652,268965.7269,2771654.701
Ag,2653,265936.8925,2772268.77
Ag,2654,269217.7397,2774895.16
Ag,2655,265591.6552,2772572.099
Ag,2656,268260.126,2773192.543
Ag,2657,264129.7882,2773372.833
Ag,2658,269466.9527,2771643.266
Ag,2659,266482.1373,2772714.936
Ag,2660,268286.0961,2772635.775
Ag,2661,267880.6857,2773161.582
Ag,2662,269244.2347,2770633.519
Ag,2663,269548.1888,2771664.722
Ag,2664,267731.1244,2773831.003
Ag,2665,270188.264,2775824.424
Ag,2666,269287.9387,2771715.409
Ag,2667,262126.9556,2774145.33
Ag,2668,264753.7247,2773244.955
Ag,2669,268457.0066,2771315.196
Ag,2670,268775.9718,2773683.255
Ag,2671,266721.0842,2772861.134
Ag,2672,266480.7253,2772452.436
Ag,2673,264731.1559,2773231.394
Ag,2674,269004.4513,2774532.47
Ag,2675,268078.8962,2771501.49
Ag,2676,265938.5505,2773128.609
Ag,2677,264587.4384,2774052.109
Ag,2678,268036.7184,2771693.708
Ag,2679,263508.8318,2775802.803
Ag,2680,265523.3072,2772180.329
Ag,2681,271768.8388,2778247.38
Ag,2682,264788.4614,2773472.853
Ag,2683,269276.5373,2772179.978
Ag,2684,269473.9113,2771644.84
Ag,2685,263911.6539,2774741.468
Ag,2686,267381.1887,2772277.681
Ag,2687,267124.9371,2772922.719
Ag,2688,263488.3229,2772755.727
Ag,2689,269027.2741,2771650.488
Ag,2690,264526.5119,2776008.392
Ag,2691,269556.9117,2775234.799
Ag,2692,268752.7746,2773677.73
Ag,2693,266866.9288,2772381.786
Ag,2694,267656.7774,2772043.014
Ag,2695,268188.9458,2772810.749
Ag,2696,266706.1617,2772979.335
Ag,2697,268015.6856,2772993.571
Ag,2698,265615.7119,2773703.172
Ag,2699,269558.8322,2772066.987
Ag,2700,269326.6645,2774051.011
Ag,2701,268086.5225,2773490.778
Ag,2702,265344.4536,2773111.337
Ag,2703,269242.6775,2773866.216
Ag,2704,271020.641,2779030.593
Ag,2705,269400.1369,2771654.752
Ag,2706,269266.2249,2771159.877
Ag,2707,269815.9472,2776027.915
Ag,2708,267761.236,2774287.687
Ag,2709,271064.9847,2778234.47
Ag,2710,263637.4,2773980.4
Ag,2711,266321.86,2774103.866
Ag,2712,262486.105,2776723.394
Ag,2713,269484.4902,2772544.667
Ag,2714,268992.1769,2775534.782
Ag,2715,264740.0042,2772359.952
Ag,2716,266588.0922,2772875.669
Ag,2717,268109.1984,2773510.895
Ag,2718,269030.801,2774815.047
Ag,2719,268510.738,2772666.415
Ag,2720,267808.0952,2774552.159
Ag,2721,268885.1897,2770810.166
Ag,2722,269036.7047,2770705.511
Ag,2723,264861.1866,2773536.703
Ag,2724,262395.8719,2776229.493
Ag,2725,268847.6708,2770686.939
Ag,2726,263513.0096,2773957.402
Ag,2727,266344.2311,2772712.436
Ag,2728,262490.7235,2776723.314
Ag,2729,265524.364,2772197.01
Ag,2730,269545.9167,2770891.366
Ag,2731,268987.6499,2771766.778
Ag,2732,267059.4457,2772560.278
Ag,2733,264699.5856,2776042.604
Ag,2734,267229.5116,2773950.738
Ag,2735,268742.7885,2771816.369
Ag,2736,267819.5209,2772509.064
Ag,2737,265116.9995,2773409.697
Ag,2738,266580.0202,2772809.013
Ag,2739,264885.5496,2773565.03
Ag,2740,268360.8535,2773183.011
Ag,2741,266258.9802,2773939.861
Ag,2742,269357.0818,2772388.505
Ag,2743,268569.2586,2771121.369
Ag,2744,265493.6086,2774305.575
Ag,2745,265731.39,2772411.803
Ag,2746,265661.4812,2773856.9
Ag,2747,267051.3817,2772539.067
Ag,2748,271037.8415,2777581.801
Ag,2749,269656.0445,2770935.797
Ag,2750,271103.5935,2778332.952
Ag,2751,265128.8494,2772934.957
Ag,2752,265520.8577,2772575.641
Ag,2753,267023.7567,2773762.537
Ag,2754,269327.1448,2770616.9
Ag,2755,266719.7045,2772329.979
Ag,2756,263430.5885,2774888.471
Ag,2757,264409.8921,2776656.164
Ag,2758,269144.2126,2771050.337
Ag,2759,268360.8535,2773183.011
Ag,2760,267542.2406,2771558.811
Ag,2761,266866.422,2774289.641
Ag,2762,267844.5659,2775065.805
Ag,2763,266488.6976,2771973.118
Ag,2764,265469.8,2773368.961
Ag,2765,263313.5099,2772757.068
Ag,2766,263097.6553,2772257.736
Ag,2767,264255.012,2774379.356
Ag,2768,263046.728,2775266.531
Ag,2769,264140.0908,2776460.447
Ag,2770,268043.617,2774409.279
Ag,2771,264573.8009,2773619.024
Ag,2772,268421.1713,2776234.599
Ag,2773,267456.7648,2772464.09
Ag,2774,262189.8706,2775500.233
Ag,2775,263594.7888,2775386.799
Ag,2776,269441.2991,2770808.374
Ag,2777,267756.3945,2771696.15
Ag,2778,267677.9417,2771974.169
Ag,2779,267462.14,2771513.886
Ag,2780,264524.5464,2780745.601
Ag,2781,265711.2814,2773841.882
Ag,2782,268500.0375,2772671.247
Ag,2783,266181.7692,2772939.909
Ag,2784,266197.3889,2772592.989
Ag,2785,267985.5542,2771629.053
Ag,2786,268437.6539,2771445.727
Ag,2787,270291.1009,2776991.344
Ag,2788,263557.4657,2774433.71
Ag,2789,265269.9802,2778220.927
Ag,2790,268419.7805,2772707.274
Ag,2791,266145.5039,2772891.069
Ag,2792,266438.4371,2772681.653
Ag,2793,268758.4263,2770647.868
Ag,2794,264222.6843,2772687.425
Ag,2795,265673.4201,2775357.876
Ag,2796,268568.9433,2772147.572
Ag,2797,264166.5504,2773316.394
Ag,2798,262925.8306,2778274.868
Ag,2799,264721.3885,2772397.052
Ag,2800,267428.8171,2772902.951
Ag,2801,269624.0382,2775516.053
Ag,2802,265845.9242,2778359.393
Ag,2803,264733.4785,2773321.4
Ag,2804,264393.8025,2773854.435
Ag,2805,265084.3204,2774686.755
Ag,2806,269233.9336,2772393.335
Ag,2807,268707.7526,2771521.468
Ag,2808,265457.8383,2774867.39
Ag,2809,268881.8994,2773980.758
Ag,2810,268063.8841,2772385.695
Ag,2811,269494.4605,2770717.856
Ag,2812,269089.4572,2775186.487
Ag,2813,271549.6129,2777432.223
Ag,2814,263649.6111,2775395.36
Ag,2815,267473.7336,2771516.224
Ag,2816,268544.8618,2771317.933
Ag,2817,271244.7994,2778627.127
Ag,2818,265756.0656,2773938.345
Ag,2819,262987.7118,2775282.565
Ag,2820,267779.3185,2773902.472
Ag,2821,269199.9195,2772067.134
Ag,2822,269273.8338,2771199.908
Ag,2823,266882.5631,2771944.401
Ag,2824,269317.7443,2770653.203
Ag,2825,267374.468,2770798.62
Ag,2826,269410.4491,2775498.528
Ag,2827,267478.5455,2770713.356
Ag,2828,267257.2046,2772549.716
Ag,2829,262922.8874,2777133.047
Ag,2830,264212.1668,2776843.272
Ag,2831,268047.2447,2771542.611
Ag,2832,268607.0509,2772714.242
Ag,2833,264329.7423,2774024.643
Ag,2834,268650.3379,2771542.31
Ag,2835,265160.6479,2772858.314
Ag,2836,267166.8712,2772852.673
Ag,2837,270501.9331,2778217.107
Ag,2838,268312.1218,2771855.167
Ag,2839,269595.531,2770773.219
Ag,2840,267883.3117,2772863.293
Ag,2841,264716.2382,2772589.704
Ag,2842,265016.3371,2774182.739
Ag,2843,267110.5784,2773885.975
Ag,2844,265084.8286,2774448.103
Ag,2845,269598.9522,2771660.483
Ag,2846,264246.8762,2772482.817
Ag,2847,267041.7233,2773822.471
Ag,2848,268588.4524,2770754.107
Ag,2849,268767.32,2770627.214
Ag,2850,269076.8201,2771756.391
Ag,2851,265933.4641,2772158.703
Ag,2852,263643.1873,2772580.983
Ag,2853,267865.1861,2772522.238
Ag,2854,267434.9191,2771498.496
Ag,2855,267914.9276,2771824.08
Ag,2856,264987.2642,2774059.797
Ag,2857,267760.0024,2772134.471
Ag,2858,269560.8395,2770817.135
Ag,2859,264792.7121,2773183.407
Ag,2860,262549.909,2776143.101
Ag,2861,268476.0939,2772984.903
Ag,2862,268996.4225,2771147.319
Ag,2863,271815.9438,2777704.858
Ag,2864,269301.1909,2772180.406
Ag,2865,264918.9966,2772601.005
Ag,2866,269238.3341,2772516.911
Ag,2867,264772.8702,2772702.659
Ag,2868,266191.209,2774703.236
Ag,2869,263686.1574,2775193.706
Ag,2870,266213.006,2772065.98
Ag,2871,269420.0915,2770647.247
Ag,2872,267952.1941,2772611.436
Ag,2873,266954.0162,2772926.061
Ag,2874,267296.2547,2771181.055
Ag,2875,269250.1458,2772395.597
Ag,2876,269546.4307,2770967.45
Ag,2877,269576.3229,2775198.749
Ag,2878,267329.6658,2771649.941
Ag,2879,266000.4936,2772339.546
Ag,2880,266713.453,2772910.303
Ag,2881,266700.7431,2772977.737
Ag,2882,270243.8203,2776835.729
Ag,2883,264132.6925,2773362.636
Ag,2884,267978.2885,2774914.511
Ag,2885,264191.8138,2774153.853
Ag,2886,270457.9607,2778211.719
Ag,2887,267273.8315,2770859.731
Ag,2888,262679.282,2773887.969
Ag,2889,264798.8637,2777421.811
Ag,2890,263759.6511,2775435.305
Ag,2891,269415.8306,2771990.985
Ag,2892,267770.7305,2772855.274
Ag,2893,263748.51,2774748.099
Ag,2894,268767.32,2770627.214
Ag,2895,268662.9341,2772603.382
Ag,2896,266189.1365,2772605.813
Ag,2897,263683.1629,2773910.275
Ag,2898,270833.6632,2778441.276
Ag,2899,269330.8571,2774753.954
Ag,2900,267676.6454,2772667.065
Ag,2901,269549.0563,2771168.627
Ag,2902,263821.3901,2772152.396
Ag,2903,268005.6297,2772990.994
Ag,2904,269002.5435,2771144.89
Ag,2905,268095.2193,2773141.657
Ag,2906,265633.9584,2772120.301
Ag,2907,269357.1806,2771254.935
Ag,2908,268561.7331,2770631.965
Ag,2909,266377.6566,2772865.32
Ag,2910,264695.5842,2772910.505
Ag,2911,265999.633,2772334.277
Ag,2912,267327.3114,2771376.255
Ag,2913,266932.7593,2774115.816
Ag,2914,270952.2164,2777846.394
Ag,2915,268589.4896,2772178.295
Ag,2916,266390.3369,2772616.317
Ag,2917,263665.0344,2772908.45
Ag,2918,265566.2994,2773606.366
Ag,2919,266408.5459,2772915.098
Ag,2920,267412.37,2773925.635
Ag,2921,267693.2922,2774186.963
Ag,2922,267624.3117,2771945.702
Ag,2923,269513.3004,2770921.297
Ag,2924,264460.2644,2777342.691
Ag,2925,267607.5306,2771502.955
Ag,2926,268737.9458,2772575.901
Ag,2927,269339.7835,2771638.44
Ag,2928,267728.6768,2770746.089
Ag,2929,267517.6715,2772738.892
Ag,2930,264148.8067,2773938.147
Ag,2931,265745.6184,2773823.325
Ag,2932,268180.4202,2771583.468
Ag,2933,269437.6076,2775601.851
Ag,2934,265800.7639,2772594.507
Ag,2935,269096.8018,2770797.497
Ag,2936,269884.8525,2775776.702
Ag,2937,269375.4332,2774339.127
Ag,2938,268492.4508,2772587.25
Ag,2939,269687.2996,2770779.492
Ag,2940,268309.4331,2773873.586
Ag,2941,267996.8969,2772522.745
Ag,2942,268553.7007,2772111.687
Ag,2943,267391.6906,2770860.047
Ag,2944,269129.2964,2773901.32
Ag,2945,266144.9456,2772948.361
Ag,2946,268937.9144,2774286.929
Ag,2947,268495.3008,2774388.497
Ag,2948,269255.3727,2771474.788
Ag,2949,271119.7008,2777505.178
Ag,2950,268242.8585,2773672.013
Ag,2951,267362.2731,2775637.969
Ag,2952,268315.1589,2773077.257
Ag,2953,271019.5164,2779100.997
Ag,2954,271816.7524,2777707.17
Ag,2955,269348.2664,2774463.027
Ag,2956,269042.308,2770763.543
Ag,2957,264139.5533,2773937.462
Ag,2958,268451.4928,2771444.224
Ag,2959,266972.9481,2771779.679
Ag,2960,271049.873,2778251.422
Ag,2961,263641.5851,2774088.552
Ag,2962,269526.745,2771808.815
Ag,2963,269143.9649,2771536.7
Ag,2964,262310.4957,2775970.14
Ag,2965,270470.3344,2777438.748
Ag,2966,269347.0405,2772295.673
Ag,2967,267930.2351,2771002.858
Ag,2968,262577.4303,2777059.375
Ag,2969,264567.58,2773526.337
Ag,2970,264253.2049,2772581.632
Ag,2971,269843.6937,2776257.416
Ag,2972,267438.8197,2771501.389
Ag,2973,267670.1766,2772060.964
Ag,2974,269091.8117,2770821.255
Ag,2975,268926.1317,2772227.546
Ag,2976,269340.1083,2770973.893
Ag,2977,269138.6322,2774680.058
Ag,2978,265354.9106,2773181.968
Ag,2979,267463.6261,2772459.957
Ag,2980,263674.2556,2772907.233
Ag,2981,263180.0533,2774252.98
Ag,2982,269595.601,2771644.476
Ag,2983,270647.6473,2777909.859
Ag,2984,268306.4052,2771699.907
Ag,2985,268958.9688,2773393.325
Ag,2986,268088.3341,2771603.633
Ag,2987,262816.2813,2777554.915
Ag,2988,268458.6882,2771459.744
Ag,2989,266980.1849,2771797.522
Ag,2990,267056.1999,2774128.925
Ag,2991,269238.4736,2774982.739
Ag,2992,268940.4924,2774030.071
Ag,2993,265493.5383,2772733.796
Ag,2994,265133.4299,2773200.999
Ag,2995,266411.1308,2772931.118
Ag,2996,268597.3452,2771960.24
Ag,2997,268453.3651,2772053.994
Ag,2998,268061.1393,2774488.668
Ag,2999,267757.4555,2773839.644
Ag,3000,270217.6511,2776334.171
Ag,3001,264569.1191,2773660.112
Ag,3002,267862.2967,2775021.749
Ag,3003,267944.7254,2771628.69
Ag,3004,268065.2589,2772375.949
Ag,3005,264050.3932,2773235.332
Ag,3006,267471.1104,2772492.381
Ag,3007,269400.8899,2772337.459
Ag,3008,268539.7303,2771832.916
Ag,3009,269414.1991,2771757.662
Ag,3010,263606.9557,2775377.922
Ag,3011,263776.1026,2772339.403
Ag,3012,264165.298,2773600.294
Ag,3013,262136.9856,2775823.299
Ag,3014,267577.9531,2770670.446
Ag,3015,269485.2934,2775052.33
Ag,3016,269310.2797,2771487.81
Ag,3017,269849.8195,2776255.41
Ag,3018,265976.568,2772381.597
Ag,3019,265502.978,2772341.957
Ag,3020,269145.3098,2773027.461
Ag,3021,265864.6214,2772186.517
Ag,3022,263964.5829,2779261.074
Ag,3023,268549.247,2773256.54
Ag,3024,262648.7579,2777396.762
Ag,3025,267358.5036,2771534.252
Ag,3026,269038.9765,2770885.348
Ag,3027,267160.351,2771251.645
Ag,3028,262650.2678,2777395.045
Ag,3029,263985.5216,2774026.157
Ag,3030,268267.3132,2770848.962
Ag,3031,269383.4535,2774858.748
Ag,3032,271066.9172,2779493.344
Ag,3033,268401.3816,2771078.349
Ag,3034,267764.3155,2774287.634
Ag,3035,269423.1704,2771376.837
Ag,3036,269594.0477,2770685.316
Ag,3037,269917.4751,2777252.14
Ag,3038,267216.7574,2772029.798
Ag,3039,265464.0752,2774782.31
Ag,3040,267138.6889,2773998.791
Ag,3041,263963.707,2779254.959
Ag,3042,262668.6063,2776193.878
Ag,3043,267920.779,2770990.337
Ag,3044,269225.1096,2773055.491
Ag,3045,263848.088,2776450.287
Ag,3046,263299.0731,2774454.682
Ag,3047,262040.2298,2775485.935
Ag,3048,269089.4811,2771503.169
Ag,3049,264513.2766,2773548.201
Ag,3050,269523.1639,2770821.153
Ag,3051,270059.9799,2776389.885
Ag,3052,268647.2721,2771406.874
Ag,3053,267478.4016,2770659.67
Ag,3054,268639.4847,2775351.8
Ag,3055,268610.3639,2773227.391
Ag,3056,264558.3186,2773614.43
Ag,3057,265882.6766,2773956.462
Ag,3058,269607.8632,2770956.267
Ag,3059,271154.0744,2777992.858
Ag,3060,268635.8222,2772730.452
Ag,3061,264697.5061,2776055.957
Ag,3062,268159.7262,2771770.882
Ag,3063,268516.3374,2771180.181
Ag,3064,264130.034,2773565.181
Ag,3065,265623.7162,2773586.356
Ag,3066,267353.6205,2773912.687
Ag,3067,268120.6797,2773053.717
Ag,3068,266931.6209,2771885.436
Ag,3069,267151.444,2773888.871
Ag,3070,267978.8701,2771462.396
Ag,3071,265810.8411,2773630.066
Ag,3072,267957.4982,2771791.017
Ag,3073,267373.4412,2772049.109
Ag,3074,268593.4291,2773409.457
Ag,3075,262680.9643,2773143.676
Ag,3076,268488.5774,2772086.581
Ag,3077,269919.7413,2777249.565
Ag,3078,269105.771,2771464.424
Ag,3079,267776.915,2771453.57
Ag,3080,267013.5452,2772894.184
Ag,3081,268904.3446,2773351.131
Ag,3082,263444.6906,2774724.832
Ag,3083,269661.1855,2770738.293
Ag,3084,268441.8781,2771013.617
Ag,3085,268342.1028,2771897.143
Ag,3086,269483.7631,2772547.215
Ag,3087,267758.4349,2771680.263
Ag,3088,267402.8734,2772239.476
Ag,3089,265850.6636,2772181.05
Ag,3090,264737.5437,2774985.279
Ag,3091,269373.1264,2771241.35
Ag,3092,266512.9436,2771994.686
Ag,3093,268342.5166,2771830.766
Ag,3094,269653.8486,2770759.976
Ag,3095,266306.1752,2772918.754
Ag,3096,268221.104,2773207.579
Ag,3097,271525.9818,2778593.023
Ag,3098,264165.1811,2773593.532
Ag,3099,262955.5478,2776399.416
Ag,3100,269598.4265,2770944.801
Ag,3101,271092.7015,2778326.16
Ag,3102,263966.3877,2773588.093
Ag,3103,264273.5536,2772689.505
Ag,3104,268986.1972,2774318.662
Ag,3105,269577.3597,2770746.26
Ag,3106,268849.1108,2770680.997
Ag,3107,265231.5828,2772325.698
Ag,3108,267681.9316,2771484.567
Ag,3109,267457.5038,2773862.722
Ag,3110,267063.5084,2772076.378
Ag,3111,269093.5866,2771153.919
Ag,3112,268583.1505,2773166.767
Ag,3113,268742.2441,2771829.694
Ag,3114,267375.9173,2771878.068
Ag,3115,267275.6851,2773993.915
Ag,3116,267193.1136,2770778.883
Ag,3117,265351.0209,2773179.71
Ag,3118,267898.762,2772549.145
Ag,3119,268894.8068,2771287.274
Ag,3120,268642.5065,2775348.367
Ag,3121,264799.2331,2773472.245
Ag,3122,269636.5529,2771469.618
Ag,3123,269614.1842,2771011.327
Ag,3124,266763.7652,2772204.094
Ag,3125,268692.5917,2771717.665
Ag,3126,268990.0672,2771773.078
Ag,3127,266216.5608,2772543.2
Ag,3128,267355.9187,2772060.399
Ag,3129,269423.9761,2770786.05
Ag,3130,267596.8333,2774898.181
Ag,3131,264465.3301,2777412.992
Ag,3132,270114.5305,2775881.046
Ag,3133,263654.8434,2775208.623
Ag,3134,270356.0089,2777416.157
Ag,3135,264193.5487,2773942.447
Ag,3136,268371.7587,2771829.213
Ag,3137,264015.5129,2773979.135
Ag,3138,269161.0819,2771136.924
Ag,3139,265925.5922,2773271.086
Ag,3140,271404.231,2778219.257
Ag,3141,268025.2371,2772287.008
Ag,3142,268395.7077,2771833.457
Ag,3143,271230.5868,2777735.607
Ag,3144,269506.0024,2775411.73
Ag,3145,264462.8611,2773973.515
Ag,3146,264312.4554,2773871.059
Ag,3147,264477.2779,2774050.207
Ag,3148,267593.4092,2772437.666
Ag,3149,267821.2182,2771567.591
Ag,3150,268276.8827,2771276.612
Ag,3151,269577.83,2770682.841
Ag,3152,269302.8096,2770635.489
Ag,3153,265116.0112,2772949.762
Ag,3154,268188.7931,2771350.819
Ag,3155,265155.4171,2772688.67
Ag,3156,266398.4086,2772592.928
Ag,3157,267822.961,2773797.1
Ag,3158,263303.0761,2774419.101
Ag,3159,268828.7992,2772256.039
Ag,3160,269961.4524,2775798.66
Ag,3161,266886.2352,2772114.282
Ag,3162,268884.0191,2770786.513
Ag,3163,264121.2107,2773277.65
Ag,3164,269551.927,2770836.732
Ag,3165,265859.1933,2773081.989
Ag,3166,269524.3872,2771486.73
Ag,3167,265935.1114,2773691.134
Ag,3168,267506.7502,2771962.289
Ag,3169,267986.7508,2771563.508
Ag,3170,264716.6301,2772389.102
Ag,3171,268550.5845,2773335.359
Ag,3172,271801.4762,2779688.565
Ag,3173,267808.2201,2771075.108
Ag,3174,267421.5583,2772251.205
Ag,3175,268873.9405,2771738.054
Ag,3176,268893.3333,2773292.134
Ag,3177,269219.8643,2772563.302
Ag,3178,267252.401,2773983.321
Ag,3179,264951.2163,2773755.615
Ag,3180,264785.8019,2773139.983
Ag,3181,268530.6408,2770888.038
Ag,3182,267907.1994,2771641.376
Ag,3183,265339.9841,2772672.389
Ag,3184,268708.1674,2772363.979
Ag,3185,269112.2581,2771756.848
Ag,3186,265507.7385,2774545.03
Ag,3187,268336.7995,2773081.751
Ag,3188,263817.3432,2774720.695
Ag,3189,267435.1408,2772460.654
Ag,3190,267288.694,2771144.194
Ag,3191,266382.7762,2772219.7
Ag,3192,269265.163,2771507.173
Ag,3193,267356.0787,2775635.961
Ag,3194,269422.5738,2772207.735
Ag,3195,267161.7624,2771650.479
Ag,3196,262395.7972,2776136.91
Ag,3197,267071.5523,2772547.6
Ag,3198,268440.3003,2770829.752
Ag,3199,269505.1325,2775405.827
Ag,3200,269394.746,2771153.267
Ag,3201,267665.8084,2772663.868
Ag,3202,264493.1857,2773499.72
Ag,3203,267317.848,2773260.37
Ag,3204,267316.3838,2773264.834
Ag,3205,272131.5889,2780141.274
Ag,3206,263582.1739,2773860.026
Ag,3207,269417.3768,2771170.639
Ag,3208,263443.9067,2773081.384
Ag,3209,263586.8006,2773860.369
Ag,3210,269468.5876,2775020.696
Ag,3211,268035.2707,2772605.373
Ag,3212,268568.3176,2773336.537
Ag,3213,269218.6802,2770990.107
Ag,3214,269127.8203,2773950.594
Ag,3215,266097.568,2772700.598
Ag,3216,265599.1007,2773632.858
Ag,3217,269531.3134,2771167.025
Ag,3218,269046.4838,2775013.469
Ag,3219,271026.1744,2778261.332
Ag,3220,266374.0493,2772879.544
Ag,3221,269235.5217,2773625.377
Ag,3222,269762.2244,2775810.479
Ag,3223,268058.3614,2771698.202
Ag,3224,269233.9686,2771256.595
Ag,3225,263356.3129,2772782.536
Ag,3226,269259.0246,2771189.59
Ag,3227,264484.7129,2773410.454
Ag,3228,268205.108,2771495.119
Ag,3229,269431.2446,2771991.57
Ag,3230,264915.9586,2772648.194
Ag,3231,268680.6692,2771968.55
Ag,3232,262558.8884,2776393.218
Ag,3233,269372.1742,2774237.514
Ag,3234,269614.7474,2770999.059
Ag,3235,264138.9027,2773899.848
Ag,3236,267262.3251,2771314.375
Ag,3237,267084.9039,2772698.08
Ag,3238,263371.5767,2772774.451
Ag,3239,267586.4919,2773794.575
Ag,3240,264693.7535,2775258.922
Ag,3241,265511.8047,2772138.464
Ag,3242,269245.8188,2773687.768
Ag,3243,269428.1668,2770897.37
Ag,3244,264147.3693,2773944.091
Ag,3245,266050.009,2773475.252
Ag,3246,263867.3047,2774670.79
Ag,3247,269567.0246,2771867.952
Ag,3248,269074.0718,2770819.864
Ag,3249,267512.9261,2772143.963
Ag,3250,265916.7749,2772263.408
Ag,3251,265471.1269,2773849.181
Ag,3252,264221.0896,2772684.282
Ag,3253,267759.9017,2772128.555
Ag,3254,265243.0519,2772276.039
Ag,3255,268168.4983,2771607.133
Ag,3256,266523.9774,2774079.266
Ag,3257,269466.3524,2770923.569
Ag,3258,267203.3905,2772871.496
Ag,3259,267544.6694,2771565.745
Ag,3260,269100.8403,2771764.862
Ag,3261,269592.4544,2770773.483
Ag,3262,269396.899,2771143.93
Ag,3263,267924.3746,2772062.557
Ag,3264,269168.4335,2772254.728
Ag,3265,269613.4631,2771470.642
Ag,3266,266709.5816,2772909.101
Ag,3267,264119.452,2774600.687
Ag,3268,265573.1104,2772120.289
Ag,3269,268501.3674,2774201.543
Ag,3270,271187.3714,2778004.347
Ag,3271,267703.1906,2770877.995
Ag,3272,266187.4547,2772193.03
Ag,3273,267907.1448,2773087.152
Ag,3274,269057.7147,2770809.149
Ag,3275,268374.0189,2771508.527
Ag,3276,267971.8864,2771957.755
Ag,3277,269142.5545,2774911.652
Ag,3278,269330.2358,2774262.108
Ag,3279,266656.4605,2771964.541
Ag,3280,265649.3088,2772565.613
Ag,3281,265093.3092,2774225.168
Ag,3282,269019.6299,2775110.097
Ag,3283,264213.7429,2776845.359
Ag,3284,267821.6263,2772451.747
Ag,3285,269045.2607,2771757.559
Ag,3286,262705.4655,2776055.417
Ag,3287,269524.7381,2772374.047
Ag,3288,265641.0143,2776562.847
Ag,3289,267593.6858,2770644.391
Ag,3290,265469.9307,2772659.798
Ag,3291,269653.8486,2770759.976
Ag,3292,267253.3007,2772546.612
Ag,3293,266644.2771,2773233.618
Ag,3294,267080.3128,2771120.269
Ag,3295,268996.3939,2771145.628
Ag,3296,264745.0416,2773009.421
Ag,3297,269041.1927,2771244.002
Ag,3298,264932.0576,2772152.031
Ag,3299,267112.4592,2772913.632
Ag,3300,265404.9413,2773404.107
Ag,3301,266351.1975,2774063.202
Ag,3302,268164.4571,2774179.155
Ag,3303,268302.4368,2771692.999
Ag,3304,265128.6436,2773325.581
Ag,3305,264523.1147,2774296.302
Ag,3306,268426.3072,2772638.045
Ag,3307,265461.6839,2774867.112
Ag,3308,267792.1407,2773027.177
Ag,3309,264725.2616,2772219.642
Ag,3310,262436.7819,2776720.872
Ag,3311,269475.3891,2772780.919
Ag,3312,267441.7512,2770678.684
Ag,3313,269890.4134,2776652.943
Ag,3314,266246.3605,2774281.868
Ag,3315,268153.2256,2771161.401
Ag,3316,264750.6376,2773423.198
Ag,3317,263597.2201,2773617.316
Ag,3318,264596.3145,2772424.363
Ag,3319,267001.2066,2772442.27
Ag,3320,268744.1117,2770803.255
Ag,3321,265206.7748,2772047.744
Ag,3322,264795.7372,2773180.184
Ag,3323,264144.195,2775140.538
Ag,3324,269347.3575,2771038.238
Ag,3325,263310.7387,2775392.575
Ag,3326,268764.7479,2772248.669
Ag,3327,270081.5609,2775706.801
Ag,3328,270536.0046,2776584.137
Ag,3329,268705.3414,2772197.257
Ag,3330,268546.4034,2770681.897
Ag,3331,268059.7419,2770963.456
Ag,3332,268571.2926,2772149.858
Ag,3333,263444.7133,2773083.484
Ag,3334,269354.3807,2771043.615
Ag,3335,262599.0972,2776314.519
Ag,3336,265467.7608,2774772.735
Ag,3337,266494.7204,2772055.027
Ag,3338,269251.3283,2775469.094
Ag,3339,267461.225,2771369.746
Ag,3340,269617.4357,2771067.074
Ag,3341,268160.4532,2771768.333
Ag,3342,264010.8899,2773979.004
Ag,3343,264106.8036,2773246.193
Ag,3344,268985.9829,2771122.131
Ag,3345,268760.7329,2770647.617
Ag,3346,264275.5476,2772403.69
Ag,3347,264496.1686,2774252.167
Ag,3348,269182.5979,2771543.868
Ag,3349,268727.0329,2770931.845
Ag,3350,267851.1925,2772333.51
Ag,3351,268004.8203,2771584.338
Ag,3352,268050.6284,2774414.022
Ag,3353,268683.9857,2772027.889
Ag,3354,268239.5182,2772704.839
Ag,3355,266354.3241,2774065.897
Ag,3356,264237.0933,2772540.692
Ag,3357,264138.815,2773894.777
Ag,3358,265089.8924,2772998.406
Ag,3359,269031.1948,2774838.291
Ag,3360,264466.7023,2773750.024
Ag,3361,271403.1562,2778201.097
Ag,3362,265628.7677,2773880.29
Ag,3363,267166.5714,2771209.899
Ag,3364,269428.4265,2772052.703
Ag,3365,269422.0502,2772222.328
Ag,3366,269158.8718,2771917.123
Ag,3367,270624.8137,2778245.262
Ag,3368,265136.1441,2773000.78
Ag,3369,266019.8501,2772390.367
Ag,3370,267728.9007,2774197.77
Ag,3371,269431.3672,2772044.41
Ag,3372,266842.7472,2773400.379
Ag,3373,264095.0437,2773412.327
Ag,3374,266302.6556,2773747.185
Ag,3375,268104.884,2772713.468
Ag,3376,264455.6004,2774043.606
Ag,3377,269551.2458,2771800.158
Ag,3378,263816.9493,2772162.83
Ag,3379,269662.9288,2770750.311
Ag,3380,269226.3807,2770989.976
Ag,3381,267819.5599,2774501.869
Ag,3382,267268.5275,2770864.894
Ag,3383,269108.8475,2771464.161
Ag,3384,268701.7814,2772032.66
Ag,3385,264077.7659,2776463.006
Ag,3386,268547.154,2771316.837
Ag,3387,269662.319,2770896.799
Ag,3388,263343.1147,2774551.785
Ag,3389,263298.1005,2776349.493
Ag,3390,266991.6702,2772830.934
Ag,3391,269606.7754,2775861.299
Ag,3392,262238.4026,2775501.289
Ag,3393,265341.9475,2773323.812
Ag,3394,269308.8045,2771628.395
Ag,3395,268338.8051,2773653.261
Ag,3396,265319.602,2772024.666
Ag,3397,264719.5437,2772200.716
Ag,3398,266484.9724,2772385.569
Ag,3399,269470.9274,2771240.121
Ag,3400,265094.7907,2774221.76
Ag,3401,267967.5227,2771791.692
Ag,3402,268290.9052,2773009.607
Ag,3403,267584.5485,2771691.255
Ag,3404,263652.4493,2774493.152
Ag,3405,268552.2406,2773251.417
Ag,3406,269092.1729,2774755.881
Ag,3407,267928.1193,2773867.176
Ag,3408,267442.4385,2772301.367
Ag,3409,267078.252,2774112.484
Ag,3410,265666.2123,2777177.093
Ag,3411,270452.8625,2779096.171
Ag,3412,267084.3257,2773250.616
Ag,3413,264157.35,2773986.828
Ag,3414,268574.1468,2772136.493
Ag,3415,269901.0058,2775547.729
Ag,3416,268462.8173,2772928.693
Ag,3417,269485.1856,2771765.129
Ag,3418,264091.7483,2773399.913
Ag,3419,269236.3611,2772309.169
Ag,3420,262894.0115,2776358.845
Ag,3421,269416.5724,2772262.792
Ag,3422,267754.3763,2771668.072
Ag,3423,268547.0373,2770628.41
Ag,3424,265965.3155,2772399.123
Ag,3425,272025.5728,2780153.619
Ag,3426,268699.4405,2771394.576
Ag,3427,265618.886,2773708.613
Ag,3428,268272.5123,2771881.204
Ag,3429,262800.4679,2772619.282
Ag,3430,265466.5817,2772464.968
Ag,3431,269093.0301,2770802.211
Ag,3432,267015.7571,2773790.152
Ag,3433,265926.2968,2773267.269
Ag,3434,266409.3629,2772917.832
Ag,3435,271580.7618,2777407.393
Ag,3436,269143.8307,2771483.226
Ag,3437,268539.2328,2770713.301
Ag,3438,266388.522,2772600.284
Ag,3439,269054.3646,2775205.893
Ag,3440,265630.2494,2773742.449
Ag,3441,263579.6128,2774023.254
Ag,3442,263688.7751,2772900.641
Ag,3443,267459.1715,2771520.489
Ag,3444,268573.0571,2774160.377
Ag,3445,265580.4119,2772410.803
Ag,3446,265357.0271,2773125.917
Ag,3447,268911.4362,2775041.756
Ag,3448,264063.4656,2774079.978
Ag,3449,269475.9234,2772766.96
Ag,3450,265529.6453,2772145.767
Ag,3451,268762.1658,2772232.649
Ag,3452,269276.251,2771434.064
Ag,3453,268633.6194,2772691.386
Ag,3454,269047.2525,2771738.714
Ag,3455,268532.2096,2770889.702
Ag,3456,270309.6353,2777861.87
Ag,3457,270938.5481,2779046.981
Ag,3458,264526.5484,2776010.505
Ag,3459,269206.297,2772398.664
Ag,3460,263000.7623,2772798.854
Ag,3461,265323.664,2772529.57
Ag,3462,272111.3956,2779165.522
Ag,3463,268989.4267,2771598.709
Ag,3464,263825.1414,2773436.867
Ag,3465,269306.1751,2772201.882
Ag,3466,266055.5714,2772721.822
Ag,3467,267036.5561,2772798.462
Ag,3468,263470.792,2775740.684
Ag,3469,268504.2201,2774052.056
Ag,3470,268944.1054,2774106.949
Ag,3471,268025.3917,2771797.683
Ag,3472,268246.7242,2772720.992
Ag,3473,270865.8861,2778114.592
Ag,3474,265660.4127,2772001.266
Ag,3475,268743.5936,2771000.048
Ag,3476,269595.0106,2770788.024
Ag,3477,266202.8426,2772551.678
Ag,3478,266559.5602,2772783.576
Ag,3479,271161.1752,2778003.096
Ag,3480,269535.4349,2770817.987
Ag,3481,269107.1788,2771456.58
Ag,3482,268512.9505,2771979.638
Ag,3483,262982.8055,2775974.493
Ag,3484,266726.4874,2772996.955
Ag,3485,262743.2717,2773139.21
Ag,3486,265547.6595,2775298.952
Ag,3487,268984.9332,2774289.514
Ag,3488,268241.8875,2773660.192
Ag,3489,269131.1988,2771191.751
Ag,3490,268229.8335,2771454.327
Ag,3491,269127.5889,2775346.481
Ag,3492,268957.0632,2772462.276
Ag,3493,268010.1974,2771220.901
Ag,3494,263691.7212,2775292.535
Ag,3495,269539.8956,2771812.186
Ag,3496,265476.5007,2772549.136
Ag,3497,263901.1441,2777334.406
Ag,3498,267654.1907,2772660.05
Ag,3499,264075.9,2773240.598
Ag,3500,269432.6294,2771435.226
Ag,3501,268356.4529,2773195.979
Ag,3502,269032.7316,2773019.432
Ag,3503,263136.783,2772781.273
Ag,3504,267303.9599,2775154.077
Ag,3505,263185.5884,2772797.547
Ag,3506,265198.8966,2772037.523
Ag,3507,265876.9484,2773443.345
Ag,3508,263616.8639,2774395.055
Ag,3509,268077.0396,2774517.989
Ag,3510,269663.6702,2770885.574
Ag,3511,266906.1687,2772379.424
Ag,3512,271041.8071,2777588.709
Ag,3513,264921.2956,2772600.331
Ag,3514,267951.496,2772615.675
Ag,3515,271106.5988,2778374.329
Ag,3516,270934.7001,2779184.224
Ag,3517,264903.1161,2772305.142
Ag,3518,271222.3494,2778619.683
Ag,3519,271908.2486,2779629.283
Ag,3520,265113.8943,2773408.271
Ag,3521,267014.1379,2773785.53
Ag,3522,269536.9397,2770861.503
Ag,3523,263298.8666,2776349.268
Ag,3524,265163.3023,2772699.315
Ag,3525,269901.4437,2776439.908
Ag,3526,269474.5959,2770727.492
Ag,3527,263761.9349,2775433.786
Ag,3528,264578.1028,2777344.88
Ag,3529,268213.1592,2770744.408
Ag,3530,263280.8817,2775446.995
Ag,3531,268083.4555,2771588.497
Ag,3532,269226.7236,2770782.407
Ag,3533,265738.7761,2772483.121
Ag,3534,270486.8192,2778873.027
Ag,3535,264961.3742,2772959.613
Ag,3536,265483.6302,2772426.205
Ag,3537,265541.5238,2776284.91
Ag,3538,268720.4773,2773862.169
Ag,3539,262809.2292,2778078.202
Ag,3540,268226.7174,2771679.066
Ag,3541,270766.2453,2777729.255
Ag,3542,266710.4595,2773005.472
Ag,3543,267319.5068,2773267.317
Ag,3544,269548.2923,2771670.85
Ag,3545,268743.2208,2772250.937
Ag,3546,269246.6142,2774280.856
Ag,3547,265134.9084,2772973.745
Ag,3548,266825.1842,2772778.399
Ag,3549,266192.4251,2772572.994
Ag,3550,264477.6444,2772554.927
Ag,3551,267226.2657,2773850.814
Ag,3552,267248.5498,2772719.595
Ag,3553,264819.4095,2774061.634
Ag,3554,263828.9236,2774589.018
Ag,3555,268138.8359,2771493.285
Ag,3556,269511.3933,2771492.656
Ag,3557,267590.8967,2773872.285
Ag,3558,265754.5293,2772413.731
Ag,3559,266677.8444,2772224.163
Ag,3560,265397.6503,2773741.375
Ag,3561,264838.3318,2779438.721
Ag,3562,269569.6047,2771518.94
Ag,3563,270979.6444,2777142.713
Ag,3564,262365.5821,2776523.628
Ag,3565,267893.9296,2773125.212
Ag,3566,264532.7943,2774143.31
Ag,3567,267823.742,2772440.297
Ag,3568,267614.8847,2772025.338
Ag,3569,271390.9167,2778205.742
Ag,3570,269185.4066,2775304.919
Ag,3571,266493.8764,2772455.804
Ag,3572,263467.1267,2774775.173
Ag,3573,268943.2873,2773467.781
Ag,3574,262830.411,2777039.96
Ag,3575,266284.8205,2772975.979
Ag,3576,270918.6201,2777176.501
Ag,3577,267996.3106,2771582.157
Ag,3578,263307.9235,2772390.637
Ag,3579,265116.1294,2774476.945
Ag,3580,268146.6764,2772634.762
Ag,3581,268471.5033,2775027.662
Ag,3582,267715.7201,2774780.112
Ag,3583,269313.251,2771663.618
Ag,3584,264904.2836,2772685.809
Ag,3585,267699.4943,2774189.394
Ag,3586,267683.6071,2770949.348
Ag,3587,269424.9809,2772942.622
Ag,3588,265151.8547,2772973.876
Ag,3589,269416.3029,2772884.854
Ag,3590,270617.1251,2777057.714
Ag,3591,266651.3256,2774005.642
Ag,3592,269057.6894,2774447.654
Ag,3593,265529.5868,2774069.062
Ag,3594,270292.7599,2778869.115
Ag,3595,264473.2552,2773460.537
Ag,3596,267218.288,2773969.953
Ag,3597,266838.7631,2773888.084
Ag,3598,269401.255,2772267.912
Ag,3599,269568.6217,2771871.307
Ag,3600,267865.7679,2772918.548
Ag,3601,265269.7798,2778209.305
Ag,3602,268723.4631,2771903.146
Ag,3603,270889.203,2777212.717
Ag,3604,262239.7233,2775621.118
Ag,3605,270123.717,2775740.965
Ag,3606,269409.6092,2772898.917
Ag,3607,269618.9955,2771433.347
Ag,3608,266373.9669,2772919.706
Ag,3609,267568.3405,2772684.129
Ag,3610,267883.6173,2772156.887
Ag,3611,269429.6226,2774947.799
Ag,3612,265571.1794,2772411.384
Ag,3613,264686.7703,2772979.988
Ag,3614,269257.224,2771402.046
Ag,3615,264181.4739,2774179.397
Ag,3616,269300.5516,2771504.673
Ag,3617,269353.1155,2774704.117
Ag,3618,268726.6681,2772319.489
Ag,3619,270808.9219,2779120.606
Ag,3620,269475.6725,2772843.268
Ag,3621,269483.3793,2771202.075
Ag,3622,265275.5387,2772642.215
Ag,3623,265338.3129,2775528.726
Ag,3624,264060.8122,2775306.01
Ag,3625,262339.2736,2775721.689
Ag,3626,269650.9251,2770860.636
Ag,3627,268597.6871,2774068.858
Ag,3628,264806.6385,2777114.124
Ag,3629,270304.4144,2778875.471
Ag,3630,264098.7721,2773761.456
Ag,3631,264133.6832,2774087.852
Ag,3632,267825.7823,2772424.409
Ag,3633,269255.3441,2771473.097
Ag,3634,270383.3932,2777213.838
Ag,3635,268129.0864,2771282.081
Ag,3636,269670.7969,2770760.113
Ag,3637,269362.4834,2774802.667
Ag,3638,267453.3771,2771361.214
Ag,3639,268586.3702,2772176.023
Ag,3640,270595.0833,2777623.072
Ag,3641,263111.8546,2774627.247
Ag,3642,269142.907,2773022.006
Ag,3643,269026.2286,2774817.872
Ag,3644,264954.3287,2773757.464
Ag,3645,264917.0572,2773829.128
Ag,3646,268349.8243,2771898.281
Ag,3647,266238.403,2773323.426
Ag,3648,266919.3644,2771257.872
Ag,3649,269213.5669,2772965.009
Ag,3650,261986.414,2782665.382
Ag,3651,262650.1904,2773189.869
Ag,3652,267883.0891,2773619.581
Ag,3653,269221.9257,2773595.592
Ag,3654,262956.8473,2777137.741
Ag,3655,269469.5108,2772888.816
Ag,3656,269567.254,2770969
Ag,3657,265873.0546,2772318.904
Ag,3658,268174.5696,2771420.39
Ag,3659,268010.8266,2772300.147
Ag,3660,267793.1124,2772088.675
Ag,3661,269066.6595,2773658.672
Ag,3662,266990.7115,2773000.26
Ag,3663,266825.6044,2772126.943
Ag,3664,268501.6061,2772672.911
Ag,3665,265939.4292,2772326.854
Ag,3666,269364.532,2774149.925
Ag,3667,267821.149,2772061.565
Ag,3668,264551.8372,2774086.544
Ag,3669,266121.608,2772530.453
Ag,3670,264764.9997,2772067.401
Ag,3671,269359.3774,2772387.621
Ag,3672,268071.132,2771679.173
Ag,3673,269439.2887,2770826.162
Ag,3674,268932.1708,2773857.101
Ag,3675,269526.0009,2771399.83
Ag,3676,265401.5325,2773743.211
Ag,3677,268913.1084,2772686.438
Ag,3678,262055.0044,2776287.865
Ag,3679,269201.8107,2771769.073
Ag,3680,268190.4893,2772810.934
Ag,3681,265648.5672,2773867.268
Ag,3682,269604.0664,2771872.188
Ag,3683,263470.4408,2774078.415
Ag,3684,269671.6454,2770764.749
Ag,3685,269029.0087,2770888.053
Ag,3686,265753.6869,2774830.808
Ag,3687,269134.1221,2771364.601
Ag,3688,267139.7005,2771260.241
Ag,3689,263988.9358,2774000.944
Ag,3690,270124.2624,2776594.673
Ag,3691,267715.7019,2772337.296
Ag,3692,267335.0528,2771468.915
Ag,3693,264531.8098,2773461.851
Ag,3694,264187.5548,2775065.172
Ag,3695,268059.6516,2771638.151
Ag,3696,268268.7691,2773066.631
Ag,3697,269101.3459,2774388.154
Ag,3698,263296.3899,2774965.418
Ag,3699,267727.5603,2771540.649
Ag,3700,269401.8478,2772302.99
Ag,3701,267883.5699,2771338.885
Ag,3702,268936.369,2772604.667
Ag,3703,268542.3921,2772670.951
Ag,3704,267742.6144,2773691.726
Ag,3705,264955.6767,2772718.321
Ag,3706,267806.9516,2771543.949
Ag,3707,265621.4038,2772017.155
Ag,3708,269495.968,2771491.437
Ag,3709,268108.4155,2772649.363
Ag,3710,269287.3866,2771728.311
Ag,3711,262901.4692,2776698.824
Ag,3712,265564.7837,2774055.774
Ag,3713,264727.0416,2773528.659
Ag,3714,263702.3482,2775328.073
Ag,3715,268750.1763,2771388.644
Ag,3716,262806.8358,2775376.182
Ag,3717,268453.4163,2770831.009
Ag,3718,266554.5743,2772447.156
Ag,3719,263654.8427,2774275.814
Ag,3720,269107.165,2771546.834
Ag,3721,268760.4898,2772224.645
Ag,3722,266280.9556,2772660.465
Ag,3723,266908.1688,2771684.822
Ag,3724,268083.4986,2771591.033
Ag,3725,268759.6479,2770629.035
Ag,3726,268902.9457,2773086.732
Ag,3727,269082.4583,2771270.148
Ag,3728,268574.7059,2770761.103
Ag,3729,269254.3537,2771277.81
Ag,3730,266808.3423,2772153.448
Ag,3731,265488.0794,2772685.062
Ag,3732,268582.9021,2773288.309
Ag,3733,262828.7464,2777032.802
Ag,3734,268901.3763,2773266.845
Ag,3735,269259.7234,2771413.206
Ag,3736,266523.9267,2774076.308
Ag,3737,269387.6128,2775514.134
Ag,3738,265555.0227,2772770.998
Ag,3739,265397.8956,2773397.465
Ag,3740,265740.1964,2773821.516
Ag,3741,270689.6204,2777293.648
Ag,3742,268956.125,2772452.358
Ag,3743,267948.4856,2773842.099
Ag,3744,267653.9399,2772916.658
Ag,3745,267983.9208,2771623.585
Ag,3746,265950.4068,2772383.103
Ag,3747,269359.0051,2771636.424
Ag,3748,262879.1557,2773911.337
Ag,3749,268739.6893,2774949.341
Ag,3750,268671.9836,2773545.726
Ag,3751,267740.6457,2774977.531
Ag,3752,266475.9273,2772307.093
Ag,3753,270855.8931,2777200.595
Ag,3754,262171.8288,2775084.13
Ag,3755,267967.2994,2771189.502
Ag,3756,270292.6367,2776991.107
Ag,3757,264098.8911,2773590.239
Ag,3758,267487.6289,2771291.935
Ag,3759,269482.961,2772545.327
Ag,3760,269185.9121,2771329.907
Ag,3761,267310.3094,2771372.952
Ag,3762,265851.397,2772582.858
Ag,3763,268311.1405,2773520.779
Ag,3764,263731.2727,2774731.065
Ag,3765,268481.55,2771808.538
Ag,3766,267951.4271,2771977.549
Ag,3767,263190.1711,2774214.756
Ag,3768,268973.6373,2774986.169
Ag,3769,265407.901,2775545.283
Ag,3770,268414.9821,2771607.598
Ag,3771,268598.0372,2774316.367
Ag,3772,268551.7634,2771316.125
Ag,3773,270465.5323,2778204.194
Ag,3774,266040.0924,2772447.936
Ag,3775,268045.5451,2771578.573
Ag,3776,269126.5148,2772508.446
Ag,3777,269705.4623,2775549.975
Ag,3778,263425.4011,2773213.393
Ag,3779,264939.9072,2773680.349
Ag,3780,268342.4705,2770602.499
Ag,3781,265603.6439,2773583.53
Ag,3782,267543.9866,2772384.819
Ag,3783,268000.1106,2771035.278
Ag,3784,269366.1176,2771236.818
Ag,3785,264082.4591,2775399.909
Ag,3786,264110.984,2776424.806
Ag,3787,268683.31,2770715.298
Ag,3788,267744.2753,2772115.504
Ag,3789,266728.9998,2772963.726
Ag,3790,269085.7911,2773287.607
Ag,3791,265620.5711,2773717.039
Ag,3792,268665.7951,2772544.996
Ag,3793,268659.2065,2772656.076
Ag,3794,271661.1473,2778849.045
Ag,3795,263499.4173,2775704.041
Ag,3796,266032.9448,2773917.104
Ag,3797,265296.584,2772522.426
Ag,3798,264959.1389,2772651.044
Ag,3799,268762.5036,2770797.659
Ag,3800,269291.8,2771397.023
Ag,3801,263605.3444,2773863.852
Ag,3802,268050.4852,2771189.357
Ag,3803,264724.4825,2773201.705
Ag,3804,268008.9057,2770918.241
Ag,3805,267870.03,2773531.028
Ag,3806,271061.1822,2778008.371
Ag,3807,268363.5444,2771889.804
Ag,3808,267277.6764,2771175.665
Ag,3809,269170.0509,2772077.151
Ag,3810,267967.8843,2774212.725
Ag,3811,270292.7599,2778869.115
Ag,3812,269529.4329,2772378.406
Ag,3813,268083.7516,2771016.525
Ag,3814,267919.1986,2771984.649
Ag,3815,269571.4915,2775231.805
Ag,3816,264194.8511,2775353.363
Ag,3817,267254.1785,2773906.986
Ag,3818,266297.4223,2772857.394
Ag,3819,263003.5432,2777122.131
Ag,3820,263901.2137,2777338.421
Ag,3821,264994.7538,2773377.137
Ag,3822,267373.2087,2771176.784
Ag,3823,266999.7409,2774204.927
Ag,3824,268281.2704,2773575.82
Ag,3825,265538.2195,2772330.994
Ag,3826,268473.8294,2771625.835
Ag,3827,267798.5637,2772861.565
Ag,3828,263042.1712,2775358.771
Ag,3829,263513.4321,2774558.976
Ag,3830,265619.202,2773637.374
Ag,3831,268731.3551,2771005.117
Ag,3832,269548.0418,2772066.535
Ag,3833,267773.8814,2774306.706
Ag,3834,268024.2575,2771594.999
Ag,3835,268949.7923,2774578.841
Ag,3836,267309.2593,2773750.053
Ag,3837,268067.8953,2772168.55
Ag,3838,266218.6319,2772664.069
Ag,3839,270185.9083,2775821.716
Ag,3840,267814.0717,2772053.019
Ag,3841,267759.744,2772526.568
Ag,3842,267741.7078,2773683.709
Ag,3843,264727.0712,2772503.276
Ag,3844,269242.7898,2774873.811
Ag,3845,268016.9204,2771389.883
Ag,3846,268267.1173,2771835.64
Ag,3847,262947.6648,2777185.249
Ag,3848,265546.8497,2775296.641
Ag,3849,267919.243,2771624.896
Ag,3850,271730.3518,2777742.648
Ag,3851,264791.1842,2773139.467
Ag,3852,267944.1482,2772862.892
Ag,3853,267960.9891,2771633.909
Ag,3854,268429.3041,2771362.167
Ag,3855,264342.803,2772462.559
Ag,3856,269277.1788,2771352.248
Ag,3857,262393.6022,2772696.75
Ag,3858,269421.2292,2770897.064
Ag,3859,269234.7832,2770621.208
Ag,3860,269017.6017,2774035.952
Ag,3861,262613.2172,2776903.81
Ag,3862,268287.462,2773577.618
Ag,3863,269268.2793,2771190.279
Ag,3864,267220.2709,2773905.662
Ag,3865,269473.9113,2771644.84
Ag,3866,268394.0816,2771828.412
Ag,3867,269239.6841,2773188.618
Ag,3868,269462.9891,2770815.617
Ag,3869,265542.117,2774215.54
Ag,3870,269289.6006,2771403.612
Ag,3871,262786.1681,2775869.9
Ag,3872,269230.6142,2771468.231
Ag,3873,271046.2293,2778217.876
Ag,3874,262905.0014,2775972.676
Ag,3875,269465.6435,2771200.895
Ag,3876,269515.7827,2771022.711
Ag,3877,263416.7757,2775867.18
Ag,3878,268672.8225,2771960.017
Ag,3879,268552.2406,2773251.417
Ag,3880,262462.5122,2776783.415
Ag,3881,269092.1314,2770794.617
Ag,3882,269220.017,2774893.22
Ag,3883,268684.065,2773213.67
Ag,3884,269019.2381,2772586.354
Ag,3885,267344.6461,2772076.867
Ag,3886,267080.0553,2774127.884
Ag,3887,269588.5845,2771867.588
Ag,3888,271481.8463,2777431.246
Ag,3889,268821.8632,2773119.389
Ag,3890,267958.7045,2774985.442
Ag,3891,267806.8706,2772489.833
Ag,3892,268584.6195,2772526.926
Ag,3893,267396.1165,2770848.558
Ag,3894,268754.447,2773685.522
Ag,3895,264556.6094,2773247.722
Ag,3896,268973.7979,2773950.455
Ag,3897,268838.0258,2771482.061
Ag,3898,269265.817,2770862.278
Ag,3899,265043.9182,2773593.373
Ag,3900,266746.7979,2772112.648
Ag,3901,267768.9361,2773971.133
Ag,3902,268639.9926,2772567.627
Ag,3903,265545.0145,2772412.679
Ag,3904,266697.5195,2772338.814
Ag,3905,262909.1397,2775015.48
Ag,3906,267100.335,2772519.208
Ag,3907,267969.4449,2771632.92
Ag,3908,268144.1753,2771172.758
Ag,3909,263292.6206,2774925.744
Ag,3910,266310.5996,2772592.529
Ag,3911,269236.4483,2770628.578
Ag,3912,268659.0843,2772603.447
Ag,3913,268195.6237,2770891.185
Ag,3914,267743.8613,2773041.316
Ag,3915,264613.626,2772445.625
Ag,3916,265459.9519,2775034.974
Ag,3917,269478.8179,2772892.675
Ag,3918,263673.5983,2774291.554
Ag,3919,265903.7763,2773121.808
Ag,3920,269811.2966,2776026.092
Ag,3921,267960.867,2771626.725
Ag,3922,262590.2984,2777046.68
Ag,3923,267849.1956,2775066.36
Ag,3924,262767.8367,2773311.69
Ag,3925,265457.3066,2774209.812
Ag,3926,268583.5317,2774187.677
Ag,3927,262395.9195,2772697.133
Ag,3928,266694.0061,2774114.615
Ag,3929,268946.3776,2773468.363
Ag,3930,264733.5176,2774707.389
Ag,3931,268681.5215,2771791.62
Ag,3932,268860.4783,2773852.82
Ag,3933,267219.0058,2771890.677
Ag,3934,267364.4346,2773463.126
Ag,3935,270882.7009,2779159.101
Ag,3936,264120.1821,2773574.441
Ag,3937,268619.0251,2772602.858
Ag,3938,262914.8649,2773706.102
Ag,3939,266720.1661,2772852.484
Ag,3940,265946.1137,2772492.034
Ag,3941,271060.537,2778015.779
Ag,3942,269475.6508,2772294.979
Ag,3943,268403.8885,2774220.531
Ag,3944,268533.4498,2773777.835
Ag,3945,268583.1684,2773167.824
Ag,3946,263313.3208,2772390.966
Ag,3947,268729.6141,2771038.754
Ag,3948,271077.093,2779274.618
Ag,3949,265646.594,2772407.552
Ag,3950,269035.6589,2771372.185
Ag,3951,265494.3447,2772332.594
Ag,3952,264116.8967,2773384.47
Ag,3953,269183.693,2771471.984
Ag,3954,268946.2077,2773867.431
Ag,3955,271505.6965,2777246.746
Ag,3956,265771.9818,2774730.302
Ag,3957,262333.9054,2776605.774
Ag,3958,264722.1845,2773157.778
Ag,3959,265318.2328,2772034.624
Ag,3960,269451.5803,2771234.74
Ag,3961,268119.0149,2770870.504
Ag,3962,267495.2819,2772509.724
Ag,3963,267217.2751,2772014.993
Ag,3964,266222.3178,2773328.564
Ag,3965,262919.1077,2777004.383
Ag,3966,269303.5869,2770635.898
Ag,3967,266614.1486,2773228.215
Ag,3968,265487.8005,2772086.244
Ag,3969,268528.6616,2771180.184
Ag,3970,265399.3436,2772585.973
Ag,3971,265788.6003,2772603.805
Ag,3972,268558.2495,2772152.827
Ag,3973,261837.6349,2774027.357
Ag,3974,269088.7064,2770819.828
Ag,3975,270165.3275,2775742.8
Ag,3976,270537.0361,2778381.383
Ag,3977,264831.2346,2772067.105
Ag,3978,269578.6465,2770685.575
Ag,3979,267522.2588,2772736.911
Ag,3980,263462.9524,2772625.113
Ag,3981,271088.1375,2778008.974
Ag,3982,262045.0849,2775499.378
Ag,3983,264351.3811,2774118.12
Ag,3984,268433.7712,2771852.468
Ag,3985,265869.3462,2773493.994
Ag,3986,269373.4744,2770851.581
Ag,3987,269071.4393,2774441.08
Ag,3988,265127.2159,2773197.935
Ag,3989,267349.5628,2774577.521
Ag,3990,267513.6016,2770736.433
Ag,3991,263825.1512,2774593.522
Ag,3992,267777.2353,2771970.366
Ag,3993,264738.2602,2772348.145
Ag,3994,269675.0288,2770737.003
Ag,3995,262497.2774,2773121.719
Ag,3996,262240.2225,2775517.322
Ag,3997,271069.4213,2777536.883
Ag,3998,263316.3233,2774561.128
Ag,3999,268041.8891,2771182.105
Ag,4000,265664.1058,2772530.271
Ag,4001,267936.5451,2774995.543
Ag,4002,267934.9981,2771826.698
Ag,4003,269214.7345,2772396.619
Ag,4004,262452.8467,2776670.706
Ag,4005,269556.8582,2770946.348
Ag,4006,263452.9496,2774535.082
Ag,4007,263577.9004,2775434.229
Ag,4008,268586.1845,2772528.379
Ag,4009,269282.7418,2774367.962
Ag,4010,265917.3949,2772883.145
Ag,4011,268270.7978,2771281.154
Ag,4012,268580.2117,2773038.938
Ag,4013,263964.0936,2774701.243
Ag,4014,268699.4609,2771713.955
Ag,4015,269273.9409,2771434.103
Ag,4016,269111.7711,2772501.931
Ag,4017,268178.873,2771583.072
Ag,4018,265455.1092,2773947.745
Ag,4019,267742.4932,2770833.784
Ag,4020,267287.7288,2772984.621
Ag,4021,268539.7912,2771836.508
Ag,4022,269304.5459,2772196.625
Ag,4023,268064.8307,2770945.615
Ag,4024,265533.1805,2772754.886
Ag,4025,264071.6623,2775132.07
Ag,4026,262357.4529,2776234.18
Ag,4027,265912.3294,2772049.152
Ag,4028,267628.2121,2771948.595
Ag,4029,265961.172,2772382.072
Ag,4030,268823.7925,2770641.477
Ag,4031,269406.7146,2772454.247
Ag,4032,266138.1325,2774257.725
Ag,4033,264174.2232,2774160.921
Ag,4034,269301.168,2771495.573
Ag,4035,272135.2905,2780040.602
Ag,4036,266143.6208,2773095.711
Ag,4037,267565.2947,2771736.604
Ag,4038,267742.4461,2771057.414
Ag,4039,271562.559,2777423.762
Ag,4040,267464.8319,2770812.723
Ag,4041,266586.322,2773132.306
Ag,4042,268657.4079,2772549.999
Ag,4043,267739.6593,2773292.073
Ag,4044,265022.904,2774206.3
Ag,4045,263072.3202,2776118.365
Ag,4046,265693.6282,2772410.549
Ag,4047,264008.8569,2773772.524
Ag,4048,270959.1616,2779219.745
Ag,4049,265660.4127,2772001.266
Ag,4050,267495.0963,2772001.591
Ag,4051,269508.5027,2772735.127
Ag,4052,262933.0885,2776391.986
Ag,4053,269640.3253,2775705.164
Ag,4054,269575.2012,2775223.499
Ag,4055,268214.6233,2771692.588
Ag,4056,265915.5386,2775825.08
Ag,4057,267203.919,2770915.668
Ag,4058,266873.9948,2772434.72
Ag,4059,264992.4608,2773512.246
Ag,4060,268034.412,2771693.959
Ag,4061,267869.6482,2772241.25
Ag,4062,263514.88,2774642.445
Ag,4063,265332.4246,2772188.049
Ag,4064,264235.6093,2778730.467
Ag,4065,268745.5307,2772250.897
Ag,4066,263793.3631,2774758.947
Ag,4067,269888.8962,2775560.193
Ag,4068,262263.7919,2776647.371
Ag,4069,266909.3171,2772698.965
Ag,4070,269204.3447,2771281.192
Ag,4071,267377.7364,2773836.604
Ag,4072,268056.4195,2774482.83
Ag,4073,267066.2461,2772642.808
Ag,4074,263697.6889,2775325.829
Ag,4075,268117.5876,2774230.681
Ag,4076,267548.6561,2771302.309
Ag,4077,264169.6499,2776344.312
Ag,4078,262249.8297,2775582.471
Ag,4079,263448.015,2772607.617
Ag,4080,268858.0128,2771570.708
Ag,4081,269307.0463,2770977.411
Ag,4082,267769.8788,2770587.072
Ag,4083,266213.4846,2772543.464
Ag,4084,267912.4736,2771000.201
Ag,4085,267300.866,2774025.403
Ag,4086,264899.8031,2772291.672
Ag,4087,269028.1478,2771656.603
Ag,4088,265464.6778,2774772.576
Ag,4089,269106.2312,2772493.148
Ag,4090,264029.7046,2775288.37
Ag,4091,271177.9935,2779003.427
Ag,4092,263240.3947,2775377.098
Ag,4093,268437.9251,2771824.92
Ag,4094,268815.5785,2770702.278
Ag,4095,269422.3631,2775565.542
Ag,4096,264864.4749,2774620.58
Ag,4097,267552.639,2773841.654
Ag,4098,264469.295,2772562.047
Ag,4099,271308.3483,2778698.135
Ag,4100,262333.0729,2776602.195
Ag,4101,268052.8732,2774772.257
Ag,4102,268916.8205,2772496.354
Ag,4103,266917.8808,2772388.736
Ag,4104,269151.318,2771151.674
Ag,4105,269277.4697,2771187.165
Ag,4106,267424.1424,2771498.891
Ag,4107,270811.3338,2779126.695
Ag,4108,270914.1989,2779063.878
Ag,4109,264369.0958,2774118.236
Ag,4110,268177.408,2771678.213
Ag,4111,268922.5646,2773381.048
Ag,4112,268110.2564,2772032.553
Ag,4113,262866.035,2776034.443
Ag,4114,268253.9656,2771696.147
Ag,4115,267045.4571,2772643.163
Ag,4116,264393.8656,2773546.036
Ag,4117,264953.8356,2772253.75
Ag,4118,264237.2291,2778735.09
Ag,4119,267996.4399,2771589.764
Ag,4120,262810.6629,2775374.847
Ag,4121,267426.0605,2772876.788
Ag,4122,267874.2978,2775093.411
Ag,4123,264060.6098,2773336.193
Ag,4124,262384.2911,2776448.474
Ag,4125,266152.8516,2772960.274
Ag,4126,268675.6611,2773535.518
Ag,4127,270704.1582,2778613.819
Ag,4128,269056.2268,2774861.329
Ag,4129,267273.2739,2771775.823
Ag,4130,267747.2762,2772110.803
Ag,4131,270738.2696,2778262.374
Ag,4132,268721.7642,2770939.121
Ag,4133,262772.599,2776063.548
Ag,4134,267036.0782,2772590.057
Ag,4135,269551.8909,2771792.749
Ag,4136,262258.0933,2775703.024
Ag,4137,267135.09,2771576.954
Ag,4138,264029.8328,2773293.393
Ag,4139,266381.284,2772537.419
Ag,4140,266667.2845,2774128.177
Ag,4141,263490.8199,2774720.438
Ag,4142,268934.1665,2772611.045
Ag,4143,263202.4564,2774212.64
Ag,4144,267560.8115,2771111.446
Ag,4145,267360.2469,2774571.843
Ag,4146,264688.3194,2773516.221
Ag,4147,264642.7996,2773466.911
Ag,4148,263986.3484,2774741.231
Ag,4149,268244.4862,2771228.547
Ag,4150,269231.7472,2774266.945
Ag,4151,267786.0482,2771628.218
Ag,4152,266721.0689,2772995.356
Ag,4153,265840.2838,2772563.603
Ag,4154,266881.8577,2771452.128
Ag,4155,268539.283,2770716.259
Ag,4156,268834.1781,2770708.939
Ag,4157,263005.1378,2777125.274
Ag,4158,264702.656,2772293.379
Ag,4159,266414.178,2772929.164
Ag,4160,271530.6278,2778594.636
Ag,4161,268209.8619,2773633.681
Ag,4162,270570.3966,2776568.973
Ag,4163,269238.7088,2772994.387
Ag,4164,268148.7049,2771348.752
Ag,4165,267507.139,2771985.11
Ag,4166,267834.2872,2771203.812
Ag,4167,267063.451,2773245.9
Ag,4168,268941.0976,2772247.162
Ag,4169,262392.7585,2776448.326
Ag,4170,263587.8293,2773475.433
Ag,4171,266246.8902,2773953.385
Ag,4172,264770.3327,2773180.833
Ag,4173,267432.0869,2770970.54
Ag,4174,264819.7392,2772070.473
Ag,4175,267716.3035,2771693.873
Ag,4176,265481.5564,2772619.225
Ag,4177,267087.2078,2772562.34
Ag,4178,270715.0956,2777709.191
Ag,4179,267580.8269,2772422.45
Ag,4180,264979.8384,2774075.778
Ag,4181,265586.3612,2774773.231
Ag,4182,262588.2134,2776352.757
Ag,4183,268687.0981,2773210.871
Ag,4184,268903.3946,2770839.027
Ag,4185,264145.4716,2775036.307
Ag,4186,263258.1399,2774359.215
Ag,4187,263352.6427,2772792.957
Ag,4188,262824.173,2776327.931
Ag,4189,272117.9549,2780108.53
Ag,4190,268779.0228,2773681.512
Ag,4191,264932.2068,2772160.695
Ag,4192,269099.577,2773783.457
Ag,4193,263021.9477,2776055.616
Ag,4194,269253.4632,2771407.394
Ag,4195,264072.3528,2773480.783
Ag,4196,268018.3152,2771879.815
Ag,4197,268995.3564,2774541.079
Ag,4198,267787.4544,2774244.543
Ag,4199,269466.8989,2770727.833
Ag,4200,263568.2639,2774789.906
Ag,4201,265538.2195,2772330.994
Ag,4202,262928.2497,2777131.474
Ag,4203,267757.335,2771117.613
Ag,4204,264778.4635,2777622.549
Ag,4205,267689.1973,2773358.88
Ag,4206,269100.5362,2772384.178
Ag,4207,265818.1992,2773610.071
Ag,4208,266577.0288,2773174.316
Ag,4209,268676.5513,2770725.559
Ag,4210,264620.3222,2773458.632
Ag,4211,269510.246,2772747.145
Ag,4212,269073.4795,2771376.83
Ag,4213,268978.6228,2770869.248
Ag,4214,269126.5863,2772512.672
Ag,4215,269373.0642,2774290.13
Ag,4216,265536.7802,2772560.994
Ag,4217,269103.3087,2772502.497
Ag,4218,269057.6985,2770762.649
Ag,4219,269538.8687,2771796.985
Ag,4220,267374.2643,2770470.154
Ag,4221,267755.0924,2771664.889
Ag,4222,268789.391,2774928.629
Ag,4223,267350.5553,2775673.257
Ag,4224,261049.8134,2775391.444
Ag,4225,268856.0414,2770680.879
Ag,4226,264580.1611,2773585.94
Ag,4227,269208.8244,2770817.163
Ag,4228,263937.5248,2776812.518
Ag,4229,268131.3681,2771189.674
Ag,4230,269305.491,2774802.152
Ag,4231,264074.2613,2776216.178
Ag,4232,271065.5173,2778037.255
Ag,4233,269626.4691,2770963.351
Ag,4234,268815.608,2774930.721
Ag,4235,270505.091,2776577.26
Ag,4236,269042.1023,2770705.843
Ag,4237,267753.7753,2771678.017
Ag,4238,269089.0498,2774025.864
Ag,4239,263530.772,2774004.654
Ag,4240,269010.7985,2770813.325
Ag,4241,264614.6007,2775357.521
Ag,4242,268025.8902,2771011.167
Ag,4243,267295.4046,2773931.013
Ag,4244,268270.7176,2773815.905
Ag,4245,267734.8797,2774187.1
Ag,4246,266478.5562,2773135.63
Ag,4247,268986.0616,2771126.78
Ag,4248,265576.9584,2773599.208
Ag,4249,269061.8614,2771145.366
Ag,4250,268512.6165,2771914.542
Ag,4251,269397.1679,2772436.231
Ag,4252,268573.1658,2770761.13
Ag,4253,269031.1376,2774834.91
Ag,4254,268651.2926,2772234.74
Ag,4255,269213.8731,2772345.693
Ag,4256,267747.1935,2772105.943
Ag,4257,269187.3758,2771917.486
Ag,4258,269335.9441,2771639.139
Ag,4259,270630.7713,2778233.325
Ag,4260,268887.6154,2770771.445
Ag,4261,267156.3989,2773908.444
Ag,4262,267952.2328,2771843.738
Ag,4263,263025.5167,2772228.55
Ag,4264,268750.2052,2774933.733
Ag,4265,269228.0349,2773592.53
Ag,4266,269609.0722,2771073.556
Ag,4267,269540.501,2770844.322
Ag,4268,265148.0574,2776954.773
Ag,4269,266670.4764,2774179.697
Ag,4270,269070.1046,2775135.029
Ag,4271,267447.8163,2773023.531
Ag,4272,263819.087,2775310.196
Ag,4273,269046.4431,2770916.926
Ag,4274,264887.0168,2774096.825
Ag,4275,263908.4684,2774735.393
Ag,4276,265850.4918,2773068.611
Ag,4277,265554.3223,2773626.441
Ag,4278,262881.4207,2773598.669
Ag,4279,270413.7211,2777231.716
Ag,4280,271689.7067,2778945.372
Ag,4281,271245.6079,2777759.027
Ag,4282,267793.1768,2773042.801
Ag,4283,269434.1686,2772893.852
Ag,4284,267642.6874,2771939.259
Ag,4285,269200.7774,2770796.796
Ag,4286,265655.9466,2773848.54
Ag,4287,268974.9258,2773971.573
Ag,4288,269307.4427,2771137.621
Ag,4289,271237.9324,2777531.303
Ag,4290,264764.382,2773862.833
Ag,4291,268285.6475,2772609.362
Ag,4292,267895.7963,2773596.96
Ag,4293,268046.1826,2773835.787
Ag,4294,268848.9044,2772260.771
Ag,4295,271369.4326,2778347.507
Ag,4296,268113.7736,2771332.858
Ag,4297,269291.8,2771397.023
Ag,4298,269423.9571,2771651.391
Ag,4299,264641.3905,2777353.721
Ag,4300,267679.9275,2775029.506
Ag,4301,264809.4279,2774911.537
Ag,4302,270883.6714,2778805.255
Ag,4303,267753.9248,2772184.67
Ag,4304,269498.5445,2772647.154
Ag,4305,269237.6925,2773207.464
Ag,4306,269202.4425,2770804.166
Ag,4307,269495.4264,2771276.908
Ag,4308,267991.0731,2772316.124
Ag,4309,269075.5852,2771273.646
Ag,4310,268576.0348,2773155.897
Ag,4311,270587.6679,2777639.895
Ag,4312,269033.6153,2773617.381
Ag,4313,266807.9624,2773528.009
Ag,4314,264175.9458,2773904.28
Ag,4315,268303.5577,2773890.384
Ag,4316,268970.0768,2774548.905
Ag,4317,269600.9864,2771872.24
Ag,4318,265295.7359,2772070.099
Ag,4319,271021.2454,2777785.204
Ag,4320,265676.3731,2773378.938
Ag,4321,268372.7612,2773203.946
Ag,4322,263665.1039,2772912.465
Ag,4323,266025.1794,2773464.475
Ag,4324,269091.4507,2770799.913
Ag,4325,269088.9705,2774066.66
Ag,4326,264094.6831,2775438.802
Ag,4327,269188.2339,2772059.3
Ag,4328,269212.1011,2770828.732
Ag,4329,262168.6786,2775035.99
Ag,4330,267708.7117,2774233.202
Ag,4331,271041.8071,2777588.709
Ag,4332,267963.1271,2772665.572
Ag,4333,269491.2723,2772626.986
Ag,4334,262635.9665,2773080.623
Ag,4335,271721.6934,2777777.246
Ag,4336,268026.867,2771793.854
Ag,4337,268305.9121,2770990.136
Ag,4338,268990.779,2773043.393
Ag,4339,269152.673,2770776.261
Ag,4340,267258.1074,2790091.841
Ag,4341,271089.2433,2777983.169
Ag,4342,268139.4486,2771302.619
Ag,4343,269226.5739,2772504.639
Ag,4344,271295.614,2778764.93
Ag,4345,271425.6601,2777248.723
Ag,4346,267252.6774,2790089.187
Ag,4347,269308.4324,2771697.519
Ag,4348,267368.2136,2771877.987
Ag,4349,268888.7625,2770884.719
Ag,4350,268052.8732,2774772.257
Ag,4351,267365.8712,2771876.125
Ag,4352,263513.4321,2774558.976
Ag,4353,268539.2328,2770713.301
Ag,4354,263697.6889,2775325.829
Ag,4355,271305.9116,2778690.567
Ag,4356,268314.2381,2771843.717
Ag,4357,269491.3008,2772628.676
Ag,4358,269247.6475,2771473.439
Ag,4359,268350.3312,2770975.009
Ag,4360,268817.3996,2770809.834
Ag,4361,271148.0442,2779511.213
Ag,4362,268472.0297,2772700.046
Ag,4363,263121.563,2774654.135
Ag,4364,267746.9629,2772137.652
Ag,4365,268111.8894,2771131.244
Ag,4366,263121.563,2774654.135
Ag,4367,269255.3727,2771474.788
Ak,1,269447.7525,2778838.594
Ak,2,268767.6869,2771012.745
Ak,3,269359.4611,2771207.55
Ak,4,262142.7348,2776681.825
Ak,5,264635.0303,2772748.791
Ak,6,264799.7635,2778587.961
Ak,7,267021.4372,2777950.084
Ak,8,268398.3105,2772803.6
Ak,9,269196.6362,2772146.242
Ak,10,267699.5905,2773200.386
Ak,11,268391.889,2772788.279
Ak,12,269125.2265,2771977.087
Ak,13,270584.9205,2776791.299
Ak,14,268724.2975,2772452.269
Ak,15,264921.2992,2772600.543
Ak,16,268954.3792,2770847.676
Ak,17,268015.5531,2772215.73
Ak,18,261812.3728,2775490.55
Ak,19,263516.5817,2773808.108
Ak,20,265660.7875,2774219.841
Ak,21,268250.0571,2772599.82
Ak,22,268674.5031,2772286.343
Ak,23,268211.4747,2772550.17
Ak,24,268107.4019,2772499.096
Ak,25,263477.7551,2789934.312
Ak,26,267699.5905,2773200.386
Ak,27,267400.2097,2774341.399
Ak,28,271253.2942,2778170.642
Ak,29,268299.4268,2772876.511
Ak,30,268686.6629,2771140.516
Ak,31,268070.9844,2771579.831
Ak,32,268418.7859,2772467.174
Ak,33,268311.1642,2772297.792
Ak,34,268205.8409,2772173.181
Ak,35,268686.4819,2772038.838
Ak,36,267727.6065,2773217.453
Ak,37,269930.778,2780270.269
Ak,38,268246.3365,2771791.182
Ak,39,268389.4533,2772644.8
Ak,40,264337.1569,2785916.216
Ak,41,269072.8571,2772523.515
Ak,42,261770.8866,2775628.249
Ak,43,270381.7672,2779672.928
Ak,44,269987.1133,2777819.546
Ak,45,269619.5337,2771419.599
Ak,46,268892.6695,2771070.023
Ak,47,268874.3995,2772265.412
Ak,48,265443.9216,2772401.311
Ak,49,271085.0037,2779241.512
Ak,50,264851.2399,2772468.161
Ak,51,269188.8928,2770731.684
Ak,52,268860.949,2771380.215
Ak,53,268927.5108,2771581.157
Ak,54,263057.5369,2774071.844
Ak,55,268698.1117,2771407.07
Ak,56,263583.9994,2777471.597
Ak,57,269321.2561,2770815.474
Ak,58,268861.8411,2771159.954
Ak,59,268376.2403,2772819.193
Ak,60,266372.1097,2781428.393
Ak,61,268330.4275,2772842.588
Ak,62,268516.578,2772420.493
Ak,63,268249.5538,2772252.759
Ak,64,269620.9584,2771184.535
Ak,65,269358.3162,2771185.376
Ak,66,264689.0242,2773735.617
Ak,67,269165.339,2772618.123
Ak,68,265165.8812,2775487.308
Ak,69,261143.7557,2777894.038
Ak,70,268327.4287,2772802.056
Ak,71,267699.5905,2773200.386
Ak,72,267761.6612,2770873.829
Ak,73,267972.3478,2772211.391
Ak,74,269083.703,2772754.781
Ak,75,268208.4273,2772189.413
Ak,76,268701.8797,2771356.7
Ak,77,269224.3606,2772009.44
Ak,78,269002.0241,2772342.937
Ak,79,269495.4355,2778881.329
Ak,80,269119.6161,2772419.365
Ak,81,262258.0986,2777908.988
Ak,82,261766.2677,2775628.33
Ak,83,267607.4222,2770546.293
Ak,84,265217.0888,2772199.545
Ak,85,267698.3311,2773171.661
Ak,86,267727.1532,2773190.828
Ak,87,269107.2459,2772735.148
Ak,88,268398.3105,2772803.6
Ak,89,262309.0803,2782719.766
Ak,90,269371.4353,2771186.845
Ak,91,268836.4482,2771616.307
Ak,92,268804.7903,2772248.202
Ak,93,268044.3535,2771100.474
Ak,94,268377.0031,2772818.758
Ak,95,268885.6138,2777740.546
Ak,96,269410.3159,2772712.901
Ak,97,268890.3204,2771613.703
Ak,98,269553.177,2771458.343
Ak,99,265880.0253,2773084.168
Ak,100,261782.1982,2775482.41
Ak,101,269287.9406,2777585.13
Ak,102,268071.2956,2772051.393
Ak,103,267899.4515,2772408.571
Ak,104,268852.2619,2771504.013
Ak,105,269234.1527,2772178.581
Ak,106,268376.9995,2772818.546
Ak,107,268554.0872,2772089.064
Ak,108,268854.8026,2772290.686
Ak,109,267875.3768,2772442.166
Ak,110,268836.4476,2771661.751
Ak,111,269449.9136,2777829.9
Ak,112,261715.2795,2777643.682
Ak,113,268230.6091,2772815.114
Ak,114,268131.3116,2771957.159
Ak,115,267727.1532,2773190.828
Ak,116,268044.3535,2771100.474
Ak,117,268890.3204,2771613.703
Ak,118,261770.8866,2775628.249
Ak,119,269002.0241,2772342.937
Ak,120,268090.0897,2773745.841
Ak,121,269930.778,2780270.269
Ak,122,268290.6884,2772135.173
Ak,123,268516.578,2772420.493
Ak,124,268767.6869,2771012.745
Ak,125,269447.7525,2778838.594
Ak,126,264799.7635,2778587.961
Ak,127,262309.0803,2782719.766
Ak,128,267021.4372,2777950.084
Ak,129,268211.4747,2772550.17
Ak,130,268398.3105,2772803.6
Ak,131,268398.3105,2772803.6
Ak,132,268936.751,2771581.001
Ak,133,269234.1527,2772178.581
Ak,134,268230.6091,2772815.114
Ak,135,261829.6578,2775466.15
Ak,136,268826.574,2771624.506
Ak,137,268246.3365,2771791.182
Ak,138,268389.4533,2772644.8
Ak,139,268377.0031,2772818.758
Ak,140,269646.2271,2771266.964
Ak,141,267699.5905,2773200.386
Ak,142,269072.8571,2772523.515
Ak,143,265443.9216,2772401.311
Ak,144,269107.2459,2772735.148
Ak,145,264337.1569,2785916.216
Ak,146,269449.9136,2777829.9
Ak,147,269410.3159,2772712.901
Ak,148,269224.3606,2772009.44
Ak,149,267699.5905,2773200.386
Ak,150,267400.2097,2774341.399
Ak,151,263583.9994,2777471.597
Ak,152,269298.4976,2777572.057
Ak,153,261812.3728,2775490.55
Ak,154,267698.3311,2773171.661
Ak,155,261084.6913,2777950.456
Ak,156,268400.9322,2772277.456
Ak,157,269165.339,2772618.123
Ak,158,268941.1738,2770841.135
Ak,159,265660.7875,2774219.841
Ak,160,263516.5817,2773808.108
Ak,161,268205.8409,2772173.181
Ak,162,270584.9205,2776791.299
Ak,163,267899.4515,2772408.571
Ak,164,269619.5337,2771419.599
Ak,165,268249.5538,2772252.759
Ak,166,269449.1368,2777829.491
Ak,167,268015.5531,2772215.73
Ak,168,268674.5031,2772286.343
Ak,169,270940.1545,2776992.038
Ak,170,268686.4819,2772038.838
Ak,171,269119.6161,2772419.365
Ak,172,267727.6065,2773217.453
Ak,173,267607.4222,2770546.293
Ak,174,262258.0986,2777908.988
Ak,175,268250.4777,2772352.51
Ak,176,269987.1133,2777819.546
Ak,177,269188.8928,2770731.684
Ak,178,267516.985,2772517.809
Ak,179,265217.0888,2772199.545
Ak,180,268895.5197,2771465.869
Ak,181,269620.9584,2771184.535
Ak,182,268885.6138,2777740.546
Ak,183,266372.1097,2781428.393
Ak,184,267875.3768,2772442.166
Ak,185,268327.4287,2772802.056
Ak,186,269125.2265,2771977.087
Ak,187,267699.5905,2773200.386
Ak,188,268299.4268,2772876.511
Ak,189,268071.2956,2772051.393
Ak,190,268330.4275,2772842.588
Ak,191,262142.7348,2776681.825
Ak,192,268554.0872,2772089.064
Ak,193,268892.6695,2771070.023
Ak,194,268854.9429,2771161.973
Ak,195,267761.6612,2770873.829
Ak,196,264635.0303,2772748.791
Ak,197,268686.6629,2771140.516
Ak,198,264689.0206,2773735.406
Ak,199,269361.7712,2771207.511
Ak,200,268311.1642,2772297.792
Ak,201,269321.2561,2770815.474
Ak,202,270381.7672,2779672.928
Ak,203,268810.3305,2772256.986
Ak,204,269106.1627,2772807.666
Ak,205,269358.3162,2771185.376
Ak,206,268843.7344,2771500.776
Ak,207,268874.396,2772265.201
Ak,208,268719.6168,2772448.756
Ak,209,269495.4355,2778881.329
Ak,210,268860.949,2771380.215
Ak,211,268698.1117,2771407.07
Ak,212,268376.2403,2772819.193
Ak,213,268070.9844,2771579.831
Ak,214,269109.3943,2770722.248
Ak,215,268397.7235,2772814.39
Ak,216,268250.0571,2772599.82
Ak,217,268854.8026,2772290.686
Ak,218,268836.4482,2771616.307
Ak,219,269196.6362,2772146.242
Ak,220,265891.2335,2773064.107
Ak,221,271253.2942,2778170.642
Ak,222,268289.8891,2771997.374
Ak,223,268418.7859,2772467.174
Ak,224,269371.4353,2771186.845
Ak,225,261766.2677,2775628.33
Ak,226,268369.5652,2772199.147
Ak,227,267607.4222,2770546.293
Ak,228,268205.8481,2772173.604
Ak,229,268527.6909,2772439.962
Ak,230,264921.2992,2772600.543
Ak,231,263477.7551,2789934.312
Ak,232,267218.1224,2773644.443
Ak,233,264851.2399,2772468.161
Ak,234,265165.8812,2775487.308
Ak,235,261715.2795,2777643.682
Ak,236,262432.3402,2776995.955
Ak,237,267607.4222,2770546.293
Ak,238,268701.8797,2771356.7
Ak,239,268107.4019,2772499.096
Al,1,269370.5386,2774095.291
Al,2,270889.3315,2778592.735
Al,3,269001.0411,2772876.238
Al,4,264481.5541,2778439.793
Al,5,268711.2531,2771273.473
Al,6,269058.589,2772909.083
Al,7,269121.1757,2772921.128
Al,8,268916.5223,2772978.915
Al,9,269367.2667,2772717.645
Al,10,268872.1489,2772996.365
Al,11,271303.1626,2778068.77
Al,12,267732.5332,2773597.203
Al,13,267883.6296,2771115.888
Al,14,268572.2849,2771799.602
Al,15,265613.891,2779593.382
Al,16,269480.6911,2772137.424
Al,17,268733.3672,2772987.303
Al,18,268940.8667,2772961.17
Al,19,269305.1154,2772822.478
Al,20,269030.9821,2772916.102
Al,21,269294.5185,2772833.437
Al,22,269374.8753,2772666.576
Al,23,269372.3368,2772653.092
Al,24,268106.2297,2773698.643
Al,25,268685.578,2771076.489
Al,26,269088.6283,2772863.764
Al,27,269623.8787,2771311.94
Al,28,267482.3137,2771160.764
Al,29,263186.5748,2772810.001
Al,30,269670.4046,2780485.624
Al,31,263792.7321,2777209.882
Al,32,267649.0433,2771543.465
Al,33,268911.5183,2772365.184
Al,34,269132.4877,2772952.431
Al,35,269052.476,2772911.934
Al,36,268913.862,2772912.802
Al,37,268842.988,2773002.566
Al,38,269133.6031,2772881.814
Al,39,264061.5711,2772233.849
Al,40,268862.0503,2771490.743
Al,41,263601.4645,2775904.771
Al,42,270038.3867,2776889.502
Al,43,268704.2619,2771269.998
Al,44,268346.5401,2772294.655
Al,45,267391.7127,2771313.438
Al,46,268735.608,2772801.471
Al,47,268128.5808,2773744.976
Al,48,268910.4558,2772984.513
Al,49,268662.1999,2772968.852
Al,50,269277.8634,2772713.872
Al,51,269153.8598,2770664.216
Al,52,269484.4314,2772176.464
Al,53,266751.3175,2773593.235
Al,54,263586.6069,2775225.871
Al,55,264939.6582,2775541.727
Al,56,269161.5736,2772941.793
Al,57,268929.5324,2772974.045
Al,58,269305.1259,2772640.912
Al,59,268930.6687,2772859.252
Al,60,268628.2504,2772919.756
Al,61,268548.1094,2771146.035
Al,62,267187.7146,2771185.019
Al,63,269148.5396,2774401.094
Al,64,262616.3213,2773146.703
Al,65,270703.7773,2776899.843
Al,66,268966.2996,2772962.219
Al,67,267372.8868,2771338.7
Al,68,269428.4598,2771142.763
Al,69,269369.6973,2774091.077
Al,70,267187.7146,2771185.019
Al,71,267732.5332,2773597.203
Al,72,268080.8501,2773791.232
Al,73,268641.1106,2772179.322
Al,74,270703.7773,2776899.843
Al,75,263186.5748,2772810.001
Al,76,268524.1951,2771143.904
Al,77,269484.0678,2772474.077
Al,78,268874.7034,2771510.186
Al,79,267612.5859,2771573.678
Al,80,266751.3175,2773593.235
Al,81,263792.7321,2777209.882
Al,82,262616.3213,2773146.703
Al,83,268685.578,2771076.489
Al,84,269489.0217,2772129.04
Al,85,269153.8598,2770664.216
Al,86,270038.3867,2776889.502
Al,87,265613.891,2779593.382
Al,88,268106.2297,2773698.643
Al,89,269370.5386,2774095.291
Al,90,269429.9714,2771141.047
Al,91,268707.428,2771275.018
Al,92,267372.8868,2771338.7
Al,93,263562.8411,2775187.601
Al,94,269629.9961,2771309.3
Al,95,263723.1617,2775862.286
Al,96,270868.2773,2777067.225
Al,97,270903.6705,2779215.817
Al,98,271303.1626,2778068.77
Al,99,264571.5881,2778437.39
Al,100,266833.129,2774594.376
Al,101,269088.6283,2772863.764
Al,102,269484.4314,2772176.464
Al,103,266155.5679,2772579.544
Al,104,267482.3137,2771160.764
Al,105,264939.6582,2775541.727
Al,106,268346.5401,2772294.655
Al,107,267883.6296,2771115.888
Al,108,268128.5808,2773744.976
Al,109,268936.751,2771581.001
Al,110,268720.3248,2770899.619
Al,111,270914.8974,2779196.817
Al,112,267371.2165,2771285.886
Al,113,268543.8087,2771755.485
Al,114,268930.6687,2772859.252
Al,115,269001.0411,2772876.238
Al,116,270900.0954,2778591.919
Al,117,271096.7642,2777102.486
Al,118,264061.5711,2772233.849
Al,119,264733.4657,2773231.354
Al,120,263601.4645,2775904.771
Al,121,269305.1154,2772822.478
Al,122,268993.5635,2772889.469
Al,123,268842.988,2773002.566
Al,124,269015.8309,2772885.499
Al,125,269305.1259,2772640.912
Al,126,269294.5185,2772833.437
Al,127,269058.589,2772909.083
Al,128,269052.476,2772911.934
Al,129,268628.2504,2772919.756
Al,130,269194.9087,2772863.656
Al,131,268967.5502,2772899.633
Al,132,268940.8667,2772961.17
Al,133,268735.608,2772801.471
Al,134,269372.3368,2772653.092
Al,135,269132.4877,2772952.431
Al,136,268733.3672,2772987.303
Al,137,269121.1757,2772921.128
Al,138,268662.9376,2772966.938
Al,139,269374.8753,2772666.576
Al,140,268966.2996,2772962.219
Al,141,269357.4467,2772729.013
Al,142,268913.862,2772912.802
Al,143,269337.5406,2772781.558
Al,144,269030.9821,2772916.102
Al,145,269161.5736,2772941.793
Al,146,269367.2667,2772717.645
Al,147,268929.5324,2772974.045
Al,148,269670.4046,2780485.624
Al,149,268910.4558,2772984.513
Al,150,269133.6031,2772881.814
Al,151,269277.8634,2772713.872
Al,152,268872.1489,2772996.365
Al,153,268916.5223,2772978.915
Ao,1,268685.1659,2772551.854
Ao,2,267572.9291,2772817.848
Ao,3,267665.3732,2772050.266
Ao,4,267715.9023,2772891.93
Ao,5,267715.9023,2772891.93
Ao,6,267408.7883,2772225.001
Ao,7,264628.9268,2773421.704
Ao,8,267620.1912,2772834.376
Ao,9,268199.9283,2770872.511
Ao,10,270595.2435,2777632.581
Ao,11,267975.2769,2771658.82
Ao,12,267989.8803,2771475.736
Ao,13,267942.4896,2771678.4
Ao,14,263489.5655,2772782.974
Ao,15,267739.7001,2772434.963
Ao,16,267688.1304,2770943.564
Ao,17,267803.148,2772768.906
Ao,18,268137.2102,2771306.885
Ao,19,269486.4838,2771796.39
Ao,20,267668.9893,2772036.465
Ao,21,270859.4124,2779238.968
Ao,22,262838.0922,2775402.271
Ao,23,267692.0388,2770901.647
Ao,24,265139.6301,2772442.691
Ao,25,264783.8136,2772980.006
Ao,26,267621.7042,2771475.869
Ao,27,267932.9448,2772838.141
Ao,28,267634.1679,2772614.946
Ao,29,268007.9772,2772585.545
Ao,30,269466.1384,2770637.169
Ao,31,267665.3732,2772050.266
Ao,32,268628.067,2772545.635
Ao,33,267710.689,2772902.376
Ao,34,267526.2346,2772744.241
Ao,35,263620.0431,2773601.067
Ao,36,266291.8716,2772623.288
Ao,37,269590.0826,2771636.96
Ao,38,265637.4146,2772231.847
Ao,39,264674.7604,2773489.188
Ao,40,268164.4842,2773138.789
Ao,41,268772.184,2771460.137
Ao,42,267715.9023,2772891.93
Ao,43,270305.4223,2776973.137
Ao,44,263631.5846,2773600.444
Ao,45,264817.9086,2772679.265
Ao,46,265783.773,2772008.449
Ao,47,263699.2596,2773816.99
Ao,48,271580.4727,2777252.466
Ao,49,265607.9513,2774550.917
Ao,50,267447.1406,2772260.915
Ao,51,267621.7042,2771475.869
Ao,52,267610.5455,2771680.032
Ao,53,267558.3171,2772728.687
Ao,54,267558.3171,2772728.687
Ao,55,269581.8795,2771607.296
Ao,56,267575.0452,2773168.054
Ao,57,269407.3835,2772858.372
Ao,58,271253.0432,2777605.873
Ao,59,265726.2305,2771976.673
Ao,60,264811.034,2772548.542
Ao,61,265203.5782,2773473.099
Ao,62,265216.3568,2773678.546
Ao,63,268002.5032,2771357.366
Ao,64,266921.6768,2772520.779
Ao,65,263637.6066,2773503.529
Ao,66,271214.1143,2777671.628
Ao,67,262220.6292,2776468.451
Ao,68,271389.9888,2778333.846
Ao,69,269405.9847,2775644.237
Ao,70,267716.6759,2772892.128
Ao,71,267588.8489,2772712.526
Ao,72,267654.2696,2772574.232
Ao,73,267558.3315,2772729.533
Ao,74,268012.8413,2773098.036
Ao,75,269061.9741,2773791.28
Ao,76,267370.7398,2772749.006
Ao,77,268627.1516,2773808.373
Ao,78,267526.2346,2772744.241
Ao,79,267880.006,2772533.188
Ao,80,268475.3719,2772896.986
Ao,81,265717.1137,2772791.464
Ao,82,264877.9468,2773034.609
Ao,83,264808.8881,2773049.539
Ao,84,264808.8881,2773049.539
Ao,85,265531.317,2776407.683
Ao,86,267778.3378,2771854.093
Ao,87,267947.8797,2771678.309
Ao,88,267735.3972,2771548.548
Ao,89,267611.0746,2771620.628
Ao,90,267698.6911,2771609.413
Ao,91,267425.0056,2773447.297
Ao,92,267570.4003,2771584.119
Ao,93,269466.9085,2770637.156
Ao,94,269520.919,2775747.343
Ao,95,268176.7023,2771772.707
Ao,96,267649.1278,2772046.103
Ao,97,268553.1205,2772622.365
Ao,98,267650.9162,2772558.225
Ao,99,268453.0597,2771309.556
Ao,100,267617.271,2771532.169
Ao,101,268456.7378,2771299.347
Ao,102,264983.7744,2772650.408
Ao,103,269338.9892,2771135.608
Ao,104,263598.0135,2773529.792
Ao,105,267526.2346,2772744.241
Ao,106,268602.0136,2773052.941
Ao,107,271328.3069,2777594.886
Ao,108,267613.7368,2771007.819
Ao,109,267447.1406,2772260.915
Ao,110,268686.7134,2773869.294
Ao,111,267849.2327,2772852.036
Ao,112,267716.6723,2772891.916
Ao,113,264510.6862,2774067.174
Ao,114,271390.1166,2778341.453
Ao,115,267570.4003,2771584.119
Ao,116,268766.6814,2773498.675
Ao,117,267715.9023,2772891.93
Ao,118,268241.1758,2773754.264
Ao,119,269836.5918,2777112.946
Ao,120,269632.6507,2770918.859
Ao,121,264313.6914,2774031.684
Ao,122,265472.8126,2776319.067
Ao,123,266906.8376,2772689.073
Ao,124,269590.0826,2771636.96
Ao,125,269590.0826,2771636.96
Ao,126,269152.3636,2771532.331
Ao,127,265577.8281,2775530.734
Ao,128,267651.0312,2772067.419
Ao,129,267629.6775,2772577.398
Ao,130,264396.7419,2772597.754
Ao,131,267265.4803,2774433.743
Ao,132,262901.4148,2776209.06
Ao,133,262255.7349,2776229.824
Ao,134,263598.9482,2773539.288
Ao,135,269533.9194,2775742.051
Ao,136,271195.5066,2777618.042
Ao,137,263411.5978,2775746.362
Ao,138,268077.7193,2773154.214
Ao,139,268934.6307,2774002.27
Ao,140,267558.3171,2772728.687
Ao,141,267558.3171,2772728.687
Ao,142,271335.8498,2778364.769
Ao,143,264162.6696,2773225.569
Ao,144,263649.757,2773493.595
Ao,145,267969.634,2771689.353
Ao,146,271543.4456,2777339.959
Ao,147,267651.0312,2772067.419
Ao,148,267630.3608,2772481.847
Ao,149,268072.3129,2771658.016
Ao,150,267572.9291,2772817.848
Ao,151,268986.8416,2774402.142
Ao,152,269050.9671,2772276.796
Ao,153,268792.5883,2770663.776
Ao,154,264732.8817,2773242.144
Ao,155,264336.7636,2772469.639
Ao,156,264674.355,2773510.332
Ao,157,264207.3989,2772471.451
Ao,158,269629.5563,2770918.066
Ao,159,268022.451,2771715.299
Ao,160,268072.7001,2771499.482
Ao,161,268827.8094,2773742.828
Ao,162,267152.8631,2773475.825
Ao,163,268028.4816,2775013.212
Ao,164,271088.4533,2779034.736
Ao,165,267576.8754,2772280.899
Ao,166,267834.9803,2773010.173
Ao,167,269590.0826,2771636.96
Ao,168,262648.7669,2776469.44
Ao,169,267576.8754,2772280.899
Ao,170,267608.2,2772899.048
Ao,171,269430.5547,2770856.324
Ao,172,269632.6507,2770918.859
Ao,173,268532.4364,2771629.914
Ao,174,269151.9065,2770776.485
Ao,175,267356.7489,2772515.679
Ao,176,267651.0312,2772067.419
Ao,177,271044.4218,2779071.409
Ao,178,268892.8543,2770671.379
Ao,179,267526.2346,2772744.241
Ao,180,271462.7782,2777441.923
Ao,181,269123.7549,2773210.026
Ao,182,267496.244,2771481.176
Ao,183,263708.6335,2772535.249
Ao,184,270856.1775,2779229.722
Ao,185,265100.3668,2773427.739
Ao,186,268033.5675,2771553.623
Ao,187,267573.6955,2772817.624
Ao,188,268880.1959,2770697.169
Ao,189,269523.873,2775739.896
Ao,190,267597.0076,2772513.275
Ao,191,267447.1406,2772260.915
Ao,192,268562.248,2771571.07
Ao,193,267466.4247,2772850.101
Ao,194,267687.0901,2771651.885
Ao,195,267621.7042,2771475.869
Ao,196,267687.0901,2771651.885
Ao,197,269590.0826,2771636.96
Ao,198,267228.7515,2771829.848
Ao,199,268455.3124,2771306.135
Ao,200,267526.2346,2772744.241
Ao,201,268574.5465,2771524.149
Ao,202,265539.2801,2776422.977
Ao,203,263288.6616,2774165.486
Ao,204,262252.8647,2775579.881
Ao,205,269417.8449,2772383.673
Ao,206,267836.1391,2771810.836
Ao,207,267836.1391,2771810.836
Ao,208,267558.3171,2772728.687
Ao,209,271265.2974,2777831.196
Ao,210,266224.7494,2772706.451
Ao,211,272640.0327,2780028.351
Ao,212,267647.5894,2771593.796
Ao,213,269195.1514,2773287.658
Ao,214,268710.4198,2770724.139
Ao,215,265596.0017,2776542.273
Ao,216,271139.9656,2778252.655
Ao,217,267456.3107,2772166.276
Ao,218,267704.6915,2772504.889
Ao,219,265145.3683,2773223.41
Ao,220,270487.8823,2776606.93
Ao,221,267976.138,2771618.856
Ao,222,268484.6134,2772987.718
Ao,223,268886.2992,2770693.683
Ao,224,267570.4003,2771584.119
Ao,225,266414.4471,2772540.022
Ao,226,269582.2255,2771627.792
Ao,227,264146.1234,2773471.263
Ao,228,267447.1406,2772260.915
Ao,229,267663.2679,2772333.75
Ao,230,267572.1851,2771507.995
Ao,231,264543.5761,2772715.703
Ao,232,264946.623,2772461.022
Ao,233,267558.3171,2772728.687
Ao,234,267928.7946,2771688.356
Ao,235,265572.8468,2774211.207
Ao,236,267197.9815,2773457.089
Ao,237,268950.537,2774531.904
Ao,238,267613.4789,2772440.283
Ao,239,264296.0062,2773855.068
Ao,240,271621.9335,2778897.684
Ao,241,268093.2207,2773069.402
Ao,242,267558.3171,2772728.687
Ao,243,268766.6814,2773498.675
Ao,244,268726.0838,2770921.293
Ao,245,269293.9403,2774301.614
Ao,246,267764.8118,2772914.77
Ao,247,264007.7009,2774595.645
Ao,248,269229.1102,2771379.271
Ao,249,267696.863,2771637.768
Ao,250,271072.146,2778248.3
Ao,251,269187.4759,2771103.505
Ao,252,267461.0494,2772173.17
Ao,253,267650.3154,2772568.169
Ao,254,266848.774,2772806.743
Ao,255,267818.537,2772677.543
Ao,256,267146.6317,2773471.704
Ao,257,267558.3171,2772728.687
Ao,258,267558.3171,2772728.687
Ao,259,267740.2311,2772918.571
Ao,260,267527.8079,2773062.54
Ao,261,268492.5843,2772050.369
Ao,262,267414.7725,2772259.776
Ao,263,267527.8187,2773063.174
Ao,264,267072.5545,2774004.359
Ao,265,271318.1638,2777678.546
Ao,266,271182.8981,2777463.322
Ao,267,271316.5077,2778817.209
Ao,268,267573.6919,2772817.413
Ao,269,267644.8213,2772562.133
Ao,270,264402.9056,2772464.058
Ao,271,264394.3371,2772592.3
Ao,272,267447.1406,2772260.915
Ao,273,268105.9943,2771691.051
Ao,274,267558.3171,2772728.687
Ao,275,268141.6164,2771430.25
Ao,276,268453.0597,2771309.556
Ao,277,269294.6351,2774297.164
Ao,278,269632.6507,2770918.859
Ao,279,268615.0676,2771597.23
Ao,280,268892.8543,2770671.379
Ao,281,268172.2481,2773142.462
Ao,282,266855.8412,2772409.031
Ao,283,267642.2009,2774803.982
Ao,284,264689.5603,2773498.867
Ao,285,271290.5984,2777412.475
Ao,286,267572.9291,2772817.848
Ao,287,267482.3082,2771522.208
Ao,288,267485.0611,2772316.705
Ao,289,267976.138,2771618.856
Ao,290,267995.3825,2773022.451
Ao,291,271287.4738,2778372.134
Ao,292,267414.2915,2772864.095
Ao,293,269222.8368,2771600.468
Ao,294,268141.6164,2771430.25
Ao,295,268079.2947,2771524.945
Ao,296,268268.734,2773744.496
Ao,297,267444.1009,2772308.525
Ao,298,267160.4448,2773423.699
Ao,299,267947.3509,2773051.169
Ao,300,267687.0901,2771651.885
Ao,301,268267.6814,2771778.137
Ao,302,269492.3578,2775515.532
Ao,303,262973.4394,2773885.813
Ao,304,268304.1981,2771524.508
Ao,305,267576.0413,2772819.698
Ao,306,267882.7904,2772832.653
Ao,307,267558.3171,2772728.687
Ao,308,266907.4981,2771871.052
Ao,309,268390.1514,2772232.194
Ao,310,263106.5064,2773920.492
Ao,311,265230.0949,2774252.827
Ao,312,263256.3603,2774256.728
Ao,313,271491.7632,2778297.261
Ao,314,268963.7858,2771494.516
Ao,315,269632.6507,2770918.859
Ao,316,267979.9526,2771480.766
Ao,317,269449.5199,2771614.392
Ao,318,267715.9023,2772891.93
Ao,319,267617.271,2771532.169
Ao,320,265052.3744,2774218.263
Ao,321,267976.138,2771618.856
Ao,322,267128.7937,2772832.82
Ao,323,262422.361,2774745.358
Ao,324,267880.006,2772533.188
Ao,325,270357.9044,2777254.639
Ao,326,267446.3742,2772261.139
Ao,327,267704.7577,2775898.877
Ao,328,268297.8381,2773871.035
Ao,329,267995.3825,2773022.451
Ao,330,266785.2606,2772154.9
Ao,331,268354.602,2774039.167
Ao,332,268061.0457,2771493.55
Ao,333,267868.8105,2773504.627
Ao,334,267650.272,2772068.066
Ao,335,268033.5675,2771553.623
Ao,336,267578.7779,2772663.871
Ao,337,269568.9008,2775488.45
Ao,338,267740.567,2772485.889
Ao,339,264352.1487,2772468.528
Ao,340,271501.0633,2778530.243
Ao,341,267672.871,2772400.168
Ao,342,266930.1247,2772384.088
Ao,343,266991.8406,2772435.032
Ao,344,271132.1277,2778381.721
Ao,345,269210.4286,2773007.124
Ao,346,268914.2786,2771709.471
Ao,347,267485.0611,2772316.705
Ao,348,268276.2324,2771601.287
Ao,349,268284.1108,2771702.399
Ao,350,264298.0378,2774017.158
Ao,351,268135.6271,2771304.375
Ao,352,268091.8926,2771903.718
Ao,353,263642.8892,2773719.465
Ao,354,263398.1919,2775728.205
Ao,355,264719.4561,2773490.742
Ao,356,263346.8592,2775654.479
Ao,357,264299.5489,2773837.251
Ao,358,271120.2068,2778359.516
Ao,359,267934.232,2774995.371
Ao,360,267676.3575,2772333.527
Ao,361,267558.3171,2772728.687
Ao,362,267849.2327,2772852.036
Ao,363,268165.1538,2771909.026
Ao,364,267665.3732,2772050.266
Ao,365,267521.1152,2772127.336
Ao,366,265505.2167,2776367.549
Ao,367,267831.9208,2770702.27
Ao,368,267621.7042,2771475.869
Ao,369,271701.7599,2777414.875
Ao,370,269268.1279,2771135.749
Ao,371,267311.1744,2774494.05
Ao,372,267414.2915,2772864.095
Ao,373,267414.7725,2772259.776
Ao,374,268285.3473,2770867.68
Ao,375,267526.2346,2772744.241
Ao,376,271151.8692,2778411.192
Ao,377,267663.2679,2772333.75
Ao,378,268004.3162,2771373.399
Ao,379,263433.6261,2774619.757
Ao,380,268892.8543,2770671.379
Ao,381,265718.7931,2775891.874
Ao,382,266524.0967,2772376.445
Ao,383,267089.6631,2774104.257
Ao,384,269299.8346,2774285.873
Ao,385,269632.6507,2770918.859
Ao,386,267415.6872,2772087.493
Ao,387,264763.6235,2773283.043
Ao,388,264812.537,2772680.415
Ao,389,265498.1543,2776359.849
Ao,390,263229.2316,2772915.795
Ao,391,267831.9208,2770702.27
Ao,392,265247.6214,2772049.155
Ao,393,271076.0972,2778254.363
Ao,394,271478.1751,2777487.743
Ao,395,271620.5083,2777390.24
Ao,396,267526.2346,2772744.241
Ao,397,268917.3617,2770754.032
Ao,398,265271.5097,2772049.801
Ao,399,269971.1451,2775962.306
Ao,400,270919.7805,2777657.343
Ao,401,264217.7603,2772580.765
Ao,402,267526.2346,2772744.241
Ao,403,263648.7034,2773743.884
Ao,404,271434.0782,2777933.622
Ao,405,264725.0878,2773415.395
Ao,406,264249.1457,2772435.853
Ao,407,266149.9262,2774631.02
Ao,408,263476.339,2773175.096
Ao,409,267572.1851,2771507.995
Ao,410,271398.8263,2778264.158
Ao,411,270311.1054,2778861.407
Ao,412,269465.322,2770634.435
Ao,413,263399.6176,2774080.066
Ao,414,271024.0302,2777355.659
Ao,415,264468.747,2772664.151
Ao,416,270230.0796,2778302.648
Ao,417,267403.6377,2772510.229
Ao,418,267036.4963,2774012.373
Ao,419,270601.9152,2779489.974
Ao,420,271043.4745,2779060.857
Ao,421,270960.0641,2777992.528
Ao,422,271276.8322,2778792.512
Ao,423,268777.6865,2772466.795
Ao,424,270379.7194,2777224.257
Ao,425,268557.2388,2774090.471
Ao,426,271268.3702,2778792.865
Ao,427,267650.272,2772068.066
Ao,428,263342.8148,2775598.957
Ao,429,264252.0531,2774386.382
Ao,430,268604.308,2772734.157
Ao,431,265858.583,2772642.554
Ao,432,267526.2346,2772744.241
Ao,433,267526.2346,2772744.241
Ao,434,263181.6622,2776782.729
Ao,435,262781.6848,2776541.107
Ao,436,267495.4488,2771479.71
Ao,437,267701.0854,2770890.079
Ao,438,267572.1851,2771507.995
Ao,439,271657.5512,2777441.403
Ao,440,267558.3171,2772728.687
Ao,441,267526.2346,2772744.241
Ao,442,269263.8338,2771929.721
Ao,443,267414.2915,2772864.095
Ao,444,267602.0116,2772897.463
Ao,445,268241.1758,2773754.264
Ao,446,267670.0619,2774766.939
Ao,447,269590.0826,2771636.96
Ao,448,268389.7806,2771484.163
Ao,449,265610.3952,2773617.868
Ao,450,266973.1844,2772424.993
Ao,451,267412.5554,2772220.076
Ao,452,269410.6119,2770861.311
Ao,453,267558.3171,2772728.687
Ao,454,267558.3171,2772728.687
Ao,455,267572.1707,2771507.15
Ao,456,268028.1247,2774222.902
Ao,457,268935.3755,2774000.778
Ao,458,269632.6507,2770918.859
Ao,459,272061.7245,2780060.223
Ao,460,268717.488,2770914.04
Ao,461,265518.9947,2774169.647
Ao,462,268963.7858,2771494.516
Ao,463,269434.72,2771513.397
Ao,464,268209.3911,2771701.977
Ao,465,272420.8305,2780590.658
Ao,466,265303.6609,2773291.919
Ao,467,263992.2417,2778503.226
Ao,468,264026.0263,2774008.123
Ao,469,267387.9487,2772900.054
Ao,470,264818.2161,2773143.863
Ao,471,264179.1865,2773468.155
Ao,472,267665.3732,2772050.266
Ao,473,267482.3082,2771522.208
Ao,474,271653.6909,2777303.023
Ao,475,267675.5809,2772875.918
Ao,476,269051.2961,2772296.236
Ao,477,267628.0187,2772525.218
Ao,478,267405.9584,2772510.824
Ao,479,267573.6955,2772817.624
Ao,480,267212.4958,2773811.1
Ao,481,269284.0041,2771528.203
Ao,482,267128.7937,2772832.82
Ao,483,269509.9596,2771453.366
Ao,484,268453.0597,2771309.556
Ao,485,269127.2739,2774736.897
Ao,486,262928.4889,2775419.511
Ao,487,269469.7172,2771350.898
Ao,488,267764.5352,2771857.71
Ao,489,267734.0294,2772509.04
Ao,490,270631.5046,2779281.7
Ao,491,269248.188,2772462
Ao,492,267976.138,2771618.856
Ao,493,269299.8418,2774286.296
Ao,494,269092.5872,2774416.626
Ao,495,267508.9273,2773491.1
Ao,496,269149.2793,2774854.046
Ao,497,267534.3194,2772766.72
Ao,498,267144.9627,2772832.544
Ao,499,265014.3989,2773042.192
Ao,500,263032.3613,2776123.076
Ao,501,268176.8785,2773143.017
Ao,502,271707.6046,2777442.044
Ao,503,267751.319,2771578.926
Ao,504,267572.9291,2772817.848
Ao,505,268033.5675,2771553.623
Ao,506,267416.9895,2772073.52
Ao,507,264393.4507,2774056.939
Ao,508,267980.8405,2773706.905
Ao,509,267617.271,2771532.169
Ao,510,267329.6187,2772731.317
Ao,511,271701.7422,2777413.819
Ao,512,264713.4331,2772695.017
Ao,513,263486.6121,2773190.137
Ao,514,268839.5026,2775249.907
Ao,515,267634.1643,2772614.735
Ao,516,267558.3171,2772728.687
Ao,517,267575.6721,2772571.977
Ao,518,268268.734,2773744.496
Ao,519,267416.9895,2772073.52
Ao,520,268045.8878,2771553.414
Ao,521,267621.7042,2771475.869
Ao,522,268033.5675,2771553.623
Ao,523,271253.9258,2777795.877
Ao,524,269512.3983,2770913.491
Ao,525,270612.0159,2777622.787
Ao,526,266927.6518,2771878.529
Ao,527,268973.819,2775405.734
Ao,528,268963.9934,2770687.507
Ao,529,265599.6455,2776619.785
Ao,530,267756.3604,2772915.971
Ao,531,265568.4884,2776464.749
Ao,532,264834.92,2772593.788
Ao,533,267482.7403,2772316.11
Ao,534,267002.3013,2772461.275
Ao,535,271389.9888,2778333.846
Ao,536,269590.0826,2771636.96
Ao,537,266854.6523,2773240.801
Ao,538,267715.9023,2772891.93
Ao,539,267526.2346,2772744.241
Ao,540,271262.7718,2777818.345
Ao,541,268298.6044,2773870.81
Ao,542,265597.8067,2774722.304
Ao,543,264164.625,2773962.182
Ao,544,267995.3825,2773022.451
Ao,545,264385.5181,2774043.548
Ao,546,269279.4661,2771533.141
Ao,547,268086.2015,2771478.115
Ao,548,269127.2739,2774736.897
Ao,549,265071.4609,2773403.929
Ao,550,269392.165,2772914.853
Ao,551,267418.1547,2772819.641
Ao,552,264808.8881,2773049.539
Ao,553,266948.2504,2772498.342
Ao,554,264131.133,2773450.596
Ao,555,267774.02,2771147.555
Ao,556,267447.1406,2772260.915
Ao,557,264594.0999,2773590.349
Ao,558,269075.4835,2770903.33
Ao,559,267709.9191,2772902.389
Ao,560,265526.0608,2774670.061
Ao,561,265534.7225,2774725.926
Ao,562,267735.3972,2771548.548
Ao,563,267823.8776,2770727.56
Ao,564,263673.4314,2773793.129
Ao,565,271073.8522,2778258.205
Ao,566,267180.9315,2773450.827
Ao,567,266071.1035,2772414.853
Ao,568,267535.2249,2772322.614
Ao,569,269593.3186,2771554.895
Ao,570,267852.0536,2772519.925
Ao,571,267134.9608,2772923.394
Ao,572,266914.498,2772506.317
Ao,573,269590.0826,2771636.96
Ao,574,263232.6186,2774264.327
Ao,575,262954.1137,2776582.495
Ao,576,267570.4003,2771584.119
Ao,577,267963.1698,2771626.263
Ao,578,268393.1775,2773000.261
Ao,579,263126.0276,2774024.573
Ao,580,265258.1019,2773195.471
Ao,581,263453.8673,2772856.306
Ao,582,267573.6955,2772817.624
Ao,583,267983.8476,2771664.592
Ao,584,271578.9637,2777391.994
Ao,585,266794.2936,2773899.624
Ao,586,270968.5783,2777766.433
Ao,587,269487.1396,2777027.333
Ao,588,272419.9853,2780172.167
Ao,589,267485.0611,2772316.705
Ao,590,267526.2346,2772744.241
Ao,591,267558.3171,2772728.687
Ao,592,267573.6955,2772817.624
Ao,593,267458.0775,2772179.562
Ao,594,269120.0299,2774400.097
Ao,595,269263.097,2771111.527
Ao,596,264363.5601,2772148.096
Ao,597,267608.2252,2772900.527
Ao,598,269632.6507,2770918.859
Ao,599,267928.7946,2771688.356
Ao,600,267660.4941,2772080.363
Ao,601,268241.1758,2773754.264
Ao,602,267621.7042,2771475.869
Ao,603,265955.4627,2773710.231
Ao,604,268291.9281,2773069.83
Ao,605,268532.4364,2771629.914
Ao,606,267526.2346,2772744.241
Ao,607,267447.1406,2772260.915
Ao,608,267572.9291,2772817.848
Ao,609,267968.7613,2771048.916
Ao,610,264018.2249,2784920.875
Ao,611,267995.3825,2773022.451
Ao,612,266167.9744,2774740.414
Ao,613,267725.1067,2772437.325
Ao,614,268124.9843,2773125.721
Ao,615,268172.4093,2771293.182
Ao,616,268628.0885,2772546.903
Ao,617,269147.6695,2774395.19
Ao,618,269592.8948,2771164.717
Ao,619,268974.4838,2771489.473
Ao,620,267610.5455,2771680.032
Ao,621,264537.0595,2778622.096
Ao,622,269392.9313,2772914.629
Ao,623,269031.6213,2775226.993
Ao,624,267591.0736,2772843.115
Ao,625,267562.4279,2772020.524
Ao,626,268086.2015,2771478.115
Ao,627,267148.701,2773998.831
Ao,628,267793.5209,2771931.619
Ao,629,267687.0901,2771651.885
Ao,630,266912.7992,2772497.045
Ao,631,269053.5625,2771383.296
Ao,632,267836.1391,2771810.836
Ao,633,267573.6955,2772817.624
Ao,634,267572.9291,2772817.848
Ao,635,264096.3049,2773974.989
Ao,636,269300.0153,2771791.931
Ao,637,267737.9403,2770883.111
Ao,638,264292.3904,2773868.658
Ao,639,268227.1845,2772613.525
Ao,640,268045.8878,2771553.414
Ao,641,268004.3162,2771373.399
Ao,642,267558.3315,2772729.533
Ao,643,269147.4375,2771104.393
Ao,644,269550.7347,2775461.491
Ao,645,262552.1981,2772869.856
Ao,646,268574.5465,2771524.149
Ao,647,269083.2887,2774913.29
Ao,648,265536.7315,2774215.844
Ao,649,267526.2346,2772744.241
Ao,650,271233.5101,2778459.279
Ao,651,266957.3072,2772442.385
Ao,652,262369.1307,2776638.769
Ao,653,265522.2087,2774177.413
Ao,654,265608.4922,2773686.386
Ao,655,262442.5872,2776788.835
Ao,656,267813.8548,2770772.33
Ao,657,269110.103,2773904.816
Ao,658,267224.5196,2770904.114
Ao,659,264960.3933,2772500.312
Ao,660,263948.8019,2776263.586
Ao,661,269284.0041,2771528.203
Ao,662,264775.4038,2773385.569
Ao,663,267558.3171,2772728.687
Ao,664,267526.2346,2772744.241
Ao,665,267573.6955,2772817.624
Ao,666,263965.8339,2777246.408
Ao,667,264397.1298,2774670.924
Ao,668,263688.9349,2773843.38
Ao,669,265336.7902,2772173.178
Ao,670,265071.4609,2773403.929
Ao,671,267935.6075,2771001.71
Ao,672,264839.9419,2773287.223
Ao,673,267849.2327,2772852.036
Ao,674,268565.0004,2773277.199
Ao,675,269222.8368,2771600.468
Ao,676,267161.9323,2772879.179
Ao,677,268268.734,2773744.496
Ao,678,265880.574,2773071.265
Ao,679,265901.1354,2773147.429
Ao,680,264204.6838,2774452.728
Ao,681,269469.7172,2771350.898
Ao,682,270748.4898,2777726.384
Ao,683,266715.9645,2772201.318
Ao,684,267867.8088,2772540.582
Ao,685,268086.2015,2771478.115
Ao,686,266160.4752,2774752.168
Ao,687,268177.3104,2770629.186
Ao,688,267836.1391,2771810.836
Ao,689,267976.138,2771618.856
Ao,690,263331.8365,2775631.911
Ao,691,264427.7148,2774569.146
Ao,692,265118.9023,2773296.579
Ao,693,268954.2035,2773975.729
Ao,694,268931.7374,2773967.866
Ao,695,264823.5583,2773141.023
Ao,696,268702.4664,2772482.02
Ao,697,265123.4018,2773289.526
Ao,698,264775.4038,2773385.569
Ao,699,271183.5123,2778415.944
Ao,700,268232.0353,2773171.037
Ao,701,267395.1596,2772780.929
Ao,702,267397.6704,2775817.031
Ao,703,267467.7809,2772839.298
Ao,704,266912.7992,2772497.045
Ao,705,264001.1535,2773238.297
Ao,706,267447.1406,2772260.915
Ao,707,267995.3825,2773022.451
Ao,708,266864.1528,2773165.813
Ao,709,267715.9023,2772891.93
Ao,710,267880.0024,2772532.977
Ao,711,267956.2394,2771037.292
Ao,712,271703.7987,2777444.644
Ao,713,267379.3282,2772755.834
Ao,714,269632.6507,2770918.859
Ao,715,267716.6759,2772892.128
Ao,716,269632.6507,2770918.859
Ao,717,268792.5883,2770663.776
Ao,718,266184.2927,2772727.647
Ao,719,267492.4243,2772703.6
Ao,720,267130.7304,2773487.617
Ao,721,267775.6803,2774999.973
Ao,722,267644.0146,2774277.847
Ao,723,268263.4115,2773793.835
Ao,724,267151.1514,2774007.033
Ao,725,267183.182,2773492.429
Ao,726,267371.4962,2772477.169
Ao,727,267558.3171,2772728.687
Ao,728,265441.6133,2774327.184
Ao,729,265394.9247,2774388.652
Ao,730,268506.2396,2770993.502
Ao,731,267562.4279,2772020.524
Ao,732,269590.0826,2771636.96
Ao,733,268875.1635,2771628.333
Ao,734,268602.0136,2773052.941
Ao,735,264420.4722,2772723.113
Ao,736,268561.375,2772609.543
Ao,737,267638.9712,2772625.644
Ao,738,268086.2015,2771478.115
Ao,739,265506.0337,2776370.282
Ao,740,269211.195,2773006.9
Ao,741,267412.5554,2772220.076
Ao,742,267621.0887,2771530.202
Ao,743,263637.9097,2773565.457
Ao,744,267485.0611,2772316.705
Ao,745,262843.2407,2776317.453
Ao,746,263460.251,2772824.7
Ao,747,271644.9636,2777425.339
Ao,748,266168.9159,2772639.345
Ao,749,267558.3171,2772728.687
Ao,750,267572.9291,2772817.848
Ao,751,271242.5781,2778723.97
Ao,752,269939.9406,2777943.782
Ao,753,267634.1643,2772614.735
Ao,754,267586.6726,2772765.617
Ao,755,267732.4705,2772915.11
Ao,756,265866.3031,2773137.247
Ao,757,267558.3171,2772728.687
Ao,758,267146.9081,2773758.531
Ao,759,269127.2739,2774736.897
Ao,760,267793.9825,2772501.889
Ao,761,264775.4038,2773385.569
Ao,762,264964.4577,2773764.265
Ao,763,264403.3979,2772626.386
Ao,764,267526.2346,2772744.241
Ao,765,270843.6135,2779123.615
Ao,766,267969.634,2771689.353
Ao,767,263476.5884,2774654.735
Ao,768,269632.6507,2770918.859
Ao,769,269294.6315,2774296.952
Ao,770,269569.5241,2770829.671
Ao,771,271228.4498,2785748.404
Ao,772,267526.2346,2772744.241
Ao,773,267978.0101,2773631.071
Ao,774,266051.8178,2772413.069
Ao,775,267572.9291,2772817.848
Ao,776,267412.5554,2772220.076
Ao,777,267621.7042,2771475.869
Ao,778,268435.8385,2771474.927
Ao,779,266912.7992,2772497.045
Ao,780,267576.2052,2772060.662
Ao,781,266179.2206,2774632.843
Ao,782,267676.3539,2772333.316
Ao,783,269607.1428,2771506.892
Ao,784,267617.271,2771532.169
Ao,785,269500.8615,2772647.538
Ao,786,267572.9291,2772817.848
Ao,787,269299.8346,2774285.873
Ao,788,263356.5373,2775679.677
Ao,789,264426.4211,2774048.549
Ao,790,267617.271,2771532.169
Ao,791,267726.9912,2771597.729
Ao,792,269610.6014,2771027.24
Ao,793,267650.272,2772068.066
Ao,794,267638.9044,2770947.784
Ao,795,267570.4003,2771584.119
Ao,796,267764.5352,2771857.71
Ao,797,263397.1379,2776997.55
Ao,798,264317.2191,2772631.256
Ao,799,265151.3496,2773212.95
Ao,800,263175.9903,2772910.167
Ao,801,269152.3672,2771532.542
Ao,802,269146.4003,2771635.157
Ao,803,267588.1582,2772717.188
Ao,804,268311.6759,2771511.276
Ao,805,266414.4471,2772540.022
Ao,806,271289.7273,2777543.96
Ao,807,269263.097,2771111.527
Ao,808,267380.7559,2775096.752
Ao,809,269323.0148,2771147.504
Ao,810,268150.8424,2771429.248
Ao,811,268942.709,2773979.094
Ao,812,267764.5496,2771858.555
Ao,813,268756.2973,2771022.449
Ao,814,267576.8754,2772280.899
Ao,815,267664.592,2772456.745
Ao,816,264821.1931,2772557.034
Ao,817,265579.8811,2774217.216
Ao,818,267739.7001,2772434.963
Ao,819,268338.9918,2771804.616
Ao,820,268043.9677,2772573.308
Ao,821,267570.4003,2771584.119
Ao,822,268642.2868,2771612.621
Ao,823,265579.6758,2776488.442
Ao,824,268033.8613,2774741.086
Ao,825,269202.7106,2774735.197
Ao,826,263654.0561,2773563.909
Ao,827,268035.6109,2771673.858
Ao,828,265230.0949,2774252.827
Ao,829,264541.1609,2772665.015
Ao,830,264393.4507,2774056.939
Ao,831,269553.478,2775441.576
Ao,832,263275.6149,2774256.816
Ao,833,268038.476,2771434.538
Ao,834,267942.4896,2771678.4
Ao,835,267831.9208,2770702.27
Ao,836,266303.8157,2772646.123
Ao,837,271274.1789,2777855.776
Ao,838,264131.133,2773450.596
Ao,839,268704.719,2772478.6
Ao,840,267183.4504,2774004.367
Ao,841,269210.6101,2771332.871
Ao,842,267427.9098,2772307.533
Ao,843,267926.4842,2772548.884
Ao,844,262843.5007,2775757.294
Ao,845,268561.4001,2772611.022
Ao,846,268310.8557,2771508.331
Ao,847,263363.6686,2775070.361
Ao,848,268010.6305,2772515.114
Ao,849,267650.9162,2772558.225
Ao,850,268561.4001,2772611.022
Ao,851,263807.7571,2774700.78
Ao,852,271036.3847,2779051.253
Ao,853,262381.4921,2776464.587
Ao,854,267574.4999,2771055.834
Ao,855,266912.7992,2772497.045
Ao,856,267147.761,2773763.378
Ao,857,268559.6924,2773055.139
Ao,858,267114.4027,2772847.017
Ao,859,269127.2847,2774737.531
Ao,860,265860.3711,2773195.477
Ao,861,266051.0986,2772416.041
Ao,862,263530.6076,2774528.028
Ao,863,262696.635,2776211.568
Ao,864,267558.3171,2772728.687
Ao,865,269460.606,2772361.814
Ao,866,269195.1514,2773287.658
Ao,867,264847.8682,2772674.733
Ao,868,265969.8816,2773024.498
Ao,869,265551.0618,2772406.023
Ao,870,268601.5798,2773935.207
Ao,871,267621.7042,2771475.869
Ao,872,267614.6894,2772737.45
Ao,873,267720.7703,2772906.431
Ao,874,267836.1391,2771810.836
Ao,875,268153.2369,2773156.735
Ao,876,266931.5831,2772063.623
Ao,877,268561.4001,2772611.022
Ao,878,267402.7547,2772774.67
Ao,879,265491.703,2774373.881
Ao,880,271224.588,2778203.252
Ao,881,263498.5552,2774678.028
Ao,882,264344.6552,2774040.872
Ao,883,267995.3825,2773022.451
Ao,884,264599.9285,2773437.213
Ao,885,268419.6608,2771474.779
Ao,886,271335.0695,2778364.148
Ao,887,269034.4982,2770711.678
Ao,888,271034.872,2779007.103
Ao,889,267678.7451,2773694.716
Ao,890,264916.6428,2772509.098
Ao,891,264595.0968,2774183.453
Ao,892,269898.3675,2777533.795
Ao,893,269132.798,2771741.705
Ao,894,267831.9208,2770702.27
Ao,895,268241.1758,2773754.264
Ao,896,267917.6435,2771032.453
Ao,897,262879.861,2776209.435
Ao,898,267379.3478,2775059.363
Ao,899,269071.1544,2771512.568
Ao,900,271655.1288,2777434.68
Ao,901,268532.4364,2771629.914
Ao,902,267979.4512,2771768.45
Ao,903,267402.1036,2772781.656
Ao,904,267830.5136,2770710.115
Ao,905,269502.6906,2772664.628
Ao,906,268241.1758,2773754.264
Ao,907,267395.9296,2772780.916
Ao,908,263275.6149,2774256.816
Ao,909,268278.2984,2771314.635
Ao,910,269188.9689,2771374.031
Ao,911,267967.3645,2773639.073
Ao,912,267976.138,2771618.856
Ao,913,267863.2085,2771138.006
Ao,914,268710.4198,2770724.139
Ao,915,263654.0561,2773563.909
Ao,916,266169.5286,2774741.233
Ao,917,268086.2015,2771478.115
Ao,918,265238.0942,2774225.422
Ao,919,270379.7194,2777224.257
Ao,920,267586.6726,2772765.617
Ao,921,269541.946,2775533.716
Ao,922,268100.4894,2771684.381
Ao,923,267647.5894,2771593.796
Ao,924,264468.747,2772664.151
Ao,925,267675.5809,2772875.918
Ao,926,262843.5007,2775757.294
Ao,927,271072.146,2778248.3
Ao,928,263649.757,2773493.595
Ao,929,267370.7398,2772749.006
Ao,930,267942.4896,2771678.4
Ao,931,267940.3879,2771690.695
Ao,932,268061.0457,2771493.55
Ao,933,265840.1903,2774666.352
Ao,934,270980.9672,2777862.185
Ao,935,266414.4471,2772540.022
Ao,936,267663.2679,2772333.75
Ao,937,268756.2973,2771022.449
Ao,938,267849.2327,2772852.036
Ao,939,267558.3171,2772728.687
Ao,940,267687.0901,2771651.885
Ao,941,267663.2679,2772333.75
Ao,942,269151.4187,2771613.09
Ao,943,265441.6133,2774327.184
Ao,944,271389.9888,2778333.846
Ao,945,263486.6121,2773190.137
Ao,946,267831.4123,2773524.499
Ao,947,268934.6307,2774002.27
Ao,948,268914.2786,2771709.471
Ao,949,269299.8346,2774285.873
Ao,950,269293.9403,2774301.614
Ao,951,263642.8892,2773719.465
Ao,952,268773.9766,2771656.891
Ao,953,264834.92,2772593.788
Ao,954,267396.7093,2774993.753
Ao,955,267909.0598,2772747.024
Ao,956,262552.1981,2772869.856
Ao,957,271389.9888,2778333.846
Ao,958,267427.9098,2772307.533
Ao,959,267573.6955,2772817.624
Ao,960,265518.9947,2774169.647
Ao,961,264808.8881,2773049.539
Ao,962,267678.5621,2771693.881
Ao,963,268268.734,2773744.496
Ao,964,267614.6894,2772737.45
Ao,965,269127.2847,2774737.531
Ao,966,267558.3171,2772728.687
Ao,967,271716.838,2777395.811
Ao,968,269047.4433,2773206.033
Ao,969,264403.3979,2772626.386
Ao,970,267558.3171,2772728.687
Ao,971,271139.9656,2778252.655
Ao,972,269507.6071,2775506.608
Ao,973,272289.7576,2779979.678
Ao,974,267740.2311,2772918.571
Ao,975,267572.9291,2772817.848
Ao,976,267380.7559,2775096.752
Ao,977,269469.7172,2771350.898
Ao,978,268227.1845,2772613.525
Ao,979,268004.3162,2771373.399
Ao,980,268974.4838,2771489.473
Ao,981,269590.0826,2771636.96
Ao,982,264783.8136,2772980.006
Ao,983,267126.1688,2772949.754
Ao,984,267739.7001,2772434.963
Ao,985,268492.5843,2772050.369
Ao,986,267678.7451,2773694.716
Ao,987,268485.0763,2772878.855
Ao,988,269286.8514,2771605.515
Ao,989,267621.7042,2771475.869
Ao,990,269261.2644,2771549.935
Ao,991,269051.2961,2772296.236
Ao,992,267715.9023,2772891.93
Ao,993,267534.3194,2772766.72
Ao,994,269248.188,2772462
Ao,995,267458.0775,2772179.562
Ao,996,264292.3904,2773868.658
Ao,997,267466.4247,2772850.101
Ao,998,269622.4728,2771000.408
Ao,999,267689.0193,2771584.213
Ao,1000,267496.2188,2771479.697
Ao,1001,270601.9152,2779489.974
Ao,1002,266337.686,2772600.098
Ao,1003,267526.2346,2772744.241
Ao,1004,268100.4822,2771683.958
Ao,1005,266957.3072,2772442.385
Ao,1006,267638.9712,2772625.644
Ao,1007,268671.9006,2770951.168
Ao,1008,269034.4982,2770711.678
Ao,1009,267572.9291,2772817.848
Ao,1010,263070.3471,2775650.618
Ao,1011,267446.3742,2772261.139
Ao,1012,271644.9636,2777425.339
Ao,1013,267573.6955,2772817.624
Ao,1014,271479.6933,2777440.583
Ao,1015,268622.535,2770947.143
Ao,1016,266179.2206,2774632.843
Ao,1017,268033.5102,2774222.599
Ao,1018,266387.1942,2772522.733
Ao,1019,267588.1582,2772717.188
Ao,1020,267940.4059,2771691.752
Ao,1021,268177.3104,2770629.186
Ao,1022,271390.1166,2778341.453
Ao,1023,269407.3835,2772858.372
Ao,1024,268033.5675,2771553.623
Ao,1025,271120.2068,2778359.516
Ao,1026,267716.6759,2772892.128
Ao,1027,271276.8322,2778792.512
Ao,1028,267621.7042,2771475.869
Ao,1029,268917.3617,2770754.032
Ao,1030,264164.625,2773962.182
Ao,1031,269325.8917,2771408.917
Ao,1032,268231.1313,2773752.321
Ao,1033,268748.38,2771646.333
Ao,1034,268435.8385,2771474.927
Ao,1035,266291.8716,2772623.288
Ao,1036,268298.6044,2773870.81
Ao,1037,268601.5798,2773935.207
Ao,1038,267880.006,2772533.188
Ao,1039,265163.0423,2773400.027
Ao,1040,264537.0595,2778622.096
Ao,1041,267808.5866,2772997.94
Ao,1042,263530.6076,2774528.028
Ao,1043,267644.0146,2774277.847
Ao,1044,265579.6758,2776488.442
Ao,1045,267736.8776,2772133.385
Ao,1046,266948.2504,2772498.342
Ao,1047,267716.6723,2772891.916
Ao,1048,269141.43,2771614.527
Ao,1049,268211.7341,2773834.451
Ao,1050,267621.7042,2771475.869
Ao,1051,263398.1919,2775728.205
Ao,1052,264396.7419,2772597.754
Ao,1053,267715.9023,2772891.93
Ao,1054,267183.182,2773492.429
Ao,1055,264122.0244,2774393.282
Ao,1056,269523.873,2775739.896
Ao,1057,267574.4999,2771055.834
Ao,1058,263356.5373,2775679.677
Ao,1059,267397.6704,2775817.031
Ao,1060,269222.8368,2771600.468
Ao,1061,267570.7376,2772779.628
Ao,1062,264249.1457,2772435.853
Ao,1063,268086.2015,2771478.115
Ao,1064,267909.0598,2772747.024
Ao,1065,269512.3983,2770913.491
Ao,1066,269222.8368,2771600.468
Ao,1067,267147.761,2773763.378
Ao,1068,269590.0826,2771636.96
Ao,1069,266692.3359,2774062.011
Ao,1070,267447.1406,2772260.915
Ao,1071,267416.9895,2772073.52
Ao,1072,268438.8969,2774196.051
Ao,1073,267114.4027,2772847.017
Ao,1074,262838.0922,2775402.271
Ao,1075,267698.6911,2771609.413
Ao,1076,267663.2679,2772333.75
Ao,1077,268963.9934,2770687.507
Ao,1078,271213.8234,2777471.045
Ao,1079,267570.4003,2771584.119
Ao,1080,268629.7479,2771463.607
Ao,1081,264510.6862,2774067.174
Ao,1082,267570.4003,2771584.119
Ao,1083,267402.7547,2772774.67
Ao,1084,266931.5831,2772063.623
Ao,1085,269140.064,2774400.815
Ao,1086,271434.0782,2777933.622
Ao,1087,264217.7603,2772580.765
Ao,1088,267621.7042,2771475.869
Ao,1089,268604.308,2772734.157
Ao,1090,267573.6955,2772817.624
Ao,1091,268258.4476,2771506.473
Ao,1092,267516.9453,2772153.829
Ao,1093,264543.5761,2772715.703
Ao,1094,268008.3358,2771473.943
Ao,1095,267526.2346,2772744.241
Ao,1096,265866.3031,2773137.247
Ao,1097,267524.936,2772758.425
Ao,1098,264775.4038,2773385.569
Ao,1099,266051.8142,2772412.858
Ao,1100,269127.2739,2774736.897
Ao,1101,269248.8461,2771498.783
Ao,1102,268553.1205,2772622.365
Ao,1103,269571.5239,2771632.623
Ao,1104,265973.468,2772335.571
Ao,1105,268033.5246,2774223.445
Ao,1106,265551.0618,2772406.023
Ao,1107,267649.1278,2772046.103
Ao,1108,267412.5554,2772220.076
Ao,1109,267803.148,2772768.906
Ao,1110,267868.8105,2773504.627
Ao,1111,265472.8126,2776319.067
Ao,1112,271335.8498,2778364.769
Ao,1113,265151.3496,2773212.95
Ao,1114,264674.7604,2773489.188
Ao,1115,268627.1516,2773808.373
Ao,1116,267688.1304,2770943.564
Ao,1117,264628.9268,2773421.704
Ao,1118,264131.133,2773450.596
Ao,1119,266993.4346,2772438.175
Ao,1120,266914.498,2772506.317
Ao,1121,267572.9291,2772817.848
Ao,1122,269469.7172,2771350.898
Ao,1123,269417.8449,2772383.673
Ao,1124,268176.7023,2771772.707
Ao,1125,268066.4058,2771627.679
Ao,1126,267387.9487,2772900.054
Ao,1127,267134.9608,2772923.394
Ao,1128,264946.623,2772461.022
Ao,1129,267467.7809,2772839.298
Ao,1130,267973.2663,2771631.164
Ao,1131,269343.4952,2771128.768
Ao,1132,269449.5199,2771614.392
Ao,1133,267692.0388,2770901.647
Ao,1134,267613.7368,2771007.819
Ao,1135,267573.6955,2772817.624
Ao,1136,269590.0826,2771636.96
Ao,1137,267526.2346,2772744.241
Ao,1138,267558.3171,2772728.687
Ao,1139,267570.7376,2772779.628
Ao,1140,269568.9008,2775488.45
Ao,1141,267570.4003,2771584.119
Ao,1142,270960.0641,2777992.528
Ao,1143,267665.3732,2772050.266
Ao,1144,265596.0017,2776542.273
Ao,1145,269135.4677,2771489.709
Ao,1146,267562.4279,2772020.524
Ao,1147,267651.0312,2772067.419
Ao,1148,268093.2207,2773069.402
Ao,1149,267978.6704,2771767.829
Ao,1150,267526.2346,2772744.241
Ao,1151,267573.6955,2772817.624
Ao,1152,267704.6915,2772504.889
Ao,1153,266615.3255,2771901.199
Ao,1154,269466.1384,2770637.169
Ao,1155,265506.0337,2776370.282
Ao,1156,264713.4331,2772695.017
Ao,1157,268265.9351,2772945.141
Ao,1158,267611.1989,2772668.18
Ao,1159,271224.588,2778203.252
Ao,1160,267710.689,2772902.376
Ao,1161,271233.5101,2778459.279
Ao,1162,267715.9023,2772891.93
Ao,1163,268141.6164,2771430.25
Ao,1164,268458.9987,2772885.215
Ao,1165,267687.0901,2771651.885
Ao,1166,267572.1707,2771507.15
Ao,1167,269063.0125,2770894.664
Ao,1168,267337.1869,2775205.93
Ao,1169,271305.1573,2778370.78
Ao,1170,264754.2395,2773230.15
Ao,1171,271335.0695,2778364.148
Ao,1172,267739.7001,2772434.963
Ao,1173,267621.7042,2771475.869
Ao,1174,267558.3171,2772728.687
Ao,1175,267572.9291,2772817.848
Ao,1176,267836.1391,2771810.836
Ao,1177,271109.8926,2778341.301
Ao,1178,269079.3623,2770904.956
Ao,1179,271270.32,2777855.207
Ao,1180,265536.7315,2774215.844
Ao,1181,270748.4898,2777726.384
Ao,1182,265303.6609,2773291.919
Ao,1183,267867.8088,2772540.582
Ao,1184,271265.2974,2777831.196
Ao,1185,267384.9665,2772770.323
Ao,1186,271412.5333,2777475.74
Ao,1187,267934.232,2774995.371
Ao,1188,269152.3636,2771532.331
Ao,1189,263126.0276,2774024.573
Ao,1190,267206.2541,2773490.556
Ao,1191,265336.7902,2772173.178
Ao,1192,267402.1036,2772781.656
Ao,1193,267617.271,2771532.169
Ao,1194,263693.2419,2772624.928
Ao,1195,268973.819,2775405.734
Ao,1196,266345.229,2772725.735
Ao,1197,271274.1789,2777855.776
Ao,1198,269151.9065,2770776.485
Ao,1199,268892.8543,2770671.379
Ao,1200,267160.4448,2773423.699
Ao,1201,268453.0597,2771309.556
Ao,1202,269590.0826,2771636.96
Ao,1203,263637.9097,2773565.457
Ao,1204,268685.1659,2772551.854
Ao,1205,267458.0775,2772179.562
Ao,1206,263330.4171,2775594.522
Ao,1207,269210.4286,2773007.124
Ao,1208,264007.7009,2774595.645
Ao,1209,264775.4038,2773385.569
Ao,1210,267535.2249,2772322.614
Ao,1211,267764.8118,2772914.77
Ao,1212,267395.9296,2772780.916
Ao,1213,267650.9162,2772558.225
Ao,1214,269091.7653,2770909.607
Ao,1215,264207.3989,2772471.451
Ao,1216,267707.3447,2771620.046
Ao,1217,267715.9023,2772891.93
Ao,1218,271043.4745,2779060.857
Ao,1219,269088.823,2773830.563
Ao,1220,267526.2346,2772744.241
Ao,1221,267734.0294,2772509.04
Ao,1222,267621.7042,2771475.869
Ao,1223,265071.4609,2773403.929
Ao,1224,262381.4921,2776464.587
Ao,1225,267630.3608,2772481.847
Ao,1226,267572.1851,2771507.995
Ao,1227,265901.1354,2773147.429
Ao,1228,267461.298,2772865.618
Ao,1229,267739.7001,2772434.963
Ao,1230,269300.0153,2771791.931
Ao,1231,267597.0076,2772513.275
Ao,1232,267836.1391,2771810.836
Ao,1233,267610.5455,2771680.032
Ao,1234,264811.034,2772548.542
Ao,1235,269180.2481,2773908.701
Ao,1236,262901.4148,2776209.06
Ao,1237,267576.2052,2772060.662
Ao,1238,267849.2327,2772852.036
Ao,1239,268678.1731,2772003.046
Ao,1240,267681.7536,2770976.224
Ao,1241,263992.2417,2778503.226
Ao,1242,268250.5398,2771630.47
Ao,1243,267711.5404,2772047.577
Ao,1244,267700.6883,2772088.768
Ao,1245,269231.3667,2771376.062
Ao,1246,267524.9107,2772756.946
Ao,1247,267146.9081,2773758.531
Ao,1248,267668.9893,2772036.465
Ao,1249,267831.9208,2770702.27
Ao,1250,271214.1143,2777671.628
Ao,1251,267115.3061,2773756.957
Ao,1252,265255.405,2772053.883
Ao,1253,264026.0263,2774008.123
Ao,1254,265717.1137,2772791.464
Ao,1255,267978.0101,2773631.071
Ao,1256,272312.7961,2780344.322
Ao,1257,267664.592,2772456.745
Ao,1258,268453.0597,2771309.556
Ao,1259,268894.5542,2770726.306
Ao,1260,265519.7459,2774123.766
Ao,1261,267651.0312,2772067.419
Ao,1262,271209.8052,2778193.989
Ao,1263,268311.6759,2771511.276
Ao,1264,267735.4008,2771548.759
Ao,1265,268772.184,2771460.137
Ao,1266,267620.1912,2772834.376
Ao,1267,268950.537,2774531.904
Ao,1268,267831.9208,2770702.27
Ao,1269,268615.0641,2771597.019
Ao,1270,267356.7489,2772515.679
Ao,1271,269076.6741,2773067.514
Ao,1272,262928.4889,2775419.511
Ao,1273,268019.3952,2772985.264
Ao,1274,267764.5352,2771857.71
Ao,1275,267558.3171,2772728.687
Ao,1276,268766.6814,2773498.675
Ao,1277,270595.2435,2777632.581
Ao,1278,267558.3171,2772728.687
Ao,1279,267848.5491,2772857.121
Ao,1280,271024.0444,2777356.504
Ao,1281,267526.2346,2772744.241
Ao,1282,267702.3106,2771641.057
Ao,1283,267665.3732,2772050.266
Ao,1284,268285.3473,2770867.68
Ao,1285,267148.701,2773998.831
Ao,1286,264977.8675,2773156.964
Ao,1287,267526.2346,2772744.241
Ao,1288,267447.1406,2772260.915
Ao,1289,264204.6838,2774452.728
Ao,1290,267558.3315,2772729.533
Ao,1291,268561.4001,2772611.022
Ao,1292,264839.9419,2773287.223
Ao,1293,265139.6301,2772442.691
Ao,1294,270918.7384,2779333.507
Ao,1295,266184.2927,2772727.647
Ao,1296,267575.6721,2772571.977
Ao,1297,265468.2171,2774709.737
Ao,1298,265491.703,2774373.881
Ao,1299,267942.4896,2771678.4
Ao,1300,267489.4814,2772711.682
Ao,1301,267975.2769,2771658.82
Ao,1302,263342.8148,2775598.957
Ao,1303,269345.4592,2774888.771
Ao,1304,271119.8162,2778107.361
Ao,1305,263489.5655,2772782.974
Ao,1306,269117.4663,2771518.337
Ao,1307,267527.8187,2773063.174
Ao,1308,267128.7937,2772832.82
Ao,1309,265052.3744,2774218.263
Ao,1310,265858.583,2772642.554
Ao,1311,266224.7494,2772706.451
Ao,1312,267447.1406,2772260.915
Ao,1313,269127.2739,2774736.897
Ao,1314,265203.5782,2773473.099
Ao,1315,267961.7127,2771495.238
Ao,1316,268561.4001,2772611.022
Ao,1317,264808.8881,2773049.539
Ao,1318,267672.871,2772400.168
Ao,1319,267559.5726,2772711.968
Ao,1320,267482.7403,2772316.11
Ao,1321,267709.9191,2772902.389
Ao,1322,267963.1698,2771626.263
Ao,1323,268574.5465,2771524.149
Ao,1324,268557.2388,2774090.471
Ao,1325,268263.4115,2773793.835
Ao,1326,269590.0826,2771636.96
Ao,1327,268621.0032,2773809.112
Ao,1328,268091.8926,2771903.718
Ao,1329,264211.6266,2772626.951
Ao,1330,268602.0136,2773052.941
Ao,1331,269299.8418,2774286.296
Ao,1332,263315.6124,2774254.008
Ao,1333,267863.2085,2771138.006
Ao,1334,268276.2324,2771601.287
Ao,1335,269338.9892,2771135.608
Ao,1336,264427.3898,2774550.339
Ao,1337,262422.361,2774745.358
Ao,1338,267793.1158,2772993.975
Ao,1339,267942.4896,2771678.4
Ao,1340,267311.1744,2774494.05
Ao,1341,267687.0901,2771651.885
Ao,1342,268268.734,2773744.496
Ao,1343,262369.1307,2776638.769
Ao,1344,263229.2316,2772915.795
Ao,1345,267836.1391,2771810.836
Ao,1346,271256.3322,2777435.033
Ao,1347,267558.3171,2772728.687
Ao,1348,264426.4211,2774048.549
Ao,1349,268354.602,2774039.167
Ao,1350,267836.1391,2771810.836
Ao,1351,271639.804,2777347.22
Ao,1352,268033.5675,2771553.623
Ao,1353,268238.5937,2770926.811
Ao,1354,268051.6507,2774700.412
Ao,1355,267939.6083,2771644.841
Ao,1356,268855.9946,2773724.595
Ao,1357,267447.1406,2772260.915
Ao,1358,271118.2162,2779339.662
Ao,1359,264204.9409,2774512.121
Ao,1360,267405.9584,2772510.824
Ao,1361,265885.0486,2773062.733
Ao,1362,264725.0878,2773415.395
Ao,1363,270663.9501,2777643.683
Ao,1364,268238.5937,2770926.811
Ao,1365,267427.9602,2772310.491
Ao,1366,269294.6351,2774297.164
Ao,1367,268004.3162,2771373.399
Ao,1368,267403.6377,2772510.229
Ao,1369,264821.1931,2772557.034
Ao,1370,267704.7577,2775898.877
Ao,1371,265610.3952,2773617.868
Ao,1372,265468.2171,2774709.737
Ao,1373,268650.9644,2773804.799
Ao,1374,269227.3392,2771502.317
Ao,1375,268238.5937,2770926.811
Ao,1376,267986.7265,2771652.707
Ao,1377,267558.3171,2772728.687
Ao,1378,267594.9713,2772529.374
Ao,1379,267770.573,2771850.421
Ao,1380,264336.7636,2772469.639
Ao,1381,267575.0452,2773168.054
Ao,1382,271036.3847,2779051.253
Ao,1383,268033.8613,2774741.086
Ao,1384,269127.2739,2774736.897
Ao,1385,268338.9918,2771804.616
Ao,1386,264818.2161,2773143.863
Ao,1387,267522.7983,2773581.964
Ao,1388,268284.1108,2771702.399
Ao,1389,269576.7249,2771621.333
Ao,1390,267206.9633,2773983.251
Ao,1391,269460.606,2772361.814
Ao,1392,264131.133,2773450.596
Ao,1393,263331.8365,2775631.911
Ao,1394,269362.0296,2771131.626
Ao,1395,263598.0135,2773529.792
Ao,1396,265123.4018,2773289.526
Ao,1397,267951.01,2771681.215
Ao,1398,269607.1428,2771506.892
Ao,1399,264096.3049,2773974.989
Ao,1400,264317.2191,2772631.256
Ao,1401,269593.3186,2771554.895
Ao,1402,267975.1848,2771608.092
Ao,1403,271132.1277,2778381.721
Ao,1404,267762.5415,2772917.134
Ao,1405,263071.7817,2774271.137
Ao,1406,268980.1895,2771781.066
Ao,1407,268594.7262,2773939.762
Ao,1408,268453.0597,2771309.556
Ao,1409,267651.0312,2772067.419
Ao,1410,263948.8019,2776263.586
Ao,1411,265128.5549,2773275.698
Ao,1412,262781.6848,2776541.107
Ao,1413,267228.7515,2771829.848
Ao,1414,269562.1982,2771627.708
Ao,1415,268086.2015,2771478.115
Ao,1416,269222.8368,2771600.468
Ao,1417,268766.6814,2773498.675
Ao,1418,267665.3732,2772050.266
Ao,1419,269182.0976,2771514.284
Ao,1420,269195.1514,2773287.658
Ao,1421,268045.8878,2771553.414
Ao,1422,269061.9741,2773791.28
Ao,1423,268268.734,2773744.496
Ao,1424,265531.317,2776407.683
Ao,1425,264394.3371,2772592.3
Ao,1426,267612.5859,2771573.678
Ao,1427,267697.924,2773012.083
Ao,1428,263620.0431,2773601.067
Ao,1429,267628.0187,2772525.218
Ao,1430,270955.8551,2778016.906
Ao,1431,267201.9862,2773466.109
Ao,1432,264331.173,2772458.11
Ao,1433,267836.1391,2771810.836
Ao,1434,267493.5272,2772316.349
Ao,1435,264816.0448,2773285.944
Ao,1436,264313.6914,2774031.684
Ao,1437,267716.6759,2772892.128
Ao,1438,267558.3171,2772728.687
Ao,1439,267485.0611,2772316.705
Ao,1440,266959.0381,2772092.747
Ao,1441,267617.271,2771532.169
Ao,1442,270305.4223,2776973.137
Ao,1443,264162.6696,2773225.569
Ao,1444,267634.1643,2772614.735
Ao,1445,267793.5209,2771931.619
Ao,1446,267526.2346,2772744.241
Ao,1447,265599.6455,2776619.785
Ao,1448,267558.3171,2772728.687
Ao,1449,264763.6235,2773283.043
Ao,1450,267558.3171,2772728.687
Ao,1451,265500.4272,2776357.696
Ao,1452,267849.2327,2772852.036
Ao,1453,267458.1148,2772272.142
Ao,1454,267570.6193,2772817.888
Ao,1455,268455.3124,2771306.135
Ao,1456,268033.5675,2771553.623
Ao,1457,267558.3171,2772728.687
Ao,1458,263637.6066,2773503.529
Ao,1459,267558.3171,2772728.687
Ao,1460,266921.6768,2772520.779
Ao,1461,267956.2394,2771037.292
Ao,1462,269459.2874,2772374.941
Ao,1463,268550.0049,2772620.305
Ao,1464,267764.5352,2771857.71
Ao,1465,263708.6335,2772535.249
Ao,1466,271668.2742,2778539.696
Ao,1467,264352.1487,2772468.528
Ao,1468,268565.0004,2773277.199
Ao,1469,268393.1775,2773000.261
Ao,1470,265118.9023,2773296.579
Ao,1471,268077.7193,2773154.214
Ao,1472,270159.125,2778887.647
Ao,1473,267447.1406,2772260.915
Ao,1474,267740.567,2772485.889
Ao,1475,262469.1228,2776279.37
Ao,1476,267588.8489,2772712.526
Ao,1477,264732.8817,2773242.144
Ao,1478,267572.9291,2772817.848
Ao,1479,268137.2102,2771306.885
Ao,1480,267572.9291,2772817.848
Ao,1481,267665.3732,2772050.266
Ao,1482,265597.8067,2774722.304
Ao,1483,269287.6613,2771516.727
Ao,1484,267670.0619,2774766.939
Ao,1485,267147.6635,2773757.673
Ao,1486,267739.8546,2772489.283
Ao,1487,269966.6514,2775969.78
Ao,1488,267554.9892,2771221.881
Ao,1489,267444.1009,2772308.525
Ao,1490,269629.5563,2770918.066
Ao,1491,267836.1391,2771810.836
Ao,1492,267572.9291,2772817.848
Ao,1493,269295.3715,2771608.331
Ao,1494,267526.2346,2772744.241
Ao,1495,268028.1247,2774222.902
Ao,1496,268002.5032,2771357.366
Ao,1497,265608.4922,2773686.386
Ao,1498,268935.3755,2774000.778
Ao,1499,269582.2255,2771627.792
Ao,1500,267170.7823,2773984.081
Ao,1501,272465.5573,2780365.65
Ao,1502,268199.9283,2770872.511
Ao,1503,269210.4286,2773007.124
Ao,1504,267558.3171,2772728.687
Ao,1505,267634.1643,2772614.735
Ao,1506,265526.0608,2774670.061
Ao,1507,267619.9329,2772140.872
Ao,1508,268670.2889,2770946.968
Ao,1509,266260.7809,2772651.722
Ao,1510,265719.5652,2771992.218
Ao,1511,270357.9044,2777254.639
Ao,1512,268475.3719,2772896.986
Ao,1513,270344.3543,2778824.491
Ao,1514,271132.1277,2778381.721
Ao,1515,269297.6536,2771515.501
Ao,1516,267224.5196,2770904.114
Ao,1517,269621.2569,2770928.352
Ao,1518,267932.9448,2772838.141
Ao,1519,268892.8543,2770671.379
Ao,1520,267621.7042,2771475.869
Ao,1521,271044.4218,2779071.409
Ao,1522,265519.8369,2772919.564
Ao,1523,268866.0259,2771270.64
Ao,1524,263181.3609,2776765.401
Ao,1525,267416.9895,2772073.52
Ao,1526,268631.6481,2772529.722
Ao,1527,267572.9291,2772817.848
Ao,1528,264719.4561,2773490.742
Ao,1529,267715.9023,2772891.93
Ao,1530,268165.1538,2771909.026
Ao,1531,270856.1775,2779229.722
Ao,1532,268176.7059,2771772.919
Ao,1533,266051.0986,2772416.041
Ao,1534,267573.6955,2772817.624
Ao,1535,265303.6609,2773291.919
Ao,1536,264808.623,2772632.077
Ao,1537,269146.4003,2771635.157
Ao,1538,269035.2718,2770711.877
Ao,1539,269053.5625,2771383.296
Ao,1540,268105.9943,2771691.051
Ao,1541,265880.574,2773071.265
Ao,1542,268172.2481,2773142.462
Ao,1543,267638.9044,2770947.784
Ao,1544,271262.7718,2777818.345
Ao,1545,269392.9313,2772914.629
Ao,1546,267880.006,2772533.188
Ao,1547,267373.1325,2772753.826
Ao,1548,268012.8413,2773098.036
Ao,1549,263631.5846,2773600.444
Ao,1550,267526.2346,2772744.241
Ao,1551,267780.1401,2774176.817
Ao,1552,268238.5937,2770926.811
Ao,1553,267967.3301,2771599.137
Ao,1554,263807.7571,2774700.78
Ao,1555,267666.4773,2772341.304
Ao,1556,266715.9645,2772201.318
Ao,1557,267265.4803,2774433.743
Ao,1558,267601.8341,2772751.408
Ao,1559,268453.0597,2771309.556
Ao,1560,272366.3861,2780234.994
Ao,1561,268597.5549,2773244.095
Ao,1562,262252.8647,2775579.881
Ao,1563,267683.6442,2772082.928
Ao,1564,268574.5465,2771524.149
Ao,1565,270859.4124,2779238.968
Ao,1566,267720.7703,2772906.431
Ao,1567,267526.2346,2772744.241
Ao,1568,269284.0041,2771528.203
Ao,1569,267212.4958,2773811.1
Ao,1570,269136.9351,2771622.001
Ao,1571,263175.9903,2772910.167
Ao,1572,269553.478,2775441.576
Ao,1573,264877.9468,2773034.609
Ao,1574,267485.0611,2772316.705
Ao,1575,269152.3672,2771532.542
Ao,1576,267572.9291,2772817.848
Ao,1577,267570.4003,2771584.119
Ao,1578,270230.0796,2778302.648
Ao,1579,267558.3315,2772729.533
Ao,1580,267617.271,2771532.169
Ao,1581,267415.6872,2772087.493
Ao,1582,267989.8803,2771475.736
Ao,1583,267726.9912,2771597.729
Ao,1584,267408.7883,2772225.001
Ao,1585,264808.8881,2773049.539
Ao,1586,268507.6221,2770984.178
Ao,1587,272312.7961,2780344.322
Ao,1588,268527.7504,2774077.232
Ao,1589,267965.7865,2771598.952
Ao,1590,269236.3553,2772081.103
Ao,1591,266072.096,2773101.588
Ao,1592,267602.0116,2772897.463
Ao,1593,266914.498,2772506.317
Ao,1594,264391.7466,2774047.457
Ao,1595,265872.9069,2772400.074
Ao,1596,266927.6518,2771878.529
Ao,1597,268532.4364,2771629.914
Ao,1598,265848.7378,2772607.423
Ao,1599,269590.0826,2771636.96
Ao,1600,262442.5872,2776788.835
Ao,1601,264695.0898,2773194.391
Ao,1602,269759.2025,2777134.968
Ao,1603,267414.7725,2772259.776
Ao,1604,267756.508,2771838.612
Ao,1605,267558.3171,2772728.687
Ao,1606,265783.773,2772008.449
Ao,1607,267578.7779,2772663.871
Ao,1608,265568.4884,2776464.749
Ao,1609,265014.3989,2773042.192
Ao,1610,264674.355,2773510.332
Ao,1611,267576.8754,2772280.899
Ao,1612,264344.6552,2774040.872
Ao,1613,267813.8548,2770772.33
Ao,1614,267732.387,2771733.76
Ao,1615,269971.1451,2775962.306
Ao,1616,265100.3668,2773427.739
Ao,1617,264823.5583,2773141.023
Ao,1618,267128.7937,2772832.82
Ao,1619,267570.4003,2771584.119
Ao,1620,267880.0024,2772532.977
Ao,1621,269263.1005,2771111.738
Ao,1622,268561.375,2772609.543
Ao,1623,262447.7343,2776200.898
Ao,1624,268300.8275,2771779.688
Ao,1625,269581.8795,2771607.296
Ao,1626,269523.8694,2775739.684
Ao,1627,267995.3825,2773022.451
Ao,1628,269410.6119,2770861.311
Ao,1629,266414.4471,2772540.022
Ao,1630,267836.1391,2771810.836
Ao,1631,267182.8423,2771034.818
Ao,1632,267558.3171,2772728.687
Ao,1633,263433.6261,2774619.757
Ao,1634,267621.7042,2771475.869
Ao,1635,269603.8286,2771629.964
Ao,1636,269483.3133,2772657.346
Ao,1637,268041.8326,2774802.248
Ao,1638,266026.2129,2772491.928
Ao,1639,268124.9843,2773125.721
Ao,1640,269123.7549,2773210.026
Ao,1641,267558.3171,2772728.687
Ao,1642,269185.6011,2771493.722
Ao,1643,267650.272,2772068.066
Ao,1644,267650.272,2772068.066
Ao,1645,263648.7034,2773743.884
Ao,1646,267617.271,2771532.169
Ao,1647,265564.5074,2774756.274
Ao,1648,265216.3568,2773678.546
Ao,1649,265926.0502,2773252.9
Ao,1650,266846.0329,2772285.757
Ao,1651,267665.3732,2772050.266
Ao,1652,268038.476,2771434.538
Ao,1653,267144.9627,2772832.544
Ao,1654,265522.2087,2774177.413
Ao,1655,269392.165,2772914.853
Ao,1656,267558.3171,2772728.687
Ao,1657,266572.8142,2773198.062
Ao,1658,267526.2346,2772744.241
Ao,1659,271183.5123,2778415.944
Ao,1660,268072.3129,2771658.016
Ao,1661,267732.4705,2772915.11
Ao,1662,267447.1406,2772260.915
Ao,1663,265607.9513,2774550.917
Ao,1664,267830.5136,2770710.115
Ao,1665,267793.9825,2772501.889
Ao,1666,264957.9048,2772668.82
Ao,1667,270631.5046,2779281.7
Ao,1668,267849.2327,2772852.036
Ao,1669,268043.9677,2772573.308
Ao,1670,265145.3683,2773223.41
Ao,1671,267591.0736,2772843.115
Ao,1672,264119.3099,2773434.947
Ao,1673,268045.8878,2771553.414
Ao,1674,267642.2009,2774803.982
Ao,1675,265321.8683,2773365.375
Ao,1676,267412.5554,2772220.076
Ao,1677,267089.6631,2774104.257
Ao,1678,271228.4498,2785748.404
Ao,1679,269285.3399,2771607.232
Ao,1680,264898.5197,2773155.795
Ao,1681,267558.3315,2772729.533
Ao,1682,269550.7347,2775461.491
Ao,1683,266785.2606,2772154.9
Ao,1684,266914.498,2772506.317
Ao,1685,267703.092,2775891.508
Ao,1686,268153.2369,2773156.735
Ao,1687,264412.9373,2772465.153
Ao,1688,264983.7744,2772650.408
Ao,1689,264184.4853,2773952.749
Ao,1690,266922.5548,2772391.827
Ao,1691,267654.2696,2772574.232
Ao,1692,268033.5675,2771553.623
Ao,1693,267715.9023,2772891.93
Ao,1694,265508.9964,2776363.467
Ao,1695,268010.6305,2772515.114
Ao,1696,268100.4894,2771684.381
Ao,1697,269592.4345,2771548.146
Ao,1698,266168.9159,2772639.345
Ao,1699,267570.4003,2771584.119
Ao,1700,267562.4279,2772020.524
Ao,1701,268038.4118,2771521.413
Ao,1702,267527.8079,2773062.54
Ao,1703,264811.3839,2772926.264
Ao,1704,271253.9258,2777795.877
Ao,1705,267610.5455,2771680.032
Ao,1706,267818.537,2772677.543
Ao,1707,264298.0378,2774017.158
Ao,1708,263598.9482,2773539.288
Ao,1709,267526.2346,2772744.241
Ao,1710,269592.8948,2771164.717
Ao,1711,269836.5918,2777112.946
Ao,1712,263346.8592,2775654.479
Ao,1713,265303.6609,2773291.919
Ao,1714,263181.6622,2776782.729
Ao,1715,267447.1406,2772260.915
Ao,1716,268556.485,2771503.741
Ao,1717,267526.2346,2772744.241
Ao,1718,268172.4093,2771293.182
Ao,1719,269202.7106,2774735.197
Ao,1720,264964.4577,2773764.265
Ao,1721,269451.9909,2771806.273
Ao,1722,266345.4943,2772606.305
Ao,1723,265394.9247,2774388.652
Ao,1724,271621.9335,2778897.684
Ao,1725,269590.0826,2771636.96
Ao,1726,268602.0136,2773052.941
Ao,1727,264427.7148,2774569.146
Ao,1728,268702.4664,2772482.02
Ao,1729,269486.4838,2771796.39
Ao,1730,267947.8797,2771678.309
Ao,1731,264160.0787,2773966.488
Ao,1732,271065.3255,2779261.5
Ao,1733,265853.4199,2773194.328
Ao,1734,268226.1367,2773911.568
Ao,1735,268035.6109,2771673.858
Ao,1736,264697.5564,2773203.438
Ao,1737,268892.8543,2770671.379
Ao,1738,267980.8405,2773706.905
Ao,1739,265258.1019,2773195.471
Ao,1740,265017.8899,2773423.664
Ao,1741,266303.8157,2772646.123
Ao,1742,271151.8692,2778411.192
Ao,1743,271073.8522,2778258.205
Ao,1744,270612.0159,2777622.787
Ao,1745,267521.1152,2772127.336
Ao,1746,267995.3825,2773022.451
Ao,1747,268174.5615,2773142.634
Ao,1748,267922.9118,2772746.365
Ao,1749,267977.1807,2771770.813
Ao,1750,263965.8339,2777246.408
Ao,1751,267687.0901,2771651.885
Ao,1752,267831.9208,2770702.27
Ao,1753,268886.2992,2770693.683
Ao,1754,267482.3082,2771522.208
Ao,1755,263673.4314,2773793.129
Ao,1756,267650.3154,2772568.169
Ao,1757,267737.9403,2770883.111
Ao,1758,268886.2992,2770693.683
Ao,1759,269110.103,2773904.816
Ao,1760,267978.3136,2771792.143
Ao,1761,267161.9323,2772879.179
Ao,1762,265718.7931,2775891.874
Ao,1763,263134.0827,2774044.937
Ao,1764,265726.2305,2771976.673
Ao,1765,268565.0004,2773277.199
Ao,1766,267558.3315,2772729.533
Ao,1767,269031.6213,2775226.993
Ao,1768,267650.9162,2772558.225
Ao,1769,271501.0633,2778530.243
Ao,1770,268602.0136,2773052.941
Ao,1771,267130.7304,2773487.617
Ao,1772,267696.863,2771637.768
Ao,1773,263457.7158,2775697.155
Ao,1774,267496.244,2771481.176
Ao,1775,267617.271,2771532.169
Ao,1776,265247.6214,2772049.155
Ao,1777,269500.8615,2772647.538
Ao,1778,267379.3282,2772755.834
Ao,1779,268839.5026,2775249.907
Ao,1780,266485.1861,2772443.059
Ao,1781,264847.8682,2772674.733
Ao,1782,264589.9884,2772325.549
Ao,1783,269898.3675,2777533.795
Ao,1784,267764.5352,2771857.71
Ao,1785,264296.0062,2773855.068
Ao,1786,264775.4038,2773385.569
Ao,1787,268941.4058,2774402.066
Ao,1788,268238.5937,2770926.811
Ao,1789,264594.0999,2773590.349
Ao,1790,266135.0514,2772730.605
Ao,1791,267572.9291,2772817.848
Ao,1792,267621.7042,2771475.869
Ao,1793,265534.7225,2774725.926
Ao,1794,268297.8381,2773871.035
Ao,1795,269299.8346,2774285.873
Ao,1796,268453.0597,2771309.556
Ao,1797,268099.1124,2771467.327
Ao,1798,269149.2793,2774854.046
Ao,1799,264298.0378,2774017.158
Ao,1800,268766.6814,2773498.675
Ao,1801,263955.5187,2778871.661
Ao,1802,268686.7134,2773869.294
Ao,1803,264179.1865,2773468.155
Ao,1804,267644.8213,2772562.133
Ao,1805,267414.2915,2772864.095
Ao,1806,268529.5853,2772642.422
Ao,1807,267526.2346,2772744.241
Ao,1808,264252.0531,2774386.382
Ao,1809,269147.4375,2771104.393
Ao,1810,264146.1234,2773471.263
Ao,1811,269210.6101,2771332.871
Ao,1812,267634.1679,2772614.946
Ao,1813,267002.3013,2772461.275
Ao,1814,269569.5241,2770829.671
Ao,1815,269229.1102,2771379.271
Ao,1816,269405.9847,2775644.237
Ao,1817,267964.8144,2771496.454
Ao,1818,268615.0676,2771597.23
Ao,1819,270432.3953,2778202.216
Ao,1820,267613.4789,2772440.283
Ao,1821,271489.5085,2778529.803
Ao,1822,264973.4004,2772897.684
Ao,1823,269572.0849,2777087.827
Ao,1824,263462.1196,2774930.411
Ao,1825,267976.138,2771618.856
Ao,1826,268031.6605,2772664.829
Ao,1827,268737.511,2773504.243
Ao,1828,264533.5045,2772712.284
Ao,1829,267526.2346,2772744.241
Ao,1830,269120.0299,2774400.097
Ao,1831,264916.6428,2772509.098
Ao,1832,265954.3775,2773018.635
Ao,1833,267494.5276,2771470.848
Ao,1834,268086.2015,2771478.115
Ao,1835,267774.02,2771147.555
Ao,1836,267597.9599,2772840.461
Ao,1837,267508.9273,2773491.1
Ao,1838,267976.138,2771618.856
Ao,1839,269509.9596,2771453.366
Ao,1840,265982.8146,2772296.729
Ao,1841,269083.2887,2774913.29
Ao,1842,264162.6832,2773938.964
Ao,1843,270487.8823,2776606.93
Ao,1844,262220.6292,2776468.451
Ao,1845,267329.6187,2772731.317
Ao,1846,269263.097,2771111.527
Ao,1847,269222.8368,2771600.468
Ao,1848,264397.1298,2774670.924
Ao,1849,268931.7374,2773967.866
Ao,1850,269268.1279,2771135.749
Ao,1851,269279.4661,2771533.141
Ao,1852,268777.6865,2772466.795
Ao,1853,267735.3972,2771548.548
Ao,1854,265230.0949,2774252.827
Ao,1855,267935.6075,2771001.71
Ao,1856,263399.6176,2774080.066
Ao,1857,266907.4981,2771871.052
Ao,1858,268298.6044,2773870.81
Ao,1859,271644.5787,2777310.574
Ao,1860,271034.872,2779007.103
Ao,1861,267313.1829,2772715.956
Ao,1862,269187.4759,2771103.505
Ao,1863,268232.0353,2773171.037
Ao,1864,265539.2801,2776422.977
Ao,1865,271289.7273,2777543.96
Ao,1866,268954.2035,2773975.729
Ao,1867,268792.5883,2770663.776
Ao,1868,267823.8776,2770727.56
Ao,1869,265071.4609,2773403.929
Ao,1870,264393.4507,2774056.939
Ao,1871,270968.5783,2777766.433
Ao,1872,267770.2103,2772553.234
Ao,1873,267264.2286,2773412.838
Ao,1874,266848.774,2772806.743
Ao,1875,269211.195,2773006.9
Ao,1876,265271.5097,2772049.801
Ao,1877,267947.3509,2773051.169
Ao,1878,271478.1751,2777487.743
Ao,1879,270311.1054,2778861.407
Ao,1880,271242.5781,2778723.97
Ao,1881,267412.5554,2772220.076
Ao,1882,271322.0901,2778828.74
Ao,1883,267852.0536,2772519.925
Ao,1884,267461.0494,2772173.17
Ao,1885,267152.8631,2773475.825
Ao,1886,268954.2035,2773975.729
Ao,1887,264817.9086,2772679.265
Ao,1888,268704.719,2772478.6
Ao,1889,268022.451,2771715.299
Ao,1890,269263.097,2771111.527
Ao,1891,271580.4727,2777252.466
Ao,1892,263275.6149,2774256.816
Ao,1893,266160.4752,2774752.168
Ao,1894,268072.7001,2771499.482
Ao,1895,264106.5624,2773232.246
Ao,1896,267036.4963,2774012.373
Ao,1897,267151.1514,2774007.033
Ao,1898,268562.248,2771571.07
Ao,1899,264541.1609,2772665.015
Ao,1900,269632.6507,2770918.859
Ao,1901,269632.6507,2770918.859
Ao,1902,272419.9853,2780172.167
Ao,1903,265637.2187,2773610.22
Ao,1904,267572.9291,2772817.848
Ao,1905,266906.8376,2772689.073
Ao,1906,267976.138,2771618.856
Ao,1907,267072.5545,2774004.359
Ao,1908,263363.6686,2775070.361
Ao,1909,264420.4722,2772723.113
Ao,1910,268079.2947,2771524.945
Ao,1911,267995.3825,2773022.451
Ao,1912,267697.924,2773012.083
Ao,1913,267572.9291,2772817.848
Ao,1914,267572.9291,2772817.848
Ao,1915,267882.7904,2772832.653
Ao,1916,268601.5798,2773935.207
Ao,1917,271655.1288,2777434.68
Ao,1918,267617.271,2771532.169
Ao,1919,269759.2025,2777134.968
Ao,1920,267456.3107,2772166.276
Ao,1921,267485.0611,2772316.705
Ao,1922,266854.6523,2773240.801
Ao,1923,264953.7365,2772516.279
Ao,1924,269034.4982,2770711.678
Ao,1925,267558.3171,2772728.687
Ao,1926,269228.7969,2771588.531
Ao,1927,271703.7987,2777444.644
Ao,1928,268241.1794,2773754.476
Ao,1929,265571.8867,2772542.213
Ao,1930,262954.1137,2776582.495
Ao,1931,263306.4141,2774256.493
Ao,1932,263826.434,2774756.472
Ao,1933,268881.7039,2770695.241
Ao,1934,269572.6847,2775939.871
Ao,1935,269417.2713,2772395.308
Ao,1936,267675.1025,2771083.291
Ao,1937,269590.0826,2771636.96
Ao,1938,267885.3514,2772892.639
Ao,1939,269188.9689,2771374.031
Ao,1940,267926.4842,2772548.884
Ao,1941,267976.3229,2773622.434
Ao,1942,267368.7568,2773264.997
Ao,1943,262879.861,2776209.435
Ao,1944,267995.3825,2773022.451
Ao,1945,263032.3613,2776123.076
Ao,1946,269590.0826,2771636.96
Ao,1947,269466.9085,2770637.156
Ao,1948,268717.488,2770914.04
Ao,1949,267379.3478,2775059.363
Ao,1950,267942.4896,2771678.4
Ao,1951,263476.339,2773175.096
Ao,1952,269520.919,2775747.343
Ao,1953,271268.3702,2778792.865
Ao,1954,267572.1851,2771507.995
Ao,1955,265552.3837,2772438.129
Ao,1956,270606.3185,2777604.494
Ao,1957,267182.8423,2771034.818
Ao,1958,271462.7818,2777442.135
Ao,1959,267341.9067,2771419.126
Ao,1960,267611.0746,2771620.628
Ao,1961,267954.7647,2773713.267
Ao,1962,269092.5872,2774416.626
Ao,1963,267197.9815,2773457.089
Ao,1964,270342.8702,2776180.297
Ao,1965,269590.0826,2771636.96
Ao,1966,269132.798,2771741.705
Ao,1967,267751.319,2771578.926
Ao,1968,267995.3825,2773022.451
Ao,1969,263498.5552,2774678.028
Ao,1970,263688.9349,2773843.38
Ao,1971,267526.2346,2772744.241
Ao,1972,269465.322,2770634.435
Ao,1973,267526.2346,2772744.241
Ao,1974,268724.5678,2770695.365
Ao,1975,263041.1871,2776099.248
Ao,1976,262973.4394,2773885.813
Ao,1977,268141.6164,2771430.25
Ao,1978,266149.9262,2774631.02
Ao,1979,264393.4507,2774056.939
Ao,1980,267442.331,2771436.227
Ao,1981,267558.3171,2772728.687
Ao,1982,267414.2915,2772864.095
Ao,1983,262255.7349,2776229.824
Ao,1984,267396.6468,2772506.755
Ao,1985,267572.9291,2772817.848
Ao,1986,271287.4738,2778372.134
Ao,1987,267572.9291,2772817.848
Ao,1988,267735.3972,2771548.548
Ao,1989,267447.1406,2772260.915
Ao,1990,269533.9194,2775742.051
Ao,1991,269071.1544,2771512.568
Ao,1992,267572.1851,2771507.995
Ao,1993,268456.7378,2771299.347
Ao,1994,268241.1758,2773754.264
Ao,1995,266167.9744,2774740.414
Ao,1996,267834.9803,2773010.173
Ao,1997,268012.076,2772554.827
Ao,1998,264412.9373,2772465.153
Ao,1999,267976.138,2771618.856
Ao,2000,266260.7809,2772651.722
Ao,2001,264299.5489,2773837.251
Ao,2002,267555.3453,2772735.079
Ao,2003,269227.3392,2771502.317
Ao,2004,269977.2747,2775960.512
Ao,2005,268559.6924,2773055.139
Ao,2006,269939.9406,2777943.782
Ao,2007,272640.0327,2780028.351
Ao,2008,269977.2747,2775960.512
Ao,2009,268028.4816,2775013.212
Ao,2010,267836.1391,2771810.836
Ao,2011,267485.0611,2772316.705
Ao,2012,271707.6046,2777442.044
Ao,2013,271076.0972,2778254.363
Ao,2014,265014.3989,2773042.192
Ao,2015,271701.7422,2777413.819
Ao,2016,269195.1514,2773287.658
Ao,2017,268150.8424,2771429.248
Ao,2018,264956.4306,2772493.827
Ao,2019,268683.3729,2773899.365
Ao,2020,267177.1072,2773452.372
Ao,2021,269299.2424,2771108.168
Ao,2022,267418.1547,2772819.641
Ao,2023,264944.7818,2773158.802
Ao,2024,264848.6559,2773033.211
Ao,2025,264412.9373,2772465.153
Ao,2026,267703.6084,2772893.619
Ao,2027,262993.2845,2772324.018
Ao,2028,269486.0243,2772726.629
Ao,2029,265637.4146,2772231.847
Ao,2030,271088.4533,2779034.736
Ao,2031,263232.6186,2774264.327
Ao,2032,267990.5421,2772556.673
Ao,2033,267573.6919,2772817.413
Ao,2034,263411.5978,2775746.362
Ao,2035,267587.457,2772766.449
Ao,2036,267701.0854,2770890.079
Ao,2037,267576.8754,2772280.899
Ao,2038,264001.1535,2773238.297
Ao,2039,268135.6271,2771304.375
Ao,2040,268875.1635,2771628.333
Ao,2041,262648.7669,2776469.44
Ao,2042,267495.4488,2771479.71
Ao,2043,269590.0826,2771636.96
Ao,2044,266912.7992,2772497.045
Ao,2045,267558.3171,2772728.687
Ao,2046,269075.4835,2770903.33
Ao,2047,268532.4364,2771629.914
Ao,2048,269492.3578,2775515.532
Ao,2049,267621.0887,2771530.202
Ao,2050,268532.4364,2771629.914
Ao,2051,267576.0413,2772819.698
Ao,2052,268304.1981,2771524.508
Ao,2053,267371.4962,2772477.169
Ao,2054,269629.5563,2770918.066
Ao,2055,263306.4141,2774256.493
Ao,2056,267170.7823,2773984.081
Ao,2057,268712.9703,2770692.814
Ao,2058,269629.5563,2770918.066
Ao,2059,268561.4001,2772611.022
Ao,2060,267995.3825,2773022.451
Ao,2061,263460.251,2772824.7
Ao,2062,267995.3825,2773022.451
Ao,2063,267782.8068,2771845.14
Ao,2064,267725.1067,2772437.325
Ao,2065,269651.5704,2770898.883
Ao,2066,263453.8673,2772856.306
Ao,2067,268310.8557,2771508.331
Ao,2068,264385.5181,2774043.548
Ao,2069,268406.2908,2771458.519
Ao,2070,265999.9333,2773070.274
Ao,2071,265579.8811,2774217.216
Ao,2072,271195.5066,2777618.042
Ao,2073,266914.498,2772506.317
Ao,2074,271024.0302,2777355.659
Ao,2075,268832.2855,2773734.297
Ao,2076,268267.6814,2771778.137
Ao,2077,268532.4364,2771629.914
Ao,2078,264595.0968,2774183.453
Ao,2079,269050.9671,2772276.796
Ao,2080,268241.1758,2773754.264
Ao,2081,267650.272,2772068.066
Ao,2082,269299.8346,2774285.873
Ao,2083,268164.4842,2773138.789
Ao,2084,267629.6775,2772577.398
Ao,2085,268419.6608,2771474.779
Ao,2086,266864.1528,2773165.813
Ao,2087,267995.3825,2773022.451
Ao,2088,268602.0136,2773052.941
Ao,2089,265577.8281,2775530.734
Ao,2090,264018.2249,2784920.875
Ao,2091,265535.308,2774222.633
Ao,2092,267621.7042,2771475.869
Ao,2093,267482.3082,2771522.208
Ao,2094,267576.8754,2772280.899
Ao,2095,268291.9281,2773069.83
Ao,2096,267425.0056,2773447.297
Ao,2097,269263.8338,2771929.721
Ao,2098,267831.9208,2770702.27
Ao,2099,272881.5428,2779924.975
Ao,2100,266794.2936,2773899.624
Ao,2101,271657.5512,2777441.403
Ao,2102,267414.2915,2772864.095
Ao,2103,264168.3918,2774135.446
Ao,2104,263297.7201,2774110.582
Ao,2105,268986.8416,2774402.142
Ao,2106,267414.7725,2772259.776
Ao,2107,267715.9023,2772891.93
Ao,2108,267447.1406,2772260.915
Ao,2109,265572.8468,2774211.207
Ao,2110,267558.3171,2772728.687
Ao,2111,269610.6014,2771027.24
Ao,2112,267715.9023,2772891.93
Ao,2113,271552.4576,2777418.225
Ao,2114,265955.4627,2773710.231
Ao,2115,268532.4364,2771629.914
Ao,2116,267697.7301,2771643.46
Ao,2117,266524.0967,2772376.445
Ao,2118,262696.635,2776211.568
Ao,2119,264599.9285,2773437.213
Ao,2120,271578.9637,2777391.994
Ao,2121,267969.5098,2771047.635
Ao,2122,269629.5563,2770918.066
Ao,2123,268033.5246,2774223.445
Ao,2124,267180.9315,2773450.827
Ao,2125,264412.9373,2772465.153
Ao,2126,266973.1844,2772424.993
Ao,2127,267572.9291,2772817.848
Ao,2128,270606.3185,2777604.494
Ao,2129,269503.0689,2772231.105
Ao,2130,269590.0826,2771636.96
Ao,2131,267170.7823,2773984.081
Ao,2132,270919.7805,2777657.343
Ao,2133,269629.5563,2770918.066
Ao,2134,268622.4159,2776024.459
Ao,2135,267704.3434,2771036.292
Ao,2136,267942.4896,2771678.4
Ao,2137,268484.6134,2772987.718
Ao,2138,263757.5525,2774825.518
Aq,1,269323.7981,2771376.191
Aq,2,269540.5093,2770981.711
Aq,3,268891.1528,2772617.903
Aq,4,266993.3833,2771803.638
Aq,5,267984.0377,2770905.348
Aq,6,264901.5341,2774447.458
Aq,7,268649.3104,2771208.998
Aq,8,267842.2157,2771851.104
Aq,9,271118.6114,2778264.639
Aq,10,267797.1667,2772507.965
Aq,11,268060.0236,2771025.383
Aq,12,267461.1648,2771501.854
Aq,13,267589.868,2775257.421
Aq,14,266241.6047,2773060.846
Aq,15,268498.434,2771623.304
Aq,16,268857.3308,2770848.05
Aq,17,265815.916,2772175.939
Aq,18,265353.5833,2776057.747
Aq,19,269096.2336,2773085.572
Aq,20,264934.7252,2777531.495
Aq,21,265870.4857,2772887.332
Aq,22,271101.2988,2778333.836
Aq,23,267612.1274,2771139.53
Aq,24,268284.0699,2773876.553
Aq,25,269332.1054,2772004.448
Aq,26,267774.02,2771147.555
Aq,27,265316.5494,2772563.723
Aq,28,265745.6613,2773915.484
Aq,29,267821.8669,2771152.871
Aq,30,265470.0648,2772219.503
Aq,31,271700.9087,2777410.028
Aq,32,269046.6627,2770884.372
Aq,33,263887.282,2774757.109
Aq,34,269242.6931,2771180.355
Aq,35,267735.7501,2771524.023
Aq,36,263283.6529,2776537.237
Aq,37,262412.8467,2776496.381
Aq,38,267789.3756,2771687.98
Aq,39,265944.0772,2772912.068
Aq,40,262597.8411,2777037.67
Aq,41,267281.852,2783942.729
Aq,42,265376.3942,2776175.09
Aq,43,272400.2459,2780280.505
Aq,44,269253.6087,2771598.257
Aq,45,267976.4231,2771590.316
Aq,46,270942.6437,2779107.364
Aq,47,268523.5476,2773012.844
Aq,48,270700.4381,2778393.002
Aq,49,265422.0637,2772205.109
Aq,50,270677.0312,2778008.918
Aq,51,267233.7042,2773474.446
Aq,52,264953.249,2774498.987
Aq,53,268047.4769,2771193.635
Aq,54,267517.0616,2771844.168
Aq,55,267122.3219,2773401.098
Aq,56,262747.7652,2775742.896
Aq,57,265418.8601,2772153.166
Aq,58,263396.7029,2774755.257
Aq,59,264979.1378,2777517.412
Aq,60,265913.8613,2773933.733
Aq,61,265352.6861,2776139.776
Aq,62,267435.3804,2771887.2
Aq,63,264911.6999,2777491.097
Aq,64,267580.6829,2773860.411
Aq,65,269651.6062,2770718.375
Aq,66,267263.9041,2773935.355
Aq,67,269463.4488,2771663.828
Aq,68,269293.458,2771039.36
Aq,69,267440.8947,2770673.626
Aq,70,268973.0058,2774585.422
Aq,71,263831.6855,2772168.705
Aq,72,267521.1654,2772763.14
Aq,73,265566.2197,2773646.529
Aq,74,267708.2035,2770855.716
Aq,75,265479.5919,2772146.415
Aq,76,269058.8312,2771376.021
Aq,77,265583.601,2772013.576
Aq,78,265463.3566,2772098.078
Aq,79,265569.2194,2773641.827
Aq,80,269565.7332,2775255.575
Aq,81,267697.2563,2771977.645
Aq,82,267645.9473,2771949.772
Aq,83,267790.7427,2770590.944
Aq,84,269329.2626,2775524.21
Aq,85,271746.9448,2778273.111
Aq,86,271314.3527,2777497.468
Aq,87,268028.4816,2775013.212
Aq,88,263426.5599,2773191.39
Aq,89,263849.9591,2774736.406
Aq,90,269433.044,2770912.506
Aq,91,262391.6355,2776472.231
Aq,92,264348.5357,2773908.906
Aq,93,265447.2178,2773354.553
Aq,94,269294.121,2771033.007
Aq,95,264512.0674,2777310.722
Aq,96,267737.2973,2771524.419
Aq,97,269124.2356,2771508.711
Aq,98,269098.8688,2774742.028
Aq,99,267414.6912,2771893.471
Aq,100,268926.3125,2774102.177
Aq,101,265041.0738,2774679.679
Aq,102,271073.8522,2778258.205
Aq,103,265723.6984,2773354.24
Aq,104,268494.8391,2770957.128
Aq,105,262720.1311,2776411.124
Aq,106,268898.9164,2771211.534
Aq,107,270943.896,2777855.2
Aq,108,262396.4531,2776483.562
Aq,109,269569.7576,2771482.37
Aq,110,267702.6307,2771026.175
Aq,111,267416.4471,2772132.079
Aq,112,265047.596,2774611.292
Aq,113,264713.3656,2778800.62
Aq,114,264914.8298,2777494.002
Aq,115,264945.1581,2777511.445
Aq,116,267570.4975,2771589.824
Aq,117,267441.685,2771940.781
Aq,118,270620.2048,2778428.596
Aq,119,265086.6768,2774600.05
Aq,120,263188.6661,2774305.464
Aq,121,263734.2682,2772191.952
Aq,122,263221.7479,2776386.754
Aq,123,267124.7002,2773405.074
Aq,124,269483.5154,2771666.237
Aq,125,266654.7451,2774025.453
Aq,126,267384.309,2773228.587
Aq,127,270600.1196,2779292.163
Aq,128,265399.3183,2776120.16
Aq,129,271065.2355,2778203.606
Aq,130,267385.0729,2770833.316
Aq,131,265043.9069,2774620.657
Aq,132,269265.1119,2775555.522
Aq,133,269540.2685,2771149.964
Aq,134,267784.2827,2771796.077
Aq,135,269146.118,2771618.463
Aq,136,267730.9858,2774048.93
Aq,137,265177.6286,2777285.49
Aq,138,269046.7271,2770888.176
Aq,139,267985.1456,2771695.642
Aq,140,262642.3181,2776408.675
Aq,141,265527.9105,2772851.574
Aq,142,263102.6507,2774274.828
Aq,143,265528.1284,2772864.253
Aq,144,264820.9226,2778564.978
Aq,145,266021.7076,2773127.394
Aq,146,263505.9771,2775904.525
Aq,147,267787.7371,2772994.701
Aq,148,267795.1161,2773020.997
Aq,149,268602.9336,2773243.37
Aq,150,264558.5911,2774076.281
Aq,151,269457.4833,2772359.33
Aq,152,262549.5554,2776432.064
Aq,153,267736.8776,2772133.385
Aq,154,267332.5606,2770418.656
Aq,155,263298.8614,2774220.69
Aq,156,267373.6907,2771159.867
Aq,157,268871.9053,2773981.773
Aq,158,262781.2234,2773328.579
Aq,159,268002.4089,2773435.561
Aq,160,263707.0328,2774754.313
Aq,161,266712.0832,2772875.239
Aq,162,267489.089,2770970.626
Aq,163,269910.9411,2776455.178
Aq,164,269046.6663,2770884.583
Aq,165,264518.2191,2777354.794
Aq,166,265485.2446,2774893.763
Aq,167,263062.6389,2775295.847
Aq,168,268865.8658,2770851.71
Aq,169,265970.2629,2772283.417
Aq,170,265854.1048,2773099.621
Aq,171,269140.064,2774400.815
Aq,172,271015.8459,2778150.749
Aq,173,268874.7012,2770873.12
Aq,174,271154.6781,2778532.469
Aq,175,265524.0229,2773566.298
Aq,176,263862.8502,2774057.874
Aq,177,267788.5025,2772541.932
Aq,178,263892.7808,2774763.355
Aq,179,265052.079,2774647.995
Aq,180,268611.5394,2770980.092
Aq,181,268984.1106,2771648.682
Aq,182,271328.8273,2778359.18
Aq,183,271144.3171,2777549.785
Aq,184,263643.3899,2772548.216
Aq,185,267122.9569,2773438.289
Aq,186,265534.4833,2776412.702
Aq,187,271149.8397,2777557.724
Aq,188,262667.006,2776411.415
Aq,189,265250.4615,2772035.156
Aq,190,268960.6775,2774539.553
Aq,191,268871.851,2773796.826
Aq,192,265052.969,2774654.955
Aq,193,268765.557,2772705.425
Aq,194,272020.3476,2779749.997
Aq,195,271101.2988,2778333.836
Aq,196,271614.7005,2778329.017
Aq,197,265388.9471,2776188.613
Aq,198,267604.6984,2771743.754
Aq,199,265080.6672,2774608.82
Aq,200,269210.2238,2771492.249
Aq,201,268645.407,2772523.57
Aq,202,263101.065,2776265.83
Aq,203,267787.5898,2772940.804
Aq,204,265385.7535,2776137.304
Aq,205,271042.2486,2779171
Aq,206,265020.8836,2774401.857
Aq,207,265353.4849,2776141.453
Aq,208,265266.8638,2776298.095
Aq,209,269221.8553,2775047.277
Aq,210,262673.8603,2776407.068
Aq,211,263326.4842,2776653.596
Aq,212,262737.7174,2776448.232
Aq,213,271299.3776,2777476.795
Aq,214,269599.2609,2771861.278
Aq,215,271040.2121,2779232.965
Aq,216,262773.0518,2776531.746
Aq,217,265948.7638,2772422.023
Aq,218,264296.9858,2773956.3
Aq,219,270772.3338,2779187.804
Aq,220,271029.4147,2779186.012
Aq,221,271617.0554,2778331.725
Aq,222,263704.7455,2772577.591
Aq,223,268217.1341,2771114.66
Aq,224,268941.3196,2774215.217
Aq,225,265472.8672,2776322.237
Aq,226,262682.7404,2776386.41
Aq,227,268373.2929,2774187.442
Aq,228,268032.0927,2771648.131
Aq,229,268953.0789,2774272.933
Aq,230,265614.0269,2773605.123
Aq,231,264756.9522,2773164.154
Aq,232,269017.7427,2774998.737
Aq,233,269512.3009,2772367.282
Aq,234,267455.1663,2773002.903
Aq,235,264111.7212,2773975.78
Aq,236,265150.22,2772073.448
Aq,237,269466.036,2772911.068
Aq,238,265541.0694,2774020.248
Aq,239,266855.8376,2772408.82
Aq,240,268727.3366,2770995.25
Aq,241,269433.044,2770912.506
Aq,242,262836.7575,2775723.802
Aq,243,268991.1845,2772294.083
Aq,244,265158.9208,2777361.485
Aq,245,269008.705,2774692.616
Aq,246,269121.8863,2771825.169
Aq,247,267624.4772,2772000.656
Aq,248,263250.7706,2774067.853
Aq,249,271364.7002,2777469.779
Aq,250,266625.2416,2771895.533
Aq,251,269056.6673,2770656.136
Aq,252,269362.4279,2771656.658
Aq,253,268212.9978,2771370.065
Aq,254,268463.6,2774562.359
Aq,255,264564.301,2778461.19
Aq,256,269182.0976,2771514.284
Aq,257,265592.0353,2776624.989
Aq,258,267655.763,2771938.191
Aq,259,263147.4702,2776233.316
Aq,260,269442.3881,2770918.478
Aq,261,267466.6562,2770693.69
Aq,262,270619.6168,2778439.386
Aq,263,269297.1137,2772485.903
Aq,264,265411.9435,2776227.322
Aq,265,262964.0863,2772815.768
Aq,266,263214.0407,2774170.164
Aq,267,264941.9589,2777593.726
Aq,268,262796.6944,2775722.597
Aq,269,268814.3896,2771359.867
Aq,270,269424.3344,2770898.491
Aq,271,263698.2997,2774339.32
Aq,272,267135.4611,2773403.833
Aq,273,263856.6975,2774725.298
Aq,274,263172.37,2774298.348
Aq,275,271652.8235,2778307.029
Aq,276,265945.2002,2772887.74
Aq,277,268336.945,2774359.693
Aq,278,267413.6632,2771968.737
Aq,279,268613.5312,2771597.467
Aq,280,265084.4858,2774651.664
Aq,281,262381.4958,2776464.799
Aq,282,268650.625,2771150.215
Aq,283,265240.5111,2777136.865
Aq,284,262214.8331,2775518.61
Aq,285,268572.5992,2773271.151
Aq,286,270944.8956,2779103.944
Aq,287,265576.8749,2773639.159
Aq,288,268916.4443,2771063.914
Aq,289,267897.0413,2772855.45
Aq,290,267514.392,2771868.31
Aq,291,269441.1613,2770891.443
Aq,292,267228.5007,2775109.286
Aq,293,269273.0959,2771429.678
Aq,294,268137.4914,2772728.766
Aq,295,268212.6,2773749.466
Aq,296,265796.8729,2772188.314
Aq,297,266593.7147,2771898.609
Aq,298,267064.2328,2774058.19
Aq,299,265406.4829,2775597.095
Aq,300,267926.4501,2771776.96
Aq,301,268647.9043,2772171.175
Aq,302,264105.4475,2773434.976
Aq,303,267553.2447,2772792.608
Aq,304,268304.4157,2771764.197
Aq,305,267997.1803,2771859.883
Aq,306,272354.3757,2780069.273
Aq,307,266919.3775,2772386.174
Aq,308,269067.4383,2773295.315
Aq,309,262380.5196,2776452.978
Aq,310,271008.8682,2779062.919
Aq,311,262782.1122,2775725.387
Aq,312,268952.8499,2774441.187
Aq,313,269508.3532,2771951.165
Aq,314,262527.3423,2776306.257
Aq,315,270957.0928,2779051.108
Aq,316,269521.3852,2770852.677
Aq,317,267730.8652,2774222.679
Aq,318,269138.5624,2771900.346
Aq,319,267362.7624,2771874.487
Aq,320,270663.0728,2777683.012
Aq,321,263282.2755,2774196.881
Aq,322,265623.9849,2773601.993
Aq,323,262723.3537,2776419.312
Aq,324,268130.2376,2771123.111
Aq,325,268348.1063,2771797.064
Aq,326,269372.2422,2770915.435
Aq,327,264605.9773,2774233.784
Aq,328,267410.2923,2772222.862
Aq,329,267633.7648,2771641.379
Aq,330,263074.9534,2776314.056
Aq,331,264337.2896,2773882.045
Aq,332,264966.8444,2774483.534
Aq,333,268532.8323,2770699.248
Aq,334,264940.2478,2778386.418
Aq,335,267180.1544,2773450.418
Aq,336,265351.5905,2776165.583
Aq,337,265210.9728,2776093.178
Aq,338,268573.216,2772172.441
Aq,339,267503.9611,2771888.991
Aq,340,268505.2148,2773112.499
Aq,341,267377.329,2770830.911
Aq,342,265015.2542,2777736.408
Aq,343,267405.3526,2771526.267
Aq,344,262693.0346,2776402.718
Aq,345,265570.9394,2776472.951
Aq,346,271675.9405,2778308.332
Aq,347,271209.0711,2778196.115
Aq,348,265365.1936,2776105.952
Aq,349,267180.0967,2773447.037
Aq,350,269227.2974,2773184.812
Aq,351,267370.3661,2770829.128
Aq,352,265138.7233,2776547.402
Aq,353,263256.2796,2774252.079
Aq,354,262798.8228,2776287.154
Aq,355,268980.1836,2772690.586
Aq,356,267586.6103,2771721.868
Aq,357,269539.7972,2771669.514
Aq,358,268453.6951,2770756.603
Aq,359,270977.4078,2779068.944
Aq,360,269338.9742,2770633.187
Aq,361,268564.3227,2770602.964
Aq,362,265463.8395,2772305.428
Aq,363,271100.8872,2778217.802
Aq,364,269064.3458,2773203.633
Aq,365,269446.2083,2771783.12
Aq,366,265319.6389,2776277.528
Aq,367,265485.5253,2776341.889
Aq,368,271016.5391,2779061.31
Aq,369,270653.9114,2778418.728
Aq,370,268916.2586,2771735.435
Aq,371,271625.0852,2778305.592
Aq,372,265052.5429,2774630.231
Aq,373,271666.2225,2778325.616
Aq,374,268455.1743,2770752.984
Aq,375,269347.206,2772442.148
Aq,376,265047.6761,2774615.941
Aq,377,265900.2131,2773138.567
Aq,378,262740.7155,2775736.043
Aq,379,268030.9804,2771446.714
Aq,380,268360.3318,2773787.116
Aq,381,268142.384,2771838.181
Aq,382,269058.029,2771374.132
Aq,383,269555.666,2771788.246
Aq,384,265555.0172,2776576.798
Aq,385,270832.3624,2778455.459
Aq,386,269406.6502,2771949.078
Aq,387,267069.7856,2772624.57
Aq,388,264164.8136,2773483.2
Aq,389,266065.2137,2773104.453
Aq,390,266726.713,2773955.737
Aq,391,264335.2026,2773894.975
Aq,392,269081.6452,2774907.188
Aq,393,264441.9988,2777221.465
Aq,394,267786.5113,2771700.711
Aq,395,267618.6631,2772292.446
Aq,396,263126.5852,2776272.15
Aq,397,268992.696,2773247.543
Aq,398,271062.1037,2778200.488
Aq,399,269021.0821,2772604.289
Aq,400,267271.0026,2773945.168
Aq,401,262196.1923,2775553.602
Aq,402,263149.0593,2776280.426
Aq,403,265316.9197,2776030.265
Aq,404,267370.6217,2770844.131
Aq,405,268420.8194,2771361.465
Aq,406,271061.808,2779189.694
Aq,407,266031.677,2773124.898
Aq,408,265026.5393,2774506.602
Aq,409,265105.0915,2774596.14
Aq,410,265086.1724,2777562.913
Aq,411,265490.2602,2776348.571
Aq,412,268052.2428,2771338.131
Aq,413,268529.0328,2770929.493
Aq,414,265330.7285,2776206.103
Aq,415,265954.9828,2772290.654
Aq,416,265011.4771,2774526.308
Aq,417,270673.0428,2777680.731
Aq,418,268817.3554,2772580.685
Aq,419,271161.1992,2778370.875
Aq,420,271094.5433,2778252.573
Aq,421,271043.4975,2778192.769
Aq,422,262611.674,2776859.447
Aq,423,271641.9814,2778303.195
Aq,424,267330.1711,2770414.046
Aq,425,269433.044,2770912.506
Aq,426,265458.2798,2773326.039
Aq,427,262805.6709,2775707.433
Aq,428,265001.7455,2774676.552
Aq,429,266489.8922,2772358.007
Aq,430,270913.1293,2779091.797
Aq,431,265521.7726,2772852.948
Aq,432,267102.5296,2771880.616
Aq,433,268476.0117,2771436.622
Aq,434,265042.6972,2774684.513
Aq,435,263147.1097,2776566.878
Aq,436,265943.8706,2772900.023
Aq,437,267705.8538,2770853.43
Aq,438,270542.4477,2779158.916
Aq,439,267466.2529,2771529.246
Aq,440,267984.1183,2771635.207
Aq,441,267192.3673,2773895.147
Aq,442,266130.1514,2773073.748
Aq,443,270916.7033,2779075.461
Aq,444,264811.7856,2778570.843
Aq,445,265543.1044,2772346.341
Aq,446,265359.0641,2773333.875
Aq,447,269643.189,2770949.964
Aq,448,263690.7109,2773768.098
Aq,449,265023.8556,2777744.081
Aq,450,267565.5363,2771072.262
Aq,451,262719.5669,2776467.149
Aq,452,270704.3069,2778439.861
Aq,453,269262.6815,2772453.723
Aq,454,263076.7223,2776194.384
Aq,455,267330.1711,2770414.046
Aq,456,271016.5391,2779061.31
Aq,457,262597.8411,2777037.67
Aq,458,267730.8652,2774222.679
Aq,459,265002.6152,2777539.412
Aq,460,262719.5669,2776467.149
Aq,461,268252.9279,2771952.557
Aq,462,263096.7842,2774247.451
Aq,463,269058.8312,2771376.021
Aq,464,267271.0026,2773945.168
Aq,465,266031.677,2773124.898
Aq,466,268868.066,2773800.695
Aq,467,270686.2064,2778005.17
Aq,468,267373.6907,2771159.867
Aq,469,268891.1528,2772617.903
Aq,470,269441.1613,2770891.443
Aq,471,265569.2194,2773641.827
Aq,472,263691.0542,2772587.552
Aq,473,265566.2197,2773646.529
Aq,474,268953.0789,2774272.933
Aq,475,265388.9471,2776188.613
Aq,476,269433.044,2770912.506
Aq,477,266489.8922,2772358.007
Aq,478,263172.3957,2774299.828
Aq,479,264335.2026,2773894.975
Aq,480,269137.6494,2771891.906
Aq,481,270542.4477,2779158.916
Aq,482,267455.1663,2773002.903
Aq,483,267788.5025,2772541.932
Aq,484,266855.8376,2772408.82
Aq,485,268916.2586,2771735.435
Aq,486,271120.2068,2778359.516
Aq,487,267453.3215,2771945.655
Aq,488,269056.83,2770711.301
Aq,489,268284.0699,2773876.553
Aq,490,265041.0738,2774679.679
Aq,491,272400.2459,2780280.505
Aq,492,262798.8228,2776287.154
Aq,493,265210.9728,2776093.178
Aq,494,265796.8729,2772188.314
Aq,495,267730.9858,2774048.93
Aq,496,270622.4923,2778427.289
Aq,497,263954.5208,2774726.563
Aq,498,267410.2923,2772222.862
Aq,499,267118.5517,2773405.813
Aq,500,267332.5606,2770418.656
Aq,501,264941.9589,2777593.726
Aq,502,264953.249,2774498.987
Aq,503,272354.3757,2780069.273
Aq,504,267465.1431,2773000.83
Aq,505,265555.0099,2776576.376
Aq,506,267589.868,2775257.421
Aq,507,267570.4003,2771584.119
Aq,508,265353.5833,2776057.747
Aq,509,264820.9226,2778564.978
Aq,510,266593.7147,2771898.609
Aq,511,268444.1569,2771375.02
Aq,512,270977.4078,2779068.944
Aq,513,268871.9053,2773981.773
Aq,514,270942.6437,2779107.364
Aq,515,268061.5027,2771021.764
Aq,516,264558.5911,2774076.281
Aq,517,268213.2875,2771114.937
Aq,518,264512.0674,2777310.722
Aq,519,265138.7233,2776547.402
Aq,520,267405.3526,2771526.267
Aq,521,267069.7856,2772624.57
Aq,522,269069.064,2773300.361
Aq,523,271048.8849,2778192.679
Aq,524,267618.6631,2772292.446
Aq,525,269347.206,2772442.148
Aq,526,271154.6781,2778532.469
Aq,527,262794.491,2776524.819
Aq,528,270704.3069,2778439.861
Aq,529,269651.6062,2770718.375
Aq,530,269512.3009,2772367.282
Aq,531,268645.407,2772523.57
Aq,532,265388.1247,2776140.857
Aq,533,265614.0269,2773605.123
Aq,534,262673.8603,2776407.068
Aq,535,264441.9988,2777221.465
Aq,536,268532.8323,2770699.248
Aq,537,263250.7706,2774067.853
Aq,538,263305.4828,2774247.209
Aq,539,262702.8525,2776524.302
Aq,540,268052.2428,2771338.131
Aq,541,271043.4975,2778192.769
Aq,542,269463.4488,2771663.828
Aq,543,270913.1293,2779091.797
Aq,544,265945.2002,2772887.74
Aq,545,268030.9804,2771446.714
Aq,546,267481.2528,2771324.594
Aq,547,268898.9164,2771211.534
Aq,548,271328.8273,2778359.18
Aq,549,262863.8331,2773783.086
Aq,550,268727.3366,2770995.25
Aq,551,267645.9473,2771949.772
Aq,552,263315.6124,2774254.008
Aq,553,271017.4438,2779069.327
Aq,554,269406.6502,2771949.078
Aq,555,263074.9534,2776314.056
Aq,556,267984.0377,2770905.348
Aq,557,265479.5919,2772146.415
Aq,558,269372.2422,2770915.435
Aq,559,265042.6972,2774684.513
Aq,560,265047.596,2774611.292
Aq,561,269514.5725,2770859.767
Aq,562,264788.9767,2778542.913
Aq,563,271094.5433,2778252.573
Aq,564,268047.003,2771664.364
Aq,565,265944.0772,2772912.068
Aq,566,264966.8444,2774483.534
Aq,567,267102.5296,2771880.616
Aq,568,269056.6673,2770656.136
Aq,569,266101.8956,2772908.093
Aq,570,263154.6495,2776380.522
Aq,571,269046.6663,2770884.583
Aq,572,265025.993,2774474.905
Aq,573,265012.5584,2777758.649
Aq,574,265076.2175,2777566.044
Aq,575,265266.8638,2776298.095
Aq,576,271015.8459,2778150.749
Aq,577,265943.8706,2772900.023
Aq,578,268348.1063,2771797.064
Aq,579,265056.0616,2774700.347
Aq,580,265543.1044,2772346.341
Aq,581,265351.818,2776134.084
Aq,582,265052.5429,2774630.231
Aq,583,271672.4792,2778285.563
Aq,584,269318.0106,2771443.926
Aq,585,268938.3333,2774220.763
Aq,586,265572.9636,2773635.633
Aq,587,269154.2877,2771509.47
Aq,588,263147.4702,2776233.316
Aq,589,267623.6676,2771998.344
Aq,590,270832.3624,2778455.459
Aq,591,267795.1161,2773020.997
Aq,592,268360.3318,2773787.116
Aq,593,267821.8669,2771152.871
Aq,594,269124.2356,2771508.711
Aq,595,271863.1681,2778960.64
Aq,596,268874.7012,2770873.12
Aq,597,269332.1054,2772004.448
Aq,598,269539.7972,2771669.514
Aq,599,268142.384,2771838.181
Aq,600,265376.3942,2776175.09
Aq,601,265115.9342,2775761.477
Aq,602,265011.4771,2774526.308
Aq,603,267370.3661,2770829.128
Aq,604,265080.6672,2774608.82
Aq,605,268453.6951,2770756.603
Aq,606,264337.2896,2773882.045
Aq,607,269599.2609,2771861.278
Aq,608,270663.0728,2777683.012
Aq,609,269329.2554,2775523.787
Aq,610,269555.666,2771788.246
Aq,611,262549.5554,2776432.064
Aq,612,267737.2973,2771524.419
Aq,613,271868.3048,2779771.991
Aq,614,263856.6975,2774725.298
Aq,615,265534.4833,2776412.702
Aq,616,264105.4475,2773434.976
Aq,617,265472.8672,2776322.237
Aq,618,264979.1378,2777517.412
Aq,619,267370.6217,2770844.131
Aq,620,266149.2985,2773067.501
Aq,621,263282.2755,2774196.881
Aq,622,271637.5232,2778312.781
Aq,623,263126.5852,2776272.15
Aq,624,268960.6775,2774539.553
Aq,625,267580.6829,2773860.411
Aq,626,263232.7001,2776883.938
Aq,627,269264.2679,2772456.444
Aq,628,269253.573,2771596.144
Aq,629,265524.0229,2773566.298
Aq,630,262214.8331,2775518.61
Aq,631,265422.0637,2772205.109
Aq,632,271065.2355,2778203.606
Aq,633,267586.6103,2771721.868
Aq,634,267514.392,2771868.31
Aq,635,265158.9208,2777361.485
Aq,636,269540.2685,2771149.964
Aq,637,269046.6627,2770884.372
Aq,638,268137.4914,2772728.766
Aq,639,267975.5234,2771718.633
Aq,640,262964.0863,2772815.768
Aq,641,270700.4381,2778393.002
Aq,642,267192.3673,2773895.147
Aq,643,264164.8136,2773483.2
Aq,644,270957.0928,2779051.108
Aq,645,267385.0969,2773229.631
Aq,646,265592.0353,2776624.989
Aq,647,269338.9742,2770633.187
Aq,648,271700.9087,2777410.028
Aq,649,262406.6296,2776493.108
Aq,650,269182.0976,2771514.284
Aq,651,265314.8786,2772556.143
Aq,652,264945.1581,2777511.445
Aq,653,268865.8658,2770851.71
Aq,654,265406.4829,2775597.095
Aq,655,267789.1702,2770589.069
Aq,656,262196.1923,2775553.602
Aq,657,267774.02,2771147.555
Aq,658,267789.3756,2771687.98
Aq,659,267655.763,2771938.191
Aq,660,269017.7427,2774998.737
Aq,661,265084.4858,2774651.664
Aq,662,264296.9858,2773956.3
Aq,663,269294.121,2771033.007
Aq,664,267942.5866,2771548.195
Aq,665,268080.5735,2771781.527
Aq,666,263188.6661,2774305.464
Aq,667,267481.9915,2771503.613
Aq,668,267604.6984,2771743.754
Aq,669,267377.329,2770830.911
Aq,670,265418.8601,2772153.166
Aq,671,265351.5905,2776165.583
Aq,672,271062.1037,2778200.488
Aq,673,269580.3917,2775257.23
Aq,674,263062.6389,2775295.847
Aq,675,263734.2682,2772191.952
Aq,676,262611.674,2776859.447
Aq,677,265463.8395,2772305.428
Aq,678,268615.0676,2771597.23
Aq,679,265908.6244,2773135.041
Aq,680,269140.064,2774400.815
Aq,681,271150.4148,2778278.9
Aq,682,265210.9728,2776093.178
Aq,683,267834.9047,2771828.823
Aq,684,264111.7212,2773975.78
Aq,685,268650.625,2771150.215
Aq,686,269506.715,2770850.599
Aq,687,269021.0821,2772604.289
Aq,688,267842.2157,2771851.104
Aq,689,262667.006,2776411.415
Aq,690,269457.4833,2772359.33
Aq,691,265613.8816,2773596.671
Aq,692,267521.1654,2772763.14
Aq,693,271029.4147,2779186.012
Aq,694,266241.6047,2773060.846
Aq,695,268926.3125,2774102.177
Aq,696,263489.0513,2773108.715
Aq,697,269643.189,2770949.964
Aq,698,269329.2626,2775524.21
Aq,699,263698.2997,2774339.32
Aq,700,267202.803,2773468.843
Aq,701,264911.6999,2777491.097
Aq,702,268480.5207,2771429.993
Aq,703,263298.8614,2774220.69
Aq,704,268455.1743,2770752.984
Aq,705,268212.9978,2771370.065
Aq,706,268866.5142,2770844.513
Aq,707,265411.9435,2776227.322
Aq,708,269300.5616,2771596.406
Aq,709,262396.4531,2776483.562
Aq,710,263849.9591,2774736.406
Aq,711,271960.8368,2778863.043
Aq,712,267821.5245,2774572.011
Aq,713,264811.7856,2778570.843
Aq,714,268498.434,2771623.304
Aq,715,265316.9197,2776030.265
Aq,716,267362.7624,2771874.487
Aq,717,268463.6,2774562.359
Aq,718,268761.2774,2772680.133
Aq,719,271100.8872,2778217.802
Aq,720,269064.378,2773205.535
Aq,721,270653.9114,2778418.728
Aq,722,265723.6984,2773354.24
Aq,723,266625.2416,2771895.533
Aq,724,269098.8688,2774742.028
Aq,725,262527.3423,2776306.257
Aq,726,262642.3181,2776408.675
Aq,727,271607.7526,2778327.865
Aq,728,265353.4849,2776141.453
Aq,729,268463.6072,2774562.782
Aq,730,267385.0729,2770833.316
Aq,731,269466.036,2772911.068
Aq,732,266712.0832,2772875.239
Aq,733,269433.044,2770912.506
Aq,734,265948.7638,2772422.023
Aq,735,267976.4231,2771590.316
Aq,736,263643.3899,2772548.216
Aq,737,265150.22,2772073.448
Aq,738,270688.9531,2778031.122
Aq,739,267416.4471,2772132.079
Aq,740,264756.9522,2773164.154
Aq,741,271027.6606,2778166.615
Aq,742,269371.4044,2770911.433
Aq,743,267705.8538,2770853.43
Aq,744,262723.3537,2776419.312
Aq,745,262698.6512,2776415.726
Aq,746,269008.705,2774692.616
Aq,747,267612.1274,2771139.53
Aq,748,269540.5164,2770982.134
Aq,749,268602.9336,2773243.37
Aq,750,269323.7981,2771376.191
Aq,751,267786.5113,2771700.711
Aq,752,263691.2578,2774777.204
Aq,753,268765.557,2772705.425
Aq,754,268028.4816,2775013.212
Aq,755,264605.9773,2774233.784
Aq,756,264713.3656,2778800.62
Aq,757,265047.6761,2774615.941
Aq,758,263749.8237,2773312.614
Aq,759,262836.7575,2775723.802
Aq,760,266562.3546,2772811.852
Aq,761,267708.2035,2770855.716
Aq,762,271878.4322,2778952.775
Aq,763,263149.0593,2776280.426
Aq,764,262398.7809,2776484.578
Aq,765,263887.282,2774757.109
Aq,766,267462.8202,2770694.601
Aq,767,271073.8522,2778258.205
Aq,768,268857.3308,2770848.05
Aq,769,262381.4958,2776464.799
Aq,770,269448.5218,2771783.292
Aq,771,268300.8275,2771779.688
Aq,772,269242.4729,2773216.894
Aq,773,267897.0413,2772855.45
Aq,774,267842.2157,2771851.104
Aq,775,268647.9043,2772171.175
Aq,776,267697.2563,2771977.645
Aq,777,264348.5357,2773908.906
Aq,778,269121.8863,2771825.169
Aq,779,265448.7721,2773355.372
Aq,780,269433.044,2770912.506
Aq,781,269012.218,2772262.656
Aq,782,266993.3833,2771803.638
Aq,783,263101.065,2776265.83
Aq,784,267649.2982,2771648.935
Aq,785,268980.1836,2772690.586
Aq,786,269508.3532,2771951.165
Aq,787,267402.7126,2770874.021
Aq,788,269543.4102,2771792.258
Aq,789,267988.1193,2771644.017
Aq,790,268976.1425,2774588.751
Aq,791,265815.916,2772175.939
Aq,792,267997.1803,2771859.883
Aq,793,271364.7002,2777469.779
Aq,794,262380.5196,2776452.978
Aq,795,265463.3566,2772098.078
Aq,796,265392.6815,2776137.185
Aq,797,267771.8799,2771791.426
Aq,798,262720.1311,2776411.124
Aq,799,269064.3458,2773203.633
Aq,800,267565.5363,2771072.262
Aq,801,265455.7546,2772193.539
Aq,802,263172.37,2774298.348
Aq,803,269902.6132,2776463.562
Aq,804,265485.5253,2776341.889
Aq,805,270772.3338,2779187.804
Aq,806,270944.8956,2779103.944
Aq,807,264518.2191,2777354.794
Aq,808,269569.7576,2771482.37
Aq,809,265583.601,2772013.576
Aq,810,267489.089,2770970.626
Aq,811,269081.6452,2774907.188
Aq,812,265052.079,2774647.995
Aq,813,269294.121,2771033.007
Aq,814,270673.0428,2777680.731
Aq,815,265745.6613,2773915.484
Aq,816,267473.5313,2772182.469
Aq,817,262783.4017,2775710.991
Aq,818,269249.4161,2771486.937
Aq,819,265250.4615,2772035.156
Aq,820,267702.6307,2771026.175
Aq,821,267228.5007,2775109.286
Aq,822,265382.0573,2776235.657
Aq,823,265177.6286,2777285.49
Aq,824,264884.3091,2774431.056
Aq,825,266726.713,2773955.737
Aq,826,271040.2121,2779232.965
Aq,827,268002.4089,2773435.561
Aq,828,262672.9911,2776401.376
Aq,829,262740.7155,2775736.043
Aq,830,265521.7726,2772852.948
Aq,831,270916.7033,2779075.461
Aq,832,263862.8502,2774057.874
Aq,833,264914.8298,2777494.002
Aq,834,268336.945,2774359.693
Aq,835,270600.1196,2779292.163
Aq,836,265970.2629,2772283.417
Aq,837,269182.0976,2771514.284
Aq,838,267461.1648,2771501.854
Aq,839,268564.3227,2770602.964
Aq,840,266922.5548,2772391.827
Aq,841,268814.3896,2771359.867
Aq,842,267787.7371,2772994.701
Aq,843,265541.0694,2774020.248
Aq,844,269442.3881,2770918.478
Aq,845,267553.2447,2772792.608
Aq,846,262693.0346,2776402.718
Aq,847,269242.6931,2771180.355
Aq,848,265043.9069,2774620.657
Aq,849,264907.4449,2772466.981
Aq,850,271625.0852,2778305.592
Aq,851,268817.3554,2772580.685
Aq,852,266654.7451,2774025.453
Aq,853,268530.4089,2773008.712
Aq,854,267064.2328,2774058.19
Aq,855,267844.7493,2772905.378
Aq,856,269146.118,2771618.463
Aq,857,270942.371,2777856.071
Aq,858,265330.7285,2776206.103
Aq,859,262805.6709,2775707.433
Aq,860,263837.7138,2772160.991
Aq,861,267281.852,2783942.729
Aq,862,265020.8836,2774401.857
Aq,863,266072.1395,2773104.123
Aq,864,271675.9405,2778308.332
Aq,865,265570.9394,2776472.951
Aq,866,267435.3804,2771887.2
Aq,867,268952.8499,2774441.187
Aq,868,271314.3527,2777497.468
Aq,869,264555.2088,2773166.578
Aq,870,265319.6389,2776277.528
Aq,871,265850.8872,2773091.644
Aq,872,268292.4561,2773871.549
Aq,873,268989.602,2773246.75
Aq,874,268916.4443,2771063.914
Aq,875,265250.4615,2772035.156
Aq,876,265403.1999,2776121.996
Aq,877,265047.7139,2778546.476
Aq,878,268649.3104,2771208.998
Aq,879,265052.969,2774654.955
Aq,880,265086.6768,2774600.05
Aq,881,267263.9041,2773935.355
Aq,882,266593.7147,2771898.609
Aq,883,265447.4932,2774892.722
Aq,884,267790.7427,2770590.944
Aq,885,265954.9828,2772290.654
Aq,886,262781.2234,2773328.579
Aq,887,267926.4501,2771776.96
Aq,888,268984.1106,2771648.682
Aq,889,265240.5111,2777136.865
Aq,890,268212.6,2773749.466
Aq,891,271042.2486,2779171
Aq,892,271617.0554,2778331.725
Aq,893,267736.8776,2772133.385
Aq,894,263972.7822,2774802.765
Aq,895,268047.4769,2771193.635
Aq,896,267122.9569,2773438.289
Aq,897,265061.5866,2776405.419
Aq,898,268130.2376,2771123.111
Aq,899,268505.2148,2773112.499
Aq,900,268449.3873,2770865.954
Aq,901,263270.3046,2777009.689
Aq,902,269372.2422,2770915.435
Aq,903,264528.2788,2777313.19
Aq,904,267233.7042,2773474.446
Aq,905,271101.2988,2778333.836
Aq,906,267466.6562,2770693.69
Aq,907,269424.3344,2770898.491
Aq,908,265352.6861,2776139.776
Aq,909,268727.3366,2770995.25
Aq,910,271027.2457,2779057.114
Aq,911,271299.3776,2777476.795
Aq,912,269098.529,2773084.688
Aq,913,269293.458,2771039.36
Aq,914,265015.2542,2777736.408
Aq,915,265490.2602,2776348.571
Aq,916,262747.7652,2775742.896
Aq,917,263326.4842,2776653.596
Aq,918,265870.4857,2772887.332
Aq,919,264332.7097,2773839.848
Aq,920,269356.9772,2771653.156
Aq,921,271089.7281,2778286.684
Aq,922,263241.4877,2774065.478
Aq,923,262391.6355,2776472.231
Aq,924,263221.7479,2776386.754
Aq,925,262737.7174,2776448.232
Aq,926,271008.8682,2779062.919
Aq,927,266864.4181,2773316.517
Aq,928,267678.5094,2772821.757
Aq,929,265447.2178,2773354.553
Aq,930,267330.1711,2770414.046
Aq,931,269273.0959,2771429.678
Aq,932,267444.5277,2773011.328
Aq,933,268552.7398,2772963.1
Aq,934,267438.1746,2773045.255
Aq,935,268304.4157,2771764.197
Aq,936,271210.1842,2778170.732
Aq,937,263283.6529,2776537.237
Aq,938,262727.3594,2775765.023
Aq,939,263791.8814,2773517.555
Aq,940,266051.8178,2772413.069
Aq,941,269792.7987,2776389.536
Aq,942,269199.3311,2775808.8
Aq,943,264678.773,2774257.258
Aq,944,267473.2551,2771533.354
Aq,945,263407.9125,2773181.99
Aq,946,270923.2228,2779096.911
Aq,947,267735.7501,2771524.023
Aq,948,269221.8553,2775047.277
Aq,949,268419.6869,2770749.781
Aq,950,262714.643,2775653.848
Aq,951,270636.2849,2778423.463
Aq,952,267797.1667,2772507.965
Aq,953,267135.4611,2773403.833
Aq,954,267323.8994,2770814.489
Aq,955,267412.7708,2771961.565
Aq,956,268573.216,2772172.441
Aq,957,271863.1681,2778960.64
Aq,958,268077.3847,2771412.529
Aq,959,265476.4674,2775054.982
Aq,960,268529.0328,2770929.493
Aq,961,271301.1253,2778588.979
Aq,962,267834.7242,2771863.491
Aq,963,269287.6372,2775248.655
Aq,964,268098.2169,2773408.567
Aq,965,264502.4241,2772384.131
Aq,966,268004.9432,2771455.611
Aq,967,269368.7153,2771618.505
Aq,968,263396.7029,2774755.257
Aq,969,262869.8087,2773772.413
Aq,970,271027.6606,2778166.615
Aq,971,265555.0172,2776576.798
Aq,972,268047.666,2771431.423
Aq,973,268586.0704,2770977.141
Aq,974,267233.7042,2773474.446
Aq,975,265001.7455,2774676.552
Aq,976,267789.5107,2773008.41
Aq,977,269310.4389,2775185.492
Aq,978,268143.0452,2771423.673
Aq,979,268973.0058,2774585.422
Aq,980,269483.5154,2771666.237
Aq,981,268053.9845,2772075.149
Aq,982,265894.6878,2774297.202
Aq,983,267717.6572,2772044.937
Aq,984,268067.0485,2771665.503
Aq,985,265525.5482,2776430.4
Aq,986,268865.2567,2770861.232
Aq,987,267139.4539,2770794.172
Aq,988,271161.2675,2777550.557
Aq,989,269224.1251,2771539.995
Aq,990,268586.0704,2770977.141
Aq,991,268058.4947,2771796.698
Aq,992,269368.2238,2771635
Aq,993,265009.7961,2774875.529
Aq,994,267705.8538,2770853.43
As,1,269387.7703,2771652.213
As,2,268454.3955,2771297.485
As,3,269433.54,2770941.878
As,4,269144.4632,2770791.83
As,5,269450.1082,2771786.013
As,6,267866.9969,2771632.548
As,7,267115.069,2773968.545
As,8,267994.8763,2772313.312
As,9,267503.8943,2784101.684
As,10,269142.5903,2775550.199
As,11,264965.2649,2777561.195
As,12,263132.0231,2776319.193
As,13,265384.879,2774789.38
As,14,265689.3626,2773103.929
As,15,262478.746,2774003.492
As,16,268385.1201,2773115.383
As,17,267064.0388,2774001.757
As,18,264681.8422,2773542.544
As,19,265802.3688,2772957.197
As,20,265768.0746,2772888.667
As,21,263081.874,2776313.512
As,22,265783.0883,2772910.815
As,23,263089.4326,2776482.484
As,24,265601.7743,2776519.768
As,25,263149.8766,2776371.727
As,26,267581.0199,2775415.889
As,27,263140.5861,2776413.108
As,28,266687.1655,2773219.568
As,29,270678.4781,2778460.376
As,30,267036.6245,2771674.597
As,31,271241.6997,2778625.91
As,32,267109.5193,2771838.857
As,33,263134.8303,2776392.07
As,34,263055.5694,2776306.36
As,35,265508.7234,2772900.309
As,36,265945.8265,2772834.464
As,37,263115.6854,2776486.678
As,38,270597.8252,2779475.67
As,39,271761.2232,2778298.236
As,40,265200.5536,2776337.497
As,41,271999.1003,2778849.509
As,42,263035.7912,2776408.8
As,43,263126.1755,2776292.872
As,44,264702.0708,2778726.199
As,45,263731.0674,2772185.032
As,46,269348.7745,2772124.858
As,47,265813.276,2772919.597
As,48,267577.1255,2775458.441
As,49,263131.4445,2776595.898
As,50,263131.0661,2776219.862
As,51,263141.9677,2776315.427
As,52,269874.0539,2777006.206
As,53,267570.3169,2775375.277
As,54,269029.8271,2774757.571
As,55,263088.2513,2776458.83
As,56,264993.6914,2774119.928
As,57,269243.0564,2771384.108
As,58,266594.7901,2772636.915
As,59,269333.5374,2773045.836
As,60,262603.4313,2773954.817
As,61,265791.7174,2772919.967
As,62,269134.964,2775554.556
As,63,268557.4708,2772016.084
As,64,263128.347,2776417.76
As,65,268091.9031,2774350.542
As,66,263115.6743,2776397.476
As,67,265516.5644,2776400.539
As,68,268531.6345,2771219.236
As,69,262274.4024,2774607.159
As,70,267531.1922,2772718.792
As,71,268480.498,2770929.048
As,72,267408.6915,2771134.54
As,73,269434.8617,2770883.306
As,74,266628.8384,2772646.267
As,75,268709.3715,2770616.782
As,76,265548.1113,2778277.433
As,77,268456.7378,2771299.347
As,78,263149.7645,2776409.566
As,79,267985.2932,2771341.805
As,80,263143.7515,2776373.736
As,81,267892.7061,2771332.599
As,82,267630.6269,2771728.517
As,83,270046.3899,2777773.734
As,84,269108.7134,2773094.873
As,85,263127.7407,2776382.893
As,86,267871.8938,2773504.786
As,87,263058.1213,2776320.267
As,88,269305.3759,2771653.394
As,89,269853.514,2777294.226
As,90,265779.3582,2772917.854
As,91,265942.105,2772797.114
As,92,266665.654,2774077.898
As,93,263119.4735,2776261.705
As,94,267424.0024,2771535.884
As,95,265928.0351,2772919.741
As,96,263090.3582,2776358.6
As,97,263158.5811,2776340.926
As,98,265013.1821,2774491.19
As,99,265351.818,2776134.084
As,100,265811.056,2772790.274
As,101,263166.0251,2776414.779
As,102,269344.8617,2770708.123
As,103,267567.2916,2771718.181
As,104,263080.0408,2776385.202
As,105,267621.7042,2771475.869
As,106,269413.968,2775524.467
As,107,265701.0928,2772845.217
As,108,263117.9709,2776529.548
As,109,266614.1693,2772644.193
As,110,265384.2686,2776140.5
As,111,263139.1844,2776288.207
As,112,266632.4786,2772633.945
As,113,265913.636,2772753.848
As,114,268041.733,2771626.196
As,115,269021.6581,2771273.079
As,116,263152.1013,2776455.395
As,117,270412.9861,2777781.709
As,118,267579.6771,2775382.304
As,119,264938.0302,2777499.943
As,120,269815.3083,2776946.958
As,121,265051.1889,2774641.034
As,122,263171.3804,2776412.784
As,123,269095.0523,2773061.285
As,124,262678.8798,2776474.2
As,125,263119.2273,2776247.547
As,126,262608.6245,2776861.192
As,127,265487.2954,2772908.287
As,128,263155.0794,2776405.246
As,129,263089.2118,2776381.237
As,130,264851.3381,2778453.903
As,131,265510.2163,2773703.928
As,132,269465.6841,2771841.762
As,133,266898.7643,2773343.408
As,134,266640.7529,2772667.412
As,135,264886.2445,2772622.284
As,136,268164.2643,2773397.721
As,137,270658.3461,2777996.551
As,138,266906.8376,2772689.073
As,139,265383.1696,2776076.684
As,140,269353.3151,2771618.765
As,141,265808.8667,2772931.932
As,142,269822.4216,2776456.673
As,143,268571.1923,2770917.365
As,144,268468.6896,2770959.474
As,145,263158.8803,2776491
As,146,263073.9521,2776300.756
As,147,268062.8952,2774456.087
As,148,267608.6333,2775454.733
As,149,263122.5379,2776349.374
As,150,271154.6621,2778348.369
As,151,263143.2685,2776301.665
As,152,267670.0619,2774766.939
As,153,265850.8078,2772907.538
As,154,265509.6641,2772910.227
As,155,267567.5377,2775528.357
As,156,265020.6099,2777556.012
As,157,263143.9426,2776384.725
As,158,263177.6868,2776642.654
As,159,266591.8729,2772646.476
As,160,263160.1,2776649.724
As,161,263155.2172,2776368.887
As,162,266579.6366,2772651.547
As,163,262698.6512,2776415.726
As,164,263147.49,2776455.898
As,165,267612.6658,2775329.955
As,166,263082.3498,2776296.594
As,167,263103.8928,2776472.721
As,168,265931.6011,2772813.359
As,169,265346.5224,2776094.859
As,170,263102.2927,2776513.544
As,171,265543.1327,2774722.399
As,172,269105.7016,2773098.94
As,173,269857.9608,2777284.005
As,174,269126.5041,2774736.91
As,175,263124.7278,2776298.182
As,176,269460.326,2771661.345
As,177,266074.0237,2773124.171
As,178,267128.0464,2771841.289
As,179,265922.833,2772840.988
As,180,264676.5794,2778765.745
As,181,263132.2896,2776555.933
As,182,262667.9,2776551.122
As,183,263057.9454,2776398.692
As,184,263258.4767,2776018.951
As,185,265473.7739,2772883.366
As,186,266338.5392,2772604.945
As,187,269125.2253,2775570.573
As,188,263136.0044,2776238.166
As,189,265679.7893,2773084.647
As,190,267750.0325,2771729.655
As,191,264883.1664,2777488.419
As,192,265502.539,2773705.329
As,193,268461.881,2770966.776
As,194,268947.5875,2771629.643
As,195,268468.7362,2770962.221
As,196,263321.9161,2776080.417
As,197,267554.9892,2771221.881
As,198,268947.5875,2771629.643
As,199,267771.9117,2771838.561
As,200,263141.4458,2776551.123
As,201,263161.9777,2776492.003
As,202,265530.6054,2772873.934
As,203,263118.4282,2776423.005
As,204,263097.4407,2776455.922
As,205,267577.9379,2775325.474
As,206,262735.2872,2772901.548
As,207,264847.2588,2773532.927
As,208,267526.0362,2771964.074
As,209,265750.3039,2772885.379
As,210,269392.6063,2772120.735
As,211,262616.6865,2776881.978
As,212,263142.1348,2776457.893
As,213,267595.5512,2775364.912
As,214,268272.6495,2771798.556
As,215,269847.3231,2776426.661
As,216,264681.8422,2773542.544
As,217,263155.0869,2776317.101
As,218,267527.9443,2771035.912
As,219,270351.3654,2778464.412
As,220,262674.9135,2776423.326
As,221,270338.1193,2777816.156
As,222,263151.0449,2776438.926
As,223,265540.554,2773497.528
As,224,268945.9054,2773395.026
As,225,267580.3951,2775334.099
As,226,265350.1256,2776214.647
As,227,268245.7235,2773523.371
As,228,265809.7564,2772938.892
As,229,267912.387,2771538.774
As,230,263137.7642,2776427.953
As,231,264927.3821,2777507.525
As,232,263116.0198,2776505.907
As,233,266917.2391,2773793.527
As,234,266611.7221,2772636.202
As,235,265971.4605,2772308.338
As,236,267578.1389,2775427.564
As,237,265959.6597,2772967.392
As,238,263101.686,2776301.542
As,239,269849.5444,2776466.995
As,240,266576.4447,2772645.049
As,241,271012.9443,2779167.9
As,242,267032.2723,2773945.44
As,243,263053.887,2776386.714
As,244,263116.7932,2776506.105
As,245,265865.0598,2772885.311
As,246,266651.0805,2772685.836
As,247,262142.8725,2775410.583
As,248,262768.0014,2776595.459
As,249,265904.8399,2772869.621
As,250,270465.8751,2777767.924
As,251,267196.2751,2773988.718
As,252,263143.0294,2776553.632
As,253,269855.8464,2777250.01
As,254,268575.2675,2774063.743
As,255,266113.6043,2776687.257
As,256,265105.6205,2776369.149
As,257,269023.0694,2771265.446
As,258,264891.8346,2772633.814
As,259,270558.7586,2779213.174
As,260,269424.9678,2775491.942
As,261,263144.8724,2776261.052
As,262,268535.8005,2772055.343
As,263,270646.628,2778169.225
As,264,264848.3368,2777522.418
As,265,263080.3213,2776179.948
As,266,265947.2839,2772919.411
As,267,263140.9922,2776303.607
As,268,263128.5767,2776563.818
As,269,265331.1566,2774665.805
As,270,268067.2702,2771406.571
As,271,263137.1469,2776481.02
As,272,263105.1826,2776546.892
As,273,263057.8604,2776305.264
As,274,268508.079,2770647.671
As,275,265094.0591,2774670.945
As,276,267492.9659,2771966.962
As,277,265922.4777,2772820.279
As,278,269003.6458,2774439.481
As,279,265548.1222,2778278.067
As,280,264722.5907,2779200.598
As,281,263150.8887,2776474.228
As,282,265951.6303,2772948.294
As,283,268594.7453,2770807.265
As,284,264858.9206,2773673.29
As,285,268506.3003,2770951.65
As,286,263090.516,2776279.119
As,287,266658.1366,2772693.113
As,288,264981.6657,2777530.051
As,289,265842.3317,2773041.906
As,290,265311.8874,2773322.427
As,291,266598.0037,2772644.68
As,292,265205.2887,2776344.179
As,293,267579.3938,2775410.844
As,294,270692.1716,2778404.978
As,295,265840.1881,2772917.021
As,296,266866.0253,2773725.917
As,297,271601.914,2778576.319
As,298,267123.2368,2771875.401
As,299,265921.3741,2772800.852
As,300,267576.2007,2775449.368
As,301,269461.3247,2771857.266
As,302,265113.4871,2772445.254
As,303,267667.6306,2771730.423
As,304,269817.7676,2776864.694
As,305,262615.7167,2773952.701
As,306,264660.6709,2776508.938
As,307,265779.3183,2772915.53
As,308,265546.8652,2772878.939
As,309,263022.6772,2776363.159
As,310,264502.1262,2774062.037
As,311,270362.5059,2777801.372
As,312,267576.2872,2775454.439
As,313,265791.2167,2772890.806
As,314,263734.367,2772197.657
As,315,268410.9496,2770597.955
As,316,269337.7517,2775525.334
As,317,265523.2865,2773702.647
As,318,265206.2647,2776400.811
As,319,265907.3046,2772788.834
As,320,265696.4948,2772846.564
As,321,263166.5428,2776621.71
As,322,263125.933,2776278.926
As,323,265574.6266,2773508.357
As,324,262680.1097,2776500.601
As,325,268467.0922,2770956.119
As,326,268114.3287,2771138.811
As,327,269265.2107,2771099.866
As,328,269424.901,2770886.434
As,329,268039.7929,2772101.178
As,330,268769.6258,2772172.917
As,331,265804.6143,2772908.543
As,332,266854.5017,2773772.616
As,333,265519.0669,2772919.578
As,334,267415.0878,2771690.759
As,335,263048.5427,2776389.343
As,336,262626.3004,2773941.313
As,337,271185.5962,2778356.726
As,338,265342.6317,2776047.789
As,339,265875.7326,2772789.164
As,340,267620.2619,2775414.163
As,341,263149.182,2776508.924
As,342,262145.1636,2775409.486
As,343,267569.9457,2775353.512
As,344,270222.823,2777735.879
As,345,269820.2211,2777009.863
As,346,267577.4448,2775432.014
As,347,269386.2196,2771651.605
As,348,262770.9965,2775706.134
As,349,269430.6556,2775555.045
As,350,265518.2715,2772873.3
As,351,268220.3333,2771938.103
As,352,269343.2382,2772116.285
As,353,265946.7995,2772846.284
As,354,263916.1047,2774731.667
As,355,263144.1446,2776573.482
As,356,264938.3731,2777519.806
As,357,262944.1632,2776276.169
As,358,265699.8516,2773445.541
As,359,265944.1851,2772828.573
As,360,264929.0315,2778405.635
As,361,263162.0236,2776538.928
As,362,265818.7346,2772923.519
As,363,263129.6129,2776180.571
As,364,263732.1721,2775449.31
As,365,265907.8992,2772823.489
As,366,269414.145,2772392.613
As,367,264788.4731,2773786.111
As,368,265948.9072,2772924.244
As,369,270552.1567,2779232.52
As,370,269294.9521,2772449.161
As,371,263138.4663,2776202.611
As,372,263121.0205,2776527.804
As,373,269100.5384,2773066.899
As,374,262150.7857,2775466.883
As,375,265946.1224,2772896.602
As,376,262707.7788,2776718.685
As,377,263057.9727,2776355.993
As,378,271115.2055,2778107.862
As,379,265907.2525,2772830.687
As,380,264949.3823,2777577.745
As,381,269300.9999,2772123.551
As,382,265773.5658,2772894.491
As,383,267871.8938,2773504.786
As,384,266375.0872,2772220.466
As,385,263155.2172,2776368.887
As,386,265955.462,2772947.172
As,387,265946.7995,2772846.284
As,388,267567.2916,2771718.181
As,389,268482.6724,2770966.424
As,390,268575.2675,2774063.743
As,391,268468.7362,2770962.221
As,392,265518.2715,2772873.3
As,393,269023.0694,2771265.446
As,394,265943.2166,2772906.798
As,395,265470.6432,2772880.46
As,396,267576.2872,2775454.439
As,397,269476.7746,2771859.964
As,398,269820.2211,2777009.863
As,399,263116.0198,2776505.907
As,400,264949.3823,2777577.745
As,401,262608.6245,2776861.192
As,402,267866.9969,2771632.548
As,403,268410.9496,2770597.955
As,404,263093.9172,2776518.975
As,405,263166.5428,2776621.71
As,406,263052.6158,2776402.166
As,407,269465.6841,2771841.762
As,408,267527.9443,2771035.912
As,409,269855.8464,2777250.01
As,410,270465.8751,2777767.924
As,411,267753.4984,2771163.757
As,412,265901.0941,2772920.626
As,413,268195.717,2771259.601
As,414,269815.3083,2776946.958
As,415,270623.5627,2779495.527
As,416,265384.0611,2776128.455
As,417,269414.145,2772392.613
As,418,263148.4183,2776199.268
As,419,263080.0408,2776385.202
As,420,265484.5752,2772929.26
As,421,265349.5706,2776137.716
As,422,263129.6129,2776180.571
As,423,263057.9727,2776355.993
As,424,268647.9043,2772171.175
As,425,263178.479,2776466.773
As,426,267581.7617,2775323.93
As,427,264925.8245,2777551.095
As,428,263048.5427,2776389.343
As,429,263267.6921,2776017.523
As,430,267115.069,2773968.545
As,431,271115.2055,2778107.862
As,432,263160.1,2776649.724
As,433,263058.1213,2776320.267
As,434,267036.6245,2771674.597
As,435,270552.1567,2779232.52
As,436,263140.5861,2776413.108
As,437,265540.554,2773497.528
As,438,265804.6143,2772908.543
As,439,263053.2528,2776305.978
As,440,269424.3237,2770897.857
As,441,265200.5536,2776337.497
As,442,263115.6743,2776397.476
As,443,265679.7893,2773084.647
As,444,267398.3666,2771658.704
As,445,271079.4102,2778268.257
As,446,263088.2513,2776458.83
As,447,263080.3213,2776179.948
As,448,263149.6583,2776226.303
As,449,263090.9111,2776346.119
As,450,268115.9262,2771142.166
As,451,263116.7932,2776506.105
As,452,265020.6099,2777556.012
As,453,265928.0351,2772919.741
As,454,267529.6769,2771861.286
As,455,262944.1632,2776276.169
As,456,262145.1636,2775409.486
As,457,263162.0236,2776538.928
As,458,265808.8667,2772931.932
As,459,265519.0669,2772919.578
As,460,267912.387,2771538.774
As,461,263097.5855,2776331.418
As,462,265113.4871,2772445.254
As,463,266579.6366,2772651.547
As,464,265793.4914,2773023.298
As,465,264925.9922,2777471.615
As,466,264978.1927,2777685.683
As,467,267595.5512,2775364.912
As,468,265682.3229,2772873.441
As,469,267577.1255,2775458.441
As,470,271012.9443,2779167.9
As,471,263109.11,2776152.814
As,472,263190.7642,2776420.479
As,473,265540.8451,2776424.429
As,474,268164.2643,2773397.721
As,475,266916.4367,2773791.638
As,476,263081.4517,2776377.779
As,477,264929.0315,2778405.635
As,478,268508.079,2770647.671
As,479,265383.1696,2776076.684
As,480,263022.6772,2776363.159
As,481,265931.6011,2772813.359
As,482,265772.6093,2772973.35
As,483,264848.3368,2777522.418
As,484,263158.5811,2776340.926
As,485,268104.0147,2771166.465
As,486,265699.8516,2773445.541
As,487,263132.2896,2776555.933
As,488,262776.5139,2775713.436
As,489,265510.2163,2773703.928
As,490,262917.7125,2776216.386
As,491,265922.4777,2772820.279
As,492,267412.7708,2771961.565
As,493,268449.2212,2770719.9
As,494,266591.8729,2772646.476
As,495,265809.7564,2772938.892
As,496,268272.6495,2771798.556
As,497,262637.1307,2773944.084
As,498,263055.5694,2776306.36
As,499,263152.1013,2776455.395
As,500,265842.3317,2773041.906
As,501,269897.6621,2777537.611
As,502,269105.7016,2773098.94
As,503,269849.5444,2776466.995
As,504,267986.1279,2771345.596
As,505,265530.6054,2772873.934
As,506,263149.7645,2776409.566
As,507,265960.5783,2772976.042
As,508,265689.3626,2773103.929
As,509,264928.8449,2777503.061
As,510,269413.968,2775524.467
As,511,269144.4632,2770791.83
As,512,263125.933,2776278.926
As,513,269108.7134,2773094.873
As,514,267904.3225,2771290.973
As,515,269029.8271,2774757.571
As,516,263143.2685,2776301.665
As,517,263734.367,2772197.657
As,518,270678.4781,2778460.376
As,519,267408.6915,2771134.54
As,520,268114.3287,2771138.811
As,521,269845.0388,2776428.179
As,522,263126.4418,2776352.477
As,523,265057.3551,2774641.351
As,524,265750.3039,2772885.379
As,525,263147.49,2776455.898
As,526,268490.6234,2770935.64
As,527,266074.0237,2773124.171
As,528,263128.5767,2776563.818
As,529,268056.8949,2773514.744
As,530,264502.1262,2774062.037
As,531,265811.056,2772790.274
As,532,265508.7234,2772900.309
As,533,263140.9922,2776303.607
As,534,267554.9892,2771221.881
As,535,265704.2234,2772848.123
As,536,269440.8523,2775566.075
As,537,266658.7105,2774077.171
As,538,265331.1566,2774665.805
As,539,263187.5015,2773972.352
As,540,268769.6258,2772172.917
As,541,265907.8992,2772823.489
As,542,267667.6306,2771730.423
As,543,263153.5489,2776627.22
As,544,262616.6865,2776881.978
As,545,267128.0464,2771841.289
As,546,268709.3715,2770616.782
As,547,263168.8637,2776356.601
As,548,269018.1668,2771248.831
As,549,267195.9983,2770541.464
As,550,266906.8376,2772689.073
As,551,263103.8928,2776472.721
As,552,269822.4216,2776456.673
As,553,264660.6709,2776508.938
As,554,263033.0849,2776386.018
As,555,262735.2872,2772901.548
As,556,262674.9135,2776423.326
As,557,269341.8232,2772123.707
As,558,264684.0571,2773537.01
As,559,265840.1881,2772917.021
As,560,263171.3804,2776412.784
As,561,265502.539,2773705.329
As,562,265362.9897,2776201.531
As,563,263150.8887,2776474.228
As,564,264788.4731,2773786.111
As,565,269134.964,2775554.556
As,566,265192.3654,2776398.514
As,567,265799.7443,2772894.041
As,568,267567.5377,2775528.357
As,569,263117.9709,2776529.548
As,570,262478.746,2774003.492
As,571,267750.0325,2771729.655
As,572,266012.7725,2772741.156
As,573,263155.0869,2776317.101
As,574,266866.0253,2773725.917
As,575,265818.7346,2772923.519
As,576,269847.3231,2776426.661
As,577,268535.8005,2772055.343
As,578,271637.5729,2778315.74
As,579,263127.7407,2776382.893
As,580,263122.5379,2776349.374
As,581,267064.0388,2774001.757
As,582,267558.168,2775340.185
As,583,270046.3899,2777773.734
As,584,265802.3688,2772957.197
As,585,265791.7174,2772919.967
As,586,265946.6581,2772838.043
As,587,265524.9505,2772858.601
As,588,263090.9111,2776346.119
As,589,263143.7515,2776373.736
As,590,270707.354,2778392.252
As,591,268512.617,2770642.732
As,592,263057.8604,2776305.264
As,593,267526.0362,2771964.074
As,594,268945.9054,2773395.026
As,595,269125.2253,2775570.573
As,596,265487.2954,2772908.287
As,597,267579.3938,2775410.844
As,598,263177.6868,2776642.654
As,599,266976.8825,2772957.165
As,600,263128.6813,2776348.422
As,601,269853.514,2777294.226
As,602,268480.498,2770929.048
As,603,269461.3247,2771857.266
As,604,262615.7167,2773952.701
As,605,267123.2368,2771875.401
As,606,262603.4313,2773954.817
As,607,265685.6508,2773112.025
As,608,266614.1693,2772644.193
As,609,265913.636,2772753.848
As,610,265901.9112,2772788.715
As,611,263192.4613,2776518.107
As,612,267415.0878,2771690.759
As,613,265311.8874,2773322.427
As,614,270646.628,2778169.225
As,615,265002.6152,2777539.412
As,616,267888.4862,2773529.446
As,617,269857.9608,2777284.005
As,618,264927.3821,2777507.525
As,619,269465.6841,2771841.762
As,620,267576.0314,2775439.436
As,621,269003.6458,2774439.481
As,622,268461.881,2770966.776
As,623,263089.4326,2776482.484
As,624,265928.0315,2772919.53
As,625,265105.6205,2776369.149
As,626,265516.5644,2776400.539
As,627,265944.1851,2772828.573
As,628,267630.6269,2771728.517
As,629,266598.0037,2772644.68
As,630,269151.3489,2772200.907
As,631,268467.0922,2770956.119
As,632,263167.8894,2776654.873
As,633,263144.8724,2776261.052
As,634,263131.4445,2776595.898
As,635,268062.8952,2774456.087
As,636,266640.7529,2772667.412
As,637,270658.3461,2777996.551
As,638,262564.2861,2777895.189
As,639,266576.4447,2772645.049
As,640,264296.097,2774038.541
As,641,267892.7061,2771332.599
As,642,267978.4548,2772026.973
As,643,265921.3741,2772800.852
As,644,263118.4282,2776423.005
As,645,268954.386,2774440.95
As,646,265136.8667,2775948.395
As,647,263121.0205,2776527.804
As,648,264850.3384,2773979.51
As,649,264698.6966,2773537.391
As,650,263101.686,2776301.542
As,651,267581.0199,2775415.889
As,652,263113.1739,2776386.528
As,653,269392.6063,2772120.735
As,654,265511.7639,2776390.053
As,655,264722.5907,2779200.598
As,656,269021.6581,2771273.079
As,657,263098.2472,2776458.022
As,658,265384.879,2774789.38
As,659,265421.5001,2772844.315
As,660,270362.5059,2777801.372
As,661,269516.8724,2770904.75
As,662,263157.868,2776477.066
As,663,263066.8596,2776468.503
As,664,271481.4423,2777315.424
As,665,263134.0752,2776481.496
As,666,267781.6521,2771822.543
As,667,265052.1154,2774650.108
As,668,268455.8551,2770793.133
As,669,267503.8943,2784101.684
As,670,262133.4438,2775443.934
As,671,263731.0674,2772185.032
As,672,266113.6043,2776687.257
As,673,270320.948,2777802.284
As,674,267973.2627,2771630.953
As,675,268091.9031,2774350.542
As,676,269231.616,2772210.752
As,677,265945.5954,2772910.773
As,678,264981.4469,2777517.372
As,679,264688.6657,2773536.296
As,680,266338.5392,2772604.945
As,681,266611.7221,2772636.202
As,682,263142.1348,2776457.893
As,683,267517.0616,2771844.168
As,684,269337.7517,2775525.334
As,685,269333.5374,2773045.836
As,686,269460.326,2771661.345
As,687,263052.4814,2776350.169
As,688,265350.1256,2776214.647
As,689,265506.4373,2774200.724
As,690,270338.1193,2777816.156
As,691,269424.9678,2775491.942
As,692,268497.9193,2770957.076
As,693,267196.2751,2773988.718
As,694,268015.9221,2771331.139
As,695,264184.0992,2778956.689
As,696,262714.491,2776529.383
As,697,263136.019,2776327.579
As,698,268539.2675,2772078.112
As,699,269142.5903,2775550.199
As,700,262667.9,2776551.122
As,701,263132.0231,2776319.193
As,702,269294.9521,2772449.161
As,703,269817.7676,2776864.694
As,704,267588.2238,2771092.801
As,705,263916.1047,2774731.667
As,706,269430.6556,2775555.045
As,707,269387.7703,2771652.213
As,708,263063.7727,2776379.566
As,709,265814.8087,2772919.148
As,710,264838.1812,2777513.927
As,711,270597.8252,2779475.67
As,712,265942.105,2772797.114
As,713,263151.0449,2776438.926
As,714,271221.3695,2778286.585
As,715,263134.8303,2776392.07
As,716,271168.3896,2778157.484
As,717,265342.6317,2776047.789
As,718,267576.2007,2775449.368
As,719,266628.8384,2772646.267
As,720,264993.6914,2774119.928
As,721,270222.823,2777735.879
As,722,266598.1085,2772650.808
As,723,270549.6805,2779222.628
As,724,265946.1224,2772896.602
As,725,265813.276,2772919.597
As,726,267569.9457,2775353.512
As,727,265762.5579,2772881.363
As,728,265509.6641,2772910.227
As,729,263129.6129,2776180.571
As,730,269305.3759,2771653.394
As,731,270236.9583,2778208.473
As,732,267994.8763,2772313.312
As,733,263131.0661,2776219.862
As,734,267932.8856,2773513.683
As,735,264847.2588,2773532.927
As,736,262680.1097,2776500.601
As,737,263044.4981,2776201.075
As,738,263161.9777,2776492.003
As,739,263143.0294,2776553.632
As,740,265922.833,2772840.988
As,741,265523.2865,2773702.647
As,742,267620.2619,2775414.163
As,743,264886.2445,2772622.284
As,744,267446.1887,2771481.818
As,745,265548.1222,2778278.067
As,746,268067.2702,2771406.571
As,747,266590.8716,2772632.966
As,748,269243.0564,2771384.108
As,749,267577.9379,2775325.474
As,750,268041.7076,2770944.739
As,751,267570.3169,2775375.277
As,752,269818.6139,2777005.874
As,753,263090.516,2776279.119
As,754,269265.2107,2771099.866
As,755,270412.9861,2777781.709
As,756,266854.5017,2773772.616
As,757,267621.7042,2771475.869
As,758,265945.8265,2772834.464
As,759,264981.6657,2777530.051
As,760,267608.6333,2775454.733
As,761,265546.8652,2772878.939
As,762,268041.733,2771626.196
As,763,266658.1366,2772693.113
As,764,264676.5794,2778765.745
As,765,270351.3654,2778464.412
As,766,265753.5732,2772851.503
As,767,264965.2649,2777561.195
As,768,262701.7192,2776415.038
As,769,267939.5281,2771549.515
As,770,266687.1655,2773219.568
As,771,263138.6166,2776476.978
As,772,268446.8493,2771306.702
As,773,267581.8726,2775420.736
As,774,267555.6227,2771123.371
As,775,263124.7278,2776298.182
As,776,265543.1327,2774722.399
As,777,265548.1113,2778277.433
As,778,264858.9206,2773673.29
As,779,262707.7788,2776718.685
As,780,263081.3895,2776462.754
As,781,263141.4458,2776551.123
As,782,265948.9072,2772924.244
As,783,267670.0619,2774766.939
As,784,268221.2704,2771902.577
As,785,266898.7643,2773343.408
As,786,264938.3731,2777519.806
As,787,268501.0727,2771551.816
As,788,263149.8766,2776371.727
As,789,263144.1446,2776573.482
As,790,265347.2722,2776227.801
As,791,263148.8844,2776491.808
As,792,269095.0523,2773061.285
As,793,268200.489,2770678.676
As,794,265357.6449,2776204.16
As,795,263143.9426,2776384.725
As,796,264891.8346,2772633.814
As,797,263321.9161,2776080.417
As,798,265094.0591,2774670.945
As,799,269227.9807,2771494.697
As,800,267612.6658,2775329.955
As,801,264883.1664,2777488.419
As,802,262141.0673,2775395.395
As,803,267578.1389,2775427.564
As,804,269126.5041,2774736.91
As,805,269446.964,2771782.262
As,806,268594.7453,2770807.265
As,807,269223.7304,2771471.095
As,808,269354.1208,2771620.865
As,809,263073.9521,2776300.756
As,810,269300.9999,2772123.551
As,811,265947.2839,2772919.411
As,812,269450.1082,2771786.013
As,813,267577.4448,2775432.014
As,814,263081.874,2776313.512
As,815,265574.6266,2773508.357
As,816,268456.7378,2771299.347
As,817,268947.5875,2771629.643
As,818,264851.3381,2778453.903
As,819,269425.9316,2770901.846
As,820,265783.0883,2772910.815
As,821,266594.7901,2772636.915
As,822,266584.2275,2772649.778
As,823,270692.1716,2778404.978
As,824,266632.4786,2772633.945
As,825,263053.887,2776386.714
As,826,268557.4708,2772016.084
As,827,267492.9659,2771966.962
As,828,267531.1922,2772718.792
As,829,263142.1825,2776460.64
As,830,268459.8719,2770984.565
As,831,265013.1821,2774491.19
As,832,263115.6854,2776486.678
As,833,268461.4227,2770985.173
As,834,263156.3119,2776520.426
As,835,265768.0746,2772888.667
As,836,263102.2927,2776513.544
As,837,263082.3498,2776296.594
As,838,268531.6345,2771219.236
As,839,263119.2273,2776247.547
As,840,263130.107,2776341.844
As,841,263116.7655,2776283.101
As,842,265850.8078,2772907.538
As,843,263126.1755,2776292.872
As,844,263166.0251,2776414.779
As,845,269142.2119,2770840.905
As,846,265907.3046,2772788.834
As,847,267424.0024,2771535.884
As,848,265773.5658,2772894.491
As,849,262768.0014,2776595.459
As,850,265773.5658,2772894.491
As,851,263155.0794,2776405.246
As,852,263139.1844,2776288.207
As,853,269434.8617,2770883.306
As,854,269491.3057,2775498.852
As,855,263097.4407,2776455.922
As,856,263119.4735,2776261.705
As,857,265791.2167,2772890.806
As,858,269100.5384,2773066.899
As,859,266641.0818,2772686.641
As,860,265971.4605,2772308.338
As,861,265779.3582,2772917.854
As,862,265907.2525,2772830.687
As,863,263128.347,2776417.76
As,864,263137.7642,2776427.953
As,865,265601.7743,2776519.768
As,866,265875.7326,2772789.164
As,867,265885.8219,2772793.641
As,868,267383.8021,2773244.026
As,869,268670.5232,2771960.69
As,870,263090.3582,2776358.6
As,871,265051.1889,2774641.034
As,872,268769.6258,2772172.917
As,873,265588.453,2775073.981
As,874,269154.5786,2771890.986
As,875,269154.5786,2771890.986
As,876,267109.5193,2771838.857
As,877,267995.5564,2772308.016
As,878,270457.8524,2778844.347
As,879,265779.3183,2772915.53
As,880,268152.9714,2770828.921
As,881,269343.2382,2772116.285
As,882,268385.0663,2773112.214
As,883,271761.2232,2778298.236
As,884,263168.8637,2776356.601
As,885,269386.2196,2771651.605
As,886,268254.1027,2773517.944
As,887,271999.1003,2778849.509
As,888,265205.2887,2776344.179
As,889,269015.7195,2771286.284
As,890,269350.3592,2770714.371
As,891,268468.6896,2770959.474
As,892,262371.9398,2776314.251
As,893,265109.6625,2773386.15
As,894,262678.8798,2776474.2
As,895,269874.0539,2777006.206
As,896,267664.493,2771727.095
As,897,268928.0098,2774111.449
As,898,265696.4948,2772846.564
As,899,271241.6997,2778625.91
As,900,269035.658,2771281.086
As,901,265904.8399,2772869.621
As,902,263737.5938,2775451.118
As,903,268769.6258,2772172.917
As,904,263089.2118,2776381.237
As,905,264928.097,2777504.342
As,906,269115.6405,2770818.315
As,907,264702.0708,2778726.199
As,908,262274.4024,2774607.159
As,909,263487.3422,2772876.864
As,910,268245.7235,2773523.371
At,1,268532.4328,2771629.702
At,2,262867.4006,2776378.333
At,3,262828.42,2776306.508
At,4,269537.0096,2776834.989
At,5,268527.6145,2773706.28
At,6,271297.4896,2778739.111
At,7,263909.7241,2773429.062
At,8,269197.0167,2773033.772
At,9,264821.2487,2777603.42
At,10,264258.0714,2774734.416
At,11,269517.8783,2770964.338
At,12,268362.2321,2772855.998
At,13,267715.9023,2772891.93
At,14,268381.7495,2776361.457
At,15,269205.0301,2771595.062
At,16,269645.9338,2776810.952
At,17,262388.5703,2774132.102
At,18,265577.6279,2772203.916
At,19,263455.0455,2776119.958
At,20,268540.5952,2773699.718
At,21,268450.446,2773923.822
At,22,266051.0986,2772416.041
At,23,267577.5801,2771055.781
At,24,268758.0153,2771487.643
At,25,267715.9023,2772891.93
At,26,266167.9816,2774740.836
At,27,263352.3285,2772597.227
At,28,269066.7353,2775163.41
At,29,267978.0101,2773631.071
At,30,267647.2842,2773430.192
At,31,268532.4364,2771629.914
At,32,267572.9291,2772817.848
At,33,262696.6387,2776211.78
At,34,263032.354,2776122.653
At,35,268095.7929,2772812.966
At,36,263419.7559,2774929.878
At,37,270996.9252,2777987.046
At,38,265525.5498,2772803.844
At,39,265015.9794,2774653.478
At,40,262691.104,2777043.232
At,41,269057.3887,2771837.04
At,42,272560.9097,2791514.54
At,43,268237.4835,2770634.506
At,44,269521.6888,2775747.33
At,45,270312.1476,2776276.142
At,46,267482.9642,2773052.313
At,47,269923.0459,2775804.169
At,48,262688.9127,2777050.034
At,49,268112.3997,2772974.382
At,50,262901.4244,2776563.543
At,51,263874.9216,2774710.397
At,52,269375.5218,2771793.403
At,53,266972.6188,2771895.728
At,54,268290.4169,2773071.547
At,55,267889.5274,2772459.046
At,56,265514.48,2772966.37
At,57,270247.7908,2776979.816
At,58,270146.7021,2776601.269
At,59,268077.7193,2773154.214
At,60,269680.9659,2777789.634
At,61,269020.9525,2772642.127
At,62,266030.2714,2772728.597
At,63,268291.9389,2773070.464
At,64,264813.0968,2778468.514
At,65,269663.86,2775503.12
At,66,267811.7219,2773679.769
At,67,270136.3105,2776578.617
At,68,265804.1901,2795372.848
At,69,262665.4976,2772874.437
At,70,262881.4677,2773778.552
At,71,268428.0114,2774008.539
At,72,265610.3952,2773617.868
At,73,262884.2752,2776286.089
At,74,265812.0647,2773207.931
At,75,267204.4995,2775236.942
At,76,269343.4952,2771128.768
At,77,267485.0611,2772316.705
At,78,267401.4312,2773374.565
At,79,266909.825,2774170.742
At,80,267489.9165,2770838.294
At,81,270125.2,2775828.869
At,82,262342.0012,2773978.818
At,83,265569.3017,2776467.272
At,84,266167.9744,2774740.414
At,85,267836.4346,2774271.821
At,86,264231.6813,2784406.473
At,87,267130.6952,2774071.85
At,88,267572.9291,2772817.848
At,89,262769.438,2772828.029
At,90,265757.4769,2778364.508
At,91,263637.908,2772187.279
At,92,262967.996,2777114.718
At,93,267908.2498,2770978.29
At,94,268077.8537,2773252.711
At,95,267656.6209,2773028.851
At,96,267572.2692,2773005.134
At,97,264534.8217,2777513.462
At,98,265557.7872,2776156.114
At,99,267227.8131,2773941.467
At,100,266954.1823,2774107.629
At,101,262974.7716,2775999.575
At,102,267527.8223,2773063.385
At,103,263519.1905,2773292.302
At,104,268247.885,2773333.312
At,105,268077.8537,2773252.711
At,106,265539.7605,2776585.093
At,107,263385.022,2773771.496
At,108,271046.8579,2778529.844
At,109,269089.1616,2774759.948
At,110,267510.0343,2772245.47
At,111,263597.7963,2784816.792
At,112,266803.5096,2772546.683
At,113,263395.232,2776045.535
At,114,267573.7351,2773136.371
At,115,265638.9321,2772992.767
At,116,264424.8662,2773378.936
At,117,262941.6951,2774141.921
At,118,268362.2321,2772855.998
At,119,268188.3265,2771640.826
At,120,268305.3507,2773361.293
At,121,268431.9039,2774011.01
At,122,265265.4989,2773759.502
At,123,266217.1162,2774776.984
At,124,268540.5952,2773699.718
At,125,263004.0405,2776044.301
At,126,269450.3685,2770798.075
At,127,265548.3006,2772021.158
At,128,269195.1514,2773287.658
At,129,267680.7663,2773089.948
At,130,267995.3825,2773022.451
At,131,267309.7924,2771432.99
At,132,268205.23,2771819.781
At,133,265897.9456,2773500.055
At,134,268485.6135,2771957.274
At,135,269564.8126,2777522.526
At,136,268045.5808,2773121.153
At,137,268548.7936,2772049.416
At,138,267098.7834,2773916.826
At,139,268958.8799,2774478.92
At,140,262825.6241,2778135.412
At,141,265706.5474,2772624.66
At,142,266918.495,2773236.116
At,143,268536.3273,2771359.718
At,144,267122.1413,2770772.696
At,145,265476.641,2775020.313
At,146,270062.2927,2776390.057
At,147,267754.0302,2773774.177
At,148,262974.7643,2775999.153
At,149,269271.1741,2775822.59
At,150,266917.7079,2772513.871
At,151,267300.8738,2775649.797
At,152,263323.8241,2776810.697
At,153,268154.2981,2772811.338
At,154,267740.0551,2773315.317
At,155,268602.0136,2773052.941
At,156,269089.8464,2771615.822
At,157,262859.1143,2776034.986
At,158,262808.1316,2776025.727
At,159,262706.3503,2776283.057
At,160,268293.4859,2773070.861
At,161,263032.3466,2776122.23
At,162,268058.2857,2772645.353
At,163,267811.7219,2773679.769
At,164,269742.9872,2775811.227
At,165,267444.1009,2772308.525
At,166,264940.8211,2794141.319
At,167,267853.333,2773545.474
At,168,267845.9535,2773790.579
At,169,267500.1506,2773021.371
At,170,262519.0485,2777067.157
At,171,269569.5456,2775799.786
At,172,267774.7411,2773407.518
At,173,269215.3626,2772251.609
At,174,266009.2262,2772399.638
At,175,263512.6821,2774160.542
At,176,269524.8179,2775750.237
At,177,265535.6499,2776569.945
At,178,262952.232,2772798.429
At,179,265424.6775,2776430.234
At,180,270076.757,2776608.368
At,181,270888.4015,2779314.783
At,182,267786.6344,2774286.831
At,183,267527.8223,2773063.385
At,184,267824.3577,2774240.955
At,185,267656.6209,2773028.851
At,186,263688.0986,2774239.515
At,187,268060.6612,2773192.762
At,188,266536.4992,2771930.871
At,189,269040.4625,2772475.238
At,190,267521.5043,2773054.192
At,191,269212.719,2773188.017
At,192,268267.6303,2773407.59
At,193,264186.2341,2779079.885
At,194,263669.5911,2774549.081
At,195,265579.2866,2772972.866
At,196,270340.9089,2777753.333
At,197,271091.4498,2779029.824
At,198,265871.3847,2775989.02
At,199,267963.043,2773701.924
At,200,266917.7079,2772513.871
At,201,267447.1406,2772260.915
At,202,268158.0965,2772626.959
At,203,266977.0453,2771252.659
At,204,263274.8887,2773904.462
At,205,267452.1373,2772192.557
At,206,265386.8841,2773115.469
At,207,268236.1052,2773047.951
At,208,262816.4168,2776501.609
At,209,268973.819,2775405.734
At,210,265031.3474,2774651.522
At,211,268219.9637,2773095.149
At,212,267194.824,2775256.554
At,213,267268.0826,2774225.286
At,214,267811.7219,2773679.769
At,215,267991.3244,2771923.182
At,216,268622.3538,2773026.175
At,217,266912.7992,2772497.045
At,218,267572.9291,2772817.848
At,219,267995.3825,2773022.451
At,220,267265.7604,2775622.707
At,221,262794.7013,2776094.659
At,222,267845.9535,2773790.579
At,223,264955.5891,2794150.363
At,224,265309.3946,2776487.389
At,225,268853.6345,2772358.132
At,226,267845.9535,2773790.579
At,227,267656.6209,2773028.851
At,228,267571.1063,2772936.881
At,229,263834.6165,2772382.567
At,230,263724.6056,2774079.715
At,231,265439.2113,2777408.23
At,232,271047.0364,2778174.321
At,233,268185.1181,2772902.76
At,234,263357.4035,2775064.34
At,235,268647.9977,2775308.959
At,236,263927.0787,2776787.334
At,237,266887.7262,2774184.436
At,238,269733.2496,2775872.9
At,239,267987.6548,2773202.036
At,240,264560.4188,2778726.324
At,241,267963.1271,2772665.572
At,242,267896.8342,2771031.749
At,243,267456.3918,2772306.625
At,244,267579.0845,2773359.911
At,245,269040.4625,2772475.238
At,246,267751.319,2771578.926
At,247,267909.8653,2770982.701
At,248,267429.7733,2773184.904
At,249,258789.7099,2799232.33
At,250,267715.9023,2772891.93
At,251,268532.4364,2771629.914
At,252,266361.3555,2773981.861
At,253,268343.3015,2770833.088
At,254,265662.1062,2776893.709
At,255,264583.8541,2772550.346
At,256,267575.0452,2773168.054
At,257,268077.7193,2773154.214
At,258,269547.3785,2777129.251
At,259,267579.0773,2773359.488
At,260,266043.8553,2795226.017
At,261,262549.405,2778189.69
At,262,269148.0564,2771596.448
At,263,267451.1388,2772314.747
At,264,267451.1244,2772313.901
At,265,263004.0552,2776045.147
At,266,265048.0776,2774728.598
At,267,265297.2015,2776852.222
At,268,270893.5252,2779299.056
At,269,268088.1927,2772864.247
At,270,267715.9023,2772891.93
At,271,271133.0643,2778391.639
At,272,264623.6681,2773474.005
At,273,266912.7992,2772497.045
At,274,262734.2869,2776030.183
At,275,262846.1231,2776217.632
At,276,262974.0055,2775999.8
At,277,268216.9312,2772780.682
At,278,267379.6084,2771009.904
At,279,267680.7663,2773089.948
At,280,267856.8682,2770855.723
At,281,270617.3136,2779490.137
At,282,267537.3513,2772673.454
At,283,262848.8388,2776329.404
At,284,265470.1187,2774999.288
At,285,265463.3244,2776304.646
At,286,270296.8875,2776786.642
At,287,263836.735,2774773.204
At,288,268401.5753,2774039.003
At,289,265608.111,2773753.821
At,290,266915.7126,2774199.811
At,291,267715.9023,2772891.93
At,292,267572.9291,2772817.848
At,293,267572.9291,2772817.848
At,294,268772.184,2771460.137
At,295,268194.8741,2773159.621
At,296,266191.0902,2773977.804
At,297,269040.4625,2772475.238
At,298,265258.091,2773194.837
At,299,267514.6585,2773104.404
At,300,268123.9078,2773288.917
At,301,270013.5023,2776692.504
At,302,267414.2915,2772864.095
At,303,262542.3331,2776547.814
At,304,264944.3801,2774609.901
At,305,262550.452,2773919.805
At,306,262923.7568,2776342.474
At,307,267740.0551,2773315.317
At,308,265824.3591,2773161.43
At,309,267715.9023,2772891.93
At,310,265371.6756,2776124.653
At,311,268293.7825,2773496.344
At,312,270168.4964,2776569.619
At,313,267510.0857,2773107.23
At,314,268261.2401,2772850.104
At,315,267484.1578,2771540.355
At,316,272371.8781,2780333.187
At,317,267485.0611,2772316.705
At,318,265602.6582,2775049.218
At,319,266116.5904,2772731.978
At,320,262923.7568,2776342.474
At,321,268827.6339,2773732.474
At,322,262885.9957,2776119.492
At,323,266752.3598,2773293.913
At,324,267668.8951,2773342.528
At,325,266134.5118,2774854.707
At,326,267715.9023,2772891.93
At,327,265567.2328,2775138.604
At,328,265023.5345,2775538.378
At,329,270833.7757,2777396.06
At,330,264082.9762,2778807.729
At,331,268140.646,2772869.063
At,332,267988.4026,2772838.466
At,333,263050.7055,2776070.969
At,334,267583.1699,2775135.573
At,335,267575.0308,2773167.209
At,336,264126.3465,2773485.556
At,337,267247.0094,2774479.503
At,338,267845.9535,2773790.579
At,339,267544.9276,2772892.094
At,340,267678.7451,2773694.716
At,341,267678.7451,2773694.716
At,342,266685.1826,2772743.38
At,343,269450.3685,2770798.075
At,344,262971.1058,2776142.954
At,345,269730.2118,2775829.832
At,346,268222.066,2772765.587
At,347,267537.9331,2772571.986
At,348,264967.4503,2773044.058
At,349,264353.5604,2785309.906
At,350,269018.7182,2771509.016
At,351,266179.5933,2772363.532
At,352,269415.6182,2770701.644
At,353,265587.3722,2776443.498
At,354,271364.4198,2778232.396
At,355,264763.6965,2778594.715
At,356,267441.5134,2770483.804
At,357,268098.6798,2773164.004
At,358,265023.5345,2775538.378
At,359,263784.6442,2774166.819
At,360,264211.8152,2774642.421
At,361,269193.2762,2771583.213
At,362,262824.6025,2776042.985
At,363,262912.6681,2776590.192
At,364,267573.1406,2775134.476
At,365,266137.1458,2773257.1
At,366,268784.5003,2771505.161
At,367,267975.6387,2773672.752
At,368,267492.4748,2772706.558
At,369,268997.0025,2775410.626
At,370,264576.1676,2772640.525
At,371,268540.5952,2773699.718
At,372,267889.3851,2772360.127
At,373,267473.4498,2771589.998
At,374,265593.0465,2775072.423
At,375,262796.2683,2776007.755
At,376,268327.5897,2772902.242
At,377,268095.7929,2772812.966
At,378,268147.6186,2772871.481
At,379,267680.7663,2773089.948
At,380,267559.2088,2772238.503
At,381,265335.8446,2776860.645
At,382,267122.9793,2773304.279
At,383,268493.0896,2770672.232
At,384,262244.104,2775695.659
At,385,263397.9159,2772916.462
At,386,268198.7505,2772798.534
At,387,264828.8908,2777600.117
At,388,268154.2945,2772811.127
At,389,263032.354,2776122.653
At,390,264751.5035,2778468.311
At,391,262707.2926,2777618.748
At,392,268564.8719,2773768.847
At,393,263004.8213,2776044.922
At,394,267531.5734,2772967.147
At,395,267845.9535,2773790.579
At,396,264495.7898,2774363.992
At,397,262718.6998,2776284.744
At,398,268300.8767,2772961.88
At,399,266007.9706,2772191.668
At,400,269640.186,2775423.623
At,401,265731.0842,2772259.408
At,402,265223.3344,2772517.768
At,403,270078.5281,2778901.479
At,404,266476.667,2772035.256
At,405,267958.4665,2773161.315
At,406,265003.7299,2775595.579
At,407,266230.0924,2776879.721
At,408,262338.1627,2773979.519
At,409,267617.271,2771532.169
At,410,269299.8346,2774285.873
At,411,266824.896,2774293.099
At,412,266392.9106,2774385.255
At,413,267793.9825,2772501.889
At,414,265643.0689,2772291.991
At,415,263004.0478,2776044.724
At,416,265013.0551,2774349.782
At,417,269741.7309,2775964.702
At,418,265023.5345,2775538.378
At,419,262727.279,2777661.098
At,420,262210.3226,2776275.007
At,421,267532.3024,2771608.441
At,422,265572.8723,2774212.686
At,423,269053.7631,2775261.282
At,424,267576.8754,2772280.899
At,425,267573.6955,2772817.624
At,426,266051.0986,2772416.041
At,427,269678.902,2775573.041
At,428,267678.7451,2773694.716
At,429,268498.7495,2773729.809
At,430,265806.2388,2775558.724
At,431,268601.6073,2774934.987
At,432,268407.0963,2770961.153
At,433,262737.5793,2776307.667
At,434,269774.2551,2777068.978
At,435,270058.3085,2775834.648
At,436,265614.7737,2775171.607
At,437,262666.1948,2776541.639
At,438,267811.7219,2773679.769
At,439,269718.6411,2775646.348
At,440,267845.9535,2773790.579
At,441,267447.1406,2772260.915
At,442,267576.8754,2772280.899
At,443,267178.7431,2774044.397
At,444,266969.5871,2772439.851
At,445,268351.7394,2773371.919
At,446,267514.6585,2773104.404
At,447,264541.2271,2774364.052
At,448,264828.2154,2776936.83
At,449,268034.1713,2772993.679
At,450,267531.5734,2772967.147
At,451,267715.9023,2772891.93
At,452,266306.4821,2774554.566
At,453,267000.5577,2771276.354
At,454,269320.4357,2772544.269
At,455,267135.2175,2775373.404
At,456,264354.663,2773684.108
At,457,267162.4345,2772276.761
At,458,264022.8766,2772490.494
At,459,268504.673,2771627.848
At,460,267065.4146,2771195.138
At,461,265936.3194,2773447.399
At,462,264889.9856,2778551.948
At,463,268418.6757,2774184.346
At,464,264515.4695,2778620.145
At,465,265071.0256,2774451.512
At,466,267464.0629,2772033.614
At,467,267212.5621,2784434.729
At,468,265206.7492,2777143.577
At,469,269164.713,2772353.5
At,470,268947.8599,2775327.968
At,471,270877.6646,2779088.589
At,472,271319.3137,2778480.242
At,473,263260.5743,2774366.36
At,474,262227.6826,2775416.501
At,475,267975.5976,2771768.304
At,476,271284.4858,2777598.581
At,477,262895.9751,2772619.313
At,478,267444.074,2774339.594
At,479,265260.6659,2772180.617
At,480,262421.6421,2774217.979
At,481,269649.7453,2776854.219
At,482,262715.0551,2776163.899
At,483,262885.015,2776018.893
At,484,268097.9375,2772803.207
At,485,262796.1149,2776131.626
At,486,269142.2063,2773845.089
At,487,262325.2137,2774341.203
At,488,267988.4026,2772838.466
At,489,267163.4853,2773962.645
At,490,267572.3088,2773730.56
At,491,268608.6526,2772490.797
At,492,262737.5793,2776307.667
At,493,267527.8223,2773063.385
At,494,270085.6062,2775764.013
At,495,261596.686,2775618.613
At,496,267552.83,2772316.184
At,497,267715.9023,2772891.93
At,498,267572.9291,2772817.848
At,499,265020.5944,2774429.764
At,500,266191.0902,2773977.804
At,501,269193.9482,2775081.78
At,502,268077.7193,2773154.214
At,503,269330.7452,2774792.847
At,504,269080.0408,2773994.1
At,505,262147.1817,2775392.752
At,506,267447.1406,2772260.915
At,507,265044.3042,2773705.183
At,508,269175.5256,2773220.141
At,509,265698.376,2776182.231
At,510,268882.3596,2772371.596
At,511,268077.7193,2773154.214
At,512,267482.9751,2773052.947
At,513,268380.6585,2773442.237
At,514,264967.4539,2773044.269
At,515,269113.1238,2775356.238
At,516,267678.7451,2773694.716
At,517,265879.8137,2776569.098
At,518,267485.0611,2772316.705
At,519,269108.7416,2775233.929
At,520,269242.8901,2774288.316
At,521,265537.115,2775133.627
At,522,266509.4407,2772015.037
At,523,267572.9291,2772817.848
At,524,263385.022,2773771.496
At,525,263651.7616,2772275.606
At,526,262280.6885,2774040.13
At,527,265932.1158,2773830.692
At,528,266179.2206,2774632.843
At,529,267489.9165,2770838.294
At,530,267964.3168,2774048.339
At,531,269647.7946,2775873.71
At,532,268334.4751,2772763.467
At,533,269643.4276,2775752.036
At,534,262325.9799,2774340.978
At,535,269207.5617,2771608.124
At,536,268000.3821,2772908.86
At,537,269208.8247,2776869.081
At,538,267026.6604,2774248.01
At,539,267569.4954,2772209.37
At,540,268532.4364,2771629.914
At,541,271047.0364,2778174.321
At,542,264368.0419,2776239.841
At,543,268258.6622,2773378.362
At,544,267573.6955,2772817.624
At,545,267572.2584,2773004.501
At,546,262882.0464,2776158.032
At,547,268218.4957,2773099.402
At,548,263828.966,2776768.531
At,549,262855.1055,2776600.918
At,550,266969.5871,2772439.851
At,551,262935.2853,2776075.725
At,552,263395.243,2776046.169
At,553,267754.1165,2773779.249
At,554,265534.1573,2776438.495
At,555,272371.4858,2779849.799
At,556,263836.7037,2776770.722
At,557,269175.0192,2773281.235
At,558,268450.4567,2773924.455
At,559,267521.8558,2771085.477
At,560,267171.8858,2772740.35
At,561,265997.939,2795593.978
At,562,270040.022,2777351.104
At,563,269093.6855,2774526.942
At,564,269040.4625,2772475.238
At,565,262236.6678,2774077.254
At,566,267921.7364,2773175.256
At,567,267709.9371,2772677.278
At,568,265382.2686,2773160.571
At,569,266217.1198,2774777.195
At,570,263252.544,2776962.437
At,571,266638.0716,2773501.111
At,572,267829.5556,2772510.373
At,573,264935.4511,2777528.946
At,574,265430.3777,2775777.409
At,575,264734.3668,2778456.77
At,576,269269.5176,2776815.844
At,577,266370.9092,2772291.347
At,578,268283.7739,2771818.659
At,579,268887.642,2772365.165
At,580,268810.803,2772284.879
At,581,267774.7411,2773407.518
At,582,263491.5466,2774185.217
At,583,268308.5026,2773637.501
At,584,267906.179,2771037.72
At,585,267000.5577,2771276.354
At,586,270176.5069,2778230.207
At,587,265348.588,2773799.291
At,588,267415.618,2773664.536
At,589,267656.6209,2773028.851
At,590,269195.1514,2773287.658
At,591,265718.7894,2775891.663
At,592,268721.8023,2771077.778
At,593,264837.5538,2778458.157
At,594,266257.5669,2774037.117
At,595,262592.1609,2775783.866
At,596,267656.6209,2773028.851
At,597,268317.6091,2771134.726
At,598,265687.4857,2775145.837
At,599,265697.9301,2775977.205
At,600,267527.8223,2773063.385
At,601,267716.6723,2772891.916
At,602,262629.7763,2776616.891
At,603,265696.4705,2778219.498
At,604,272886.7491,2779960.186
At,605,267513.9556,2773424.643
At,606,265564.6158,2775210.305
At,607,269195.1514,2773287.658
At,608,263493.9736,2772504.091
At,609,262646.3842,2776421.075
At,610,266213.7558,2772918.858
At,611,267845.9535,2773790.579
At,612,270032.2345,2776433.895
At,613,267798.3051,2774791.176
At,614,262796.628,2775895.718
At,615,266478.1095,2772074.546
At,616,267988.4026,2772838.466
At,617,267216.4808,2771923.272
At,618,264077.9756,2775407.808
At,619,267995.3825,2773022.451
At,620,264733.7549,2773783.885
At,621,268729.7701,2772638.816
At,622,268154.2981,2772811.338
At,623,269277.3354,2775868.142
At,624,262866.6676,2776734.308
At,625,271051.8772,2778553.644
At,626,267195.9983,2770541.464
At,627,267847.4861,2773790.13
At,628,263177.1254,2776344.62
At,629,265470.1114,2774998.865
At,630,267482.9751,2773052.947
At,631,267246.5192,2775623.247
At,632,262673.162,2776234.384
At,633,263045.9361,2776062.385
At,634,262808.1353,2776025.938
At,635,268719.9182,2773193.405
At,636,268300.8767,2772961.88
At,637,268066.9582,2773155.454
At,638,264498.0992,2774319.351
At,639,265956.386,2774526.752
At,640,265107.8611,2775739.844
At,641,270702.9207,2778448.973
At,642,267894.7588,2773309.725
At,643,270050.1406,2775852.541
At,644,266399.7556,2774829.656
At,645,270034.3796,2776424.136
At,646,267656.6209,2773028.851
At,647,268301.661,2772962.712
At,648,264773.3277,2776968.639
At,649,262665.5196,2772875.705
At,650,266507.2355,2772021.205
At,651,265640.9772,2772259.898
At,652,266512.2208,2772087.49
At,653,267848.6753,2773271.828
At,654,267510.0857,2773107.23
At,655,268696.9484,2772610.837
At,656,266917.7079,2772513.871
At,657,267845.9535,2773790.579
At,658,269837.3854,2777797.557
At,659,262815.4027,2776178.005
At,660,270026.1051,2776435.69
At,661,262974.7716,2775999.575
At,662,267824.3577,2774240.955
At,663,269812.9923,2775761.852
At,664,267579.0845,2773359.911
At,665,267579.0845,2773359.911
At,666,267228.4001,2770589.527
At,667,270703.4749,2779623.96
At,668,269741.7309,2775964.702
At,669,269062.2733,2771852.599
At,670,267991.3244,2771923.182
At,671,263419.7559,2774929.878
At,672,270034.3796,2776424.136
At,673,262549.405,2778189.69
At,674,265013.0551,2774349.782
At,675,267130.4932,2774060.017
At,676,267195.9983,2770541.464
At,677,268154.2945,2772811.127
At,678,268258.6622,2773378.362
At,679,270833.7757,2777396.06
At,680,269043.9663,2772409.231
At,681,268214.2187,2773074.321
At,682,262890.4894,2776731.568
At,683,266752.3598,2773293.913
At,684,267489.4814,2772711.682
At,685,264902.2773,2774669.178
At,686,267463.522,2770464.406
At,687,263032.354,2776122.653
At,688,267731.4996,2773310.39
At,689,267715.9023,2772891.93
At,690,262718.6998,2776284.744
At,691,267527.8223,2773063.385
At,692,269812.9994,2775762.275
At,693,262844.1199,2776367.957
At,694,262859.1143,2776034.986
At,695,262779.4393,2776235.281
At,696,264495.7898,2774363.992
At,697,267680.7663,2773089.948
At,698,268536.3273,2771359.718
At,699,269271.1741,2775822.59
At,700,265997.939,2795593.978
At,701,271047.0364,2778174.321
At,702,267908.2498,2770978.29
At,703,262734.2869,2776030.183
At,704,267482.9751,2773052.947
At,705,267531.5734,2772967.147
At,706,265063.6734,2772415.04
At,707,267429.7733,2773184.904
At,708,267717.8957,2772692.361
At,709,271251.3953,2778744.747
At,710,268191.3492,2771637.393
At,711,263252.544,2776962.437
At,712,264734.3668,2778456.77
At,713,269208.8247,2776869.081
At,714,265577.6279,2772203.916
At,715,268729.7701,2772638.816
At,716,263448.7776,2773273.442
At,717,270340.9089,2777753.333
At,718,268300.8767,2772961.88
At,719,267988.4026,2772838.466
At,720,267576.8754,2772280.899
At,721,265034.5398,2774658.02
At,722,262718.5656,2775879.11
At,723,268564.5348,2773748.984
At,724,268944.3924,2774487.409
At,725,272855.001,2779948.879
At,726,267482.9642,2773052.313
At,727,263836.735,2774773.204
At,728,266365.8928,2774381.49
At,729,264926.692,2778225.583
At,730,267845.9535,2773790.579
At,731,262808.1353,2776025.938
At,732,263004.0478,2776044.724
At,733,268137.0188,2772655.64
At,734,266917.7079,2772513.871
At,735,271047.0364,2778174.321
At,736,268784.5003,2771505.161
At,737,263455.0455,2776119.958
At,738,267572.9291,2772817.848
At,739,265654.9268,2772982.346
At,740,266508.2009,2772077.625
At,741,267402.859,2772238.63
At,742,268548.7936,2772049.416
At,743,269095.1893,2775297.57
At,744,267531.5734,2772967.147
At,745,262421.6421,2774217.979
At,746,267988.4026,2772838.466
At,747,267122.9793,2773304.279
At,748,263004.0405,2776044.301
At,749,268140.646,2772869.063
At,750,268034.1713,2772993.679
At,751,268418.6257,2774000.032
At,752,264384.4841,2774696.719
At,753,267845.9535,2773790.579
At,754,264126.3465,2773485.556
At,755,267576.8754,2772280.899
At,756,268401.5753,2774039.003
At,757,263004.8213,2776044.922
At,758,265443.8271,2777005.691
At,759,268077.8537,2773252.711
At,760,267958.4665,2773161.315
At,761,263392.2152,2776049.18
At,762,268622.3538,2773026.175
At,763,267120.0211,2771370.913
At,764,266217.1162,2774776.984
At,765,268317.6091,2771134.726
At,766,266909.825,2774170.742
At,767,268205.522,2772789.119
At,768,267485.0611,2772316.705
At,769,268287.4054,2773075.614
At,770,270109.8209,2778885.52
At,771,268088.1927,2772864.247
At,772,269091.453,2773985.874
At,773,264828.8908,2777600.117
At,774,266969.5871,2772439.851
At,775,262882.0464,2776158.032
At,776,269195.1514,2773287.658
At,777,270032.2345,2776433.895
At,778,267715.9023,2772891.93
At,779,265341.5752,2773794.55
At,780,267572.9291,2772817.848
At,781,265520.1782,2772804.994
At,782,269718.6411,2775646.348
At,783,265929.1487,2773837.295
At,784,264956.7508,2794172.96
At,785,266191.0902,2773977.804
At,786,270076.757,2776608.368
At,787,267678.7451,2773694.716
At,788,262815.4027,2776178.005
At,789,263318.6685,2772832.44
At,790,268334.42,2774347.053
At,791,269053.7631,2775261.282
At,792,266167.9744,2774740.414
At,793,262866.6676,2776734.308
At,794,270050.1406,2775852.541
At,795,267845.9535,2773790.579
At,796,267510.0857,2773107.23
At,797,267456.3918,2772306.625
At,798,263132.05,2774991.735
At,799,267573.7351,2773136.371
At,800,267793.9825,2772501.889
At,801,263032.354,2776122.653
At,802,267575.0308,2773167.209
At,803,266188.7697,2773977.21
At,804,267489.9165,2770838.294
At,805,268328.825,2773473.766
At,806,267521.5043,2773054.192
At,807,267829.5556,2772510.373
At,808,263377.2289,2776782.29
At,809,262885.9957,2776119.492
At,810,264077.9756,2775407.808
At,811,267510.0857,2773107.23
At,812,267744.3191,2775012.345
At,813,269698.0641,2775658.955
At,814,268600.4192,2774955.721
At,815,265439.2113,2777408.23
At,816,263397.9159,2772916.462
At,817,267656.6209,2773028.851
At,818,266476.667,2772035.256
At,819,268077.457,2773138.789
At,820,268351.7394,2773371.919
At,821,262665.5196,2772875.705
At,822,269628.6972,2777157.467
At,823,262280.6885,2774040.13
At,824,267573.6955,2772817.624
At,825,267427.3086,2772859.645
At,826,267235.4317,2770595.326
At,827,268362.2321,2772855.998
At,828,269197.0167,2773033.772
At,829,267656.6209,2773028.851
At,830,262881.4677,2773778.552
At,831,265537.115,2775133.627
At,832,264596.6593,2772533.638
At,833,269289.1102,2774289.225
At,834,264741.4433,2778465.314
At,835,270026.1051,2776435.69
At,836,262519.0485,2777067.157
At,837,267715.9023,2772891.93
At,838,264619.9534,2773481.89
At,839,267678.7451,2773694.716
At,840,268525.2932,2795729.706
At,841,268215.827,2771808.821
At,842,265071.0256,2774451.512
At,843,268077.7193,2773154.214
At,844,267246.5192,2775623.247
At,845,264837.5538,2778458.157
At,846,267204.4995,2775236.942
At,847,269484.1522,2771156.618
At,848,267894.7588,2773309.725
At,849,265731.0842,2772259.408
At,850,269766.6576,2776710.624
At,851,265424.6775,2776430.234
At,852,265614.7737,2775171.607
At,853,262691.104,2777043.232
At,854,271237.7613,2779673.726
At,855,268310.0797,2773412.999
At,856,267890.9271,2772450.779
At,857,268540.5952,2773699.718
At,858,267740.0551,2773315.317
At,859,267573.1406,2775134.476
At,860,264359.9613,2776128.797
At,861,266914.498,2772506.317
At,862,264815.2809,2777614.515
At,863,268305.3507,2773361.293
At,864,267656.6209,2773028.851
At,865,267854.4718,2770850.691
At,866,267536.4806,2772667.55
At,867,271046.8579,2778529.844
At,868,269657.9374,2775881.571
At,869,262528.2238,2776666.01
At,870,266918.495,2773236.116
At,871,265718.7894,2775891.663
At,872,262737.5793,2776307.667
At,873,266168.4663,2772927.666
At,874,267572.9291,2772817.848
At,875,269774.2551,2777068.978
At,876,269647.7946,2775873.71
At,877,267975.6387,2773672.752
At,878,269299.8346,2774285.873
At,879,267447.1406,2772260.915
At,880,263392.9813,2776048.956
At,881,266685.1826,2772743.38
At,882,262913.4342,2776589.967
At,883,265610.3952,2773617.868
At,884,268077.7193,2773154.214
At,885,268380.6585,2773442.237
At,886,262816.4168,2776501.609
At,887,262895.7038,2776013.634
At,888,267482.9751,2773052.947
At,889,267313.5092,2771425.106
At,890,270058.3085,2775834.648
At,891,269204.7577,2776856.256
At,892,267743.8219,2773310.391
At,893,262706.3503,2776283.057
At,894,267528.5811,2772113.47
At,895,266179.5933,2772363.532
At,896,269489.2159,2772642.028
At,897,270296.8875,2776786.642
At,898,267831.4123,2773524.499
At,899,268381.7236,2774049.063
At,900,266507.2355,2772021.205
At,901,267414.2915,2772864.095
At,902,265023.5345,2775538.378
At,903,269489.2159,2772642.028
At,904,267547.0754,2772882.546
At,905,268219.9637,2773095.149
At,906,269020.9525,2772642.127
At,907,268772.184,2771460.137
At,908,268086.2015,2771478.115
At,909,267754.0302,2773774.177
At,910,269171.1655,2775055.11
At,911,268564.8719,2773768.847
At,912,267617.271,2771532.169
At,913,268882.3596,2772371.596
At,914,262325.2137,2774341.203
At,915,269066.7353,2775163.41
At,916,267715.9023,2772891.93
At,917,268218.4957,2773099.402
At,918,265880.4614,2795381.462
At,919,263874.9216,2774710.397
At,920,263385.022,2773771.496
At,921,265687.4857,2775145.837
At,922,266969.5871,2772439.851
At,923,265593.0465,2775072.423
At,924,267715.9023,2772891.93
At,925,268185.1181,2772902.76
At,926,264967.4503,2773044.058
At,927,263392.2115,2776048.969
At,928,269733.2496,2775872.9
At,929,269517.8783,2770964.338
At,930,263909.7241,2773429.062
At,931,267656.6209,2773028.851
At,932,267678.7451,2773694.716
At,933,268221.5297,2771509.636
At,934,267572.3088,2773730.56
At,935,267451.1244,2772313.901
At,936,267844.983,2772919.113
At,937,262745.5828,2776059.791
At,938,269703.0919,2775637.522
At,939,267647.2842,2773430.192
At,940,269195.1514,2773287.658
At,941,266969.5871,2772439.851
At,942,266915.7126,2774199.811
At,943,267573.6955,2772817.624
At,944,271091.4498,2779029.824
At,945,269326.7612,2777877.008
At,946,263669.5178,2774544.855
At,947,269097.5004,2772341.321
At,948,267845.9535,2773790.579
At,949,270247.7908,2776979.816
At,950,268222.066,2772765.587
At,951,267678.7451,2773694.716
At,952,263828.966,2776768.531
At,953,265205.0167,2777132.404
At,954,269466.9085,2770637.156
At,955,268144.7399,2772883.366
At,956,264935.4511,2777528.946
At,957,269790.4565,2776660.973
At,958,267981.8694,2772635.45
At,959,269756.6676,2775891.739
At,960,269197.147,2775816.235
At,961,268362.2321,2772855.998
At,962,265260.6659,2772180.617
At,963,271695.5493,2777411.809
At,964,264534.8217,2777513.462
At,965,268553.5196,2776093.479
At,966,267215.3648,2771902.999
At,967,268132.613,2773076.131
At,968,271364.4198,2778232.396
At,969,262952.232,2772798.429
At,970,262147.1817,2775392.752
At,971,268095.7929,2772812.966
At,972,268293.4859,2773070.861
At,973,264369.6447,2773615.152
At,974,262794.7013,2776094.659
At,975,267572.2584,2773004.501
At,976,268532.4364,2771629.914
At,977,269330.7452,2774792.847
At,978,262727.279,2777661.098
At,979,265063.6734,2772415.04
At,980,267774.7411,2773407.518
At,981,267130.6952,2774071.85
At,982,267213.2263,2784428.588
At,983,267552.83,2772316.184
At,984,266972.6188,2771895.728
At,985,270063.9107,2777352.391
At,986,267527.8223,2773063.385
At,987,267848.8802,2772514.483
At,988,263491.5466,2774185.217
At,989,268532.4328,2771629.702
At,990,267978.6776,2771768.251
At,991,269592.8948,2771164.717
At,992,268027.9825,2772856.182
At,993,269837.3997,2777798.402
At,994,268077.8537,2773252.711
At,995,268973.819,2775405.734
At,996,270679.6686,2779627.321
At,997,269831.8069,2777831.893
At,998,264502.8374,2773345.038
At,999,264515.4695,2778620.145
At,1000,264983.8426,2775603.32
At,1001,262769.438,2772828.029
At,1002,268381.7495,2776361.457
At,1003,267484.1578,2771540.355
At,1004,267162.4345,2772276.761
At,1005,269084.3634,2771610.419
At,1006,263260.5743,2774366.36
At,1007,262666.7693,2775778.972
At,1008,271051.8772,2778553.644
At,1009,269242.8901,2774288.316
At,1010,262402.0565,2772739.936
At,1011,267571.1063,2772936.881
At,1012,264751.5035,2778468.311
At,1013,269649.7453,2776854.219
At,1014,267451.1388,2772314.747
At,1015,265806.2388,2775558.724
At,1016,264139.0584,2784567.673
At,1017,265003.7299,2775595.579
At,1018,268484.412,2772068.052
At,1019,268064.4142,2772869.936
At,1020,262488.2457,2777905.605
At,1021,270702.9207,2778448.973
At,1022,264773.6925,2776053.373
At,1023,265587.3722,2776443.498
At,1024,265557.7872,2776156.114
At,1025,262227.6826,2775416.501
At,1026,268485.6135,2771957.274
At,1027,269057.3887,2771837.04
At,1028,262222.4841,2776265.916
At,1029,272012.1355,2779857.086
At,1030,267163.4853,2773962.645
At,1031,265569.3017,2776467.272
At,1032,262211.9986,2776282.799
At,1033,269193.618,2772332.086
At,1034,267268.0826,2774225.286
At,1035,267848.6753,2773271.828
At,1036,269645.9338,2776810.952
At,1037,267927.1046,2770999.952
At,1038,265646.5709,2776930.545
At,1039,265646.5709,2776930.545
At,1040,263519.1905,2773292.302
At,1041,267853.333,2773545.474
At,1042,266969.5871,2772439.851
At,1043,268532.4364,2771629.914
At,1044,269442.1502,2771725.273
At,1045,262848.8388,2776329.404
At,1046,264368.0419,2776239.841
At,1047,262796.628,2775895.718
At,1048,266051.0986,2772416.041
At,1049,266529.3125,2772051.053
At,1050,268715.3703,2773197.71
At,1051,267999.2322,2772841.241
At,1052,269207.5617,2771608.124
At,1053,266509.4407,2772015.037
At,1054,266954.1823,2774107.629
At,1055,267247.0094,2774479.503
At,1056,267514.6585,2773104.404
At,1057,268560.7534,2773753.064
At,1058,269343.4952,2771128.768
At,1059,267564.8398,2773021.114
At,1060,269489.2159,2772642.028
At,1061,262884.2752,2776286.089
At,1062,268093.3574,2773213.343
At,1063,268070.5205,2774044.207
At,1064,267489.9165,2770838.294
At,1065,269663.86,2775503.12
At,1066,264986.2176,2775607.084
At,1067,269393.3094,2770794.6
At,1068,263270.5526,2775162.659
At,1069,264078.5875,2774419.821
At,1070,269489.2159,2772642.028
At,1071,265539.7605,2776585.093
At,1072,266116.5904,2772731.978
At,1073,263469.2909,2775077.406
At,1074,268540.5952,2773699.718
At,1075,262646.3842,2776421.075
At,1076,268450.446,2773923.822
At,1077,267811.7219,2773679.769
At,1078,267583.1699,2775135.573
At,1079,268237.3932,2772761.1
At,1080,263836.7037,2776770.722
At,1081,268032.3258,2773156.888
At,1082,269043.9663,2772409.231
At,1083,262245.8907,2775709.79
At,1084,265048.0776,2774728.598
At,1085,262391.4363,2774119.792
At,1086,268216.9312,2772780.682
At,1087,269640.186,2775423.623
At,1088,262801.2734,2776029.863
At,1089,269739.6618,2775796.699
At,1090,268280.1494,2772965.825
At,1091,265258.3198,2775980.968
At,1092,262801.2734,2776029.863
At,1093,268014.2069,2773178.334
At,1094,264838.3594,2775740.265
At,1095,266887.7262,2774184.436
At,1096,262244.104,2775695.659
At,1097,268300.8767,2772961.88
At,1098,265579.2866,2772972.866
At,1099,264492.1117,2774329.39
At,1100,262923.7568,2776342.474
At,1101,268496.0451,2771891.149
At,1102,265934.6019,2773437.071
At,1103,270034.7797,2776675.869
At,1104,268450.4567,2773924.455
At,1105,268540.5952,2773699.718
At,1106,267554.6707,2772559.864
At,1107,268242.1649,2770638.02
At,1108,268291.9389,2773070.464
At,1109,267579.0773,2773359.488
At,1110,266824.896,2774293.099
At,1111,270168.4964,2776569.619
At,1112,262666.1948,2776541.639
At,1113,269377.0832,2771794.645
At,1114,265309.3946,2776487.389
At,1115,268647.9977,2775308.959
At,1116,269730.2118,2775829.832
At,1117,269246.0472,2775839.291
At,1118,262825.6241,2778135.412
At,1119,267786.6344,2774286.831
At,1120,268058.2857,2772645.353
At,1121,262842.4178,2776579.789
At,1122,265382.2686,2773160.571
At,1123,263177.1254,2776344.62
At,1124,268077.7193,2773154.214
At,1125,262967.996,2777114.718
At,1126,269450.3685,2770798.075
At,1127,268551.2606,2776096.477
At,1128,262813.9599,2776316.272
At,1129,262801.2734,2776029.863
At,1130,264082.9762,2778807.729
At,1131,267447.1406,2772260.915
At,1132,268936.6467,2773939.459
At,1133,267963.043,2773701.924
At,1134,265640.9772,2772259.898
At,1135,268095.7929,2772812.966
At,1136,265463.3244,2776304.646
At,1137,264955.5891,2794150.363
At,1138,266969.5871,2772439.851
At,1139,267754.1165,2773779.249
At,1140,267452.1373,2772192.557
At,1141,262993.298,2776002.212
At,1142,270097.3541,2776597.029
At,1143,262691.104,2777043.232
At,1144,267845.9535,2773790.579
At,1145,269607.904,2775836.972
At,1146,264186.2341,2779079.885
At,1147,271076.5869,2779381.79
At,1148,264879.5611,2778572.42
At,1149,267569.0021,2772135.187
At,1150,265762.6434,2772078.776
At,1151,263724.6056,2774079.715
At,1152,269569.5456,2775799.786
At,1153,268397.8623,2774047.098
At,1154,268612.6816,2772501.297
At,1155,264944.3801,2774609.901
At,1156,268194.8741,2773159.621
At,1157,269289.1102,2774289.225
At,1158,265223.3344,2772517.768
At,1159,268516.487,2773776.644
At,1160,265031.3474,2774651.522
At,1161,269193.2762,2771583.213
At,1162,267591.1636,2775152.77
At,1163,265206.7492,2777143.577
At,1164,267680.7663,2773089.948
At,1165,267680.7663,2773089.948
At,1166,262855.1055,2776600.918
At,1167,262606.4114,2776469.121
At,1168,269207.5617,2771608.124
At,1169,263045.9361,2776062.385
At,1170,267527.8223,2773063.385
At,1171,266711.4717,2774235.221
At,1172,265258.091,2773194.837
At,1173,269678.902,2775573.041
At,1174,269043.9663,2772409.231
At,1175,262325.9799,2774340.978
At,1176,265629.9709,2776637.019
At,1177,269113.1238,2775356.238
At,1178,267716.6723,2772891.916
At,1179,266478.1095,2772074.546
At,1180,270888.4015,2779314.783
At,1181,262974.0055,2775999.8
At,1182,263691.8016,2774230.996
At,1183,269212.719,2773188.017
At,1184,264763.6965,2778594.715
At,1185,268158.0965,2772626.959
At,1186,267845.9535,2773790.579
At,1187,266306.4821,2774554.566
At,1188,267715.9023,2772891.93
At,1189,266370.9092,2772291.347
At,1190,268498.9993,2773699.156
At,1191,268301.661,2772962.712
At,1192,267250.0701,2772673.279
At,1193,263428.3368,2772583.227
At,1194,267811.7219,2773679.769
At,1195,264069.1527,2775387.457
At,1196,267155.2686,2775375.175
At,1197,267995.3825,2773022.451
At,1198,270617.3136,2779490.137
At,1199,262594.9936,2776785.967
At,1200,267579.0845,2773359.911
At,1201,270533.4153,2778805.872
At,1202,266536.4992,2771930.871
At,1203,269320.0268,2772474.524
At,1204,267575.0452,2773168.054
At,1205,268151.6371,2772881.347
At,1206,265862.91,2775585.44
At,1207,267120.5946,2771178.766
At,1208,266007.9706,2772191.668
At,1209,271292.8406,2778416.643
At,1210,269193.2762,2771583.213
At,1211,261940.1877,2775137.002
At,1212,262490.9835,2774263.909
At,1213,268343.3015,2770833.088
At,1214,262808.1316,2776025.727
At,1215,267964.3168,2774048.339
At,1216,268293.7897,2773496.767
At,1217,265386.8841,2773115.469
At,1218,267577.5801,2771055.781
At,1219,264541.2271,2774364.052
At,1220,268827.6339,2773732.474
At,1221,267527.8223,2773063.385
At,1222,267447.1406,2772260.915
At,1223,267265.7604,2775622.707
At,1224,268532.4364,2771629.914
At,1225,267715.9023,2772891.93
At,1226,267444.074,2774339.594
At,1227,267415.618,2773664.536
At,1228,265712.1155,2776175.231
At,1229,267751.319,2771578.926
At,1230,262859.2237,2776572.098
At,1231,265968.4021,2774015.444
At,1232,263637.908,2772187.279
At,1233,268097.9375,2772803.207
At,1234,264211.8152,2774642.421
At,1235,266914.498,2772506.317
At,1236,269326.2358,2775845.754
At,1237,267934.1266,2773224.506
At,1238,266391.9718,2774869.738
At,1239,262789.6031,2776332.549
At,1240,267597.6359,2772233.621
At,1241,262974.7716,2775999.575
At,1242,270146.7021,2776601.269
At,1243,267815.0797,2774238.788
At,1244,265956.386,2774526.752
At,1245,266392.9106,2774385.255
At,1246,268424.8365,2774139.009
At,1247,268498.9993,2773699.156
At,1248,263597.7963,2784816.792
At,1249,270312.1476,2776276.142
At,1250,269415.6182,2770701.644
At,1251,265514.48,2772966.37
At,1252,267845.9535,2773790.579
At,1253,270176.5069,2778230.207
At,1254,268887.642,2772365.165
At,1255,268000.3821,2772908.86
At,1256,263296.27,2773893.945
At,1257,269148.0564,2771596.448
At,1258,267098.7834,2773916.826
At,1259,262696.6387,2776211.78
At,1260,269289.1102,2774289.225
At,1261,265696.4705,2778219.498
At,1262,269043.9663,2772409.231
At,1263,269187.7478,2773214.227
At,1264,262707.2926,2777618.748
At,1265,267847.4861,2773790.13
At,1266,263357.4035,2775064.34
At,1267,265470.1114,2774998.865
At,1268,267889.3851,2772360.127
At,1269,267444.1009,2772308.525
At,1270,258789.7099,2799232.33
At,1271,269645.4813,2770903.213
At,1272,265548.3006,2772021.158
At,1273,265430.3777,2775777.409
At,1274,267988.4026,2772838.466
At,1275,262971.1058,2776142.954
At,1276,267824.3577,2774240.955
At,1277,263651.7616,2772275.606
At,1278,269830.6728,2777810.353
At,1279,267572.9291,2772817.848
At,1280,269450.3685,2770798.075
At,1281,263004.0552,2776045.147
At,1282,265572.8723,2774212.686
At,1283,267401.4312,2773374.565
At,1284,262935.2853,2776075.725
At,1285,262883.0363,2773957.351
At,1286,267715.9023,2772891.93
At,1287,269525.2558,2775594.027
At,1288,269015.0088,2771744.966
At,1289,262715.0551,2776163.899
At,1290,263784.6442,2774166.819
At,1291,267515.4795,2771072.903
At,1292,263030.5587,2776063.71
At,1293,267178.7431,2774044.397
At,1294,268327.5897,2772902.242
At,1295,266217.1198,2774777.195
At,1296,269142.2063,2773845.089
At,1297,262629.7763,2776616.891
At,1298,268386.1376,2772903.151
At,1299,269183.313,2773270.737
At,1300,262544.8263,2773950.553
At,1301,269124.3904,2774475.693
At,1302,268471.1349,2772874.23
At,1303,267544.9276,2772892.094
At,1304,264828.2154,2776936.83
At,1305,266191.0902,2773977.804
At,1306,266969.5871,2772439.851
At,1307,269820.7829,2775767.216
At,1308,268527.6145,2773706.28
At,1309,266533.3107,2772014.629
At,1310,267485.0611,2772316.705
At,1311,264669.6675,2776539.432
At,1312,270136.3105,2776578.617
At,1313,270036.9725,2775847.902
At,1314,269489.2159,2772642.028
At,1315,267978.0101,2773631.071
At,1316,269108.7416,2775233.929
At,1317,266167.9816,2774740.836
At,1318,269695.0879,2777805.248
At,1319,265757.4769,2778364.508
At,1320,267379.6084,2771009.904
At,1321,267668.8951,2773342.528
At,1322,262796.1149,2776131.626
At,1323,267297.2557,2774490.694
At,1324,264733.7549,2773783.885
At,1325,269521.6888,2775747.33
At,1326,268060.6612,2773192.762
At,1327,269643.4276,2775752.036
At,1328,269631.0599,2777160.597
At,1329,268498.9993,2773699.156
At,1330,265812.0647,2773207.931
At,1331,268198.7505,2772798.534
At,1332,268325.1399,2772894.041
At,1333,268536.3273,2771359.718
At,1334,271283.8712,2778753.29
At,1335,267579.0845,2773359.911
At,1336,268293.7825,2773496.344
At,1337,263493.9736,2772504.091
At,1338,262867.4006,2776378.333
At,1339,268098.6798,2773164.004
At,1340,265470.1187,2774999.288
At,1341,269755.1001,2775798.974
At,1342,267740.0551,2773315.317
At,1343,265602.6582,2775049.218
At,1344,267437.3643,2770466.331
At,1345,267995.3825,2773022.451
At,1346,268450.4567,2773924.455
At,1347,267540.3829,2772128.065
At,1348,267461.7555,2771581.742
At,1349,268498.7495,2773729.809
At,1350,266009.2262,2772399.638
At,1351,262542.3331,2776547.814
At,1352,269524.8179,2775750.237
At,1353,268210.0268,2772782.279
At,1354,265535.2653,2776458.134
At,1355,271001.0471,2778003.252
At,1356,268756.7586,2773503.916
At,1357,268226.1652,2772734.869
At,1358,268267.6303,2773407.59
At,1359,266043.8553,2795226.017
At,1360,266230.0924,2776879.721
At,1361,269547.4506,2777497.455
At,1362,267845.9535,2773790.579
At,1363,262737.5793,2776307.667
At,1364,262974.7643,2775999.153
At,1365,267393.4388,2773176.857
At,1366,265908.3908,2773480.43
At,1367,266134.5118,2774854.707
At,1368,269593.0988,2775963.199
At,1369,261596.686,2775618.613
At,1370,267510.0343,2772245.47
At,1371,269126.0716,2772345.699
At,1372,268428.0114,2774008.539
At,1373,265890.7717,2772678.146
At,1374,266977.0453,2771252.659
At,1375,267572.9291,2772817.848
At,1376,264573.6972,2772631.267
At,1377,264560.6965,2773216.791
At,1378,262921.1128,2776323.285
At,1379,262673.162,2776234.384
At,1380,267987.6548,2773202.036
At,1381,265564.6158,2775210.305
At,1382,265020.5944,2774429.764
At,1383,267861.869,2774273.079
At,1384,268077.7193,2773154.214
At,1385,268319.5818,2776237.383
At,1386,271664.988,2777288.038
At,1387,267774.7411,2773407.518
At,1388,268236.1052,2773047.951
At,1389,263535.4642,2775029.966
At,1390,268431.9039,2774011.01
At,1391,265879.8137,2776569.098
At,1392,267995.3825,2773022.451
At,1393,268283.7739,2771818.659
At,1394,268334.4751,2772763.467
At,1395,267464.0629,2772033.614
At,1396,268299.0818,2773309.614
At,1397,267000.5577,2771276.354
At,1398,264529.7781,2778690.709
At,1399,268504.673,2771627.848
At,1400,265643.0689,2772291.991
At,1401,264813.0968,2778468.514
At,1402,262280.6922,2774040.341
At,1403,269089.1616,2774759.948
At,1404,268308.5026,2773637.501
At,1405,268602.0136,2773052.941
At,1406,266051.0986,2772416.041
At,1407,268532.4364,2771629.914
At,1408,267906.179,2771037.72
At,1409,266137.1458,2773257.1
At,1410,267572.1556,2772817.65
At,1411,270085.6062,2775764.013
At,1412,267518.4241,2771607.621
At,1413,263032.3466,2776122.23
At,1414,265476.641,2775020.313
At,1415,269164.713,2772353.5
At,1416,268947.8599,2775327.968
At,1417,266027.3583,2772738.37
At,1418,267572.9291,2772817.848
At,1419,265001.4351,2775596.464
At,1420,268154.2981,2772811.338
At,1421,267514.6585,2773104.404
At,1422,267824.3577,2774240.955
At,1423,263050.7055,2776070.969
At,1424,267798.3051,2774791.176
At,1425,270516.7655,2778685.884
At,1426,268493.0896,2770672.232
At,1427,268290.4169,2773071.547
At,1428,267427.9602,2772310.491
At,1429,262901.4244,2776563.543
At,1430,267026.6604,2774248.01
At,1431,268810.803,2772284.879
At,1432,268112.3997,2772974.382
At,1433,267500.1506,2773021.371
At,1434,265535.6499,2776569.945
At,1435,267300.8738,2775649.797
At,1436,265640.9772,2772259.898
At,1437,263927.0787,2776787.334
At,1438,267559.2088,2772238.503
At,1439,267485.0611,2772316.705
At,1440,265023.5345,2775538.378
At,1441,268853.6345,2772358.132
At,1442,269812.9923,2775761.852
At,1443,268210.735,2773322.529
At,1444,264258.0714,2774734.416
At,1445,268154.2981,2772811.338
At,1446,263687.1144,2784554.605
At,1447,267663.2679,2772333.75
At,1448,262796.2683,2776007.755
At,1449,266184.8632,2774872.021
At,1450,262894.3948,2772617.015
At,1451,263834.6165,2772382.567
At,1452,264353.5604,2785309.906
At,1453,267863.4466,2788069.796
At,1454,269837.3854,2777797.557
At,1455,262665.4976,2772874.437
At,1456,264708.9354,2773327.319
At,1457,268393.6613,2770941.089
At,1458,262846.1231,2776217.632
At,1459,268997.0025,2775410.626
At,1460,266917.7079,2772513.871
At,1461,268771.8936,2771488.465
At,1462,265824.3591,2773161.43
At,1463,269013.1528,2771498.753
At,1464,264064.2063,2772430.806
At,1465,265871.3847,2775989.02
At,1466,268033.0791,2771524.885
At,1467,262974.7716,2775999.575
At,1468,269213.1456,2772257.142
At,1469,262885.015,2776018.893
At,1470,267513.9556,2773424.643
At,1471,268247.885,2773333.312
At,1472,267378.1179,2773949.259
At,1473,269742.9872,2775811.227
At,1474,268418.6757,2774184.346
At,1475,268147.6186,2772871.481
At,1476,267572.9291,2772817.848
At,1477,267715.9023,2772891.93
At,1478,267569.4954,2772209.37
At,1479,267122.1413,2770772.696
At,1480,267811.7219,2773679.769
At,1481,268232.1238,2772722.931
At,1482,267251.6495,2775112.061
At,1483,264729.4244,2774648.698
At,1484,267811.7219,2773679.769
At,1485,265697.9301,2775977.205
At,1486,268123.9078,2773288.917
At,1487,262923.7568,2776342.474
At,1488,270125.2,2775828.869
At,1489,265567.2328,2775138.604
At,1490,266803.5096,2772546.683
At,1491,266638.0716,2773501.111
At,1492,265335.8446,2776860.645
At,1493,263385.022,2773771.496
At,1494,268261.2401,2772850.104
At,1495,267877.5349,2773519.486
At,1496,272560.9097,2791514.54
At,1497,268721.8023,2771077.778
At,1498,265023.5345,2775538.378
At,1499,265297.2015,2776852.222
At,1500,270893.5252,2779299.056
At,1501,270877.6646,2779088.589
At,1502,267975.5976,2771768.304
At,1503,265608.111,2773753.821
At,1504,271284.4858,2777598.581
At,1505,269193.9482,2775081.78
At,1506,267572.9291,2772817.848
At,1507,272371.8781,2780333.187
At,1508,271133.0643,2778391.639
At,1509,265348.588,2773799.291
At,1510,269089.8464,2771615.822
At,1511,262828.42,2776306.508
At,1512,265371.6756,2776124.653
At,1513,267916.8677,2770986.81
At,1514,262937.7094,2773469.596
At,1515,262824.6025,2776042.985
At,1516,267656.6209,2773028.851
At,1517,267000.5577,2771276.354
At,1518,269596.9568,2776874.135
At,1519,267656.6209,2773028.851
At,1520,270977.8945,2779235.071
At,1521,269771.9921,2776707.364
At,1522,268106.6655,2772818.277
At,1523,265510.0354,2774141.265
At,1524,268696.9484,2772610.837
At,1525,267579.0845,2773359.911
At,1526,265107.8611,2775739.844
At,1527,272224.8433,2780010.356
At,1528,269666.864,2775589.731
At,1529,269010.4203,2774930.166
At,1530,263512.6821,2774160.542
At,1531,264828.8908,2777600.117
At,1532,266917.7079,2772513.871
At,1533,269195.1514,2773287.658
At,1534,268592.7688,2773688.265
At,1535,262338.1627,2773979.519
At,1536,267656.6209,2773028.851
At,1537,269195.1514,2773287.658
At,1538,267194.824,2775256.554
At,1539,268516.487,2773776.644
At,1540,265920.3949,2772878.443
At,1541,263407.3965,2776967.567
At,1542,265747.1435,2772162.957
At,1543,262342.0012,2773978.818
At,1544,267812.4617,2772501.575
At,1545,268205.522,2772789.119
At,1546,269195.1514,2773287.658
At,1547,268315.5624,2773237.046
At,1548,267752.1976,2773395.22
At,1549,267567.6604,2773005.847
At,1550,265105.8879,2772406.492
Av,1,270394.5572,2777830.212
Av,2,268710.5817,2771006.525
Av,3,265211.7467,2773231.779
Av,4,263955.353,2774952.511
Av,5,266713.5251,2772959.552
Av,6,269629.5563,2770918.066
Av,7,264032.1333,2775339.692
Av,8,262852.9579,2775415.752
Av,9,264946.6777,2773626.332
Av,10,269167.8179,2771717.44
Av,11,268517.6272,2771937.496
Av,12,268087.3715,2774265.226
Av,13,268135.6271,2771304.375
Av,14,266911.4526,2772012.393
Av,15,266265.9122,2772726.46
Av,16,271531.1527,2777249.7
Av,17,263614.993,2773487.433
Av,18,266904.0018,2771891.826
Av,19,264114.7969,2772862.195
Av,20,269328.8074,2772401.665
Av,21,266345.1965,2772723.834
Av,22,264226.0108,2779154.023
Av,23,270598.242,2779454.737
Av,24,269461.9563,2770617.582
Av,25,265034.2587,2773524.419
Av,26,267619.3176,2772149.971
Av,27,267412.5554,2772220.076
Av,28,269569.5241,2770829.671
Av,29,265834.6342,2776493.991
Av,30,261896.4874,2775941.434
Av,31,269590.0826,2771636.96
Av,32,268133.1571,2771340.35
Av,33,269343.4952,2771128.768
Av,34,265523.451,2774742.184
Av,35,263266.3457,2777003.416
Av,36,270383.1271,2778886.825
Av,37,265211.7467,2773231.779
Av,38,265216.5023,2778825.117
Av,39,263600.0864,2772182.65
Av,40,271067.1598,2777585.535
Av,41,269466.9085,2770637.156
Av,42,265840.9011,2776500.225
Av,43,268141.4193,2771327.95
Av,44,268531.7272,2771951.419
Av,45,263681.1824,2773440.418
Av,46,269350.3164,2772398.342
Av,47,269494.8412,2772655.883
Av,48,263688.174,2773443.89
Av,49,264095.6904,2772870.769
Av,50,268516.9068,2771895.023
Av,51,269479.2219,2772551.942
Av,52,268083.4309,2771768.373
Av,53,266702.3516,2774062.263
Av,54,271732.8867,2779179.054
Av,55,263872.3519,2776606.286
Av,56,265019.9486,2773498.455
Av,57,264592.5499,2774660.361
Av,58,271531.1527,2777249.7
Av,59,268710.5817,2771006.525
Av,60,266911.4526,2772012.393
Av,61,268516.9068,2771895.023
Av,62,265019.9486,2773498.455
Av,63,266265.9122,2772726.46
Av,64,262974.8883,2773791.935
Av,65,268083.4309,2771768.373
Av,66,262852.9579,2775415.752
Av,67,265216.5023,2778825.117
Av,68,266713.5251,2772959.552
Av,69,271067.1598,2777585.535
Av,70,266904.0018,2771891.826
Av,71,271732.8867,2779179.054
Av,72,268133.1571,2771340.35
Av,73,265034.2587,2773524.419
Av,74,269494.8412,2772655.883
Av,75,269590.0826,2771636.96
Av,76,269569.5241,2770829.671
Av,77,266702.3516,2774062.263
Av,78,270394.5572,2777830.212
Av,79,263614.993,2773487.433
Av,80,269350.3164,2772398.342
Av,81,264032.1333,2775339.692
Av,82,269296.198,2771702.798
Av,83,263681.1824,2773440.418
Av,84,268131.5016,2771696.325
Av,85,263325.667,2775631.384
Av,86,270383.1271,2778886.825
Av,87,263688.174,2773443.89
Av,88,263872.3519,2776606.286
Av,89,270598.242,2779454.737
Av,90,264966.2695,2772394.312
Av,91,268087.3715,2774265.226
Av,92,269607.1428,2771506.892
Av,93,263600.0864,2772182.65
Av,94,266904.0018,2771891.826
Av,95,265211.7467,2773231.779
Av,96,267619.3176,2772149.971
Av,97,267942.4896,2771678.4
Av,98,269479.2219,2772551.942
Av,99,267976.138,2771618.856
Av,100,269461.9563,2770617.582
Av,101,269328.8074,2772401.665
Av,102,269343.4952,2771128.768
Av,103,268141.4193,2771327.95
Av,104,267412.5554,2772220.076
Av,105,265840.9011,2776500.225
Av,106,265451.9457,2774748.699
Av,107,264592.5499,2774660.361
Av,108,264946.6777,2773626.332
Av,109,266345.1965,2772723.834
Av,110,265523.451,2774742.184
Av,111,268517.6272,2771937.496
Av,112,269629.5563,2770918.066
Av,113,268135.6271,2771304.375
Av,114,268531.7272,2771951.419
Av,115,269296.993,2771704.264
Av,116,263955.353,2774952.511
Av,117,269466.9085,2770637.156
Av,118,264095.6904,2772870.769
Av,119,265211.7467,2773231.779
Av,120,264226.0108,2779154.023
Av,121,263266.3457,2777003.416
Av,122,269167.8179,2771717.44
Av,123,268531.7272,2771951.419
Bc,1,269084.3591,2771519.108
Bc,2,263024.9754,2776052.604
Bc,3,268546.2084,2771306.496
Bc,4,267687.0544,2772328.483
Bc,5,269584.5849,2775960.595
Bc,6,269262.4337,2772985.531
Bc,7,267863.4466,2788069.796
Bc,8,270441.1006,2776572.209
Bc,9,271209.7768,2778192.298
Bc,10,263507.2953,2774471.572
Bc,11,265044.7867,2773777.888
Bc,12,269285.3363,2771607.021
Bc,13,268460.6632,2771303.72
Bc,14,269095.1893,2775297.57
Bc,15,268540.5952,2773699.718
Bc,16,269450.3685,2770798.075
Bc,17,268784.7744,2772248.753
Bc,18,262801.2734,2776029.863
Bc,19,268553.5196,2776093.479
Bc,20,267981.8694,2772635.45
Bc,21,265274.2146,2776411.9
Bc,22,265733.1675,2772156.433
Bc,23,265940.9081,2772862.027
Bc,24,268931.8663,2773930.028
Bc,25,270516.7655,2778685.884
Bc,26,265862.91,2775585.44
Bc,27,265355.3067,2776023.686
Bc,28,268016.2348,2771666.79
Bc,29,268307.991,2772292.35
Bc,30,265443.8271,2777005.691
Bc,31,267752.1976,2773395.22
Bc,32,262488.2457,2777905.605
Bc,33,269228.3509,2771379.918
Bc,34,268911.8973,2770704.241
Bc,35,267971.1859,2771780.638
Bc,36,267598.0313,2771487.898
Bc,37,269624.5938,2770943.514
Bc,38,269830.6728,2777810.353
Bc,39,264001.0217,2774788.114
Bc,40,262692.8042,2775682.13
Bc,41,268713.1537,2773203.243
Bc,42,267526.7057,2772726.689
Bc,43,264437.8497,2778628.041
Bc,44,267984.3341,2773685.92
Bc,45,263070.3471,2775650.618
Bc,46,269755.1001,2775798.974
Bc,47,268547.7815,2774077.737
Bc,48,262814.7296,2776316.258
Bc,49,269831.8069,2777831.893
Bc,50,265105.8879,2772406.492
Bc,51,265532.2372,2776461.146
Bc,52,268516.487,2773776.644
Bc,53,263535.9261,2775056.591
Bc,54,264708.0196,2773318.88
Bc,55,269098.8652,2774741.817
Bc,56,269062.2733,2771852.599
Bc,57,264069.1527,2775387.457
Bc,58,264923.0452,2772120.692
Bc,59,268919.5407,2770700.73
Bc,60,268695.0521,2771726.5
Bc,61,262490.9835,2774263.909
Bc,62,266873.8113,2773415.49
Bc,63,268328.825,2773473.766
Bc,64,264691.795,2773181.977
Bc,65,267635.6472,2771525.727
Bc,66,265552.7373,2774385.303
Bc,67,268592.7688,2773688.265
Bc,68,269225.4933,2776716.823
Bc,69,268136.5341,2772853.703
Bc,70,268038.8748,2773904.184
Bc,71,265305.9254,2773199.721
Bc,72,268110.0514,2774647.844
Bc,73,270139.4822,2776584.059
Bc,74,267567.918,2772885.361
Bc,75,270787.5232,2779129.844
Bc,76,267282.9227,2774553.293
Bc,77,267568.4195,2773005.2
Bc,78,268832.2783,2773733.874
Bc,79,267715.9023,2772891.93
Bc,80,268695.4947,2773705.968
Bc,81,269569.3229,2771502.246
Bc,82,267434.0305,2773073.227
Bc,83,268671.1485,2770952.238
Bc,84,262890.4894,2776731.568
Bc,85,268138.5516,2772881.78
Bc,86,265850.4289,2772661.083
Bc,87,265072.1759,2772416.796
Bc,88,270599.1256,2779415.83
Bc,89,262574.7626,2776552.956
Bc,90,265198.7898,2777128.495
Bc,91,272017.4727,2779854.037
Bc,92,269130.4034,2774739.803
Bc,93,264865.2955,2777479.004
Bc,94,262777.8298,2776231.292
Bc,95,267688.1447,2772302.043
Bc,96,270315.2412,2776185.624
Bc,97,267665.2325,2772494.358
Bc,98,268476.6787,2772883.224
Bc,99,269183.313,2773270.737
Bc,100,269193.618,2772332.086
Bc,101,262745.5828,2776059.791
Bc,102,268471.1349,2772874.23
Bc,103,268498.9993,2773699.156
Bc,104,267879.125,2773522.418
Bc,105,267463.522,2770464.406
Bc,106,267547.0718,2772882.334
Bc,107,264078.5875,2774419.821
Bc,108,268516.487,2773776.644
Bc,109,269519.7136,2770890.54
Bc,110,267427.3086,2772859.645
Bc,111,269182.0976,2771514.284
Bc,112,267239.5188,2775168.282
Bc,113,267464.3884,2775440.073
Bc,114,268214.2187,2773074.321
Bc,115,268205.522,2772789.119
Bc,116,269517.8783,2770964.338
Bc,117,268764.6821,2773335.321
Bc,118,263687.1144,2784554.605
Bc,119,267375.6191,2771905.762
Bc,120,269075.4835,2770903.33
Bc,121,267615.223,2772135.668
Bc,122,265952.6039,2772286.679
Bc,123,268784.7045,2773516.97
Bc,124,266901.6526,2773332.156
Bc,125,268027.9825,2772856.182
Bc,126,267401.6583,2772484.476
Bc,127,267977.1807,2771770.813
Bc,128,263805.1306,2772814.92
Bc,129,267967.3301,2771599.137
Bc,130,271076.5869,2779381.79
Bc,131,268106.6655,2772818.277
Bc,132,268200.3406,2772801.467
Bc,133,263428.3368,2772583.227
Bc,134,263132.05,2774991.735
Bc,135,269699.643,2775661.254
Bc,136,268312.7304,2773433.034
Bc,137,267393.4388,2773176.857
Bc,138,265453.2757,2774423.159
Bc,139,268088.07,2771180.052
Bc,140,267731.4996,2773310.39
Bc,141,263343.2278,2774025.875
Bc,142,268132.613,2773076.131
Bc,143,269481.7371,2771287.284
Bc,144,268525.2932,2795729.706
Bc,145,269450.3685,2770798.075
Bc,146,265163.0423,2773400.027
Bc,147,265777.6759,2774703.148
Bc,148,269079.1013,2771527.018
Bc,149,267396.6468,2772506.755
Bc,150,268282.3659,2772960.292
Bc,151,269277.3052,2775684.462
Bc,152,264937.6216,2777520.876
Bc,153,270663.9501,2777643.683
Bc,154,269370.6018,2771365.465
Bc,155,269294.6852,2774300.122
Bc,156,269043.5722,2773204.831
Bc,157,269039.0685,2770708.642
Bc,158,262801.2771,2776030.074
Bc,159,262842.4178,2776579.789
Bc,160,267311.1248,2772956.532
Bc,161,268504.1542,2770825.076
Bc,162,262801.2734,2776029.863
Bc,163,267430.6763,2774321.645
Bc,164,269607.904,2775836.972
Bc,165,270803.052,2779229.137
Bc,166,267702.3106,2771641.057
Bc,167,265719.3064,2779367.086
Bc,168,268493.6354,2772883.994
Bc,169,268859.0784,2770860.28
Bc,170,269042.7712,2775339.675
Bc,171,269210.4357,2773007.547
Bc,172,268043.7184,2773826.74
Bc,173,263354.8842,2775007.946
Bc,174,265801.4094,2772183.375
Bc,175,267703.2888,2773146.212
Bc,176,268200.1429,2773333.7
Bc,177,263502.1821,2773288.581
Bc,178,269530.8513,2771276.521
Bc,179,268083.7922,2772877.216
Bc,180,267524.9107,2772756.946
Bc,181,267837.8665,2773541.721
Bc,182,267313.0111,2771892.879
Bc,183,267120.0211,2771370.913
Bc,184,262245.8907,2775709.79
Bc,185,265912.9645,2773926.35
Bc,186,269603.8286,2771629.964
Bc,187,264645.6838,2777513.025
Bc,188,272771.1265,2780088.725
Bc,189,264378.2786,2774025.706
Bc,190,265510.0354,2774141.265
Bc,191,268742.2773,2773512.828
Bc,192,268243.3447,2772839.417
Bc,193,268861.3089,2771492.446
Bc,194,267863.2085,2771138.006
Bc,195,264693.4122,2773141.787
Bc,196,264345.9227,2779010.112
Bc,197,269703.0919,2775637.522
Bc,198,267998.7589,2771771.503
Bc,199,264376.9329,2776130.617
Bc,200,267234.5555,2774110.872
Bc,201,269493.0525,2772686.773
Bc,202,267564.8398,2773021.114
Bc,203,268156.3965,2772572.243
Bc,204,264004.699,2774778.116
Bc,205,270097.5977,2776428.987
Bc,206,268671.9006,2770951.168
Bc,207,268609.0935,2770790.324
Bc,208,270734.3154,2777433.244
Bc,209,268958.4616,2773817.975
Bc,210,268415.0019,2771290.966
Bc,211,265040.4546,2773705.25
Bc,212,267572.9291,2772817.848
Bc,213,265052.4856,2773509.521
Bc,214,267967.3373,2771599.559
Bc,215,270017.4394,2775831.111
Bc,216,269860.8538,2777272.965
Bc,217,264796.2268,2778472.399
Bc,218,269607.1428,2771506.892
Bc,219,269326.2358,2775845.754
Bc,220,263318.6685,2772832.44
Bc,221,267598.4095,2772233.819
Bc,222,268384.2358,2772655.035
Bc,223,268161.9366,2772807.615
Bc,224,268386.1376,2772903.151
Bc,225,262717.8068,2775879.757
Bc,226,269597.5085,2776223.954
Bc,227,268149.8673,2772867.849
Bc,228,267573.0019,2773861.599
Bc,229,267931.2267,2784160.746
Bc,230,268866.5026,2771253.3
Bc,231,267945.602,2771680.25
Bc,232,268031.6605,2772664.829
Bc,233,271288.5905,2778530.218
Bc,234,268832.3321,2773737.044
Bc,235,265373.8567,2776966.523
Bc,236,269479.7003,2776815.244
Bc,237,269498.152,2772487.155
Bc,238,269339.2736,2771380.368
Bc,239,266984.9609,2772979.221
Bc,240,269833.1623,2775588.401
Bc,241,265580.6437,2774216.78
Bc,242,266393.6615,2772540.589
Bc,243,269214.6782,2771345.696
Bc,244,267572.9291,2772817.848
Bc,245,266406.921,2772550.296
Bc,246,268671.1485,2770952.238
Bc,247,263365.0286,2775326.105
Bc,248,269088.8924,2770921.915
Bc,249,269450.3685,2770798.075
Bc,250,268383.2093,2772821.4
Bc,251,263902.7164,2785004.687
Bc,252,262798.9614,2773684.232
Bc,253,267236.1205,2774112.325
Bc,254,266227.7641,2772702.594
Bc,255,269698.0641,2775658.955
Bc,256,268200.1429,2773333.7
Bc,257,266690.1987,2772406.155
Bc,258,268064.4142,2772869.936
Bc,259,267562.6426,2771580.869
Bc,260,269458.9004,2771303.311
Bc,261,269450.3685,2770798.075
Bc,262,266179.2206,2774632.843
Bc,263,268766.6471,2773678.34
Bc,264,265312.6781,2774218.642
Bc,265,268739.6893,2774949.341
Bc,266,266873.7607,2773412.531
Bc,267,267524.9107,2772756.946
Bc,268,268007.5621,2771473.745
Bc,269,268388.4278,2771132.045
Bc,270,265740.9584,2773910.703
Bc,271,268089.862,2770922.784
Bc,272,268099.1124,2771467.327
Bc,273,268773.1636,2771654.368
Bc,274,267887.9416,2772909.082
Bc,275,267709.75,2772892.457
Bc,276,268516.487,2773776.644
Bc,277,263949.579,2776263.995
Bc,278,268685.1516,2772551.008
Bc,279,269121.5713,2771396.73
Bc,280,267526.2346,2772744.241
Bc,281,265265.4178,2773262.562
Bc,282,268977.0539,2771868.837
Bc,283,267674.3169,2773344.338
Bc,284,263192.0154,2773788.798
Bc,285,267812.4617,2772501.575
Bc,286,271387.1613,2778807.144
Bc,287,264186.1789,2773516.228
Bc,288,267978.6812,2771768.463
Bc,289,267064.7128,2771966.445
Bc,290,263803.9987,2776483.181
Bc,291,266891.6664,2771665.658
Bc,292,269761.8367,2775833.102
Bc,293,267812.4617,2772501.575
Bc,294,269223.4342,2775367.897
Bc,295,268157.3959,2772812.342
Bc,296,269127.4222,2775018.439
Bc,297,269249.0294,2772466.213
Bc,298,269392.2496,2776834.268
Bc,299,268088.07,2771180.052
Bc,300,268246.8973,2773184.524
Bc,301,269556.8334,2775639.995
Bc,302,265802.5985,2774136.66
Bc,303,269598.5919,2771639.141
Bc,304,262454.1359,2774226.503
Bc,305,267597.6359,2772233.621
Bc,306,262475.7708,2777102.156
Bc,307,269102.4218,2775360.858
Bc,308,270787.5232,2779129.844
Bc,309,269429.874,2771773.673
Bc,310,268934.5706,2775452.478
Bc,311,268902.9516,2775449.633
Bc,312,267572.9291,2772817.848
Bc,313,267320.5781,2773014.075
Bc,314,267793.9825,2772501.889
Bc,315,267525.6807,2772756.933
Bc,316,268444.6252,2771311.812
Bc,317,267723.7898,2771862.208
Bc,318,268564.9975,2772732.288
Bc,319,269182.0976,2771514.284
Bc,320,263365.0286,2775326.105
Bc,321,267549.1162,2772233.813
Bc,322,267856.049,2772392.612
Bc,323,267552.0386,2772721.819
Bc,324,268416.3256,2773456.427
Bc,325,269626.0127,2770936.304
Bc,326,269772.8056,2775707.575
Bc,327,266391.1388,2772573.184
Bc,328,267563.0341,2775309.453
Bc,329,268792.9103,2770682.794
Bc,330,270864.8029,2779239.088
Bc,331,268540.5952,2773699.718
Bc,332,265952.6039,2772286.679
Bc,333,268231.8437,2773748.927
Bc,334,267863.2085,2771138.006
Bc,335,266725.8169,2772372.149
Bc,336,269569.3229,2771502.246
Bc,337,263365.0286,2775326.105
Bc,338,264138.5385,2773522.547
Bc,339,269079.1013,2771527.018
Bc,340,267981.8694,2772635.45
Bc,341,269525.2459,2775684.494
Bc,342,268961.3684,2774444.002
Bc,343,268692.1264,2770917.429
Bc,344,267583.3624,2772209.556
Bc,345,266397.1683,2772565.471
Bc,346,268728.3868,2770920.831
Bc,347,267338.8951,2783499.133
Bc,348,262902.7588,2772344.826
Bc,349,262974.7716,2775999.575
Bc,350,271317.5418,2777549.834
Bc,351,267238.8794,2771926.906
Bc,352,268504.1542,2770825.076
Bc,353,269106.3863,2771591.869
Bc,354,268243.3447,2772839.417
Bc,355,267703.2888,2773146.212
Bc,356,265441.8532,2774341.13
Bc,357,268018.1096,2771550.504
Bc,358,269404.9709,2770800.955
Bc,359,269293.8493,2771609.413
Bc,360,264921.1498,2773083.537
Bc,361,264232.2519,2774666.376
Bc,362,264184.5182,2773954.651
Bc,363,267657.028,2771514.794
Bc,364,269148.0731,2775282.935
Bc,365,269496.3471,2775614.808
Bc,366,267661.1103,2773428.054
Bc,367,262860.5003,2776645.425
Bc,368,269519.5589,2771839.373
Bc,369,267315.2666,2774011.841
Bc,370,267474.1086,2770678.978
Bc,371,263955.5187,2778871.661
Bc,372,269098.8652,2774741.817
Bc,373,266356.8259,2772548.406
Bc,374,266999.8867,2772455.186
Bc,375,267313.9564,2772716.154
Bc,376,268471.1349,2772874.23
Bc,377,269038.3362,2770756.424
Bc,378,269075.4549,2770901.64
Bc,379,267276.1035,2774018.427
Bc,380,267406.7138,2770837.597
Bc,381,267976.138,2771618.856
Bc,382,264786.4931,2772554.673
Bc,383,267290.7765,2770859.653
Bc,384,267964.0956,2771590.103
Bc,385,267298.4512,2774515.615
Bc,386,267993.8497,2773702.034
Bc,387,268099.1124,2771467.327
Bc,388,268226.0192,2771683.306
Bc,389,269517.8783,2770964.338
Bc,390,267688.8402,2773699.617
Bc,391,270446.4139,2776567.68
Bc,392,268568.2003,2773011.875
Bc,393,265514.3027,2774165.5
Bc,394,267912.203,2772841.242
Bc,395,267572.1851,2771507.995
Bc,396,267969.2931,2773345.024
Bc,397,259284.9067,2785010.745
Bc,398,263365.0286,2775326.105
Bc,399,265909.0932,2772264.597
Bc,400,268025.1958,2772782.884
Bc,401,267661.2498,2772034.272
Bc,402,269336.1194,2774655.366
Bc,403,269711.7349,2775556.633
Bc,404,267173.6864,2773928.652
Bc,405,265305.9254,2773199.721
Bc,406,262692.8042,2775682.13
Bc,407,268604.3653,2772737.538
Bc,408,263876.7384,2772235.143
Bc,409,268713.1537,2773203.243
Bc,410,268628.0885,2772546.903
Bc,411,269210.4357,2773007.547
Bc,412,264265.7713,2778738.4
Bc,413,267782.4308,2772863.953
Bc,414,269209.1951,2771340.293
Bc,415,268307.991,2772292.35
Bc,416,269088.8924,2770921.915
Bc,417,267916.0062,2775372.133
Bc,418,265794.1847,2774095.164
Bc,419,267715.9023,2772891.93
Bc,420,268911.5183,2772365.184
Bc,421,268062.53,2773846.077
Bc,422,267372.2698,2772477.367
Bc,423,268384.2358,2772655.035
Bc,424,269042.0674,2770885.929
Bc,425,262415.4248,2774745.056
Bc,426,267211.575,2773486.449
Bc,427,269569.3229,2771502.246
Bc,428,264009.351,2774779.938
Bc,429,267977.1807,2771770.813
Bc,430,263645.3049,2775191.456
Bc,431,269295.3715,2771608.331
Bc,432,263585.4031,2772535.481
Bc,433,267398.6001,2772485.796
Bc,434,263599.108,2772570.755
Bc,435,264750.6098,2775742.203
Bc,436,268550.0049,2772620.305
Bc,437,262742.3783,2776317.941
Bc,438,271313.408,2778815.993
Bc,439,268665.7326,2773631.225
Bc,440,271047.0281,2777349.776
Bc,441,265368.2956,2774407.499
Bc,442,267582.0852,2771048.941
Bc,443,268974.4838,2771489.473
Bc,444,268487.2786,2773689.21
Bc,445,267216.8823,2773752.264
Bc,446,269121.6376,2771446.189
Bc,447,265072.1835,2773401.169
Bc,448,263922.3974,2776828.211
Bc,449,269451.9909,2771806.273
Bc,450,263868.6373,2774881.087
Bc,451,266507.6425,2774024.8
Bc,452,268773.9766,2771656.891
Bc,453,269530.5803,2771990.315
Bc,454,267170.7823,2773984.081
Bc,455,266919.2947,2774184.108
Bc,456,269088.3787,2773849.805
Bc,457,263374.3165,2773775.91
Bc,458,269554.1979,2770834.368
Bc,459,266101.1948,2772732.453
Bc,460,268139.1671,2772646.092
Bc,461,267064.7128,2771966.445
Bc,462,265439.7545,2774353.426
Bc,463,268626.673,2771963.759
Bc,464,267351.0527,2771594.197
Bc,465,268415.0019,2771290.966
Bc,466,267655.1482,2773710.971
Bc,467,266975.0567,2774292.646
Bc,468,269285.3292,2771606.598
Bc,469,268076.4345,2772489.687
Bc,470,267427.3086,2772859.645
Bc,471,271717.5971,2777395.164
Bc,472,269160.6226,2773022.129
Bc,473,268099.1124,2771467.327
Bc,474,268269.1028,2772904.927
Bc,475,265597.112,2776651.535
Bc,476,263826.332,2775905.944
Bc,477,269182.0976,2771514.284
Bc,478,269450.3685,2770798.075
Bc,479,268151.3512,2771912.642
Bc,480,267488.0711,2771815.281
Bc,481,268742.8659,2771457.251
Bc,482,268099.1124,2771467.327
Bc,483,267789.6365,2771159.972
Bc,484,263032.3503,2776122.442
Bc,485,264856.8306,2773507.397
Bc,486,267429.6158,2774124.03
Bc,487,265306.8352,2773297.36
Bc,488,268842.978,2773729.043
Bc,489,268957.6341,2775268.618
Bc,490,267515.2342,2774267.571
Bc,491,270315.2412,2776185.624
Bc,492,266969.5871,2772439.851
Bc,493,267635.6472,2771525.727
Bc,494,269107.7498,2773947.763
Bc,495,269236.3553,2772081.103
Bc,496,271959.7013,2779024.969
Bc,497,265767.9193,2773911.085
Bc,498,267651.2058,2773434.353
Bc,499,266738.1797,2771878.807
Bc,500,265926.8202,2773252.887
Bc,501,268919.5407,2770700.73
Bc,502,265004.6568,2773773.084
Bc,503,269808.84,2775743.956
Bc,504,268415.7528,2772878.34
Bc,505,267567.918,2772885.361
Bc,506,268810.803,2772284.879
Bc,507,269054.4436,2775346.875
Bc,508,269603.8286,2771629.964
Bc,509,268792.1259,2770681.961
Bc,510,265532.5138,2774060.134
Bc,511,262665.8434,2776256.283
Bc,512,268532.4293,2771629.491
Bc,513,262769.302,2776316.415
Bc,514,262336.2484,2776431.133
Bc,515,264055.1813,2773378.562
Bc,516,263776.7642,2775622.923
Bc,517,270992.7588,2778013.96
Bc,518,269289.735,2771593.841
Bc,519,266415.1477,2772490.971
Bc,520,269771.1939,2775794.475
Bc,521,265303.6609,2773291.919
Bc,522,269182.0976,2771514.284
Bc,523,267573.0019,2773861.599
Bc,524,269223.4342,2775367.897
Bc,525,268240.5444,2776343.779
Bc,526,268622.1122,2771512.985
Bc,527,269334.354,2777916.194
Bc,528,268739.0314,2770639.741
Bc,529,264814.2648,2774254.498
Bc,530,271595.4085,2777270.816
Bc,531,267588.8525,2772712.737
Bc,532,266117.3713,2772732.599
Bc,533,268197.2708,2771124.298
Bc,534,268088.566,2770937.179
Bc,535,264447.0266,2775062.799
Bc,536,268138.5516,2772881.78
Bc,537,266350.6589,2775199.978
Bc,538,270645.2013,2777581.857
Bc,539,265355.3067,2776023.686
Bc,540,264134.8339,2773486.466
Bc,541,271907.4265,2779029.227
Bc,542,270159.3466,2779493.216
Bc,543,267812.4617,2772501.575
Bc,544,267324.9071,2770828.423
Bc,545,269621.2569,2770928.352
Bc,546,268182.2594,2773187.736
Bc,547,269711.7349,2775556.633
Bc,548,264047.4482,2773999.932
Bc,549,271205.4103,2777474.357
Bc,550,264764.6724,2778517.545
Bc,551,267398.6001,2772485.796
Bc,552,267288.3653,2774466.115
Bc,553,269502.504,2772471.229
Bc,554,269489.2159,2772642.028
Bc,555,264947.9498,2772582.751
Bc,556,265457.2042,2774382.93
Bc,557,269498.2565,2772675.694
Bc,558,269404.9744,2770801.166
Bc,559,269621.7562,2771003.59
Bc,560,263834.0191,2774749.788
Bc,561,263507.2953,2774471.572
Bc,562,267404.7944,2774068.44
Bc,563,268832.2783,2773733.874
Bc,564,263477.4646,2774660.85
Bc,565,269189.4459,2771447.79
Bc,566,263611.0949,2773529.142
Bc,567,269262.4337,2772985.531
Bc,568,268082.2796,2771473.955
Bc,569,269215.659,2771358.15
Bc,570,268516.487,2773776.644
Bc,571,264128.3082,2775201.478
Bc,572,267620.1596,2772154.184
Bc,573,265523.8533,2774138.703
Bc,574,268117.2208,2772850.226
Bc,575,267493.6964,2771467.269
Bc,576,269585.9288,2771162.721
Bc,577,267718.6459,2776036.032
Bc,578,262665.0546,2777050.661
Bc,579,262927.5959,2776164.849
Bc,580,265044.7867,2773777.888
Bc,581,268094.0509,2771169.382
Bc,582,271482.1193,2777447.517
Bc,583,265656.6273,2772049.947
Bc,584,269182.0976,2771514.284
Bc,585,267822.4884,2774538.175
Bc,586,267961.3461,2772017.329
Bc,587,262801.2771,2776030.074
Bc,588,267966.5314,2771597.459
Bc,589,269288.4349,2771516.925
Bc,590,268476.6787,2772883.224
Bc,591,268513.4253,2771871.409
Bc,592,268283.7739,2771818.659
Bc,593,269122.2437,2773211.742
Bc,594,267953.1745,2773710.335
Bc,595,268786.25,2772244.923
Bc,596,268431.8192,2771419.617
Bc,597,265768.5066,2773362.348
Bc,598,267821.691,2773767.741
Bc,599,267979.478,2771588.785
Bc,600,267933.1349,2775021.388
Bc,601,269134.471,2771521.854
Bc,602,269592.8948,2771164.717
Bc,603,269572.1762,2771625.637
Bc,604,268134.1158,2771306.092
Bc,605,267954.0857,2772858.496
Bc,606,268188.2743,2771683.101
Bc,607,265117.0131,2773052.685
Bc,608,264157.1922,2772418.629
Bc,609,267784.8508,2773548.965
Bc,610,270645.2013,2777581.857
Bc,611,267197.9815,2773457.089
Bc,612,269225.4862,2776716.401
Bc,613,268574.5465,2771524.149
Bc,614,268423.354,2771510.86
Bc,615,266748.3992,2771890.892
Bc,616,269401.1657,2775632.482
Bc,617,267608.9915,2772900.303
Bc,618,267234.3715,2774100.095
Bc,619,269569.3229,2771502.246
Bc,620,269129.1452,2771525.748
Bc,621,264055.1813,2773378.562
Bc,622,269043.5825,2770884.424
Bc,623,269621.7527,2771003.379
Bc,624,268942.709,2773979.094
Bc,625,264274.8615,2772854.356
Bc,626,272426.7521,2780300.564
Bc,627,268723.7916,2770922.388
Bc,628,268016.2348,2771666.79
Bc,629,262855.7795,2776418.486
Bc,630,268323.185,2773005.677
Bc,631,269064.7422,2771679.869
Bc,632,269258.5242,2771478.962
Bc,633,270441.1006,2776572.209
Bc,634,269512.3983,2770913.491
Bc,635,267224.017,2773764.19
Bc,636,264932.0006,2772461.696
Bc,637,267576.7275,2771005.701
Bc,638,269698.0641,2775658.955
Bc,639,265765.6024,2773910.702
Bc,640,264693.4122,2773141.787
Bc,641,267542.9481,2770514.628
Bc,642,267709.2322,2776025.836
Bc,643,265166.5848,2776510.988
Bc,644,267236.9808,2772673.502
Bc,645,268325.3316,2772633.207
Bc,646,268516.487,2773776.644
Bc,647,265911.5024,2773212.989
Bc,648,268858.2797,2770858.602
Bc,649,262960.7522,2776034.697
Bc,650,265786.5311,2773918.587
Bc,651,267940.5865,2773694.696
Bc,652,270573.2535,2779707.533
Bc,653,269036.7655,2770709.104
Bc,654,269569.5241,2770829.671
Bc,655,268931.7374,2773967.866
Bc,656,263365.0286,2775326.105
Bc,657,268633.0034,2771473.909
Bc,658,272764.748,2780075.515
Bc,659,267969.2931,2773345.024
Bc,660,267544.9931,2771494.296
Bc,661,264928.4207,2772119.753
Bc,662,269151.5056,2771117.218
Bc,663,267209.4245,2773992.087
Bc,664,267726.9155,2772995.948
Bc,665,268011.1588,2774221.5
Bc,666,270711.2451,2777983.4
Bc,667,268430.9248,2770594.868
Bc,668,269555.5489,2772054.995
Bc,669,269053.5625,2771383.296
Bc,670,270162.4367,2776758.051
Bc,671,268325.3316,2772633.207
Bc,672,268156.3965,2772572.243
Bc,673,267683.1109,2770920.188
Bc,674,269236.3553,2772081.103
Bc,675,269431.0186,2770883.794
Bc,676,268695.4947,2773705.968
Bc,677,268931.7846,2772652.303
Bc,678,267155.2744,2770863.654
Bc,679,267899.2327,2772169.304
Bc,680,267870.1148,2772857.176
Bc,681,269220.3934,2771364.834
Bc,682,266340.2682,2772660.929
Bc,683,264921.1498,2773083.537
Bc,684,269247.1531,2771899.777
Bc,685,267979.3043,2773707.143
Bc,686,268099.1196,2771467.75
Bc,687,265581.237,2774743.938
Bc,688,264397.1689,2774361.257
Bc,689,270290.0284,2776197.252
Bc,690,269281.5006,2771607.931
Bc,691,269079.1013,2771527.018
Bc,692,269574.4969,2771626.232
Bc,693,267949.8425,2771612.539
Bc,694,267789.6257,2771159.338
Bc,695,265291.5214,2774600.115
Bc,696,266815.683,2772042.141
Bc,697,266914.498,2772506.317
Bc,698,263505.6821,2772868.513
Bc,699,266279.5165,2772486.53
Bc,700,264877.9913,2772590.298
Bc,701,269499.0598,2772723.238
Bc,702,268106.6655,2772818.277
Bc,703,268791.5183,2773373.758
Bc,704,268313.7284,2772630.233
Bc,705,269829.9756,2776083.48
Bc,706,267576.9049,2772825.179
Bc,707,269698.0641,2775658.955
Bc,708,263455.4304,2775121.824
Bc,709,263909.4392,2785081.512
Bc,710,271337.2754,2777808.004
Bc,711,270734.3154,2777433.244
Bc,712,267740.1286,2775037.569
Bc,713,267485.0611,2772316.705
Bc,714,263714.5046,2772963.185
Bc,715,266484.4089,2772442.65
Bc,716,267190.003,2773485.971
Bc,717,269450.3685,2770798.075
Bc,718,264823.1819,2773297.87
Bc,719,268020.1285,2772847.227
Bc,720,268622.1122,2771512.985
Bc,721,267698.5001,2771643.447
Bc,722,262262.4239,2775642.283
Bc,723,263713.1305,2776748.979
Bc,724,267542.4814,2771256.336
Bc,725,267973.1944,2771626.938
Bc,726,264097.5902,2775339.827
Bc,727,269405.8311,2772356.398
Bc,728,267036.0134,2771864.419
Bc,729,268611.5431,2773069.901
Bc,730,265575.1742,2776897.953
Bc,731,263215.4358,2775004.238
Bc,732,269182.0976,2771514.284
Bc,733,268879.7914,2771583.233
Bc,734,269350.7026,2771372.988
Bc,735,268911.8973,2770704.241
Bc,736,264865.2955,2777479.004
Bc,737,267687.0544,2772328.483
Bc,738,268057.8076,2771484.305
Bc,739,267434.0305,2773073.227
Bc,740,265552.7373,2774385.303
Bc,741,269481.7371,2771287.284
Bc,742,264437.8497,2778628.041
Bc,743,265777.6759,2774703.148
Bc,744,268103.3385,2774660.64
Bc,745,265719.3064,2779367.086
Bc,746,262439.2086,2776683.416
Bc,747,267598.0313,2771487.898
Bc,748,269603.8286,2771629.964
Bc,749,265453.2757,2774423.159
Bc,750,264162.2994,2775252.254
Bc,751,269165.7276,2776824.789
Bc,752,263645.3049,2775191.456
Bc,753,267665.2325,2772494.358
Bc,754,269626.0127,2770936.304
Bc,755,269235.3093,2771472.591
Bc,756,267237.296,2775173.393
Bc,757,267464.3884,2775440.073
Bc,758,269574.4184,2771621.583
Bc,759,269512.3745,2777517.495
Bc,760,269130.4034,2774739.803
Bc,761,268161.9366,2772807.615
Bc,762,265017.0097,2773730.173
Bc,763,267368.9016,2771918.348
Bc,764,267227.8131,2773941.467
Bc,765,267311.1248,2772956.532
Bc,766,265664.2947,2772272.18
Bc,767,265267.4871,2776423.641
Bc,768,269566.8396,2771628.898
Bc,769,262546.9102,2773185.537
Bc,770,270017.4394,2775831.111
Bc,771,267398.6001,2772485.796
Bc,772,267264.3636,2773556.146
Bc,773,267827.6596,2773982.604
Bc,774,267651.8934,2774062.325
Bc,775,264981.2039,2773127.103
Bc,776,268284.2728,2771031.298
Bd,1,262758.7972,2775713.111
Bd,2,268974.4838,2771489.473
Bd,3,264176.98,2774097.672
Bd,4,263127.8538,2772222.545
Bd,5,269548.54,2770818.611
Bd,6,268205.3549,2771373.577
Bd,7,269596.5775,2771930.44
Bd,8,264428.9405,2774550.946
Bd,9,269612.2912,2771036.089
Bd,10,269022.1083,2770844.416
Bd,11,269336.9076,2771149.171
Bd,12,269494.3998,2770714.264
Bd,13,269512.3983,2770913.491
Bd,14,268462.8046,2772701.048
Bd,15,264415.9524,2774022.096
Bd,16,267975.284,2773561.365
Bd,17,269500.1974,2770783.917
Bd,18,269629.5563,2770918.066
Bd,19,269343.4952,2771128.768
Bd,20,262608.9376,2772943.697
Bd,21,269517.2442,2771975.956
Bd,22,265083.4764,2793986.857
Bd,23,261924.7816,2775930.159
Bd,24,269288.4313,2771516.714
Bd,25,269607.1428,2771506.892
Bd,26,269527.9705,2770923.374
Bd,27,265714.3856,2772004.567
Bd,28,264137.0442,2774104.07
Bd,29,269585.9163,2770842.499
Bd,30,267823.3342,2774587.833
Bd,31,263383.9921,2772335.627
Bd,32,267426.1799,2775547.468
Bd,33,267177.5829,2775734.761
Bd,34,271618.5709,2777458.332
Bd,35,263561.1058,2773710.948
Bd,36,271022.8106,2777603.613
Bd,37,268696.3838,2773213.461
Bd,38,270798.8017,2778473.99
Bd,39,269569.5241,2770829.671
Bd,40,268921.926,2770841.672
Bd,41,265197.0524,2773228.228
Bd,42,267404.436,2770839.539
Bd,43,264599.3755,2777417.438
Bd,44,268201.7787,2774290.758
Bd,45,268453.5699,2771430.45
Bd,46,269565.7772,2770835.864
Bd,47,264125.2855,2774581.773
Bd,48,269629.5563,2770918.066
Bd,49,267402.9031,2770839.987
Bd,50,269263.1005,2771111.738
Bd,51,268160.9179,2771931.714
Bd,52,263895.4597,2773583.825
Bd,53,269629.5563,2770918.066
Bd,54,268212.9978,2771370.065
Bd,55,269124.6871,2771398.791
Bd,56,264157.5384,2773196.065
Bd,57,263603.9254,2772181.949
Bd,58,269629.5563,2770918.066
Bd,59,268453.0597,2771309.556
Bd,60,270437.3467,2776714.945
Bd,61,262229.5461,2775611.572
Bd,62,267793.9825,2772501.889
Bd,63,264291.3721,2775012.434
Bd,64,268206.1967,2771377.79
Bd,65,268453.0597,2771309.556
Bd,66,264978.4735,2777701.955
Bd,67,268961.0884,2771517.178
Bd,68,266886.4456,2771946.237
Bd,69,268398.2544,2771484.231
Bd,70,268778.0759,2770625.552
Bd,71,270380.349,2776622.27
Bd,72,270968.1467,2777603.476
Bd,73,264375.2864,2775411.965
Bd,74,267976.138,2771618.856
Bd,75,269648.6364,2770770.632
Bd,76,265117.0131,2773052.685
Bd,77,269236.8256,2770969.931
Bd,78,269569.5241,2770829.671
Bd,79,269182.0976,2771514.284
Bd,80,269629.5563,2770918.066
Bd,81,267620.0232,2772327.088
Bd,82,264377.5715,2775143.265
Bd,83,262755.6177,2775574.713
Bd,84,265150.4077,2773292.443
Bd,85,270632.2706,2779281.475
Bd,86,267605.26,2771550.552
Bd,87,269427.6173,2770636.763
Bd,88,271618.9426,2777250.976
Bd,89,263611.5961,2772180.125
Bd,90,268596.8154,2770883.957
Bd,91,269632.6507,2770918.859
Bd,92,268289.4868,2771837.585
Bd,93,262629.2134,2778395.451
Bd,94,269629.5563,2770918.066
Bd,95,269147.4375,2771104.393
Bd,96,269592.4345,2771548.146
Bd,97,269485.7619,2775671.845
Bd,98,267526.2346,2772744.241
Bd,99,262663.56,2772674.507
Bd,100,264423.6645,2775225.962
Bd,101,269511.6283,2770913.504
Bd,102,269456.5116,2771663.523
Bd,103,264655.2554,2774590.158
Bd,104,268536.0083,2772748.632
Bd,105,263255.7733,2775686.077
Bd,106,271710.938,2779155.537
Bd,107,265116.7111,2773035.146
Bd,108,267976.138,2771618.856
Bd,109,269188.2692,2774791.877
Bd,110,268141.6164,2771430.25
Bd,111,263211.8134,2776258.197
Bd,112,264096.3049,2773974.989
Bd,113,269456.5116,2771663.523
Bd,114,266735.6201,2772404.956
Bd,115,269530.5803,2771990.315
Bd,116,269590.0826,2771636.96
Bd,117,267210.2016,2773992.497
Bd,118,268999.5798,2771333.904
Bd,119,269147.4375,2771104.393
Bd,120,263517.7981,2774677.483
Bd,121,269621.7562,2771003.59
Bd,122,268135.6271,2771304.375
Bd,123,262082.4029,2775563.832
Bd,124,265021.0701,2776422.394
Bd,125,270713.7292,2778816.36
Bd,126,267974.23,2771778.473
Bd,127,269619.6521,2771517.883
Bd,128,269449.5199,2771614.392
Bd,129,271718.8039,2779165.551
Bd,130,264168.2968,2774129.951
Bd,131,263422.5994,2774738.743
Bd,132,272312.7961,2780344.322
Bd,133,270710.2558,2778107.49
Bd,134,269345.7145,2772399.477
Bd,135,268030.9804,2771446.714
Bd,136,264122.3737,2773523.038
Bd,137,266647.4789,2772205.025
Bd,138,268793.1437,2770651.084
Bd,139,269493.9939,2772696.903
Bd,140,268238.4897,2770920.683
Bd,141,269325.9985,2771141.746
Bd,142,268611.5973,2772573.604
Bd,143,263414.3168,2775681.21
Bd,144,269323.0148,2771147.504
Bd,145,269295.3715,2771608.331
Bd,146,269042.6572,2770920.795
Bd,147,269612.2912,2771036.089
Bd,148,263026.693,2772429.338
Bd,149,268837.1889,2772433.024
Bd,150,265174.7557,2776404.313
Bd,151,269236.8292,2770970.143
Bd,152,268481.5191,2772669.236
Bd,153,269006.5928,2770837.915
Bd,154,269072.0317,2771518.894
Bd,155,267793.9825,2772501.889
Bd,156,270502.4249,2777515.568
Bd,157,267942.4896,2771678.4
Bd,158,267385.1765,2772511.601
Bd,159,265255.405,2772053.883
Bd,160,265778.3477,2772589.819
Bd,161,269606.6288,2771430.808
Bd,162,269493.1879,2770733.73
Bd,163,268205.3549,2771373.577
Bd,164,271253.1703,2777796.735
Bd,165,269343.4952,2771128.768
Bd,166,266372.6277,2772616.621
Bd,167,268650.1924,2770942.87
Bd,168,268228.2087,2771721.526
Bd,169,266027.8456,2773934.102
Bd,170,268473.3032,2771367.762
Bd,171,264373.0506,2774079.698
Bd,172,269569.5241,2770829.671
Bd,173,269607.1428,2771506.892
Bd,174,269450.2935,2771614.59
Bd,175,269629.5563,2770918.066
Bd,176,269569.5241,2770829.671
Bd,177,271069.5691,2778964.668
Bd,178,263955.3457,2774952.088
Bd,179,272312.7961,2780344.322
Bd,180,265954.3775,2773018.635
Bd,181,263077.0102,2775325.19
Bd,182,265024.0609,2777532.912
Bd,183,268187.2842,2774298.825
Bd,184,269569.5241,2770829.671
Bd,185,266510.9158,2773181.366
Bd,186,268708.3146,2771009.1
Bd,187,269487.8848,2771605.712
Bd,188,265117.0131,2773052.685
Bd,189,269343.4952,2771128.768
Bd,190,269557.7135,2770905.751
Bd,191,264296.3839,2773966.034
Bd,192,267791.0295,2772056.793
Bd,193,264177.6556,2773201.424
Bd,194,272309.1831,2779990.555
Bd,195,267272.1655,2773516.909
Bd,196,267976.138,2771618.856
Bd,197,268088.566,2770937.179
Bd,198,269629.5563,2770918.066
Bd,199,269629.5563,2770918.066
Bd,200,265581.2801,2773626.612
Bd,201,269056.6711,2774751.198
Bd,202,269236.8256,2770969.931
Bd,203,267924.0696,2774986.455
Bd,204,269295.3715,2771608.331
Bd,205,271132.3839,2777481.08
Bd,206,262938.4951,2773736.341
Bd,207,269428.9577,2770624.903
Bd,208,270632.2706,2779281.475
Bd,209,268135.6271,2771304.375
Bd,210,268453.0597,2771309.556
Bd,211,269610.6014,2771027.24
Bd,212,270449.7549,2778227.287
Bd,213,269147.5217,2770881.609
Bd,214,267312.9661,2772929.022
Bd,215,267360.4486,2772235.76
Bd,216,269278.4799,2771110.21
Bd,217,269246.1505,2776754.52
Bd,218,263892.2148,2774686.212
Bd,219,269449.5199,2771614.392
Bd,220,269295.3715,2771608.331
Bd,221,268375.4743,2774451.83
Bd,222,267018.8496,2771851.607
Bd,223,269629.5563,2770918.066
Bd,224,268800.2017,2772477.404
Bd,225,268256.1723,2770601.004
Bd,226,268205.3549,2771373.577
Bd,227,269512.3983,2770913.491
Bd,228,269427.6173,2770636.763
Bd,229,267179.4567,2773995.981
Bd,230,269279.4661,2771533.141
Bd,231,268792.1259,2770681.961
Bd,232,263899.2277,2774690.952
Bd,233,263728.4998,2775370.741
Bd,234,271325.8955,2778826.14
Bd,235,265642.6878,2772269.804
Bd,236,269617.0858,2770909.399
Bd,237,264084.1574,2773228.195
Bd,238,262222.5565,2775872.96
Bd,239,267981.9516,2771779.61
Bd,240,267822.5895,2774589.325
Bd,241,270417.9327,2778211.971
Bd,242,270876.0959,2779132.58
Bd,243,263663.5311,2772910.59
Bd,244,264442.6745,2774588.123
Bd,245,262967.213,2772242.034
Bd,246,264128.8805,2775190.054
Bd,247,268481.5191,2772669.236
Bd,248,264176.98,2774097.672
Bd,249,269527.9705,2770923.374
Bd,250,270976.1277,2777620.251
Bd,251,269322.7227,2772406.207
Bd,252,265571.1664,2773755.09
Bd,253,264157.5384,2773196.065
Bd,254,270402.3539,2776603.087
Bd,255,267210.2016,2773992.497
Bd,256,270798.2634,2778487.738
Bd,257,263663.5311,2772910.59
Bd,258,265970.0882,2773036.543
Bd,259,269483.5227,2772624.158
Bd,260,265572.0951,2774212.277
Bd,261,267360.4486,2772235.76
Bd,262,269281.5006,2771607.931
Bd,263,264161.255,2775414.398
Bd,264,264373.0506,2774079.698
Bd,265,265954.3775,2773018.635
Bd,266,267564.9365,2772167.807
Bd,267,264176.2247,2774098.531
Bd,268,261901.8316,2775938.804
Bd,269,269236.8292,2770970.143
Bd,270,269147.5217,2770881.609
Bd,271,264301.1443,2773884.994
Bd,272,269592.4345,2771548.146
Bd,273,269795.5922,2776053.624
Bd,274,268027.8155,2774204.73
Bd,275,268352.5587,2771968.62
Bd,276,269359.7445,2771133.144
Bd,277,264639.6173,2773505.647
Bd,278,265150.4077,2773292.443
Bd,279,269466.9085,2770637.156
Bd,280,269153.8176,2771071.734
Bd,281,268100.4822,2771683.958
Bd,282,269449.5199,2771614.392
Bd,283,264511.7641,2777293.183
Bd,284,269125.9221,2771517.348
Bd,285,265712.4429,2771981.137
Bd,286,269512.3983,2770913.491
Bd,287,268502.9021,2771478.017
Bd,288,269524.8683,2771195.879
Bd,289,264084.1574,2773228.195
Bd,290,264978.4735,2777701.955
Bd,291,268650.1924,2770942.87
Bd,292,268135.6271,2771304.375
Bd,293,269182.0976,2771514.284
Bd,294,269585.9163,2770842.499
Bd,295,268127.2106,2771307.689
Bd,296,265714.8908,2771989.128
Bd,297,264291.3721,2775012.434
Bd,298,262339.5036,2775514.11
Bd,299,267426.1799,2775547.468
Bd,300,267793.9825,2772501.889
Bd,301,268961.0884,2771517.178
Bd,302,269246.1505,2776754.52
Bd,303,266372.6277,2772616.621
Bd,304,268671.1485,2770952.238
Bd,305,263077.0102,2775325.19
Bd,306,262229.5461,2775611.572
Bd,307,268536.0083,2772748.632
Bd,308,264306.2225,2774045.13
Bd,309,264729.7656,2774891.563
Bd,310,267312.9661,2772929.022
Bd,311,269006.5928,2770837.915
Bd,312,269263.1005,2771111.738
Bd,313,269512.3983,2770913.491
Bd,314,267976.138,2771618.856
Bd,315,269619.6521,2771517.883
Bd,316,269590.0826,2771636.96
Bd,317,269517.2442,2771975.956
Bd,318,263603.9254,2772181.949
Bd,319,270461.5416,2778241.462
Bd,320,270823.6515,2779492.366
Bd,321,268206.1967,2771377.79
Bd,322,267976.138,2771618.856
Bd,323,269272.3803,2771113.906
Bd,324,267496.2188,2771479.697
Bd,325,265085.9985,2774694.758
Bd,326,270938.3558,2779309.926
Bd,327,267179.4567,2773995.981
Bd,328,269572.859,2775540.38
Bd,329,268473.3032,2771367.762
Bd,330,271069.5691,2778964.668
Bd,331,264442.6745,2774588.123
Bd,332,269264.6228,2771110.655
Bd,333,264138.0398,2775229.845
Bd,334,268059.4694,2771808.73
Bd,335,271325.8955,2778826.14
Bd,336,269617.0822,2770909.188
Bd,337,263892.2148,2774686.212
Bd,338,268135.6271,2771304.375
Bd,339,269493.1879,2770733.73
Bd,340,267267.5641,2773518.044
Bd,341,269343.4952,2771128.768
Bd,342,269466.9085,2770637.156
Bd,343,269358.0339,2772399.269
Bd,344,269594.2273,2771517.467
Bd,345,269572.1762,2771625.637
Bd,346,268088.566,2770937.179
Bd,347,269596.5775,2771930.44
Bd,348,268238.4897,2770920.683
Bd,349,268858.468,2772507.066
Bd,350,269147.4375,2771104.393
Bd,351,269629.5563,2770918.066
Bd,352,265257.9521,2772381.047
Bd,353,268908.2404,2773444.702
Bd,354,268256.1723,2770601.004
Bd,355,265117.0131,2773052.685
Bd,356,268419.3203,2771454.705
Bd,357,270413.768,2776595.074
Bd,358,263826.332,2775905.944
Bd,359,264415.9524,2774022.096
Bd,360,269569.5241,2770829.671
Bd,361,267482.9751,2773052.947
Bd,362,263837.7138,2772160.991
Bd,363,268759.3437,2770611.074
Bd,364,262048.0746,2775582.399
Bd,365,269629.5563,2770918.066
Bd,366,263414.3168,2775681.21
Bd,367,268549.2746,2773031.22
Bd,368,269487.8848,2771605.712
Bd,369,268453.0597,2771309.556
Bd,370,269281.5006,2771607.931
Bd,371,268596.6611,2771965.325
Bd,372,272331.1781,2780200.919
Bd,373,269613.5065,2770925.524
Bd,374,266164.3534,2772732.639
Bd,375,263127.8538,2772222.545
Bd,376,269281.5006,2771607.931
Bd,377,262608.9376,2772943.697
Bd,378,268537.4033,2771922.787
Bd,379,267177.5829,2775734.761
Bd,380,267977.1807,2771770.813
Bd,381,269456.5116,2771663.523
Bd,382,269153.8176,2771071.734
Bd,383,268708.3146,2771009.1
Bd,384,262672.6931,2772668.218
Bd,385,272312.7961,2780344.322
Bd,386,269281.5006,2771607.931
Bd,387,264263.4518,2773887.548
Bd,388,264165.2086,2773194.241
Bd,389,267402.9031,2770839.987
Bd,390,262629.2134,2778395.451
Bd,391,268032.0158,2771688.927
Bd,392,263422.5994,2774738.743
Bd,393,265694.8416,2772391.505
Bd,394,269629.5563,2770918.066
Bd,395,264122.8732,2773507.388
Bd,396,264125.441,2774101.1
Bd,397,262887.8287,2773878.634
Bd,398,269079.3623,2770904.956
Bd,399,264679.3241,2772548.277
Bd,400,269512.3983,2770913.491
Bd,401,264173.857,2773204.449
Bd,402,269520.919,2775747.343
Bd,403,269494.3998,2770714.264
Bd,404,267661.2498,2772034.272
Bd,405,263899.2277,2774690.952
Bd,406,271078.4152,2778209.091
Bd,407,268817.7166,2771374.395
Bd,408,264597.7484,2777412.393
Bd,409,265024.0609,2777532.912
Bd,410,269546.3162,2770915.032
Bd,411,263015.9717,2773762.897
Bd,412,268806.4758,2772529.506
Bd,413,268792.1259,2770681.961
Bd,414,269456.5116,2771663.523
Bd,415,264128.8769,2775189.842
Bd,416,269530.5803,2771990.315
Bd,417,265210.1595,2773229.059
Bd,418,268152.2105,2771328.401
Bd,419,269153.814,2771071.523
Bd,420,267822.5895,2774589.325
Bd,421,268238.5937,2770926.811
Bd,422,267175.2288,2772936.234
Bd,423,269006.6,2770838.337
Bd,424,264773.7252,2774716.842
Bd,425,268622.1044,2772557.362
Bd,426,269620.9826,2771003.392
Bd,427,271618.9426,2777250.976
Bd,428,271231.1195,2778133.814
Bd,429,269042.6572,2770920.795
Bd,430,268453.0597,2771309.556
Bd,431,271316.6284,2778824.393
Bd,432,269650.0232,2770898.486
Bd,433,265446.1678,2773920.421
Bd,434,268597.7918,2772577.009
Bd,435,269466.9085,2770637.156
Bd,436,268089.6553,2771681.395
Bd,437,264375.2864,2775411.965
Bd,438,268921.926,2770841.672
Bd,439,268401.4411,2773804.384
Bd,440,269619.6521,2771517.883
Bd,441,269629.5563,2770918.066
Bd,442,265826.0543,2776487.586
Bd,443,269625.2533,2770936.951
Bd,444,269153.814,2771071.523
Bd,445,268398.2544,2771484.231
Bd,446,270461.5416,2778241.462
Bd,447,268135.6271,2771304.375
Bd,448,269343.4952,2771128.768
Bd,449,264168.2968,2774129.951
Bd,450,263611.5961,2772180.125
Bd,451,267305.906,2773011.789
Bd,452,264423.6645,2775225.962
Bd,453,269151.9065,2770776.485
Bd,454,269209.1951,2771340.293
Bd,455,269530.5803,2771990.315
Bd,456,269288.4313,2771516.714
Bd,457,268065.9968,2771694.267
Bd,458,262132.1085,2775808.588
Bd,459,263410.9679,2775532.669
Bd,460,264555.389,2775228.548
Bd,461,269408.1552,2770624.621
Bd,462,269569.5241,2770829.671
Bd,463,269343.4952,2771128.768
Bd,464,266600.7162,2773208.365
Bd,465,264746.2721,2772544.797
Bd,466,268474.6577,2772673.369
Bd,467,267314.1118,2770827.761
Bd,468,268552.3536,2771714.335
Bd,469,269293.1466,2771704.541
Bd,470,269516.8902,2770905.806
Bd,471,269124.6871,2771398.791
Bd,472,269188.2692,2774791.877
Bd,473,268212.9978,2771370.065
Bd,474,267248.4545,2772984.868
Bd,475,269236.8292,2770970.143
Bd,476,268139.75,2771320.369
Bd,477,268514.9265,2771914.502
Bd,478,269147.4375,2771104.393
Bd,479,267791.0295,2772056.793
Bd,480,268080.5132,2771369.99
Bd,481,268778.0759,2770625.552
Bd,482,266027.8456,2773934.102
Bd,483,270502.4249,2777515.568
Bd,484,269006.5928,2770837.915
Bd,485,268469.3891,2771409.468
Bd,486,270425.1723,2777819.55
Bd,487,269466.9085,2770637.156
Bd,488,264176.98,2774097.672
Bd,489,262219.3843,2774940.83
Bd,490,268021.9334,2774221.105
Bd,491,271125.291,2777517.132
Bd,492,268261.4407,2770911.416
Bd,493,268460.7913,2772673.181
Bd,494,264176.98,2774097.672
Bd,495,264540.0656,2774831.848
Bd,496,267823.3342,2774587.833
Bd,497,269629.5563,2770918.066
Bd,498,269144.3977,2771653.368
Bd,499,268795.6465,2772435.842
Bd,500,264140.8118,2773520.394
Bd,501,263895.4597,2773583.825
Bd,502,268539.5945,2770598.31
Bd,503,268995.4221,2771452.341
Bd,504,270823.6515,2779492.366
Bd,505,268974.4838,2771489.473
Bd,506,268649.4103,2771623.914
Bd,507,263955.3457,2774952.088
Bd,508,269623.5421,2770926.834
Bd,509,264874.7359,2772401.384
Bd,510,262967.213,2772242.034
Bd,511,268187.2842,2774298.825
Bd,512,268289.4868,2771837.585
Bd,513,270392.4585,2778892.374
Bd,514,268611.5973,2772573.604
Bd,515,267526.2346,2772744.241
Bd,516,263794.1159,2777955.389
Bd,517,265211.7467,2773231.779
Bd,518,269569.5241,2770829.671
Bd,519,269569.5241,2770829.671
Bd,520,270632.2706,2779281.475
Bd,521,264123.6834,2773509.699
Bd,522,267564.9365,2772167.807
Bd,523,270437.3467,2776714.945
Bd,524,267976.138,2771618.856
Bd,525,269540.5164,2770982.134
Bd,526,269335.6465,2770892.169
Bd,527,269147.4375,2771104.393
Bd,528,268596.8154,2770883.957
Bd,529,268671.1485,2770952.238
Bd,530,271877.2206,2780028.23
Bd,531,264176.98,2774097.672
Bd,532,264096.3049,2773974.989
Bd,533,267423.0411,2771479.464
Bd,534,265197.0524,2773228.228
Bd,535,268141.6164,2771430.25
Bd,536,268461.2001,2772697.27
Bd,537,269522.4105,2771825.797
Bd,538,264123.6834,2773509.699
Bd,539,262085.6777,2775574.978
Bd,540,263561.1168,2773711.582
Bd,541,269569.5241,2770829.671
Bd,542,268088.566,2770937.179
Bd,543,263383.9921,2772335.627
Bd,544,268453.0597,2771309.556
Bd,545,269147.4375,2771104.393
Bd,546,269585.9056,2770841.865
Bd,547,268201.7787,2774290.758
Bd,548,269621.7562,2771003.59
Bd,549,267976.138,2771618.856
Bd,550,268515.2699,2771571.444
Bd,551,269295.3715,2771608.331
Bd,552,268135.1937,2771686.962
Bd,553,265581.2801,2773626.612
Bd,554,268199.9283,2770872.511
Bd,555,267942.4896,2771678.4
Bd,556,269147.4375,2771104.393
Bd,557,268088.566,2770937.179
Bd,558,268863.2627,2770652.434
Bd,559,265446.1678,2773920.421
Bd,560,269323.0077,2771147.081
Bd,561,269075.4799,2770903.119
Bd,562,264176.98,2774097.672
Bd,563,269263.1005,2771111.738
Bd,564,266815.9701,2771968.79
Bd,565,269228.7969,2771588.531
Bd,566,268790.5608,2770680.508
Bd,567,268534.774,2776032.5
Bd,568,268794.0599,2772478.565
Bd,569,269629.5563,2770918.066
Bd,570,262624.8576,2773017.614
Bd,571,268025.2185,2771696.863
Bd,572,263428.1791,2774749.638
Bd,573,269325.9985,2771141.746
Bd,574,267404.436,2770839.539
Bd,575,269650.0303,2770898.909
Bd,576,269263.1005,2771111.738
Bd,577,265778.3477,2772589.819
Bd,578,269650.0303,2770898.909
Bd,579,266886.4456,2771946.237
Bd,580,269284.0041,2771528.203
Bd,581,269449.5199,2771614.392
Bd,582,269428.9577,2770624.903
Bd,583,264296.3839,2773966.034
Bd,584,264428.9405,2774550.946
Bd,585,268766.3101,2770613.07
Bd,586,269605.2208,2771438.653
Bd,587,269629.5563,2770918.066
Bd,588,267924.0696,2774986.455
Bd,589,263728.4998,2775370.741
Bd,590,270710.2558,2778107.49
Bd,591,267170.7823,2773984.081
Bd,592,264678.4665,2775265.527
Bd,593,268974.4838,2771489.473
Bd,594,269147.4375,2771104.393
Bd,595,263653.2881,2773652.912
Bd,596,267605.26,2771550.552
Bd,597,268212.9978,2771370.065
Bd,598,269263.1005,2771111.738
Bd,599,269343.4952,2771128.768
Bd,600,264128.3431,2773511.943
Bd,601,269236.0698,2770970.79
Bd,602,267793.9825,2772501.889
Bd,603,268793.9782,2770654.875
Bd,604,264368.7118,2774051.448
Bd,605,268212.9978,2771370.065
Bd,606,269629.5563,2770918.066
Bd,607,265083.4764,2793986.857
Bd,608,269147.4375,2771104.393
Bd,609,270417.9327,2778211.971
Bd,610,265174.7557,2776404.313
Bd,611,269500.1974,2770783.917
Bd,612,268792.1259,2770681.961
Bd,613,265810.907,2772332.864
Bd,614,264219.1871,2772574.188
Bd,615,271253.1703,2777796.735
Bd,616,265211.7467,2773231.779
Bd,617,269343.4952,2771128.768
Bd,618,267975.284,2773561.365
Bd,619,268206.1967,2771377.79
Bd,620,263211.8134,2776258.197
Bd,621,269612.2912,2771036.089
Bd,622,265021.0701,2776422.394
Bd,623,267976.138,2771618.856
Bd,624,267976.138,2771618.856
Bd,625,265803.1926,2772332.151
Bd,626,269513.7137,2770900.153
Bd,627,269263.1005,2771111.738
Bd,628,266647.4789,2772205.025
Bd,629,264137.0442,2774104.07
Bd,630,271718.8039,2779165.551
Bd,631,269056.6711,2774751.198
Bd,632,267823.5246,2774553.799
Bd,633,269449.5199,2771614.392
Bd,634,269285.3292,2771606.598
Bd,635,269343.4952,2771128.768
Bd,636,264492.4394,2774704.999
Bd,637,268518.1355,2771922.057
Bd,638,269006.5928,2770837.915
Bd,639,264300.2567,2773833.645
Bd,640,269272.3803,2771113.906
Bd,641,268278.5334,2775363.005
Bd,642,265117.0131,2773052.685
Bd,643,269075.4799,2770903.119
Bd,644,271085.5689,2777489.899
Bd,645,265116.7111,2773035.146
Bd,646,269605.2208,2771438.653
Bd,647,270632.2706,2779281.475
Bd,648,266735.6201,2772404.956
Bd,649,264655.2554,2774590.158
Bd,650,267981.9516,2771779.61
Bd,651,269650.0303,2770898.909
Bd,652,269449.5199,2771614.392
Bd,653,268752.2662,2770875.405
Bd,654,269569.5241,2770829.671
Bd,655,264725.1317,2772167.434
Bd,656,267997.2279,2771046.953
Bd,657,267542.4778,2771256.124
Bd,658,269153.8176,2771071.734
Bd,659,269229.1209,2771379.905
Bd,660,267067.5656,2772855.426
Bd,661,269493.9939,2772696.903
Bd,662,262082.4029,2775563.832
Bd,663,266732.3662,2774016.093
Bd,664,269236.8256,2770969.931
Bd,665,267974.23,2771778.473
Bd,666,261923.0316,2775918.141
Bd,667,269485.7619,2775671.845
Bd,668,268837.1889,2772433.024
Bd,669,269632.6507,2770918.859
Bd,670,265489.5176,2772634.308
Bd,671,266510.9158,2773181.366
Bd,672,269323.0148,2771147.504
Bd,673,267018.8496,2771851.607
Bd,674,267385.1765,2772511.601
Bd,675,269450.2935,2771614.59
Bd,676,263255.7733,2775686.077
Bd,677,271718.2223,2779176.763
Bd,678,269590.0826,2771636.96
Bd,679,264377.5715,2775143.265
Bd,680,263521.1085,2774690.742
Bd,681,268375.4743,2774451.83
Bd,682,267973.3379,2771771.301
Bd,683,269629.5563,2770918.066
Bd,684,269569.5241,2770829.671
Bd,685,269629.5563,2770918.066
Bd,686,269336.9076,2771149.171
Bd,687,269629.5563,2770918.066
Bd,688,269569.5241,2770829.671
Bd,689,269629.5563,2770918.066
Bd,690,267620.0232,2772327.088
Bd,691,268793.1437,2770651.084
Bd,692,269629.5563,2770918.066
Bd,693,264101.8756,2772872.142
Bd,694,269511.6283,2770913.504
Bd,695,268160.9179,2771931.714
Bd,696,268718.258,2770914.027
Bd,697,269629.5563,2770918.066
Bd,698,269629.5563,2770918.066
Bd,699,269629.5563,2770918.066
Bd,700,269022.1083,2770844.416
Bd,701,269565.7772,2770835.864
Bd,702,270713.7292,2778816.36
Bd,703,269607.1428,2771506.892
Bd,704,268081.6032,2770935.395
Bd,705,264420.8482,2775241.23
Bd,706,269629.5563,2770918.066
Bd,707,262758.7972,2775713.111
Bd,708,268541.9964,2771285.219
Bd,709,269612.2912,2771036.089
Bd,710,267697.2563,2771977.645
Bd,711,270876.0959,2779132.58
Bd,712,269157.0942,2771083.304
Bd,713,270968.1467,2777603.476
Bd,714,269511.6283,2770913.504
Bd,715,263235.2651,2774239.338
Bd,716,265642.6878,2772269.804
Bd,717,268228.2087,2771721.526
Bd,718,269632.6507,2770918.859
Bd,719,263521.1085,2774690.742
Bd,720,269449.5199,2771614.392
Bd,721,269632.6507,2770918.859
Bd,722,269300.0303,2771109.212
Bd,723,269236.8256,2770969.931
Bd,724,269295.3715,2771608.331
Bd,725,269635.5563,2770954.109
Bd,726,269182.0976,2771514.284
Bd,727,269629.5563,2770918.066
Bd,728,269569.5241,2770829.671
Bd,729,263209.4077,2774790.216
Bd,730,269295.3715,2771608.331
Bd,731,269632.6507,2770918.859
Bd,732,272312.7961,2780344.322
Bd,733,269607.1428,2771506.892
Bd,734,269119.9741,2771393.375
Bd,735,269612.2912,2771036.089
Bd,736,269629.5563,2770918.066
Bd,737,269629.5563,2770918.066
Bd,738,264125.2855,2774581.773
Bd,739,269629.5563,2770918.066
Bd,740,264856.8306,2773507.397
Bd,741,265255.405,2772053.883
Bn,1,266483.4692,2772477.754
Bn,2,268905.2762,2772360.428
Bn,3,263970.8817,2774737.483
Bn,4,268658.1451,2773183.884
Bn,5,264661.0241,2772692.962
Bn,6,265391.9208,2775779.974
Bn,7,265228.6565,2776940.49
Bn,8,269120.8084,2771397.166
Bn,9,263680.6756,2773633.414
Bn,10,268881.8903,2772389.359
Bn,11,267943.3398,2771637.803
Bn,12,267578.9573,2775249.786
Bn,13,263109.5455,2776399.274
Bn,14,264103.6337,2775377.559
Bn,15,268858.1073,2770711.915
Bn,16,268644.0632,2771626.541
Bn,17,269513.6995,2771902.882
Bn,18,269172.8987,2774702.728
Bn,19,264492.2434,2778657.115
Bn,20,269883.5636,2776384.198
Bn,21,268320.2596,2772016.938
Bn,22,269303.3561,2771351.595
Bn,23,263691.6826,2773601.939
Bn,24,269521.2774,2770755.027
Bn,25,272299.9084,2779942.308
Bn,26,265375.8867,2778201.346
Bn,27,264974.565,2774350.657
Bn,28,265462.8843,2772249.853
Bn,29,265161.8079,2772478.243
Bn,30,268901.7487,2771424.335
Bn,31,263092.3512,2776163.251
Bn,32,262303.5232,2775702.866
Bn,33,267855.8225,2773012.988
Bn,34,267587.1464,2771708.12
Bn,35,264523.9901,2774213.216
Bn,36,266551.5991,2774073.298
Bn,37,269318.0106,2771443.926
Bn,38,267584.8992,2775101.513
Bn,39,269463.9789,2771421.592
Bn,40,268682.1131,2773189.396
Bn,41,269549.7438,2775767.147
Bn,42,265510.3697,2774160.706
Bn,43,269513.5639,2775540.115
Bn,44,268349.5111,2771834.452
Bn,45,265808.1042,2773111.824
Bn,46,269165.7822,2774555.313
Bn,47,269330.343,2771490.007
Bn,48,269340.3282,2771488.359
Bn,49,264592.7285,2773510.896
Bn,50,263070.4906,2776190.265
Bn,51,265584.4103,2772464.212
Bn,52,265513.577,2772151.961
Bn,53,265168.9959,2772493.126
Bn,54,265993.3322,2774346.239
Bn,55,271049.6619,2779199.833
Bn,56,266545.8715,2772883.789
Bn,57,268936.751,2771581.001
Bn,58,267746.4449,2775001.528
Bn,59,263688.8763,2773839.998
Bn,60,265796.164,2773044.39
Bn,61,263936.1029,2773618.21
Bn,62,270110.8034,2776344.64
Bn,63,267684.8517,2774821.433
Bn,64,263385.5648,2772737.217
Bn,65,269191.1894,2774645.983
Bn,66,267769.0186,2771577.991
Bn,67,265476.1888,2772799.831
Bn,68,262885.4407,2776220.33
Bn,69,264924.2247,2774468.204
Bn,70,268920.0039,2771410.709
Bn,71,269230.9989,2770807.488
Bn,72,271053.5402,2779247.325
Bn,73,267250.672,2770856.743
Bn,74,269463.8858,2771188.032
Bn,75,263659.0687,2774341.902
Bn,76,268044.87,2771538.847
Bn,77,265938.0545,2772381.412
Bn,78,263543.0652,2773958.572
Bn,79,269404.9117,2772119.682
Bn,80,264487.4605,2772588.155
Bn,81,263576.8622,2777193.547
Bn,82,264289.187,2778712.418
Bn,83,262775.2793,2773651.035
Bn,84,269594.5899,2771767.086
Bn,85,265184.4163,2772449.318
Bn,86,269385.0511,2770898.521
Bn,87,267546.1262,2774272.752
Bn,88,269400.084,2771378.072
Bn,89,267835.4496,2772811.476
Bn,90,271516.892,2778601.842
Bn,91,264055.3524,2773922.642
Bn,92,263095.2617,2776419.18
Bn,93,266888.8531,2772718.338
Bn,94,262927.981,2772776.867
Bn,95,264299.874,2778707.16
Bn,96,268892.0231,2770986.332
Bn,97,268714.3269,2772227.542
Bn,98,268094.9466,2774348.377
Bn,99,269220.6526,2771334.604
Bn,100,266157.6117,2774585.232
Bn,101,270984.2305,2778056.166
Bn,102,262692.838,2775639.854
Bn,103,265077.5122,2775274.707
Bn,104,264526.2725,2772650.264
Bn,105,264079.2262,2775391.087
Bn,106,265937.2431,2772423.912
Bn,107,265933.7427,2772399.453
Bn,108,270123.807,2776339.559
Bn,109,267902.2513,2771667.459
Bn,110,263692.3267,2773816.899
Bn,111,269344.176,2771533.738
Bn,112,263974.7633,2778560.813
Bn,113,269222.8112,2770733.224
Bn,114,270179.0227,2778242.424
Bn,115,264373.0151,2772740.208
Bn,116,270809.566,2777192.709
Bn,117,269221.5447,2770703.866
Bn,118,265097.845,2774309.64
Bn,119,265161.8188,2772478.877
Bn,120,262537.3939,2776441.153
Bn,121,263355.8951,2772758.447
Bn,122,265986.442,2772418.418
Bn,123,268986.5606,2770837.62
Bn,124,265537.0611,2774458.919
Bn,125,268920.0039,2771410.709
Bn,126,266396.1938,2773093.286
Bn,127,263145.4183,2776159.581
Bn,128,268052.6822,2771953.211
Bn,129,262509.7785,2773972.301
Bn,130,269447.5004,2772908
Bn,131,268871.1853,2770983.937
Bn,132,270364.5425,2778150.307
Bn,133,265153.8607,2778719.453
Bn,134,269252.4804,2771440.384
Bn,135,267781.0583,2774999.248
Bn,136,266319.8021,2771915.556
Bn,137,267809.6962,2771207.189
Bn,138,262778.2228,2776298.081
Bn,139,265086.8003,2774830.659
Bn,140,265382.5677,2772595.774
Bn,141,269328.0836,2770672.474
Bn,142,268387.9367,2774233.484
Bn,143,268494.6241,2770944.45
Bn,144,263074.9468,2776490.768
Bn,145,268763.7259,2770733.382
Bn,146,265624.8834,2776609.839
Bn,147,263043.6479,2776285.007
Bn,148,263879.6054,2774758.51
Bn,149,270363.2527,2778165.125
Bn,150,267980.7185,2772296.009
Bn,151,268583.2268,2770718.474
Bn,152,264708.9921,2772258.815
Bn,153,262719.5559,2776466.516
Bn,154,270587.885,2779114.397
Bn,155,265667.2511,2776566.201
Bn,156,270740.4806,2778347.94
Bn,157,269306.092,2770738.581
Bn,158,268410.5938,2773391
Bn,159,270217.2555,2777862.16
Bn,160,264522.939,2773527.954
Bn,161,265443.8454,2772441.685
Bn,162,267850.8189,2772899.99
Bn,163,265163.2979,2773325.407
Bn,164,263474.5034,2773957.436
Bn,165,269143.5883,2771969.801
Bn,166,269528.4952,2772368.488
Bn,167,267185.0916,2770895.697
Bn,168,268020.0491,2770939.4
Bn,169,269527.4034,2770889.776
Bn,170,263224.7766,2774256.219
Bn,171,268659.2331,2774019.833
Bn,172,267757.1692,2775043.409
Bn,173,270783.7727,2778312.97
Bn,174,270120.2265,2776720.505
Bn,175,267506.7042,2770467.053
Bn,176,265623.917,2772028.948
Bn,177,270807.6566,2777628.158
Bn,178,268957.6336,2774269.051
Bn,179,267781.0655,2774999.67
Bn,180,266902.3152,2772379.279
Bn,181,264431.8866,2774676.876
Bn,182,263798.7292,2774801.975
Bn,183,263592.8873,2773811.647
Bn,184,265963.8656,2773885.738
Bn,185,266724.4575,2773958.946
Bn,186,268246.948,2771872.549
Bn,187,267586.4621,2772527.194
Bn,188,270993.4182,2778007.397
Bn,189,267790.6084,2774067.994
Bn,190,262284.9519,2775697.694
Bn,191,267684.2867,2771713.441
Bn,192,265604.0438,2772575.903
Bn,193,267296.9623,2773029.274
Bn,194,268859.513,2770976.948
Bn,195,265473.461,2772685.947
Bn,196,267338.9065,2771469.061
Bn,197,269276.9762,2770884.494
Bn,198,268817.0467,2773107.845
Bn,199,265993.7686,2772396.521
Bn,200,265779.0498,2772899.892
Bn,201,263076.0082,2776374.703
Bn,202,265617.967,2776476.369
Bn,203,268729.1125,2774961.358
Bn,204,267736.3547,2771514.29
Bn,205,264204.1076,2774463.941
Bn,206,262268.4166,2775632.666
Bn,207,268892.6446,2770750.011
Bn,208,269328.5497,2774981.637
Bn,209,269134.3935,2774293.324
Bn,210,265408.4828,2776115.775
Bn,211,269938.0498,2776008.732
Bn,212,269291.2882,2770819.785
Bn,213,267652.3378,2771872.725
Bn,214,268060.7043,2774463.1
Bn,215,264984.0668,2774455.124
Bn,216,269305.1938,2771642.618
Bn,217,265653.2067,2775481.032
Bn,218,269139.3239,2774311.629
Bn,219,264930.5406,2778270.117
Bn,220,266234.9249,2774468.284
Bn,221,271238.6722,2778216.754
Bn,222,268901.7487,2771424.335
Bn,223,269500.2072,2770693.24
Bn,224,262136.8261,2775637.71
Bn,225,267782.004,2771616.873
Bn,226,267193.7281,2771492.462
Bn,227,267906.7518,2771705.641
Bn,228,265927.633,2772761.64
Bn,229,265929.6593,2772430.806
Bn,230,267316.8154,2773967.215
Bn,231,267867.5046,2773020.61
Bn,232,269254.7059,2771025.219
Bn,233,269360.1302,2771839.741
Bn,234,262531.6855,2773992.001
Bn,235,270117.6919,2776342.198
Bn,236,270722.9003,2778812.401
Bn,237,262816.392,2775748.254
Bn,238,265258.6686,2776939.55
Bn,239,263087.5837,2776199.057
Bn,240,264453.6568,2773529.784
Bn,241,265228.9869,2777004.32
Bn,242,263688.1192,2773751.867
Bn,243,268903.6475,2771218.007
Bn,244,264878.2147,2772469.176
Bn,245,266245.6602,2772218.666
Bn,246,267678.6012,2774906.51
Bn,247,271530.1131,2778334.664
Bn,248,262198.6235,2775560.535
Bn,249,268556.1861,2773030.046
Bn,250,268641.5711,2773114.836
Bn,251,269299.3947,2770798.088
Bn,252,268282.8986,2771767.099
Bn,253,263953.5699,2775249.738
Bn,254,264558.592,2772737.85
Bn,255,266030.4139,2773904.254
Bn,256,267604.1802,2771939.492
Bn,257,263272.8284,2774938.982
Bn,258,268890.759,2771321.161
Bn,259,269261.7833,2770805.911
Bn,260,269932.4929,2775588.414
Bn,261,266137.8219,2773071.925
Bn,262,265865.1985,2772579.239
Bn,263,269088.5726,2771358.397
Bn,264,269467.6924,2771550.252
Bn,265,269524.8683,2771195.879
Bn,266,268808.2458,2773542.781
Bn,267,268455.3845,2772989.905
Bn,268,269588.4918,2775827.366
Bn,269,268947.1533,2773786.884
Bn,270,268835.3866,2771007.794
Bn,271,270364.9968,2776716.376
Bn,272,264279.6758,2772553.484
Bn,273,271414.7177,2778110.227
Bn,274,267633.2131,2775044.676
Bn,275,271022.6379,2779195.003
Bn,276,267292.462,2770416.168
Bn,277,262337.7419,2774308.855
Bn,278,263306.4141,2774256.493
Bn,279,268899.7625,2771170.515
Bn,280,269301.8185,2775540.527
Bn,281,269366.516,2771351.584
Bn,282,265665.5705,2772750.075
Bn,283,266902.2133,2773094.564
Bn,284,266863.2106,2774011.741
Bn,285,263413.3929,2776958.162
Bn,286,262461.3824,2778483.987
Bn,287,269289.5731,2771766.532
Bn,288,265186.2545,2772466.619
Bn,289,264653.3099,2772692.249
Bn,290,269602.7649,2771840.716
Bn,291,268959.7714,2774440.647
Bn,292,267134.5299,2772943.27
Bn,293,264475.2534,2774155.93
Bn,294,263116.9076,2776689.792
Bn,295,266922.549,2773788.786
Bn,296,267515.9697,2772096.564
Bn,297,265520.5495,2778286.363
Bn,298,269363.3986,2770619.881
Bn,299,269363.4942,2771400.673
Bn,300,269110.1532,2771404.744
Bn,301,265397.676,2775667
Bn,302,267824.8936,2772779.527
Bn,303,267823.0502,2771539.447
Bn,304,269864.4817,2776302.932
Bn,305,269479.8431,2772588.71
Bn,306,267085.5878,2771835.672
Bn,307,267819.3605,2772725.933
Bn,308,270538.964,2778313.078
Bn,309,264367.8332,2774357.113
Bn,310,262882.8354,2772793.928
Bn,311,271085.5069,2779317.173
Bn,312,266809.9973,2772385.507
Bn,313,267146.7219,2771039.661
Bn,314,269221.7104,2770987.096
Bn,315,262633.9265,2777031.757
Bn,316,267698.5001,2771643.447
Bn,317,264586.7084,2777352.764
Bn,318,268264.1988,2771482.279
Bn,319,269330.343,2771490.007
Bn,320,269334.5762,2771011.187
Bn,321,267533.9732,2772701.201
Bn,322,268773.8145,2771056.183
Bn,323,266255.1124,2773040.111
Bn,324,269427.7074,2775471.815
Bn,325,262042.7745,2775587.564
Bn,326,268490.8312,2770947.896
Bn,327,265771.8748,2773020.287
Bn,328,263762.7108,2772277.701
Bn,329,270584.8815,2779118.886
Bn,330,267923.7817,2772027.691
Bn,331,264534.9658,2773555.436
Bn,332,263305.5044,2777041.418
Bn,333,265930.3873,2772383.446
Bn,334,268944.3078,2771117.341
Bn,335,265920.6643,2773253.204
Bn,336,269892.8148,2776384.887
Bn,337,268738.3444,2771735.912
Bn,338,269516.6536,2772032.19
Bn,339,267700.2189,2774774.246
Bn,340,265975.1968,2772436.366
Bn,341,267691.3031,2771718.395
Bn,342,268836.551,2770985.58
Bn,343,265872.5416,2772603.21
Bn,344,267556.1008,2772734.221
Bn,345,269851.385,2776165.763
Bn,346,263065.5574,2776526.443
Bn,347,269139.4563,2774319.448
Bn,348,262752.8945,2776523.853
Bn,349,267815.7173,2771153.61
Bn,350,266717.7129,2773969.841
Bn,351,267499.992,2772786.117
Bn,352,264743.445,2773095.479
Bn,353,263589.2319,2773822.913
Bn,354,267561.7116,2771978.474
Bn,355,265436.8635,2774856.759
Bn,356,264572.9324,2776243.908
Bn,357,269579.4361,2775246.255
Bn,358,269508.5753,2775700.417
Bn,359,266193.0068,2772561.993
Bn,360,265674.77,2772478.513
Bn,361,263052.0567,2776281.479
Bn,362,264286.6528,2773982.267
Bn,363,266866.0976,2773730.144
Bn,364,271252.8883,2778741.974
Bn,365,265355.0399,2775784.625
Bn,366,270628.0617,2778392.319
Bn,367,262751.0414,2773408.794
Bn,368,267154.5007,2770863.456
Bn,369,270475.7756,2776710.916
Bn,370,268620.3457,2773089.409
Bn,371,271130.6501,2779438.161
Bn,372,265680.7739,2772020.785
Bn,373,268920.0039,2771410.709
Bn,374,266882.5901,2773793.908
Bn,375,265491.4921,2778297.855
Bn,376,267697.2539,2771796.501
Bn,377,267699.848,2774752.481
Bn,378,269942.5312,2776410.891
Bn,379,269126.6508,2771788.099
Bn,380,269253.6685,2770781.529
Bn,381,262425.7504,2776309.085
Bn,382,264562.7997,2773561.72
Bn,383,269281.5873,2771749.758
Bn,384,269261.7762,2770805.488
Bn,385,264027.6453,2772142.698
Bn,386,267823.4345,2772603.269
Bn,387,266453.2132,2774084.283
Bn,388,268446.963,2774534.952
Bn,389,267182.8423,2771034.818
Bn,390,263042.3873,2776212.526
Bn,391,268473.2562,2770956.226
Bn,392,263406.9856,2775924.211
Bn,393,271293.3549,2778218.16
Bn,394,271362.5954,2778398.773
Bn,395,265700.2584,2773065.694
Bn,396,269282.4899,2774762.593
Bn,397,267722.589,2772244.175
Bn,398,265399.8661,2775794.21
Bn,399,268081.5507,2771249.703
Bn,400,269540.6544,2771993.949
Bn,401,269082.2582,2774761.544
Bn,402,271287.8683,2778762.101
Bn,403,267762.5672,2772782.913
Bn,404,262786.0483,2772853.105
Bn,405,271513.4773,2777435.154
Bn,406,264695.5601,2773221.65
Bn,407,268920.0039,2771410.709
Bn,408,267600.3752,2772484.894
Bn,409,268578.9716,2770967.327
Bn,410,267958.1252,2773684.464
Bn,411,267885.7236,2772280.714
Bn,412,267939.1096,2771207.736
Bn,413,266040.056,2777201.737
Bn,414,270564.051,2778431.233
Bn,415,267608.3602,2775212.929
Bn,416,263260.5389,2776979.42
Bn,417,266092.916,2772204.585
Bn,418,266343.6568,2772543.982
Bn,419,263850.7279,2774780.782
Bn,420,268452.9731,2772938.583
Bn,421,265468.1547,2772690.9
Bn,422,268541.3223,2774559.137
Bn,423,267937.1131,2773897.883
Bn,424,269592.1801,2771761.209
Bn,425,264594.724,2776301.872
Bn,426,265634.8808,2776519.621
Bn,427,264406.2994,2774711.35
Bn,428,267432.08,2774945.591
Bn,429,267769,2772255.856
Bn,430,268547.8543,2770903.81
Bn,431,271327.2188,2777255.026
Bn,432,267735.9235,2774248.38
Bn,433,269263.4257,2770766.357
Bn,434,266775.5485,2774019.37
Bn,435,262988.0602,2776586.343
Bn,436,269435.6574,2772115.991
Bn,437,270011.3366,2776381.829
Bn,438,265533.7391,2776414.194
Bn,439,264107.2357,2773939.078
Bn,440,267538.1825,2772677.033
Bn,441,264793.7833,2777528.856
Bn,442,270103.3162,2776859.026
Bn,443,268348.8163,2773245.147
Bn,444,264419.1045,2774605.651
Bn,445,263297.2793,2776346.548
Bn,446,262764.7479,2775789.526
Bn,447,267698.1289,2771712.149
Bn,448,265364.7155,2775541.588
Bn,449,269300.1742,2770889.809
Bn,450,269448.8855,2771941.601
Bn,451,265459.6024,2773402.956
Bn,452,268758.4524,2771467.978
Bn,453,269310.0754,2771202.255
Bn,454,262321.5596,2774440.826
Bn,455,267596.7614,2772182.272
Bn,456,267620.3002,2772298.126
Bn,457,271635.7931,2778943.74
Bn,458,270925.8482,2779115.678
Bn,459,269344.4508,2776557.761
Bn,460,264776.8731,2772979.491
Bn,461,269384.0563,2771067.632
Bn,462,262747.6784,2772861.171
Bn,463,264880.3919,2772506.129
Bn,464,264052.7356,2775328.767
Bn,465,267851.1777,2773011.588
Bn,466,262709.9396,2776444.911
Bn,467,270746.4001,2777648.001
Bn,468,265437.7251,2772085.625
Bn,469,264868.8903,2773134.745
Bn,470,267591.3932,2775256.549
Bn,471,262599.5572,2776429.29
Bn,472,262472.9291,2774023.251
Bn,473,269279.0816,2770826.755
Bn,474,265295.4975,2774473.222
Bn,475,267734.6899,2772140.609
Bn,476,269534.8249,2775522.423
Bn,477,266513.0031,2772493.312
Bn,478,264279.9168,2772567.431
Bn,479,268820.4818,2770900.882
Bn,480,267183.4738,2773419.289
Bn,481,268756.6394,2773769.399
Bn,482,263322.625,2775988.244
Bn,483,268334.2127,2771886.075
Bn,484,270792.6908,2778659.675
Bn,485,269171.6888,2774676.75
Bn,486,268128.858,2771948.746
Bn,487,271442.9818,2778188.804
Bn,488,264633.6074,2773514.418
Bn,489,269373.345,2771436.65
Bn,490,267698.2799,2772490.202
Bn,491,266323.6964,2773087.341
Bn,492,264053.5347,2775330.444
Bn,493,271528.1995,2778862.69
Bn,494,269327.1243,2770661.288
Bn,495,267636.7777,2775027.917
Bn,496,268238.5781,2771152.766
Bn,497,268733.3682,2770987.539
Bn,498,263204.2694,2776355.774
Bn,499,270507.2647,2779218.059
Bn,500,264942.8158,2778401.381
Bn,501,268066.7552,2772645.209
Bn,502,268905.9945,2771720.602
Bn,503,268620.7471,2773113.075
Bn,504,268827.7145,2770827.626
Bn,505,265780.4966,2773029.017
Bn,506,264851.2329,2777467.198
Bn,507,269260.7824,2770837.844
Bn,508,268254.6912,2771648.154
Bn,509,265497.8892,2772673.268
Bn,510,266447.0614,2774084.811
Bn,511,267716.4148,2771111.968
Bn,512,269172.1076,2772153.209
Bn,513,267575.1837,2772678.939
Bn,514,267142.2619,2772945.04
Bn,515,265446.344,2772094.143
Bn,516,267628.5606,2774997.619
Bn,517,264171.4825,2774269.616
Bn,518,263939.0712,2775257.387
Bn,519,267146.5121,2771840.128
Bn,520,263064.5184,2776333.895
Bn,521,270453.6501,2776677.258
Bn,522,268974.6361,2774954.235
Bn,523,263107.1553,2776306.097
Bn,524,268948.4603,2773773.123
Bn,525,270923.1507,2777674.618
Bn,526,262170.0959,2775558.496
Bn,527,267656.5974,2772530.015
Bn,528,267905.6479,2775035.172
Bn,529,266880.5005,2773266.147
Bn,530,269208.7202,2770902.134
Bn,531,268067.5439,2773914.476
Bn,532,271725.1484,2779176.647
Bn,533,268633.2351,2773168.242
Bn,534,264294.5195,2778709.155
Bn,535,269989.4624,2775952.697
Bn,536,268445.8392,2772926.656
Bn,537,266009.2872,2773974.581
Bn,538,264967.3249,2773573.132
Bn,539,267819.5839,2772693.801
Bn,540,268888.2337,2770989.989
Bn,541,269196.3528,2774632.579
Bn,542,268271.8692,2771162.769
Bn,543,269029.8426,2770800.743
Bn,544,269331.1237,2771490.628
Bn,545,264504.0424,2774217.577
Bn,546,264289.9633,2772613.972
Bn,547,269415.9255,2771495.114
Bn,548,267155.7384,2772832.149
Bn,549,269192.7532,2774465.447
Bn,550,265536.7467,2774574.97
Bn,551,264401.8775,2774722.84
Bn,552,264712.6878,2772294.474
Bn,553,268629.6499,2772548.145
Bn,554,264573.0975,2772730.413
Bn,555,268061.4454,2774461.396
Bn,556,262643.8851,2777028.835
Bn,557,267740.8365,2774988.73
Bn,558,269071.0628,2770733.042
Bn,559,267684.7018,2774225.156
Bn,560,269304.7095,2771659.535
Bn,561,267624.2262,2770990.519
Bn,562,265992.5916,2773360.616
Bn,563,266748.5719,2772441.725
Bn,564,265708.9158,2774690.168
Bn,565,266733.2772,2772448.116
Bn,566,269998.9421,2775966.91
Bn,567,268591.3457,2773059.675
Bn,568,268607.7401,2773072.713
Bn,569,268817.4767,2770905.372
Bn,570,264081.5364,2773922.612
Bn,571,267509.5697,2774928.839
Bn,572,266025.9383,2773957.597
Bn,573,268479.9337,2775070.639
Bn,574,268076.9196,2773695.971
Bn,575,268639.9667,2773111.059
Bn,576,265994.1097,2773359.321
Bn,577,262252.2977,2775591.517
Bn,578,267620.455,2770995.234
Bn,579,269933.7012,2776435.136
Bn,580,267678.5621,2771693.881
Bn,581,262606.3008,2773146.243
Bn,582,262967.1862,2772728.203
Bn,583,270665.5614,2778242.039
Bn,584,268780.8949,2770837.508
Bn,585,264517.6414,2774246.935
Bn,586,270494.6476,2776734.271
Bn,587,268936.386,2774514.811
Bn,588,269019.9213,2772262.737
Bn,589,269008.7332,2771783.753
Bn,590,263748.3348,2773582.357
Bn,591,268982.5179,2770689.73
Bn,592,264946.5858,2794251.771
Bn,593,262133.1925,2775561.888
Bn,594,267375.838,2771873.419
Bn,595,264871.314,2772470.986
Bn,596,270856.0726,2779132.072
Bn,597,265159.2179,2772462.011
Bn,598,268764.4953,2770778.813
Bn,599,267827.4859,2773022.348
Bn,600,270831.0161,2777232.085
Bn,601,270743.8901,2778367.54
Bn,602,267729.4417,2770836.331
Bn,603,269602.0299,2770656.223
Bn,604,263472.912,2776971.502
Bn,605,269151.4026,2774251.819
Bn,606,270099.3079,2776667.171
Bn,607,271445.7994,2777531.194
Bn,608,269374.7201,2770742.917
Bn,609,270268.0522,2776902.958
Bn,610,269003.0405,2774540.103
Bn,611,263746.2666,2773596.343
Bn,612,268398.4962,2774401.767
Bn,613,268888.4519,2771002.879
Bn,614,268891.0297,2772383.286
Bn,615,268704.9071,2770762.49
Bn,616,264969.4903,2774458.335
Bn,617,268919.2339,2771410.723
Bn,618,266428.5928,2773096.324
Bn,619,264664.2608,2772701.995
Bn,620,267947.5088,2773648.923
Bn,621,265277.5039,2776915.551
Bn,622,269281.9619,2770814.87
Bn,623,263275.1507,2777022.71
Bn,624,263433.0044,2775648.756
Bn,625,267722.1272,2772533.761
Bn,626,269889.5959,2777470.321
Bn,627,269339.5582,2771488.372
Bn,628,268895.7946,2770981.618
Bn,629,267443.2026,2771532.597
Bn,630,268813.8534,2770827.861
Bn,631,263260.5278,2776978.786
Bn,632,267365.4082,2771939.333
Bn,633,269325.4203,2771381.025
Bn,634,262505.1701,2773973.016
Bn,635,269300.7302,2771743.093
Bn,636,268817.8781,2774928.358
Bn,637,267757.195,2772964.995
Bn,638,265001.2891,2774962.763
Bn,639,263123.8205,2776600.258
Bn,640,268554.3014,2770966.055
Bn,641,267510.3994,2772040.857
Bn,642,264085.3322,2773607.807
Bn,643,267052.744,2772889.498
Bn,644,271569.6475,2777249.689
Bn,645,269191.6759,2774674.721
Bn,646,261912.7759,2781449.322
Bn,647,269470.6823,2771499.262
Bn,648,268149.316,2772563.485
Bn,649,263644.5838,2774350.397
Bn,650,267843.3768,2771194.779
Bn,651,268577.2805,2774590.655
Bn,652,269544.2232,2775531.776
Bn,653,264013.1352,2773619.202
Bn,654,270541.8421,2779168.65
Bn,655,267187.5971,2773976.607
Bn,656,269299.8924,2771739.091
Bn,657,264817.9179,2773528.571
Bn,658,267643.1155,2770561.539
Bn,659,263252.7708,2774227.409
Bn,660,269170.9654,2774679.51
Bn,661,269170.7937,2774669.367
Bn,662,269188.8928,2770731.684
Bn,663,263767.051,2772305.95
Bn,664,264725.5507,2773442.232
Bn,665,269268.7866,2771767.095
Bn,666,267787.9747,2772058.325
Bn,667,267092.5438,2770889.032
Bn,668,264412.8948,2774023.417
Bn,669,263064.2111,2776581.848
Bn,670,266623.6763,2772839.761
Bn,671,262647.4408,2773120.373
Bn,672,269001.719,2773052.72
Bn,673,271348.3501,2777596.451
Bn,674,269217.5937,2774841.052
Bn,675,269835.9181,2776025.042
Bn,676,265923.6624,2773786.871
Bn,677,269144.1559,2771502.455
Bn,678,265927.5663,2773789.975
Bn,679,268612.5237,2773808.622
Bn,680,265031.1428,2778478.488
Bn,681,270919.7129,2777653.328
Bn,682,269285.5805,2771439.19
Bn,683,264563.5581,2778596.273
Bn,684,262337.2704,2774325.985
Bn,685,263243.8237,2774953.859
Bn,686,262701.8639,2775760.183
Bn,687,268314.7291,2771282.734
Bn,688,269442.6606,2771755.49
Bn,689,268290.803,2773819.58
Bn,690,267156.1332,2770959.179
Bn,691,265950.7951,2772944.504
Bn,692,263216.9781,2774960.033
Bn,693,268486.2431,2770949.876
Bn,694,264905.4782,2774452.886
Bn,695,264685.7161,2778626.289
Bn,696,269130.2186,2774274.16
Bn,697,269146.1899,2771713.789
Bn,698,267264.2358,2773413.261
Bn,699,269262.9126,2774879.811
Bn,700,263692.3506,2773729.388
Bn,701,265465.2854,2772658.398
Bn,702,265452.7368,2774123.227
Bn,703,266917.0607,2773197.248
Bn,704,269231.769,2770807.475
Bn,705,268780.8916,2774018.826
Bn,706,269491.9974,2770754.464
Bn,707,270004.4375,2776383.636
Bn,708,265523.4303,2776396.828
Bn,709,269074.0401,2771318.905
Bn,710,263053.2992,2772231.661
Bn,711,266410.1794,2773100.444
Bn,712,262718.3145,2776483.659
Bn,713,262635.8453,2777009.317
Bn,714,263566.8207,2773507.504
Bn,715,268464.8501,2770960.173
Bn,716,269418.1168,2771898.367
Bn,717,267245.3536,2770861.062
Bn,718,268242.2512,2771595.946
Bn,719,269165.7023,2773094.754
Bn,720,267808.5631,2772046.138
Bn,721,263029.1855,2776250.381
Bn,722,265437.8623,2773347.95
Bn,723,267842.4007,2772812.626
Bn,724,264304.4259,2778703.276
Bn,725,265048.1,2774595.853
Bn,726,267713.0244,2774169.929
Bn,727,263660.4919,2774290.724
Bn,728,269237.4602,2771508.698
Bn,729,269428.6094,2775479.621
Bn,730,270829.0075,2778393.373
Bn,731,263156.8851,2776730.527
Bn,732,267232.6241,2771289.094
Bn,733,269319.0053,2770910.205
Bn,734,269093.8651,2771079.301
Bn,735,269363.4871,2771400.25
Bn,736,268827.3058,2770848.981
Bn,737,268901.1678,2773527.256
Bn,738,267410.6401,2772152.892
Bn,739,267199.6607,2773916.371
Bn,740,268874.3895,2773537.644
Bn,741,264835.6351,2774466.561
Bn,742,266793.466,2773851.234
Bn,743,262566.1583,2773981.466
Bn,744,265501.0281,2772183.671
Bn,745,269456.5278,2771755.679
Bn,746,267392.505,2775018.133
Bn,747,269115.4101,2770759.136
Bn,748,266710.1948,2773980.539
Bn,749,262271.0578,2775651.644
Bn,750,272633.3296,2780041.779
Bn,751,269205.0036,2770955.673
Bn,752,268079.2911,2771524.734
Bn,753,268574.1814,2771548.04
Bn,754,262550.9381,2776908.912
Bn,755,263084.9415,2776622.706
Bn,756,271205.3535,2777470.976
Bn,757,262210.5239,2775536.441
Bn,758,268958.261,2772351.076
Bn,759,262253.7525,2775586.63
Bn,760,268856.0036,2771133.632
Bn,761,269331.1237,2771490.628
Bn,762,267810.8002,2771634.35
Bn,763,262283.8036,2776558.665
Bn,764,268771.0108,2771299.939
Bn,765,267572.2002,2772594.23
Bn,766,266638.657,2774030.378
Bn,767,268304.2554,2774339.323
Bn,768,269444.7748,2771424.664
Bn,769,265476.3668,2772810.186
Bn,770,268690.4855,2773183.547
Bn,771,267609.7766,2772449.012
Bn,772,265638.9515,2773442.148
Bn,773,269570.8882,2771823.076
Bn,774,267532.4045,2772699.537
Bn,775,267597.0112,2772513.487
Bn,776,269261.7833,2770805.911
Bn,777,263606.3802,2774278.979
Bn,778,262699.0901,2776352.516
Bn,779,266883.703,2773273.278
Bn,780,263047.3772,2776543.67
Bn,781,263315.6721,2774922.807
Bn,782,270926.1611,2778631.218
Bn,783,268550.0822,2770944.355
Bn,784,268264.718,2771603.596
Bn,785,264294.4103,2773985.515
Bn,786,265697.4208,2772855.637
Bn,787,267681.5247,2774852.138
Bn,788,271407.544,2779103.984
Bn,789,267550.3704,2772488.282
Bn,790,267784.2708,2775007.014
Bn,791,268475.9135,2770931.24
Bn,792,268828.6763,2772430.632
Bn,793,267941.2765,2771697.656
Bn,794,266699.3621,2773032.084
Bn,795,269172.1326,2772154.688
Bn,796,265405.7385,2775598.587
Bn,797,271588.7244,2777423.112
Bn,798,269907.1662,2776414.025
Bn,799,265797.0143,2772196.555
Bn,800,263075.023,2776229.503
Bn,801,265871.0207,2773142.873
Bn,802,269493.6888,2775548.694
Bn,803,264429.1644,2774653.037
Bn,804,268105.9841,2772506.306
Bn,805,265813.0431,2773803.144
Bn,806,270968.5339,2779273.486
Bn,807,270071.0248,2776223.14
Bn,808,269507.667,2770861.363
Bn,809,265411.3943,2772570.125
Bn,810,270759.9917,2778363.676
Bn,811,270673.5349,2777847.069
Bn,812,265473.5972,2778286.96
Bn,813,267460.3476,2771453.887
Bn,814,265557.4437,2775912.405
Bn,815,269215.5393,2772990.551
Bn,816,262425.7504,2776309.085
Bn,817,264980.9043,2778422.495
Bn,818,263173.9722,2774301.914
Bn,819,269222.3184,2770704.064
Bn,820,268038.6679,2772306.86
Bn,821,267686.8587,2774803.643
Bn,822,267814.4027,2771212.182
Bn,823,267585.0553,2772535.039
Bn,824,264128.8513,2775188.363
Bn,825,264583.0183,2773572.996
Bn,826,269215.5607,2772991.819
Bn,827,272157.9898,2779925.238
Bn,828,265236.2405,2793882.953
Bn,829,263866.2195,2776607.872
Bn,830,267637.3406,2771896.654
Bn,831,267276.8069,2773021.586
Bn,832,267708.7058,2774820.392
Bn,833,264415.1177,2774686.889
Bn,834,265565.2581,2772604.682
Bn,835,268643.3045,2774442.632
Bn,836,269559.7864,2775450.347
Bn,837,264561.3179,2778377.747
Bn,838,269492.0473,2770757.423
Bn,839,268326.3573,2771967.797
Bn,840,264691.0652,2773184.314
Bn,841,262160.1067,2775559.728
Bn,842,269415.3546,2771917.226
Bn,843,265170.3762,2776194.915
Bn,844,267948.86,2771010.996
Bn,845,269323.2794,2771436.651
Bn,846,267336.8735,2774375.454
Bn,847,268903.6475,2771218.007
Bn,848,267731.0168,2774276.787
Bn,849,268465.7396,2770649.234
Bn,850,265451.905,2772507.284
Bn,851,264980.1264,2774449.908
Bn,852,263041.0924,2776270.889
Bn,853,269233.0432,2774889.406
Bn,854,262853.6573,2772799.085
Bn,855,265273.1983,2774519.897
Bn,856,266946.4061,2772390.363
Bn,857,263664.6898,2772177.092
Bn,858,269387.8111,2770742.696
Bn,859,266032.546,2773893.86
Bn,860,265895.5428,2772597.108
Bn,861,268020.0491,2770939.4
Bn,862,269339.5582,2771488.372
Bn,863,263551.2132,2775405.1
Bn,864,270971.3205,2779256.107
Bn,865,264573.8586,2777277.525
Bn,866,262054.4593,2775507.036
Bn,867,267797.335,2771929.441
Bn,868,267146.1477,2772947.088
Bn,869,268009.9302,2775009.089
Bn,870,264644.8679,2775281.96
Bn,871,266863.5651,2773311.67
Bn,872,269343.7011,2771505.634
Bn,873,267975.284,2773561.365
Bn,874,268410.4898,2773384.872
Bn,875,269076.6931,2773205.115
Bn,876,268652.568,2770764.857
Bn,877,269496.3985,2775572.322
Bn,878,264803.668,2777432.509
Bn,879,268732.5942,2771441.995
Bn,880,268525.4128,2772986.603
Bn,881,265403.9168,2774418.935
Bn,882,270916.2856,2778593.338
Bn,883,268085.8772,2774358.466
Bn,884,269490.6392,2770765.267
Bn,885,269499.4906,2770696.423
Bn,886,262431.5844,2774214.001
Bn,887,265076.3786,2774762.141
Bn,888,263402.9509,2776844.622
Bn,889,267113.5388,2771848.723
Bn,890,269164.6799,2771941.755
Bn,891,266713.2599,2773979.641
Bn,892,263318.6772,2774253.109
Bn,893,263502.5721,2773932.852
Bn,894,265023.5392,2777547.295
Bn,895,264005.7389,2775238.477
Bn,896,267607.6913,2775218.858
Bn,897,263791.698,2774796.179
Bn,898,267836.4662,2772056.443
Bn,899,267778.756,2771788.139
Bn,900,262701.9695,2776429.408
Bn,901,264300.202,2773830.476
Bn,902,265806.3402,2773053.938
Bn,903,262683.2624,2776504.773
Bn,904,265462.6559,2772639.842
Bn,905,262401.934,2775738.141
Bn,906,266804.4937,2773910.652
Bn,907,270757.9008,2778330.949
Bn,908,267949.3682,2771720.557
Bn,909,264617.3219,2773552.535
Bn,910,267803.4331,2774956.592
Bn,911,263857.3011,2776315.48
Bn,912,269238.0385,2770996.12
Bn,913,270038.5991,2777585.959
Bn,914,263009.9839,2776518.744
Bn,915,265087.2688,2774679.094
Bn,916,270942.8179,2779254.896
Bn,917,268920.0039,2771410.709
Bn,918,265702.9702,2772864.843
Bn,919,267385.0657,2770832.893
Bn,920,267317.5235,2773241.352
Bn,921,270772.9303,2778309.136
Bn,922,267147.3561,2774010.268
Bn,923,269266.1386,2774888.423
Bn,924,266436.8864,2774075.262
Bn,925,268760.6431,2770915.212
Bn,926,263418.8264,2772256.814
Bn,927,269402.2366,2771505.491
Bn,928,265161.9497,2772486.484
Bn,929,263394.4919,2775648.156
Bn,930,271084.2072,2777500.49
Bn,931,268483.9473,2770950.761
Bn,932,265382.9192,2778207.354
Bn,933,268632.633,2773132.743
Bn,934,264434.1316,2772532.85
Bn,935,268908.1335,2774892.374
Bn,936,269424.1505,2772118.722
Bn,937,270730.6699,2779182.165
Bn,938,266104.9788,2773087.919
Bn,939,267443.5766,2771509.34
Bn,940,269491.7554,2772701.168
Bn,941,268432.9918,2772986.48
Bn,942,269243.1316,2772162.999
Bn,943,271350.1612,2777841.818
Bn,944,265665.6561,2772889.58
Bn,945,265859.0858,2772582.092
Bn,946,269879.1959,2776034.456
Bn,947,264519.1264,2774243.738
Bn,948,265451.1078,2773401.623
Bn,949,268623.1107,2773116.206
Bn,950,267602.8562,2774935.28
Bn,951,269326.7031,2770636.353
Bn,952,267650.2362,2772563.52
Bn,953,266133.8523,2772211.281
Bn,954,268920.0039,2771410.709
Bn,955,265124.233,2773382.517
Bn,956,268636.0926,2773155.089
Bn,957,268638.2554,2773146.386
Bn,958,271259.3361,2778438.554
Bn,959,265088.4711,2774838.239
Bn,960,266997.8576,2774004.578
Bn,961,262619.6668,2776478.613
Bn,962,268346.4957,2771838.308
Bn,963,262708.4589,2776448.319
Bn,964,269492.1329,2770762.494
Bn,965,264744.2988,2777427.616
Bn,966,262315.4021,2775721.683
Bn,967,270935.8232,2778656.419
Bn,968,269171.22,2774649.069
Bn,969,269089.0924,2771343.592
Bn,970,265462.9809,2774091.979
Bn,971,265331.6899,2772458.833
Bn,972,267801.0452,2771649.523
Bn,973,269542.1461,2775545.55
Bn,974,271310.1352,2777475.557
Bn,975,267706.2684,2774180.189
Bn,976,267951.1206,2771098.676
Bn,977,268035.0649,2774495.03
Bn,978,268082.7284,2772452.168
Bn,979,271075.1571,2779022.277
Bn,980,267399.9694,2771165.126
Bn,981,269183.0645,2772209.036
Bn,982,268452.0518,2770841.389
Bn,983,262469.0017,2777111.363
Bn,984,269815.7119,2776970.836
Bn,985,267655.6284,2771070.517
Bn,986,263100.0161,2776338.351
Bn,987,265477.3325,2776626.329
Bn,988,263621.0517,2773792.557
Bn,989,263377.0912,2775887.739
Bn,990,269453.5467,2775633.71
Bn,991,269210.4286,2773007.124
Bn,992,270638.3923,2778274.413
Bn,993,265892.6392,2773056.262
Bn,994,262613.3168,2777086.229
Bn,995,268382.4389,2771505.425
Bn,996,268074.4604,2772328.234
Bn,997,271039.1094,2777519.849
Bn,998,263674.4285,2773983.985
Bn,999,263435.0661,2775767.515
Bn,1000,265681.0303,2776561.525
Bn,1001,262632.7627,2776876.624
Bn,1002,264638.6768,2772692.29
Bn,1003,264642.6542,2777426.836
Bn,1004,266210.9672,2772216.724
Bn,1005,263218.6484,2774346.796
Bn,1006,267072.5914,2771841.389
Bn,1007,267844.5195,2772846.621
Bn,1008,267838.1123,2771202.267
Bn,1009,268092.468,2774338.485
Bn,1010,266130.235,2777252.186
Bn,1011,263910.8255,2775271.616
Bn,1012,269011.8188,2770828.103
Bn,1013,269546.4003,2771969.334
Bn,1014,268280.2008,2771608.195
Bn,1015,265946.2219,2772408.539
Bn,1016,265360.7396,2774729.131
Bn,1017,265983.2679,2773041.601
Bn,1018,264189.1307,2773508.779
Bn,1019,268385.6486,2774234.791
Bn,1020,261864.1507,2775589.205
Bn,1021,267537.6917,2773100.207
Bn,1022,269334.7333,2771430.75
Bn,1023,267105.506,2772867.249
Bn,1024,265560.6296,2776410.772
Bn,1025,269885.2245,2776391.356
Bn,1026,268054.5248,2771517.757
Bn,1027,267969.2931,2773345.024
Bn,1028,264032.2443,2773610.839
Bn,1029,268177.2181,2772664.469
Bn,1030,270610.9465,2777650.706
Bn,1031,267367.576,2771614.63
Bn,1032,265535.208,2776946.835
Bn,1033,267174.266,2772970.07
Bn,1034,266295.0276,2773077.263
Bn,1035,266498.2495,2773161.291
Bn,1036,269319.8756,2770779.353
Bn,1037,270831.0126,2777231.874
Bn,1038,267772.8701,2771487.458
Bn,1039,271081.4919,2779307.306
Bn,1040,268631.7243,2773805.548
Bn,1041,268903.6475,2771218.007
Bn,1042,268573.8248,2770709.122
Bn,1043,263262.6608,2774397.819
Bn,1044,269195.5926,2774996.993
Bn,1045,263197.7808,2776824.091
Bn,1046,267963.8673,2773659.847
Bn,1047,267082.6555,2772115.155
Bn,1048,262709.6725,2772890.157
Bn,1049,268908.2334,2770988.383
Bn,1050,269209.0862,2773246.417
Bn,1051,267892.2968,2772304.91
Bn,1052,267968.1668,2773640.962
Bn,1053,268664.5235,2770788.539
Bn,1054,269300.8724,2771386.935
Bn,1055,270465.7027,2776615.759
Bn,1056,269062.7975,2774749.192
Bn,1057,268898.455,2771184.276
Bn,1058,268773.8145,2771056.183
Bn,1059,268520.7691,2773030.646
Bn,1060,271509.5621,2777339.471
Bn,1061,263436.4955,2776781.049
Bn,1062,265932.0743,2773289.787
Bn,1063,267662.0249,2774747.207
Bn,1064,262676.3122,2772920.541
Bn,1065,267488.4458,2772515.336
Bn,1066,264357.9692,2774009.147
Bn,1067,269075.4767,2774724.881
Bn,1068,266163.7053,2774581.322
Bn,1069,271507.598,2778873.605
Bn,1070,269141.8553,2774324.691
Bn,1071,262749.7418,2776519.68
Bn,1072,268823.8073,2771006.299
Bn,1073,270642.0226,2777804.481
Bn,1074,269497.8479,2772286.783
Bn,1075,268898.455,2771184.276
Bn,1076,268123.5138,2771090.04
Bn,1077,267587.938,2771709.375
Bn,1078,266491.5442,2772364.531
Bn,1079,268601.0258,2773085.509
Bn,1080,264697.1393,2773268.548
Bn,1081,265458.6575,2774422.643
Bn,1082,269036.8052,2770802.528
Bn,1083,269480.7916,2772599.262
Bn,1084,269261.7762,2770805.488
Bn,1085,267665.8798,2771491.816
Bn,1086,267861.266,2773016.066
Bn,1087,265464.4503,2772744.23
Bn,1088,269304.2172,2770901.155
Bn,1089,264275.4396,2773957.307
Bn,1090,265311.8256,2773318.834
Bn,1091,269135.2456,2774298.171
Bn,1092,264755.6213,2778617.471
Bn,1093,268056.0891,2771156.499
Bn,1094,268628.8549,2772546.679
Bn,1095,269333.0933,2771014.594
Bn,1096,269448.6264,2775524.938
Bn,1097,269109.8708,2771388.051
Bn,1098,265889.3903,2772597.637
Bn,1099,268617.5599,2773106.788
Bn,1100,270927.8789,2777681.091
Bn,1101,269181.2849,2771238.462
Bn,1102,265923.5553,2772613.749
Bn,1103,264537.8343,2776307.083
Bn,1104,267646.3576,2771883.395
Bn,1105,263080.7929,2776561.267
Bn,1106,262274.5647,2775676.103
Bn,1107,269036.2908,2773047.695
Bn,1108,265523.9001,2774410.107
Bn,1109,269193.924,2774716.534
Bn,1110,269289.3149,2770885.342
Bn,1111,263037.3454,2776409.619
Bn,1112,269145.5195,2771628.619
Bn,1113,268919.2339,2771410.723
Bn,1114,268392.1052,2772710.28
Bn,1115,270767.5831,2778265.896
Bn,1116,268495.0923,2773015.229
Bn,1117,262622.0241,2773031.825
Bn,1118,270916.5559,2778609.397
Bn,1119,262768.8057,2772880.25
Bn,1120,269192.6139,2774684.639
Bn,1121,262567.1733,2777045.18
Bn,1122,269359.612,2771398.836
Bn,1123,269030.5898,2774757.136
Bn,1124,263259.0885,2774945.984
Bn,1125,267715.8432,2774335.384
Bn,1126,265166.023,2777371.508
Bn,1127,267731.3944,2771132.216
Bn,1128,269351.5993,2771015.761
Bn,1129,268119.1569,2774187.112
Bn,1130,265631.5286,2776638.049
Bn,1131,269389.7235,2771494.288
Bn,1132,267650.0709,2771875.3
Bn,1133,264026.0263,2774008.123
Bn,1134,262669.1607,2776402.5
Bn,1135,265664.3633,2778232.733
Bn,1136,271197.5218,2777463.076
Bn,1137,271423.4924,2778128.468
Bn,1138,268987.1932,2774968.184
Bn,1139,267566.0106,2771642.955
Bn,1140,263100.0105,2776293.75
Bn,1141,271498.4587,2778879.465
Bn,1142,264825.6135,2773528.227
Bn,1143,268269.8247,2771586.811
Bn,1144,262524.031,2776116.285
Bn,1145,269302.9646,2771374.006
Bn,1146,264733.9778,2773171.737
Bn,1147,266335.1126,2774382.863
Bn,1148,268646.7101,2771237.366
Bn,1149,269879.9657,2776034.443
Bn,1150,269856.2607,2777274.522
Bn,1151,266178.2489,2772374.969
Bn,1152,268921.9419,2771070.162
Bn,1153,264967.8457,2773603.35
Bn,1154,267633.1519,2775041.083
Bn,1155,269556.6429,2775446.595
Bn,1156,269446.8486,2775601.906
Bn,1157,267928.1034,2772010.074
Bn,1158,265328.7096,2773315.373
Bn,1159,264893.7605,2772656.186
Bn,1160,268810.1494,2771336.9
Bn,1161,264713.4295,2773409.255
Bn,1162,267833.8212,2775113.123
Bn,1163,269318.0106,2771443.926
Bn,1164,264986.3794,2778427.474
Bn,1165,267123.3669,2774003.491
Bn,1166,270942.0332,2777835.997
Bn,1167,270441.3957,2777777.214
Bn,1168,269818.1522,2776112.848
Bn,1169,262397.8284,2776297.524
Bn,1170,264568.3063,2772720.561
Bn,1171,265657.8651,2776557.696
Bn,1172,269491.7584,2770740.307
Bn,1173,265914.2598,2772206.592
Bn,1174,264378.2297,2772729.972
Bn,1175,264715.4031,2773434.375
Bn,1176,269145.709,2771639.819
Bn,1177,269399.5221,2771435.997
Bn,1178,267989.688,2774317.405
Bn,1179,264843.1016,2777442.185
Bn,1180,269303.6145,2771640.319
Bn,1181,267854.7594,2772814.741
Bn,1182,272515.431,2780402.227
Bn,1183,266704.2887,2773995.436
Bn,1184,267760.1667,2774179.694
Bn,1185,271497.6899,2778375.156
Bn,1186,262285.4822,2774491.764
Bn,1187,265881.9443,2772881.851
Bn,1188,267164.6412,2773534.174
Bn,1189,263759.5325,2774806.459
Bn,1190,267895.5643,2773900.07
Bn,1191,265120.3878,2772443.445
Bn,1192,269110.4324,2770738.083
Bn,1193,269137.343,2774103.676
Bn,1194,267636.0129,2771909.147
Bn,1195,269228.2731,2770737.359
Bn,1196,264019.6989,2776222.408
Bn,1197,263027.109,2776440.87
Bn,1198,272154.6144,2779907.54
Bn,1199,264960.0254,2776454.519
Bn,1200,267713.418,2775006.53
Bn,1201,266019.4812,2773132.294
Bn,1202,265575.5533,2772890.071
Bn,1203,262622.3221,2776542.615
Bn,1204,269442.1225,2775459.101
Bn,1205,265948.4984,2772990.2
Bn,1206,268766.2747,2774019.708
Bn,1207,269264.2149,2770813.056
Bn,1208,269493.7907,2771544.95
Bn,1209,269518.9863,2775724.126
Bn,1210,270714.3399,2778258.549
Bn,1211,269325.8343,2772954.655
Bn,1212,266740.9264,2772445.026
Bn,1213,263161.6533,2772217.308
Bn,1214,269131.9108,2774737.875
Bn,1215,262883.8496,2776217.398
Bn,1216,267204.6624,2773938.691
Bn,1217,269388.967,2772588.977
Bn,1218,270712.8382,2778352.211
Bn,1219,268071.6302,2774426.347
Bn,1220,269394.4015,2775505.775
Bn,1221,269891.5073,2776398.648
Bn,1222,267401.1568,2773945.484
Bn,1223,268469.8821,2770938.951
Bn,1224,265502.3892,2772711.026
Bn,1225,267964.63,2773659.411
Bn,1226,269085.645,2773051.51
Bn,1227,271487.5375,2779100.104
Bn,1228,268636.0633,2773107.954
Bn,1229,262931.127,2772780.617
Bn,1230,269397.7832,2771469.845
Bn,1231,267229.2204,2772986.042
Bn,1232,269300.0966,2771432.181
Bn,1233,272515.431,2780402.227
Bn,1234,269355.9126,2770997.51
Bn,1235,268498.2188,2771247.281
Bn,1236,267648.9088,2771852.28
Bn,1237,269293.1664,2771432.298
Bn,1238,269336.8078,2771006.499
Bn,1239,262990.885,2776350.395
Bn,1240,268094.1856,2771131.967
Bn,1241,269334.6274,2771834.677
Bn,1242,264435.0462,2774369.48
Bn,1243,269352.1236,2771457.089
Bn,1244,269496.8384,2770721.832
Bn,1245,264829.5261,2773085.117
Bn,1246,268252.6942,2771575.9
Bn,1247,267500.9109,2771483.845
Bn,1248,265289.5439,2772426.583
Bn,1249,266935.4127,2772693.658
Bn,1250,266589.6859,2772608.678
Bn,1251,262730.144,2777913.859
Bn,1252,264870.8064,2778243.881
Bn,1253,266308.8805,2772492.157
Bn,1254,270803.4263,2777193.869
Bn,1255,269896.1763,2776675.04
Bn,1256,268773.1871,2770837.215
Bn,1257,265647.5395,2776584.084
Bn,1258,265901.954,2772566.772
Bn,1259,269241.9806,2770728.039
Bn,1260,269309.7819,2771868.493
Bn,1261,268920.0039,2771410.709
Bn,1262,268840.2555,2773250.337
Bn,1263,263941.474,2773617.06
Bn,1264,268526.003,2770977.948
Bn,1265,263830.818,2772296.603
Bn,1266,262315.4021,2775721.683
Bn,1267,267628.6529,2775093.369
Bn,1268,267610.1141,2771518.975
Bn,1269,272228.3215,2780126.127
Bn,1270,269527.9267,2772289.234
Bn,1271,268079.8836,2773915.534
Bn,1272,263080.5038,2776411.827
Bn,1273,269847.8671,2776504.436
Bn,1274,271092.6783,2779331.637
Bn,1275,264361.5199,2772520.576
Bn,1276,268093.7631,2773916.567
Bn,1277,270745.6651,2779249.761
Bn,1278,265467.8364,2774105.635
Bn,1279,263418.6981,2772249.418
Bn,1280,265543.1044,2772346.341
Bn,1281,267871.2518,2772561.872
Bn,1282,269319.886,2770916.742
Bn,1283,262706.0595,2775735.801
Bn,1284,269186.3046,2774448.435
Bn,1285,267078.8199,2772116.066
Bn,1286,267950.0411,2772892.384
Bn,1287,264620.5383,2778641.367
Bn,1288,269416.4316,2775670.059
Bn,1289,269490.7177,2770769.916
Bn,1290,268765.4924,2772565.288
Bn,1291,264834.4044,2773502.076
Bn,1292,268692.8505,2772414.545
Bn,1293,266488.7425,2772335.832
Bn,1294,264371.2963,2772729.88
Bn,1295,263240.5165,2772767.212
Bn,1296,263204.5099,2774242.198
Bn,1297,268514.5487,2773027.159
Bn,1298,270434.49,2778828.466
Bn,1299,269287.0815,2771208.985
Bn,1300,267450.5467,2773002.982
Bn,1301,263741.136,2772188.239
Bn,1302,269307.7933,2771431.84
Bn,1303,269485.5966,2771424.608
Bn,1304,264527.3067,2773557.894
Bn,1305,268704.1901,2773174.226
Bn,1306,265458.4641,2772261.555
Bn,1307,269320.4967,2771363.142
Bn,1308,265899.3382,2772593.873
Bn,1309,263038.7462,2772236.352
Bn,1310,267138.4049,2772944.683
Bn,1311,268842.7297,2771168.521
Bn,1312,265180.0418,2776844.941
Bn,1313,268270.853,2771602.013
Bn,1314,267928.803,2771643.545
Bn,1315,269145.7912,2771644.679
Bn,1316,269111.8772,2774737.158
Bn,1317,269554.3217,2775810.189
Bn,1318,269024.0255,2773051.074
Bn,1319,264408.646,2772395.05
Bn,1320,264869.5742,2778306.258
Bn,1321,265626.4962,2777061.52
Bn,1322,268473.0986,2775076.251
Bn,1323,264753.3643,2775723.343
Bn,1324,267226.0901,2772983.136
Bn,1325,267446.6927,2771511.401
Bn,1326,264638.8057,2777426.902
Bn,1327,264774.8101,2778569.58
Bn,1328,267913.1162,2771309.847
Bn,1329,265885.3381,2773259.094
Bn,1330,267496.2864,2771302.778
Bn,1331,267206.2887,2773943.736
Bn,1332,265503.6384,2773590.111
Bn,1333,262258.0145,2775610.23
Bn,1334,271008.7215,2779191.433
Bn,1335,267177.5906,2773480.688
Bn,1336,267626.4046,2775232.49
Bn,1337,269305.1259,2771638.603
Bn,1338,267648.1316,2771851.871
Bn,1339,264434.9837,2774633.279
Bn,1340,265494.7097,2773294.763
Bn,1341,261825.9056,2775648.003
Bn,1342,262749.6062,2776467.683
Bn,1343,265060.6506,2774296.33
Bn,1344,267659.4111,2774819.752
Bn,1345,264301.0924,2773837.436
Bn,1346,264269.3193,2778721.006
Bn,1347,267120.2188,2773999.529
Bn,1348,270872.4677,2778597.035
Bn,1349,262694.7905,2776503.516
Bn,1350,264114.5341,2778851.782
Bn,1351,267490.928,2774919.434
Bn,1352,264475.3267,2774204.756
Bn,1353,265321.4783,2775981.993
Bn,1354,269267.4339,2774737.483
Bn,1355,269364.6451,2770739.283
Bn,1356,269282.0254,2771411.138
Bn,1357,265497.2972,2772683.635
Bn,1358,269339.5582,2771488.372
Bn,1359,270973.7702,2777937.765
Bn,1360,269085.6692,2771323.359
Bn,1361,269324.1932,2771718.6
Bn,1362,269318.0106,2771443.926
Bn,1363,267727.4792,2774159.536
Bn,1364,262774.5472,2776529.183
Bn,1365,271638.4093,2777401.776
Bn,1366,268953.8082,2771178.054
Bn,1367,270016.1123,2775980.571
Bn,1368,268628.2099,2773098.998
Bn,1369,268605.4123,2773071.696
Bn,1370,271078.2146,2779295.525
Bn,1371,269470.6457,2770995.361
Bn,1372,269350.1164,2771019.168
Bn,1373,270133.9495,2776712.453
Bn,1374,268969.135,2774538.775
Bn,1375,268466.8449,2770941.539
Bn,1376,269319.8139,2771778.492
Bn,1377,267681.0825,2771479.931
Bn,1378,264830.5839,2773503.833
Bn,1379,269495.8819,2771668.776
Bn,1380,271236.5496,2778136.259
Bn,1381,269461.2617,2772355.039
Bn,1382,267216.9879,2772991.324
Bn,1383,268145.1574,2771593.367
Bn,1384,267529.7315,2772723.467
Bn,1385,269261.7762,2770805.488
Bn,1386,265067.8098,2773370.806
Bn,1387,268878.3196,2770995.864
Bn,1388,267541.272,2773129.526
Bn,1389,269226.3393,2770805.241
Bn,1390,269364.6291,2775566.519
Bn,1391,269008.7441,2773831.285
Bn,1392,269405.7654,2771486.408
Bn,1393,268051.862,2771225.055
Bn,1394,265689.14,2772866.771
Bn,1395,262943.6238,2776333.673
Bn,1396,263541.5352,2774802.841
Bn,1397,272189.7937,2779985.791
Bn,1398,268873.6569,2772403.449
Bn,1399,265791.4537,2773039.186
Bn,1400,269414.1229,2772117.835
Bn,1401,268640.9905,2771172.572
Bn,1402,270794.6991,2777681.641
Bn,1403,268206.021,2775128.983
Bn,1404,269472.7362,2772350.407
Bn,1405,264034.7843,2773624.112
Bn,1406,270452.5214,2777432.496
Bn,1407,269373.5182,2770899.772
Bn,1408,268562.1871,2774563.433
Bn,1409,265998.5581,2773887.891
Bn,1410,268897.9594,2771427.992
Bn,1411,269456.3338,2775570.886
Bn,1412,262567.1064,2776908.842
Bn,1413,267446.2741,2774919.984
Bn,1414,265313.5766,2775880.881
Bn,1415,267573.7934,2773862.853
Bn,1416,264372.4343,2774355.977
Bn,1417,269139.3848,2774315.222
Bn,1418,267289.1079,2773020.319
Bn,1419,266033.5014,2773410.855
Bn,1420,265596.192,2776598.073
Bn,1421,269299.0091,2770775.267
Bn,1422,267765.69,2772242.385
Bn,1423,269221.5447,2770703.866
Bn,1424,265476.7585,2772474.517
Bn,1425,268488.4057,2772984.272
Bn,1426,266556.213,2772813.014
Bn,1427,263063.2578,2776261.414
Bn,1428,271079.245,2777983.76
Bn,1429,264971.9049,2773660.14
Bn,1430,269246.7902,2770739.16
Bn,1431,269318.9795,2770726.315
Bn,1432,268516.8266,2770936.464
Bn,1433,267366.1312,2772117.295
Bn,1434,268086.251,2774380.442
Bn,1435,269523.1873,2775562.78
Bn,1436,266706.5116,2773990.325
Bn,1437,265847.9344,2773099.092
Bn,1438,265459.5567,2774116.769
Bn,1439,267457.8108,2774919.153
Bn,1440,267273.5217,2773009.594
Bn,1441,263000.7273,2776207.966
Bn,1442,267408.5123,2772073.242
Bn,1443,263419.597,2772212.411
Bn,1444,265497.6165,2778295.847
Bn,1445,264489.1427,2772596.37
Bn,1446,270984.0013,2779232.009
Bn,1447,265348.7253,2772598.469
Bn,1448,265732.7742,2773344.572
Bn,1449,267656.7701,2772087.825
Bn,1450,268840.9121,2771788.919
Bn,1451,269403.1085,2771739.461
Bn,1452,269554.561,2775186.858
Bn,1453,269320.5564,2770774.058
Bn,1454,270828.7845,2779340.095
Bn,1455,269128.6073,2774269.96
Bn,1456,268640.6616,2770971.355
Bn,1457,263266.9921,2776021.551
Bn,1458,265656.4346,2773428.742
Bn,1459,269378.3092,2771365.758
Bn,1460,265553.4319,2772768.066
Bn,1461,269060.7121,2772260.99
Bn,1462,263102.8018,2776587.095
Bn,1463,267819.7065,2772655.752
Bn,1464,268520.7655,2773030.435
Bn,1465,266638.6606,2774030.59
Bn,1466,271468.501,2778837.483
Bn,1467,268936.751,2771581.001
Bn,1468,268628.8974,2773094.125
Bn,1469,267133.458,2771029.741
Bn,1470,268573.6556,2771653.311
Bn,1471,270911.2465,2778751.314
Bn,1472,264669.326,2776341.379
Bn,1473,269070.9267,2771134.856
Bn,1474,265947.7253,2772855.357
Bn,1475,268592.9214,2773061.762
Bn,1476,265227.7411,2776932.051
Bn,1477,266721.3505,2773056.861
Bn,1478,269327.2519,2771352.67
Bn,1479,265581.3268,2776584.378
Bn,1480,268688.6098,2770846.257
Bn,1481,268855.8365,2770714.279
Bn,1482,269117.0804,2771814.259
Bn,1483,264451.053,2777433.319
Bn,1484,269415.2857,2771730.8
Bn,1485,267929.0159,2773376.78
Bn,1486,265424.8908,2772593.566
Bn,1487,263040.9324,2776527.294
Bn,1488,269337.8205,2771431.121
Bn,1489,269392.6976,2771533.553
Bn,1490,266122.5426,2773079.162
Bn,1491,267917.3306,2773368.947
Bn,1492,262775.4641,2776537.622
Bn,1493,266629.1636,2772755.329
Bn,1494,263092.8532,2776413.515
Bn,1495,269818.1522,2776112.848
Bn,1496,270614.8446,2779480.667
Bn,1497,265949.9214,2772893.578
Bn,1498,265959.8153,2772437.687
Bn,1499,271001.7438,2778044.669
Bn,1500,271093.5418,2779016.895
Bn,1501,266614.0641,2774033.336
Bn,1502,267630.6983,2775032.67
Bn,1503,268041.6759,2774612.017
Bn,1504,262766.4426,2772832.943
Bn,1505,264418.8319,2773609.229
Bn,1506,263036.641,2776546.182
Bn,1507,267186.5906,2770983.602
Bn,1508,264831.0576,2773531.304
Bn,1509,265444.1276,2773398.783
Bn,1510,267240.4999,2770892.639
Bn,1511,266264.7428,2773062.775
Bn,1512,263303.8407,2775616.122
Bn,1513,268580.7495,2773070.635
Bn,1514,264759.8279,2773152.268
Bn,1515,270884.2187,2777191.03
Bn,1516,269137.896,2771906.486
Bn,1517,269348.024,2771032.097
Bn,1518,268713.3099,2772258.419
Bn,1519,269136.8963,2774304.695
Bn,1520,269176.4748,2774777.492
Bn,1521,265976.6289,2773956.329
Bn,1522,262268.5345,2775639.428
Bn,1523,269966.1332,2776577.474
Bn,1524,264682.2762,2772719.44
Bn,1525,268708.0182,2773172.893
Bn,1526,262407.6769,2776597.3
Bn,1527,268617.2518,2771271.684
Bn,1528,268444.6252,2771311.812
Bn,1529,264936.363,2774502.238
Bn,1530,265036.4798,2776422.974
Bn,1531,268897.6849,2771184.289
Bn,1532,267538.6176,2772657.368
Bn,1533,267853.1045,2772808.005
Bn,1534,268889.3388,2771237.272
Bn,1535,265536.5009,2774023.286
Bn,1536,267095.2787,2772899.763
Bn,1537,268764.4953,2770778.813
Bn,1538,269144.3796,2774337.331
Bn,1539,268785.0428,2773128.045
Bn,1540,263434.5364,2772363.287
Bn,1541,269141.1768,2774193.654
Bn,1542,269243.4305,2770813.83
Bn,1543,268982.5751,2770693.111
Bn,1544,262612.1723,2773173.832
Bn,1545,268637.1875,2770948.163
Bn,1546,267537.4557,2772679.582
Bn,1547,268041.2415,2771687.924
Bn,1548,268810.9589,2773112.175
Bn,1549,267624.0424,2771658.454
Bn,1550,268938.9964,2774532.522
Bn,1551,268556.463,2774135.506
Bn,1552,268246.8753,2775312.603
Bn,1553,265459.801,2774399.584
Bn,1554,270396.0535,2777690.683
Bn,1555,268920.0039,2771410.709
Bn,1556,268901.7487,2771424.335
Bn,1557,269053.5625,2771383.296
Bn,1558,264343.9198,2772527.221
Bn,1559,263739.3638,2772219.343
Bn,1560,270204.4032,2777648.049
Bn,1561,267985.1318,2771105.708
Bn,1562,267352.4789,2771451.92
Bn,1563,268248.0893,2771486.146
Bn,1564,269848.9104,2776475.038
Bn,1565,269300.9264,2770888.739
Bn,1566,264353.107,2774351.661
Bn,1567,269179.7737,2772196.621
Bn,1568,267531.0158,2772708.438
Bn,1569,265775.8008,2773024.659
Bn,1570,270936.002,2779261.563
Bn,1571,266649.4065,2774028.503
Bn,1572,268252.7471,2771669.747
Bn,1573,265067.7483,2776405.524
Bn,1574,268422.1476,2775159.339
Bn,1575,268092.3926,2774334.047
Bn,1576,269545.0753,2770887.153
Bn,1577,269330.343,2771490.007
Bn,1578,264368.3016,2773581.989
Bn,1579,264738.9072,2777427.497
Bn,1580,267731.0016,2771742.872
Bn,1581,266856.5404,2773756.729
Bn,1582,269505.0565,2771983.982
Bn,1583,269291.6385,2773164.066
Bn,1584,268351.0081,2771831.89
Bn,1585,267891.2689,2771701.042
Bn,1586,267376.2937,2775060.895
Bn,1587,269214.2493,2771001.384
Bn,1588,267305.0903,2773370.289
Bn,1589,262713.4451,2772885.652
Bn,1590,264737.5703,2772486.819
Bn,1591,267242.3815,2772990.045
Bn,1592,265055.567,2776413.555
Bn,1593,264477.8414,2772566.338
Bn,1594,269402.523,2771704.806
Bn,1595,269108.1672,2771788.2
Bn,1596,269185.0865,2773876.068
Bn,1597,265598.5751,2776647.071
Bn,1598,269005.5922,2772280.734
Bn,1599,266631.7497,2774031.765
Bn,1600,269483.3044,2771425.704
Bn,1601,269874.4025,2777391.314
Bn,1602,269113.5313,2774061.805
Bn,1603,262255.5097,2775599.071
Bn,1604,265698.3043,2773086.443
Bn,1605,263650.5304,2774338.034
Bn,1606,263871.7713,2773594.592
Bn,1607,265508.6736,2772180.369
Bn,1608,265435.9362,2774802.875
Bn,1609,268452.1486,2770847.095
Bn,1610,265943.5406,2772880.794
Bn,1611,262927.7323,2776570.906
Bn,1612,263239.3201,2774251.105
Bn,1613,269115.3794,2774034.507
Bn,1614,268529.6558,2770875.372
Bn,1615,269806.9948,2776455.032
Bn,1616,269251.5965,2774757.197
Bn,1617,267237.733,2772988.433
Bn,1618,267963.2551,2775026.582
Bn,1619,267895.9267,2774192.812
Bn,1620,262752.0463,2773245.169
Bn,1621,265164.0196,2772472.497
Bn,1622,267465.9277,2771329.294
Bn,1623,268634.4553,2773103.965
Bn,1624,263903.4733,2776269.445
Bn,1625,270765.2509,2778355.978
Bn,1626,269347.8348,2771020.897
Bn,1627,264035.5251,2773933.977
Bn,1628,271006.0913,2779218.109
Bn,1629,263621.103,2773795.516
Bn,1630,269353.0002,2771007.494
Bn,1631,270618.8596,2778257.41
Bn,1632,267095.2787,2772899.763
Bn,1633,269484.6193,2775558.782
Bn,1634,267591.3932,2775256.549
Bn,1635,268215.5482,2771610.984
Bn,1636,265444.8624,2772456.041
Bn,1637,265634.1484,2776566.559
Bn,1638,266446.2698,2774083.556
Bn,1639,268918.6562,2770693.981
Bn,1640,265396.895,2775979.426
Bn,1641,269460.9693,2775617.309
Bn,1642,270470.2238,2776701.287
Bn,1643,270786.3208,2779241.256
Bn,1644,267095.2787,2772899.763
Bn,1645,262909.3222,2776220.971
Bn,1646,264807.9599,2773531.702
Bn,1647,263083.6621,2776460.601
Bn,1648,268090.9317,2772119.12
Bn,1649,267648.0896,2771577.935
Bn,1650,269340.3282,2771488.359
Bn,1651,263493.9874,2774503.509
Bn,1652,263063.3264,2776398.175
Bn,1653,268649.606,2770771.882
Bn,1654,269485.7231,2772526.468
Bn,1655,265373.9218,2773346.936
Bn,1656,270394.4466,2778508.284
Bn,1657,262632.5484,2773061.235
Bn,1658,269126.7208,2771519.026
Bn,1659,268711.5593,2772518.644
Bn,1660,263723.2359,2773556.158
Bn,1661,265629.3459,2772748.583
Bn,1662,269510.8481,2771505.981
Bn,1663,268871.3099,2773537.696
Bn,1664,264063.0514,2773922.509
Bn,1665,267052.3168,2772909.586
Bn,1666,267456.8432,2770705.482
Bn,1667,269319.705,2770951.621
Bn,1668,269340.6759,2773103.631
Bn,1669,270753.3756,2778336.521
Bn,1670,265777.1451,2772609.498
Bn,1671,264564.7955,2772740.279
Bn,1672,268744.3993,2772638.568
Bn,1673,271089.1695,2779031.553
Bn,1674,268597.8449,2773034.2
Bn,1675,269391.8469,2771437.606
Bn,1676,265578.6102,2776560.751
Bn,1677,268898.455,2771184.276
Bn,1678,265439.2113,2777408.23
Bn,1679,269061.4039,2770708.476
Bn,1680,271403.736,2778373.141
Bn,1681,270914.1279,2779196.83
Bn,1682,269335.2141,2771413.621
Bn,1683,265382.1208,2772569.782
Bn,1684,264669.625,2772700.423
Bn,1685,263436.659,2775903.615
Bn,1686,265399.4107,2773440.77
Bn,1687,262784.128,2773938.356
Bn,1688,265920.2434,2772600.278
Bn,1689,265452.8562,2772204.157
Bn,1690,265502.195,2776460.394
Bn,1691,268845.8118,2771759.879
Bn,1692,268835.4618,2771012.231
Bn,1693,269059.6824,2774747.131
Bn,1694,267649.6065,2772526.541
Bn,1695,271401.6371,2778064.791
Bn,1696,262990.885,2776350.395
Bn,1697,268633.6101,2773099.541
Bn,1698,268578.2956,2774015.288
Bn,1699,269346.524,2771353.613
Bn,1700,271364.6237,2777694.464
Bn,1701,263173.9722,2774301.914
Bn,1702,267162.4345,2772276.761
Bn,1703,270229.108,2777697.727
Bn,1704,263049.4864,2776266.515
Bn,1705,264452.8173,2774551.168
Bn,1706,263260.3487,2776348.247
Bn,1707,267954.2474,2771101.371
Bn,1708,269111.2179,2771376.614
Bn,1709,269281.4655,2770785.498
Bn,1710,267599.2206,2770607.519
Bn,1711,267877.4691,2772836.76
Bn,1712,263776.3155,2773597.091
Bn,1713,270821.3173,2779308.093
Bn,1714,267057.8291,2772916.678
Bn,1715,267781.3593,2772257.971
Bn,1716,269259.7961,2771235.233
Bn,1717,262890.3258,2772781.749
Bn,1718,265475.4844,2774102.544
Bn,1719,265253.2065,2772239.508
Bn,1720,268591.0636,2773814.693
Bn,1721,268868.6426,2773834.715
Bn,1722,269141.0604,2774323.225
Bn,1723,265262.5549,2772200.877
Bn,1724,269192.2436,2774799.208
Bn,1725,265533.8066,2773553.024
Bn,1726,267109.5601,2774277.242
Bn,1727,267825.3971,2772809.111
Bn,1728,262982.3105,2772534.741
Bn,1729,264834.2675,2772466.551
Bn,1730,266468.5005,2772008.128
Bn,1731,267966.062,2773653.046
Bn,1732,269011.3754,2778210.191
Bn,1733,265717.756,2772828.866
Bn,1734,268669.5452,2770766.683
Bn,1735,263189.7123,2776802.882
Bn,1736,270731.3678,2778263.969
Bn,1737,267125.6385,2772918.691
Bn,1738,262763.3215,2776503.59
Bn,1739,266176.8499,2772248.38
Bn,1740,264718.3617,2773471.948
Bn,1741,267808.6073,2771143.162
Bn,1742,268967.9025,2771146.111
Bn,1743,267650.2758,2772565.845
Bn,1744,265043.5755,2774601.427
Bn,1745,267442.7198,2770871.226
Bn,1746,269172.7019,2774691.106
Bn,1747,267547.8073,2772337.83
Bn,1748,268920.0039,2771410.709
Bn,1749,269038.2667,2774755.737
Bn,1750,270234.7278,2776296.682
Bn,1751,265371.6892,2772500.631
Bn,1752,265283.6622,2776781.433
Bn,1753,263962.2326,2773615.01
Bn,1754,269339.5582,2771488.372
Bn,1755,267097.9327,2772107.708
Bn,1756,266633.8565,2772444.32
Bn,1757,269295.8166,2771361.234
Bn,1758,265197.6242,2772545.477
Bn,1759,265611.235,2776890.569
Bn,1760,265179.2721,2776844.954
Bn,1761,267183.563,2772973.293
Bn,1762,269692.2875,2776137.169
Bn,1763,264487.2452,2773557.106
Bn,1764,266163.4721,2772411.578
Bn,1765,268731.6709,2773159.809
Bn,1766,268277.9865,2771160.129
Bn,1767,267835.4777,2771228.522
Bn,1768,265327.191,2776268.943
Bn,1769,267894.7552,2773309.513
Bn,1770,269149.7799,2774292.429
Bn,1771,268490.7262,2772984.866
Bn,1772,264936.2789,2772173.519
Bn,1773,268946.0979,2773042.67
Bn,1774,265823.6708,2773076.469
Bn,1775,268470.9675,2770957.533
Bn,1776,270243.8167,2776835.518
Bn,1777,268897.1672,2771108.205
Bn,1778,267863.6154,2773018.351
Bn,1779,272903.3818,2779988.231
Bn,1780,269326.0366,2770642.494
Bn,1781,263092.1318,2776593.411
Bn,1782,269319.1061,2771827.752
Bn,1783,271365.0398,2778177.642
Bn,1784,268394.7807,2771506.484
Bn,1785,268898.455,2771184.276
Bn,1786,262595.1826,2772905.677
Bn,1787,263450.8089,2772368.923
Bn,1788,268920.0039,2771410.709
Bn,1789,268044.0757,2772307.825
Bn,1790,264698.1106,2778630.725
Bn,1791,265789.0967,2773036.479
Bn,1792,268498.9886,2773017.911
Bn,1793,267821.6492,2772679.393
Bn,1794,268551.1371,2773050.211
Bn,1795,264007.9277,2775231.464
Bn,1796,265819.2171,2772951.624
Bn,1797,270634.03,2779568.484
Bn,1798,264816.4541,2777459.555
Bn,1799,271344.1997,2778861.765
Bn,1800,270159.8422,2776330.496
Bn,1801,271226.4202,2778449.675
Bn,1802,268577.4611,2774011.498
Bn,1803,266770.119,2773251.546
Bn,1804,265982.8857,2772435.6
Bn,1805,263946.8488,2773616.122
Bn,1806,264610.6368,2774191.428
Bn,1807,265068.12,2774819.144
Bn,1808,269380.1259,2772111.434
Bn,1809,265454.9679,2773357.379
Bn,1810,269612.72,2775529.772
Bn,1811,268897.6849,2771184.289
Bn,1812,262256.1498,2775547.483
Bn,1813,269146.0072,2771611.913
Bn,1814,264415.2821,2774696.398
Bn,1815,267776.743,2772258.261
Bn,1816,268513.7715,2770937.996
Bn,1817,269093.2487,2771088.4
Bn,1818,267487.8444,2770445.18
Bn,1819,267883.5208,2772830.316
Bn,1820,268609.3404,2770895.793
Bn,1821,263075.2097,2775310.214
Bn,1822,269290.8171,2771430.013
Bn,1823,263361.3241,2775644.928
Bn,1824,267769.2397,2771726.792
Bn,1825,268888.2337,2770989.989
Bn,1826,268044.3741,2771419.008
Bn,1827,263055.9292,2776238.501
Bn,1828,270928.5624,2778636.673
Bn,1829,270098.5554,2776348.862
Bn,1830,264482.945,2774155.374
Bn,1831,265044.2608,2774507.142
Bn,1832,265168.135,2772487.857
Bn,1833,262741.0781,2773367.326
Bn,1834,270339.3038,2776745.133
Bn,1835,270064.1525,2776363.393
Bn,1836,264623.1862,2772687.273
Bn,1837,268580.2968,2770954.623
Bn,1838,269443.5667,2771444.341
Bn,1839,268053.3442,2772309.358
Bn,1840,262410.5801,2776366.422
Bn,1841,269493.9722,2770734.562
Bn,1842,269852.1192,2776528.248
Bn,1843,268257.3471,2775294.459
Bn,1844,267539.7367,2774259.333
Bn,1845,268480.8993,2770952.715
Bn,1846,270036.9832,2775848.536
Bn,1847,263763.8377,2775721.226
Bn,1848,268888.0505,2771570.623
Bn,1849,268354.0219,2774367.646
Bn,1850,265403.3824,2772596.895
Bn,1851,262791.4,2773648.006
Bn,1852,262907.7164,2776217.194
Bn,1853,263884.4402,2774059.402
Bn,1854,267724.8645,2774774.46
Bn,1855,269119.5756,2774737.028
Bn,1856,265461.494,2772751.468
Bn,1857,268368.4026,2771812.995
Bn,1858,263114.3722,2776632.552
Bn,1859,267912.4847,2772540.879
Bn,1860,265074.4765,2772818.791
Bn,1861,267198.7898,2773910.468
Bn,1862,269389.5019,2771754.698
Bn,1863,271156.8606,2777471.58
Bn,1864,266955.0527,2772400.572
Bn,1865,268161.2706,2771499.034
Bn,1866,264658.8746,2772702.299
Bn,1867,267537.3585,2772673.877
Bn,1868,262459.6592,2774101.481
Bn,1869,266088.1814,2773096.45
Bn,1870,263703.2275,2774756.916
Bn,1871,270457.1786,2777434.742
Bn,1872,268067.5942,2773917.434
Bn,1873,269191.7045,2774676.411
Bn,1874,269493.806,2770861.597
Bn,1875,263219.0647,2776055.148
Bn,1876,268182.7802,2772674.52
Bn,1877,269394.1605,2771437.778
Bn,1878,270317.888,2778259.738
Bn,1879,264705.6145,2778663.993
Bn,1880,265858.0781,2772254.058
Bn,1881,265445.4977,2772134.53
Bn,1882,262720.1117,2776498.424
Bn,1883,270775.8681,2778757.821
Bn,1884,269320.8848,2770793.498
Bn,1885,264662.0218,2778636.211
Bn,1886,267830.2014,2774538.889
Bn,1887,264583.0183,2773572.996
Bn,1888,265877.4999,2772577.972
Bn,1889,269038.0255,2771785.16
Bn,1890,263050.3548,2776493.521
Bn,1891,269671.5646,2775958.913
Bn,1892,268752.1006,2771274.895
Bn,1893,269126.8851,2774259.209
Bn,1894,268411.241,2773973.314
Bn,1895,267853.1403,2770591.151
Bn,1896,263080.1024,2776610.108
Bn,1897,269206.753,2770922.459
Bn,1898,267911.8117,2773361.432
Bn,1899,264853.4363,2773533.877
Bn,1900,267634.515,2775030.703
Bn,1901,271378.777,2777895.447
Bn,1902,265518.8012,2773665.733
Bn,1903,265000.815,2772834.856
Bn,1904,265338.4065,2772177.589
Bn,1905,266726.2253,2774062.277
Bn,1906,269492.4982,2771422.801
Bn,1907,264622.9548,2778469.476
Bn,1908,270650.1947,2777923.977
Bn,1909,269015.2218,2774759.087
Bn,1910,266861.4994,2773776.513
Bn,1911,265556.1755,2777270.301
Bn,1912,267545.7227,2770496.614
Bn,1913,265936.2317,2772813.914
Bn,1914,265281.2879,2772394.385
Bn,1915,269415.7256,2771483.281
Bn,1916,270885.802,2778062.895
Bn,1917,265492.3889,2773742.071
Bn,1918,267766.5846,2774872.883
Bn,1919,262553.9287,2776903.787
Bn,1920,264952.3771,2777528.231
Bn,1921,271138.5093,2777479.075
Bn,1922,269303.9132,2771384.559
Bn,1923,265809.1733,2775774.276
Bn,1924,264516.9627,2774252.231
Bn,1925,268902.2129,2771315.261
Bn,1926,266331.1559,2774196.922
Bn,1927,269526.1835,2775466.768
Bn,1928,269495.889,2771669.199
Bn,1929,267621.3438,2771002.194
Bn,1930,267691.2146,2772075.19
Bn,1931,270559.7377,2777764.228
Bn,1932,268627.3545,2774909.396
Bn,1933,271233.6105,2778190.418
Bn,1934,268567.191,2773043.175
Bn,1935,271226.3322,2778169.615
Bn,1936,262626.3256,2773190.496
Bn,1937,268563.6849,2772609.504
Bn,1938,270990.5227,2778064.092
Bn,1939,268977.7438,2773046.784
Bn,1940,268849.9866,2774415.03
Bn,1941,265678.681,2776559.24
Bn,1942,264452.7552,2774547.576
Bn,1943,267525.4259,2771521.262
Bn,1944,270622.7113,2778257.557
Bn,1945,268601.405,2773062.463
Bn,1946,267247.818,2772992.7
Bn,1947,265157.3288,2772441.752
Bn,1948,265211.1148,2772434.274
Bn,1949,263616.0432,2773814.627
Bn,1950,265988.0108,2773048.707
Bn,1951,269274.1851,2770764.907
Bn,1952,269343.3011,2771481.968
Bn,1953,267651.6762,2770566.677
Bn,1954,264353.7179,2772514.792
Bn,1955,265450.2088,2772498.224
Bn,1956,269328.154,2770631.045
Bn,1957,263297.0606,2776511.216
Bn,1958,263062.3938,2776521.637
Bn,1959,261981.0893,2775582.934
Bn,1960,269060.377,2771786.05
Bn,1961,269435.3187,2771503.241
Bn,1962,265160.086,2772467.704
Bn,1963,265692.1618,2772863.337
Bn,1964,263572.8696,2773545.447
Bn,1965,268109.1753,2771152.849
Bn,1966,268337.4011,2771483.995
Bn,1967,269339.5582,2771488.372
Bn,1968,269146.6879,2771606.617
Bn,1969,269883.3018,2776323.117
Bn,1970,268253.7235,2771500.423
Bn,1971,269093.5542,2771060.917
Bn,1972,265608.3609,2772020.126
Bn,1973,269585.804,2771155.325
Bn,1974,271233.3183,2778127.224
Bn,1975,268909.1353,2770723.1
Bn,1976,268293.9597,2771284.354
Bn,1977,265403.0253,2775798.806
Bn,1978,268430.1766,2771504.404
Bn,1979,264967.1392,2773562.355
Bn,1980,268775.091,2773131.595
Bn,1981,268922.4409,2771509.166
Bn,1982,269028.8779,2770834.79
Bn,1983,262593.9338,2773143.711
Bn,1984,267720.1775,2774273.379
Bn,1985,268823.4833,2770896.181
Bn,1986,267731.545,2774217.383
Bn,1987,268590.0618,2771576.094
Bn,1988,267811.1273,2771653.579
Bn,1989,263091.3016,2776634.222
Bn,1990,268293.3225,2771836.674
Bn,1991,262297.6338,2775718.399
Bn,1992,265384.2071,2773362.823
Bn,1993,268877.4691,2773537.592
Bn,1994,263111.2926,2776366.902
Bn,1995,268354.5519,2772675.83
Bn,1996,268095.8744,2771276.727
Bn,1997,269606.7206,2771299.336
Bn,1998,263036.641,2776546.182
Bn,1999,269851.3102,2776525.937
Bn,2000,268906.1236,2771000.255
Bn,2001,266679.3416,2774022.707
Bn,2002,267666.0334,2774169.038
Bn,2003,270557.0827,2778246.192
Bn,2004,265029.0507,2774473.584
Bn,2005,268460.7654,2770764.726
Bn,2006,268396.9795,2773904.438
Bn,2007,269885.266,2776348.236
Bn,2008,268640.7584,2770931.616
Bn,2009,267717.4246,2774202.193
Bn,2010,268661.9198,2770771.251
Bn,2011,269331.8292,2771350.057
Bn,2012,269939.5573,2776006.804
Bn,2013,269490.8216,2770821.699
Bn,2014,264611.4177,2774192.049
Bn,2015,267758.3882,2774753.386
Bn,2016,267891.2689,2771701.042
Bn,2017,267635.5756,2770978.489
Bn,2018,265455.8018,2772241.097
Bn,2019,262711.7819,2776373.855
Bn,2020,267599.3913,2771522.539
Bn,2021,264480.0079,2772736.458
Bn,2022,269221.5447,2770703.866
Bn,2023,268321.7876,2771970.834
Bn,2024,263080.1542,2776214.617
Bn,2025,268791.6685,2770836.902
Bn,2026,262708.7286,2776375.388
Bn,2027,262272.8444,2775665.776
Bn,2028,265101.2474,2772450.115
Bn,2029,262729.6885,2776429.348
Bn,2030,269879.4044,2776365.879
Bn,2031,262744.3894,2773380.585
Bn,2032,269365.1128,2771405.295
Bn,2033,262242.4144,2773169.914
Bn,2034,269490.7512,2771410.571
Bn,2035,263106.2642,2776299.137
Bn,2036,264516.2622,2774256.259
Bn,2037,269295.9681,2770777.644
Bn,2038,268822.9515,2771774.428
Bn,2039,265318.3791,2772490.979
Bn,2040,270747.361,2778345.077
Bn,2041,263733.561,2772907.263
Bn,2042,267770.6696,2774751.063
Bn,2043,268920.0039,2771410.709
Bn,2044,268208.3686,2773183.276
Bn,2045,271663.9491,2777271.992
Bn,2046,267698.5037,2771643.658
Bn,2047,265121.7757,2775742.987
Bn,2048,263535.472,2772187.574
Bn,2049,267695.9311,2771628.272
Bn,2050,264443.375,2774584.094
Bn,2051,269479.6646,2772578.144
Bn,2052,270193.9382,2778259.505
Bn,2053,271573.6894,2777398.846
Bn,2054,269090.1823,2773046.572
Bn,2055,269362.6722,2771169.661
Bn,2056,269415.3,2771731.645
Bn,2057,263652.5983,2774324.047
Bn,2058,264546.7446,2773523.949
Bn,2059,266459.1544,2772362.126
Bn,2060,269017.0353,2773047.599
Bn,2061,268104.9586,2772627.227
Bn,2062,267765.0456,2771616.105
Bn,2063,269126.9924,2774265.548
Bn,2064,262626.4574,2776956.636
Bn,2065,263087.2009,2776575.53
Bn,2066,267588.3935,2775622.485
Bn,2067,267748.758,2775001.7
Bn,2068,267369.9452,2770849.638
Bn,2069,269382.1163,2773003.798
Bn,2070,264687.9014,2775276.778
Bn,2071,264475.936,2774195.445
Bn,2072,268690.1535,2770846.443
Bn,2073,268456.6697,2771295.333
Bn,2074,263466.892,2774761.649
Bn,2075,264968.6062,2773558.102
Bn,2076,265681.0303,2776561.525
Bn,2077,263480.6845,2775955.695
Bn,2078,262977.9495,2772815.738
Bn,2079,263689.5208,2773877.19
Bn,2080,268532.6895,2772144.383
Bn,2081,262951.3375,2776290.206
Bn,2082,268809.2645,2770875.285
Bn,2083,271005.7521,2777550.635
Bn,2084,268077.5462,2771150.005
Bn,2085,265354.4817,2772574.908
Bn,2086,269380.8806,2770742.813
Bn,2087,268028.2117,2772597.883
Bn,2088,264779.6991,2778629.738
Bn,2089,267923.7567,2771709.156
Bn,2090,265256.4747,2772429.477
Bn,2091,267206.2522,2773445.322
Bn,2092,267599.5968,2775195.746
Bn,2093,269897.977,2776462.583
Bn,2094,269342.7933,2770676.875
Bn,2095,266568.5148,2774071.74
Bn,2096,269300.3623,2771721.328
Bn,2097,269251.5953,2770841.17
Bn,2098,267411.4497,2772155.204
Bn,2099,263587.1126,2773833.941
Bn,2100,265806.4245,2773013.987
Bn,2101,264849.497,2773618.072
Bn,2102,269118.6268,2773043.554
Bn,2103,269332.6969,2771401.404
Bn,2104,267995.7373,2771865.615
Bn,2105,263804.6281,2774786.865
Bn,2106,268926.1191,2774136.211
Bn,2107,262865.3023,2772804.379
Bn,2108,267756.2978,2774992.271
Bn,2109,264441.2224,2774593.221
Bn,2110,264223.4673,2778740.612
Bn,2111,270573.1938,2778425.584
Bn,2112,268793.2086,2770836.876
Bn,2113,265913.2687,2772193.715
Bn,2114,267748.189,2772254.942
Bn,2115,271779.2727,2779282.691
Bn,2116,268583.5348,2770736.646
Bn,2117,267264.2358,2773413.261
Bn,2118,264059.7823,2773600.005
Bn,2119,266510.1995,2772734.537
Bn,2120,265994.5514,2775179.877
Bn,2121,269392.8168,2771449.426
Bn,2122,263150.3431,2775246.763
Bn,2123,262721.4696,2775780.556
Bn,2124,267891.3839,2771707.804
Bn,2125,267147.3561,2774010.268
Bn,2126,269479.8467,2772588.921
Bn,2127,268088.8912,2774399.843
Bn,2128,268724.7658,2770616.098
Bn,2129,270693.1377,2778370.932
Bn,2130,265669.495,2776562.358
Bn,2131,263588.8622,2772335.036
Bn,2132,264118.9164,2773590.316
Bn,2133,269138.0639,2774282.693
Bn,2134,268484.3124,2770926.87
Bn,2135,263887.7139,2774782.044
Bn,2136,267538.2473,2772680.837
Bn,2137,263656.8769,2774304.315
Bn,2138,267522.8202,2771006.408
Bn,2139,265564.6522,2774719.915
Bn,2140,267649.6476,2771578.965
Bn,2141,264280.9277,2772581.364
Bn,2142,263123.2254,2776654.593
Bn,2143,268898.455,2771184.276
Bn,2144,262219.5899,2775394.025
Bn,2145,267337.6858,2773249.463
Bn,2146,268898.455,2771184.276
Bn,2147,265060.4426,2774507.709
Bn,2148,264692.8529,2773198.657
Bn,2149,265429.549,2776087.088
Bn,2150,269358.8867,2771036.775
Bn,2151,266887.6868,2773776.699
Bn,2152,262607.9743,2772667.019
Bn,2153,268912.3963,2771097.801
Bn,2154,268898.455,2771184.276
Bn,2155,263081.1023,2776269.136
Bn,2156,269480.2314,2771426.179
Bn,2157,269893.8421,2776673.599
Bn,2158,268631.777,2773127.684
Bn,2159,268283.7579,2771500.125
Bn,2160,262461.8327,2774093.622
Bn,2161,264498.5586,2774256.776
Bn,2162,268497.2883,2771919.029
Bn,2163,269330.4035,2770627.413
Bn,2164,270616.4933,2778299.724
Bn,2165,263259.0775,2774945.35
Bn,2166,263760.8655,2776881.953
Bn,2167,264372.4525,2774357.034
Bn,2168,266507.8571,2772732.674
Bn,2169,268924.3288,2771484.193
Bn,2170,269296.0645,2770783.349
Bn,2171,269491.4414,2770767.156
Bn,2172,269497.1751,2775709.276
Bn,2173,269375.4366,2770739.734
Bn,2174,264975.7015,2774416.587
Bn,2175,269297.2852,2771356.981
Bn,2176,268635.3459,2771612.105
Bn,2177,263693.03,2773679.703
Bn,2178,267218.54,2771276.229
Bn,2179,269146.848,2770978.428
Bn,2180,269098.1007,2770737.658
Bn,2181,266158.5592,2774595.573
Bn,2182,269414.6693,2771739.899
Bn,2183,267914.744,2771677.392
Bn,2184,268811.385,2770864.047
Bn,2185,267811.48,2771085.621
Bn,2186,264726.0691,2773427.638
Bn,2187,266671.6428,2774022.839
Bn,2188,265044.3448,2774288.578
Bn,2189,263076.9425,2776605.512
Bn,2190,270841.3795,2779310.925
Bn,2191,265468.7725,2774876.291
Bn,2192,271545.435,2778697.112
Bn,2193,266969.8699,2772411.31
Bn,2194,265467.6655,2774901.464
Bn,2195,267077.7936,2772913.167
Bn,2196,265338.0324,2773320.075
Bn,2197,265233.0577,2777017.143
Bn,2198,267180.7934,2772991.518
Bn,2199,267608.3818,2775214.196
Bn,2200,264436.8953,2774610.206
Bn,2201,271430.7845,2778150.117
Bn,2202,268784.7487,2770837.654
Bn,2203,262990.9188,2772852.927
Bn,2204,267939.576,2771642.94
Bn,2205,270974.6614,2777578.847
Bn,2206,271055.3156,2779215.59
Bn,2207,268423.0877,2776120.849
Bn,2208,267982.8784,2772558.917
Bn,2209,264705.8768,2772212.155
Bn,2210,268371.6055,2771865.571
Bn,2211,267238.0441,2775172.112
Bn,2212,264650.5102,2778638.313
Bn,2213,262963.5367,2772828.46
Bn,2214,270923.0912,2778586.037
Bn,2215,268836.6476,2770991.285
Bn,2216,267906.1052,2772799.705
Bn,2217,269512.5687,2771425.421
Bn,2218,264840.304,2773531.567
Bn,2219,267566.5337,2772623.285
Bn,2220,265717.4772,2773036.863
Bn,2221,269067.3661,2771152.037
Bn,2222,268967.6718,2775451.917
Bn,2223,267167.9879,2771021.966
Bn,2224,263232.7739,2776046.454
Bn,2225,269498.2851,2772677.384
Bn,2226,262739.3875,2773358.688
Bn,2227,265352.7174,2774710.456
Bn,2228,271196.7741,2778014.123
Bn,2229,264503.3419,2774221.605
Bn,2230,264498.8232,2773558.597
Bn,2231,268481.1151,2773008.491
Bn,2232,269302.8524,2771777.51
Bn,2233,270783.7183,2778355.456
Bn,2234,270343.0598,2776739.574
Bn,2235,269326.513,2771445.685
Bn,2236,262656.3232,2773940.579
Bn,2237,265682.9223,2776581.996
Bn,2238,271324.8432,2778030.36
Bn,2239,263031.1909,2776409.937
Bn,2240,270506.6268,2779180.235
Bn,2241,268920.0039,2771410.709
Bn,2242,269890.2855,2776417.48
Bn,2243,267332.9289,2773963.769
Bn,2244,267558.8032,2771536.335
Bn,2245,265850.7752,2772905.637
Bn,2246,267650.3445,2771846.126
Bn,2247,264895.3897,2778419.11
Bn,2248,262393.2308,2776210.515
Bn,2249,265710.2814,2776605.833
Bn,2250,265661.5572,2771978.206
Bn,2251,269174.8779,2774774.138
Bn,2252,267689.4374,2772016.037
Bn,2253,268685.2153,2772418.479
Bn,2254,268071.6159,2774425.501
Bn,2255,265105.0245,2772445.823
Bn,2256,267273.8606,2773435.713
Bn,2257,267609.7216,2770545.62
Bn,2258,265358.2952,2772572.729
Bn,2259,262877.3099,2772254.376
Bn,2260,262764.6687,2773882.256
Bn,2261,267815.5952,2771146.425
Bn,2262,265430.1199,2773390.358
Bn,2263,267704.9939,2772432.172
Bn,2264,263998.7021,2773675.255
Bn,2265,267945.6634,2771955.664
Bn,2266,269403.6175,2771404.856
Bn,2267,268636.658,2772507.232
Bn,2268,262194.8705,2775389.594
Bn,2269,268633.8594,2771433.523
Bn,2270,266811.3328,2773815.206
Bn,2271,267804.561,2771629.806
Bn,2272,269026.4504,2771783.876
Bn,2273,267911.4359,2775013.303
Bn,2274,267543.9358,2772336.628
Bn,2275,269122.2824,2774760.444
Bn,2276,267772.3548,2772543.475
Bn,2277,270293.3937,2778404.938
Bn,2278,268544.949,2773048.625
Bn,2279,269024.6237,2770810.977
Bn,2280,263054.8344,2776264.097
Bn,2281,269221.5447,2770703.866
Bn,2282,268903.6475,2771218.007
Bn,2283,265374.1089,2772596.553
Bn,2284,264569.0286,2773521.028
Bn,2285,270791.3469,2778351.311
Bn,2286,262193.9972,2775560.193
Bn,2287,262303.3549,2774412.608
Bn,2288,265363.9358,2772587.216
Bn,2289,267950.8514,2773619.062
Bn,2290,268817.693,2770827.162
Bn,2291,271029.1747,2777524.243
Bn,2292,262690.5854,2776394.728
Bn,2293,262802.598,2776282.86
Bn,2294,265559.5942,2778273.642
Bn,2295,269298.8734,2770767.238
Bn,2296,268651.9564,2773136.854
Bn,2297,267941.6131,2772578.008
Bn,2298,262305.5614,2774406.651
Bn,2299,266993.3833,2771803.638
Bn,2300,262575.894,2776927.078
Bn,2301,268650.4028,2773181.479
Bn,2302,266517.052,2774079.596
Bn,2303,269376.6692,2771359.867
Bn,2304,267469.5818,2772944.953
Bn,2305,269372.0607,2771542.99
Bn,2306,264414.9902,2784903.414
Bn,2307,263044.4981,2776201.075
Bn,2308,264887.8848,2772672.775
Bn,2309,267678.792,2774917.71
Bn,2310,263692.6069,2773744.18
Bn,2311,269541.1368,2775212.661
Bn,2312,267095.2787,2772899.763
Bn,2313,262256.3458,2775602.861
Bn,2314,262635.815,2773204.704
Bn,2315,266021.886,2773811.184
Bn,2316,265681.7745,2773872.616
Bn,2317,270930.9886,2778643.607
Bn,2318,265259.4748,2776941.65
Bn,2319,267639.4569,2772608.937
Bn,2320,263073.8142,2776248.548
Bn,2321,267734.5926,2774260.662
Bn,2322,262721.9867,2776473.449
Bn,2323,268763.694,2771277.235
Bn,2324,266644.0318,2774029.441
Bn,2325,265884.7217,2774389.533
Bn,2326,265529.3473,2774413.395
Bn,2327,268574.201,2770685.865
Bn,2328,269886.8924,2776398.937
Bn,2329,268607.3608,2773095.759
Bn,2330,269142.7243,2774739.806
Bn,2331,266301.1192,2772488.696
Bn,2332,265032.1725,2772509.01
Bn,2333,268863.6555,2771449.076
Bn,2334,262676.3767,2772968.523
Bn,2335,267825.4279,2772584.634
Bn,2336,270940.1739,2777817.005
Bn,2337,263677.9489,2773431.596
Bn,2338,269147.5405,2771702.564
Bn,2339,268469.0381,2770616.627
Bn,2340,263283.0318,2774284.801
Bn,2341,268311.1642,2772297.792
Bn,2342,269129.4447,2771361.299
Bn,2343,270970.3091,2779241.751
Bn,2344,265466.3839,2774110.733
Bn,2345,268889.0833,2771495.146
Bn,2346,269342.4763,2771433.156
Bn,2347,263050.9394,2776217.239
Bn,2348,263036.9715,2776255.319
Bn,2349,267807.6806,2771632.078
Bn,2350,268496.5881,2772967.223
Bn,2351,263464.9688,2776957.478
Bn,2352,267712.5186,2774998.936
Bn,2353,262721.4696,2775780.556
Bn,2354,268898.455,2771184.276
Bn,2355,266607.2794,2772601.613
Bn,2356,268912.3963,2771097.801
Bn,2357,270625.3302,2779280.747
Bn,2358,265265.1071,2776821.703
Bn,2359,268072.717,2774399.695
Bn,2360,262416.4661,2776394.856
Bn,2361,265046.3145,2772480.442
Bn,2362,269294.2582,2771223.448
Bn,2363,269472.4741,2771422.928
Bn,2364,267439.3129,2771530.339
Bn,2365,264692.7764,2773194.22
Bn,2366,269124.4252,2774250.373
Bn,2367,265039.8388,2772596.387
Bn,2368,269462.1278,2772862.097
Bn,2369,267989.5802,2775035.012
Bn,2370,267691.2146,2772075.19
Bn,2371,268777.3934,2774039.6
Bn,2372,266463.9663,2774082.619
Bn,2373,267350.7473,2775098.11
Bn,2374,267046.4533,2774054.266
Bn,2375,263587.2118,2773573.1
Bn,2376,267257.8993,2772996.755
Bn,2377,267583.483,2772533.163
Bn,2378,266865.1182,2773717.901
Bn,2379,265637.1277,2773784.183
Bn,2380,264101.1349,2773942.565
Bn,2381,268382.4425,2771505.636
Bn,2382,263076.0237,2776552.684
Bn,2383,269461.7506,2771198.425
Bn,2384,265220.8087,2772236.683
Bn,2385,269286.917,2771427.12
Bn,2386,263413.7112,2775868.079
Bn,2387,269662.2266,2777182.475
Bn,2388,267131.6558,2772955.367
Bn,2389,267963.4279,2773407.689
Bn,2390,269307.4125,2771454.885
Bn,2391,269171.1838,2775010.722
Bn,2392,263455.1268,2772706.841
Bn,2393,270608.7023,2779527.271
Bn,2394,265453.5063,2772241.982
Bn,2395,262751.1874,2773948.441
Bn,2396,267986.6196,2773910.78
Bn,2397,270550.792,2779197.245
Bn,2398,267355.8511,2775081.324
Bn,2399,265376.2545,2776032.837
Bn,2400,270789.1921,2778314.781
Bn,2401,267520.7849,2770524.94
Bn,2402,265824.4516,2773077.09
Bn,2403,265419.1495,2773961.469
Bn,2404,269504.371,2770666.115
Bn,2405,269334.9881,2773131.627
Bn,2406,266810.0443,2772388.254
Bn,2407,269391.678,2771382.019
Bn,2408,267031.1107,2774012.676
Bn,2409,270764.6379,2778365.289
Bn,2410,269401.0529,2771344.237
Bn,2411,266127.8488,2773074.21
Bn,2412,267229.3768,2773491.641
Bn,2413,263543.6826,2775947.415
Bn,2414,272100.0747,2779868.294
Bn,2415,266237.5657,2772195.765
Bn,2416,267413.8671,2771890.314
Bn,2417,265773.3923,2774364.178
Bn,2418,265799.661,2773068.638
Bn,2419,268885.2705,2770723.926
Bn,2420,268815.514,2773108.294
Bn,2421,266994.983,2771852.226
Bn,2422,263260.1251,2772743.198
Bn,2423,271558.8719,2777249.87
Bn,2424,265444.4497,2776058.085
Bn,2425,269177.2887,2772186.306
Bn,2426,267778.9582,2772026.35
Bn,2427,267743.2,2774991.861
Bn,2428,265863.0156,2773170.066
Bn,2429,271299.7427,2778231.792
Bn,2430,268898.455,2771184.276
Bn,2431,264694.5313,2773206.66
Bn,2432,269415.951,2775550.644
Bn,2433,267852.4676,2772815.837
Bn,2434,265017.8302,2774269.377
Bn,2435,266754.5266,2773915.946
Bn,2436,269398.9598,2771767.431
Bn,2437,271387.0209,2778386.315
Bn,2438,268178.9228,2775120.354
Bn,2439,264964.6397,2772880.925
Bn,2440,269863.1778,2775633.126
Bn,2441,265450.2088,2772498.224
Bn,2442,269545.2262,2775408.953
Bn,2443,269556.7113,2775541.71
Bn,2444,269297.2655,2772449.333
Bn,2445,271027.8101,2778083.967
Bn,2446,265029.1329,2778094.452
Bn,2447,263803.2917,2774709.736
Bn,2448,267646.6527,2771855.489
Bn,2449,264087.1386,2775447.811
Bn,2450,269444.8668,2775530.286
Bn,2451,262515.923,2773971.349
Bn,2452,270414.1548,2777714.051
Bn,2453,271319.1313,2777598.633
Bn,2454,263589.8846,2773816.138
Bn,2455,269253.0182,2771426.636
Bn,2456,263096.021,2776595.669
Bn,2457,267735.2506,2772218.807
Bn,2458,270983.8769,2777897.857
Bn,2459,268920.0039,2771410.709
Bn,2460,267104.1198,2774003.82
Bn,2461,269871.7913,2776325.425
Bn,2462,262726.8077,2776484.991
Bn,2463,267744.9125,2775001.977
Bn,2464,269005.5222,2773049.907
Bn,2465,267762.5739,2772919.036
Bn,2466,270359.0951,2778603.15
Bn,2467,269172.7091,2774691.529
Bn,2468,270694.4186,2778264.169
Bn,2469,267696.8649,2774215.86
Bn,2470,264053.6266,2773600.323
Bn,2471,270199.1107,2778839.414
Bn,2472,264438.2707,2774600.67
Bn,2473,268957.6877,2771771.301
Bn,2474,268409.2678,2773358.26
Bn,2475,265476.2905,2772805.748
Bn,2476,267259.4595,2775118.48
Bn,2477,265425.2345,2772210.339
Bn,2478,264522.5354,2777381.775
Bn,2479,265978.7112,2773898.166
Bn,2480,265378.7333,2772193.594
Bn,2481,269343.1405,2771472.459
Bn,2482,268224.9888,2771123.616
Bn,2483,271236.2877,2778166.489
Bn,2484,269499.2,2770861.717
Bn,2485,267446.2693,2773023.135
Bn,2486,271001.4857,2777113.811
Bn,2487,262993.0158,2772840.63
Bn,2488,269048.9965,2773843.496
Bn,2489,265445.9705,2772565.303
Bn,2490,268081.0391,2771174.253
Bn,2491,267587.9552,2772524.421
Bn,2492,269330.343,2771490.007
Bn,2493,268223.0648,2775135.034
Bn,2494,263103.8263,2776291.781
Bn,2495,267625.3234,2772412.18
Bn,2496,264980.8133,2778461.813
Bn,2497,268096.6713,2771504.993
Bn,2498,269318.358,2770826.303
Bn,2499,264971.6724,2774450.899
Bn,2500,270856.8564,2779132.904
Bn,2501,269944.7334,2776404.513
Bn,2502,265992.0643,2773150.308
Bn,2503,270924.0518,2779283.323
Bn,2504,266887.4285,2773130.75
Bn,2505,267387.6966,2770896.894
Bn,2506,269228.9423,2770822.53
Bn,2507,271466.7552,2778183.332
Bn,2508,269370.3747,2770941.676
Bn,2509,268922.2639,2771407.712
Bn,2510,267983.8476,2771664.592
Bn,2511,267919.886,2771526.809
Bn,2512,269353.656,2771000.719
Bn,2513,267731.0924,2774281.225
Bn,2514,267260.9893,2770422.623
Bn,2515,263033.738,2776246.497
Bn,2516,269014.4058,2774438.242
Bn,2517,265981.6291,2773978.438
Bn,2518,264275.5711,2773964.914
Bn,2519,269324.5646,2771375.966
Bn,2520,263656.3525,2774318.486
Bn,2521,267886.4333,2772231.876
Bn,2522,266730.895,2772443.929
Bn,2523,264644.2755,2773329.28
Bn,2524,267612.1895,2771007.422
Bn,2525,267701.7916,2772470.273
Bn,2526,267125.0561,2772929.692
Bn,2527,264298.4873,2772527.794
Bn,2528,270634.8708,2779572.697
Bn,2529,267122.6969,2774054.443
Bn,2530,267807.0051,2772045.107
Bn,2531,267692.9333,2772492.83
Bn,2532,266910.0387,2773327.151
Bn,2533,262726.9991,2776495.979
Bn,2534,269361.0175,2771436.436
Bn,2535,263084.344,2776544.084
Bn,2536,263664.8894,2773966.818
Bn,2537,263249.0468,2776318.216
Bn,2538,262227.8331,2775601.667
Bn,2539,265301.8345,2772424.681
Bn,2540,269368.3608,2770959.254
Bn,2541,270070.4753,2777832.299
Bn,2542,271043.1284,2779177.538
Bn,2543,262460.7671,2776462.57
Bn,2544,269810.4697,2776022.724
Bn,2545,266007.7807,2773437.929
Bn,2546,262752.1757,2773916.717
Bn,2547,269124.3751,2774247.415
Bn,2548,269375.6703,2772121.233
Bn,2549,264692.366,2772723.916
Bn,2550,265320.1749,2773311.715
Bn,2551,262725.7182,2776422.441
Bn,2552,268867.0743,2771787.42
Bn,2553,265538.1225,2776445.191
Bn,2554,263051.1286,2772239.731
Bn,2555,268561.4001,2772611.022
Bn,2556,264994.9514,2778478.056
Bn,2557,262721.1485,2772885.729
Bn,2558,268416.9374,2773855.273
Bn,2559,270803.5931,2778209.911
Bn,2560,265421.4391,2776242.166
Bn,2561,267792.6417,2775001.164
Bn,2562,269081.1772,2770739.001
Bn,2563,269411.3927,2771865.085
Bn,2564,267891.3336,2771704.846
Bn,2565,262931.7541,2773880.196
Bn,2566,268676.866,2770789.598
Bn,2567,269318.0106,2771443.926
Bn,2568,268678.1415,2770728.491
Bn,2569,266125.22,2774223.281
Bn,2570,269346.5489,2771355.092
Bn,2571,264429.8832,2774650.066
Bn,2572,269326.2715,2771476.971
Bn,2573,264877.3828,2772465.597
Bn,2574,269306.6845,2771047.168
Bn,2575,267618.5979,2771926.776
Bn,2576,265668.7664,2772756.784
Bn,2577,268826.3755,2770794.041
Bn,2578,270752.3936,2778643.867
Bn,2579,268519.8792,2771570.732
Bn,2580,265635.4139,2775476.265
Bn,2581,269348.778,2770620.762
Bn,2582,269261.7833,2770805.911
Bn,2583,267819.2386,2772673.515
Bn,2584,266865.7508,2773709.858
Bn,2585,268706.7937,2773191.514
Bn,2586,267732.1619,2772535.07
Bn,2587,266868.2894,2773317.719
Bn,2588,265508.6457,2774732.081
Bn,2589,271233.2757,2778124.689
Bn,2590,269520.9577,2772287.027
Bn,2591,267367.5915,2773151.511
Bn,2592,271668.5459,2778739.433
Bn,2593,268317.1832,2772017.202
Bn,2594,268936.751,2771581.001
Bn,2595,267318.2181,2773959.159
Bn,2596,266287.0188,2782075.185
Bn,2597,271075.6815,2779099.206
Bn,2598,272311.0268,2779916.758
Bn,2599,269403.7378,2771366.385
Bn,2600,269376.9571,2770829.752
Bn,2601,269874.749,2776318.188
Bn,2602,267633.5662,2771901.157
Bn,2603,265799.2873,2773046.873
Bn,2604,271727.7362,2778275.336
Bn,2605,268252.0439,2771628.33
Bn,2606,270372.6644,2777718.978
Bn,2607,269320.8417,2770927.717
Bn,2608,268730.1407,2774023.28
Bn,2609,269123.482,2774740.343
Bn,2610,270892.0155,2779255.117
Bn,2611,271574.0415,2777695.176
Bn,2612,265948.4984,2772990.2
Bn,2613,271243.1174,2778435.445
Bn,2614,269363.5181,2771356.496
Bn,2615,263654.5172,2774479.165
Bn,2616,270572.7709,2778263.471
Bn,2617,262754.4948,2775731.364
Bn,2618,263403.9086,2772729.078
Bn,2619,263275.1691,2777023.766
Bn,2620,268253.9822,2771651.759
Bn,2621,269401.4364,2771731.668
Bn,2622,270736.6052,2779214.615
Bn,2623,267745.3415,2771137.052
Bn,2624,269360.2401,2770980.105
Bn,2625,264020.6913,2773699.817
Bn,2626,270601.8725,2779487.438
Bn,2627,269383.2015,2770743.408
Bn,2628,265925.1496,2772616.892
Bn,2629,265311.281,2772391.755
Bn,2630,269347.9553,2770663.261
Bn,2631,267612.1049,2774935.756
Bn,2632,269446.1627,2777335.57
Bn,2633,269818.4993,2776042.245
Bn,2634,268811.2527,2770856.228
Bn,2635,267645.8899,2771855.925
Bn,2636,268765.4566,2772563.175
Bn,2637,263674.3049,2773576.875
Bn,2638,268957.4618,2774440.686
Bn,2639,269128.3847,2770979.797
Bn,2640,270624.7375,2778377.791
Bn,2641,268119.3967,2772525.102
Bn,2642,268921.721,2771512.137
Bn,2643,267751.447,2772536.855
Bn,2644,268900.2588,2771427.319
Bn,2645,269494.4288,2770761.61
Bn,2646,267949.6559,2774182.386
Bn,2647,269014.9004,2771784.071
Bn,2648,269276.4001,2770804.818
Bn,2649,270461.5416,2778241.462
Bn,2650,264437.3011,2774366.27
Bn,2651,265135.8532,2773341.733
Bn,2652,263078.7746,2776268.12
Bn,2653,269094.1455,2771050.339
Bn,2654,271448.2379,2778180.895
Bn,2655,267515.5924,2770491.42
Bn,2656,268123.2964,2771122.595
Bn,2657,265895.5428,2772597.108
Bn,2658,269160.3534,2774325.646
Bn,2659,268488.4666,2772987.864
Bn,2660,263946.7537,2773610.627
Bn,2661,267618.7572,2771483.74
Bn,2662,265016.5306,2778479.374
Bn,2663,264451.7736,2774535.333
Bn,2664,265793.0879,2773044.654
Bn,2665,271299.7462,2778232.003
Bn,2666,271990.884,2778818.575
Bn,2667,268835.317,2771322.1
Bn,2668,265442.8354,2772203.695
Bn,2669,269063.2874,2773868.83
Bn,2670,269305.3119,2771877.446
Bn,2671,271586.6289,2778307.717
Bn,2672,270738.2619,2779221.563
Bn,2673,269431.2103,2771898.357
Bn,2674,269338.6983,2771710.957
Bn,2675,269245.2787,2770740.877
Bn,2676,268903.3659,2771155.869
Bn,2677,266721.1707,2772460.794
Bn,2678,271532.8691,2778498.849
Bn,2679,270790.7278,2778314.544
Bn,2680,267058.7638,2771843.528
Bn,2681,267799.5707,2771200.597
Bn,2682,264346.2152,2772526.336
Bn,2683,268276.5479,2771483.76
Bn,2684,265455.2084,2776056.842
Bn,2685,264671.5715,2777451.701
Bn,2686,264840.3112,2773531.99
Bn,2687,268860.3823,2771028.296
Bn,2688,264064.9305,2775365.969
Bn,2689,268887.204,2771247.665
Bn,2690,266733.5372,2773949.49
Bn,2691,269339.5582,2771488.372
Bn,2692,266285.6724,2773070.66
Bn,2693,267596.4359,2775236.171
Bn,2694,267624.9426,2771485.114
Bn,2695,269105.3207,2770754.657
Bn,2696,269346.4054,2771027.474
Bn,2697,267449.5608,2771544.114
Bn,2698,265466.9962,2772713.114
Bn,2699,267849.4534,2771235.048
Bn,2700,265397.0846,2772588.971
Bn,2701,265473.4973,2772688.061
Bn,2702,268470.5537,2772976.12
Bn,2703,265849.7173,2773113.224
Bn,2704,268569.1714,2772615.118
Bn,2705,265746.9154,2774347.088
Bn,2706,267688.832,2772930.437
Bn,2707,267908.7271,2771278.216
Bn,2708,267537.2685,2772668.594
Bn,2709,262111.6745,2775564.378
Bn,2710,264526.5149,2773556.639
Bn,2711,269415.922,2771494.903
Bn,2712,267753.3626,2775000.776
Bn,2713,271927.4021,2779440.211
Bn,2714,263238.7138,2774393.585
Bn,2715,269338.2215,2771363.688
Bn,2716,269499.1952,2775555.576
Bn,2717,263308.2436,2774273.16
Bn,2718,262493.0384,2776458.626
Bn,2719,266504.34,2772752.181
Bn,2720,266710.9466,2773979.469
Bn,2721,264999.2957,2777525.519
Bn,2722,269378.7244,2771435.925
Bn,2723,265455.0972,2772244.914
Bn,2724,268273.7512,2771500.506
Bn,2725,269299.1602,2770829.798
Bn,2726,267405.6371,2774975.423
Bn,2727,267758.8356,2771115.262
Bn,2728,268586.6221,2773053.625
Bn,2729,267860.5572,2773019.672
Bn,2730,270688.3847,2778362.98
Bn,2731,267393.4291,2773943.925
Bn,2732,267746.036,2771132.601
Bn,2733,268046.9156,2771387.26
Bn,2734,267986.739,2772559.485
Bn,2735,267580.7379,2772552.867
Bn,2736,265709.481,2776514.533
Bn,2737,269136.2941,2774087.207
Bn,2738,267415.655,2771859.635
Bn,2739,271634.3104,2778258.937
Bn,2740,271159.0225,2777554.399
Bn,2741,267101.5773,2771508.83
Bn,2742,269156.3637,2770994.542
Bn,2743,268956.9127,2770678.749
Bn,2744,268896.4395,2770974.209
Bn,2745,269128.6068,2771357.297
Bn,2746,269297.0059,2770793.479
Bn,2747,264714.5958,2772315.79
Bn,2748,263706.6197,2772908.152
Bn,2749,268818.6411,2770883.158
Bn,2750,264836.6321,2773720.6
Bn,2751,264843.7064,2774443.382
Bn,2752,268475.1259,2770975.64
Bn,2753,269391.7817,2771068.981
Bn,2754,267913.0312,2771259.543
Bn,2755,267833.0406,2775112.503
Bn,2756,267938.3573,2770982.217
Bn,2757,265954.2841,2772429.538
Bn,2758,271531.8832,2777981.44
Bn,2759,268874.2359,2771027.639
Bn,2760,263506.0918,2773913.767
Bn,2761,262939.5217,2775389.726
Bn,2762,267707.7829,2774178.684
Bn,2763,266792.8621,2772419.408
Bn,2764,266617.4769,2772837.542
Bn,2765,265283.3993,2772203.689
Bn,2766,269479.5432,2772570.96
Bn,2767,265665.6426,2776562.212
Bn,2768,265030.1488,2773554.083
Bn,2769,269072.4382,2771133.139
Bn,2770,265778.9858,2773030.734
Bn,2771,263315.6574,2774921.962
Bn,2772,267629.2388,2771511.251
Bn,2773,268307.0396,2771283.498
Bn,2774,268516.0566,2770936.477
Bn,2775,267185.2759,2771493.663
Bn,2776,263692.3267,2773816.899
Bn,2777,263966.1546,2772150.103
Bn,2778,265147.1881,2772434.317
Bn,2779,265273.8155,2776924.915
Bn,2780,263398.8482,2772792.579
Bn,2781,269330.343,2771490.007
Bn,2782,264641.1513,2777428.975
Bn,2783,268735.7227,2771763.012
Bn,2784,271558.3012,2777628.859
Bn,2785,264913.1733,2774452.542
Bn,2786,264699.6263,2773591.276
Bn,2787,271856.9316,2779277.372
Bn,2788,266161.4981,2773060.317
Bn,2789,269053.5703,2774749.982
Bn,2790,268622.9716,2773153.409
Bn,2791,269028.7605,2771783.837
Bn,2792,269857.3929,2776020.029
Bn,2793,263867.4744,2774769.5
Bn,2794,269377.6213,2771370.631
Bn,2795,271311.5881,2778203.692
Bn,2796,268132.613,2773076.131
Bn,2797,262606.822,2772645.056
Bn,2798,262183.9969,2775560.79
Bn,2799,270651.5347,2777912.118
Bn,2800,264412.2453,2774030.404
Bn,2801,262245.4859,2775510.043
Bn,2802,262183.9969,2775560.79
Bn,2803,267604.9363,2775237.929
Bn,2804,270969.6215,2777965.735
Bn,2805,270570.3184,2778437.68
Bn,2806,265855.5071,2772238.883
Bn,2807,262520.8782,2776112.112
Bn,2808,271462.1777,2778415.067
Bn,2809,266036.8486,2773920.208
Bn,2810,265929.7695,2772392.334
Bn,2811,270681.921,2777750.755
Bn,2812,271040.8517,2779179.478
Bn,2813,263275.6149,2774256.816
Bn,2814,267064.4101,2772851.041
Bn,2815,270017.9895,2776365.441
Bn,2816,268423.7798,2771490.562
Bn,2817,269123.9437,2773858.08
Bn,2818,267738.7647,2775002.716
Bn,2819,266563.5719,2772522.885
Bn,2820,265171.9002,2773154.045
Bn,2821,272047.6852,2779911.445
Bn,2822,263608.6835,2773923.191
Bn,2823,269388.1992,2772543.546
Bn,2824,269231.5547,2770794.796
Bn,2825,265693.6364,2772859.507
Bn,2826,267764.3935,2775105.851
Bn,2827,269820.3637,2776061.448
Bn,2828,268735.1927,2771731.738
Bn,2829,267302.2162,2773382.387
Bn,2830,267326.0605,2773335.478
Bn,2831,262413.1769,2776382.865
Bn,2832,266446.2698,2774083.556
Bn,2833,263029.4658,2772234.188
Bn,2834,268771.6354,2773154.904
Bn,2835,268646.1118,2773110.109
Bn,2836,265959.9023,2772442.758
Bn,2837,269280.7925,2771429.337
Bn,2838,270719.0565,2778310.044
Bn,2839,270438.9716,2776719.991
Bn,2840,262890.7078,2776213.263
Bn,2841,269202.5877,2774818.901
Bn,2842,265626.015,2773630.493
Bn,2843,264893.593,2772646.466
Bn,2844,267845.369,2772806.023
Bn,2845,263777.3171,2772898.896
Bn,2846,270795.9216,2778211.52
Bn,2847,269001.8446,2770693.842
Bn,2848,264553.7141,2773526.154
Bn,2849,262148.7844,2775572.819
Bn,2850,269589.0651,2775815.731
Bn,2851,265649.3655,2773106.941
Bn,2852,262861.2936,2773814.203
Bn,2853,271630.3741,2778941.929
Bn,2854,263980.6978,2773658.445
Bn,2855,265938.1037,2772429.182
Bn,2856,265589.7651,2776448.318
Bn,2857,266740.9336,2772445.448
Bn,2858,265046.3882,2776417.095
Bn,2859,262175.0541,2775577.857
Bn,2860,263335.3427,2774858.207
Bn,2861,269276.9519,2774890.353
Bn,2862,265530.609,2772874.145
Bn,2863,263759.2945,2774792.724
Bn,2864,270716.5653,2778344.961
Bn,2865,267149.0081,2771083.376
Bn,2866,268471.522,2771807.652
Bn,2867,264016.4423,2773854.83
Bn,2868,265441.5953,2774863.231
Bn,2869,269209.8196,2772333.714
Bn,2870,263306.2701,2774159.473
Bn,2871,267149.0081,2771083.376
Bn,2872,269229.1255,2772154.57
Bn,2873,269987.0576,2775992.686
Bn,2874,269534.0244,2775475.09
Bn,2875,267621.0887,2771530.202
Bn,2876,268998.0292,2770832.564
Bn,2877,269329.0549,2774965.987
Bn,2878,268065.2738,2773916.84
Bn,2879,267025.5698,2774003.893
Bn,2880,269239.1811,2774842.589
Bn,2881,265917.695,2772227.247
Bn,2882,264893.3219,2772675.429
Bn,2883,271379.5158,2777526.811
Bn,2884,269611.9538,2775529.996
Bn,2885,263900.9687,2774702.548
Bn,2886,263065.1188,2776235.594
Bn,2887,264899.2128,2773508.78
Bn,2888,269084.8053,2771135.678
Bn,2889,269112.5225,2774275.094
Bn,2890,265011.5964,2774443.87
Bn,2891,262987.796,2773869.921
Bn,2892,262476.1964,2774033.975
Bn,2893,265469.073,2773281.887
Bn,2894,269853.241,2776503.499
Bn,2895,263173.9722,2774301.914
Bn,2896,263027.1053,2776440.658
Bn,2897,265480.0388,2776962.37
Bn,2898,272123.9372,2779868.317
Bn,2899,265625.878,2772053.434
Bn,2900,265715.5772,2773912.619
Bn,2901,270917.3611,2778611.497
Bn,2902,269094.2492,2771056.467
Bn,2903,267865.0308,2772875.229
Bn,2904,271209.1841,2777469.855
Bn,2905,269172.0793,2774654.338
Bn,2906,262425.7504,2776309.085
Bn,2907,269411.4699,2777287.331
Bn,2908,262804.2976,2773725.358
Bn,2909,268899.4467,2771379.352
Bn,2910,266141.1827,2773851.836
Bn,2911,269134.7192,2774039.675
Bn,2912,263254.5098,2774948.389
Bn,2913,264432.5652,2774671.58
Bn,2914,263088.2095,2773975.556
Bn,2915,268458.9915,2772884.793
Bn,2916,269539.97,2771999.034
Bn,2917,269261.3372,2774877.724
Bn,2918,265836.193,2773088.091
Bn,2919,264708.1723,2772345.282
Bn,2920,271218.6126,2778076.743
Bn,2921,266901.0201,2773114.876
Bn,2922,265657.0918,2776557.498
Bn,2923,268724.915,2770715.862
Bn,2924,269388.8263,2772535.081
Bn,2925,264655.6065,2773539.614
Bn,2926,267111.7132,2772102.823
Bn,2927,267698.5037,2771643.658
Bn,2928,268497.9229,2770957.287
Bn,2929,269336.4901,2770987.693
Bn,2930,262763.475,2775716.411
Bn,2931,268667.94,2770853.794
Bn,2932,268310.3476,2772295.058
Bn,2933,265079.2694,2773410.136
Bn,2934,271849.7922,2779310.677
Bn,2935,264562.8404,2777219.164
Bn,2936,269416.5528,2771486.649
Bn,2937,262287.4567,2775708.853
Bn,2938,265878.974,2773157.533
Bn,2939,272124.5412,2779950.317
Bn,2940,263281.6954,2772787.847
Bn,2941,268172.8647,2771818.851
Bn,2942,264200.5202,2772474.529
Bn,2943,265855.5071,2772238.883
Bn,2944,269261.7797,2770805.699
Bn,2945,269268.783,2771766.884
Bn,2946,269581.1318,2771334.855
Bn,2947,263312.4146,2774158.521
Bn,2948,269276.4001,2770804.818
Bn,2949,269150.0492,2774854.033
Bn,2950,270120.2265,2776720.505
Bn,2951,268791.5297,2771283.527
Bn,2952,269175.6238,2774681.756
Bn,2953,267229.4935,2771286.188
Bn,2954,271323.8371,2777512.105
Bn,2955,267621.0887,2771530.202
Bn,2956,262917.7065,2776304.531
Bn,2957,262372.0298,2776672.539
Bn,2958,267986.7498,2772560.119
Bn,2959,269294.0276,2775535.164
Bn,2960,268867.4568,2773537.55
Bn,2961,267748.6536,2774995.572
Bn,2962,263432.9465,2772271.577
Bn,2963,267630.0511,2771739.941
Bn,2964,267095.2787,2772899.763
Bn,2965,268525.6091,2771000.149
Bn,2966,266082.1325,2772204.559
Bn,2967,263367.2295,2776782.886
Bn,2968,263353.7499,2774055.285
Bn,2969,269158.3772,2771523.563
Bn,2970,268920.0039,2771410.709
Bn,2971,269226.0814,2770881.127
Bn,2972,267335.5489,2783842.886
Bn,2973,268805.4876,2772471.185
Bn,2974,265447.0724,2774913.021
Bn,2975,263640.6502,2774345.603
Bn,2976,265890.7323,2773214.402
Bn,2977,269166.0566,2771795.464
Bn,2978,270933.6024,2777655.208
Bn,2979,269186.6109,2774557.497
Bn,2980,269276.4001,2770804.818
Bn,2981,268016.8461,2771566.801
Bn,2982,268251.5502,2771644.614
Bn,2983,268781.5577,2772558.886
Bn,2984,263311.6374,2774158.112
Bn,2985,262972.8167,2772830.624
Bn,2986,265570.0225,2776911.781
Bn,2987,265536.2556,2776426.199
Bn,2988,268901.7487,2771424.335
Bn,2989,263406.9132,2774012.299
Bn,2990,267747.9162,2774997.487
Bn,2991,265914.2598,2772206.592
Bn,2992,269488.8115,2771386.931
Bn,2993,267967.4364,2773643.299
Bn,2994,265693.6364,2772859.507
Bn,2995,269459.0536,2771084.332
Bn,2996,265681.0303,2776561.525
Bn,2997,262632.5484,2773061.235
Bn,2998,268557.4625,2773286.838
Bn,2999,269362.2219,2771416.547
Bn,3000,270628.6268,2777923.284
Bn,3001,264561.0265,2772700.394
Bn,3002,268886.7329,2770992.34
Bn,3003,267615.817,2775198.64
Bn,3004,265038.3969,2774300.941
Bn,3005,266484.7531,2774082.263
Bn,3006,264030.88,2773932.578
Bn,3007,270465.7027,2776615.759
Bn,3008,264705.7849,2773635.77
Bn,3009,263653.158,2772178.349
Bn,3010,267209.4245,2773992.087
Bn,3011,265163.4276,2776729.816
Bn,3012,262412.5326,2774181.358
Bn,3013,264435.3958,2774612.557
Bn,3014,263844.3347,2774767.365
Bn,3015,262947.4434,2776199.17
Bn,3016,271292.7948,2778780.407
Bn,3017,269330.3648,2771628.031
Bn,3018,266701.8737,2773223.967
Bn,3019,268271.6589,2771604.113
Bn,3020,266906.2339,2774005.721
Bn,3021,269246.7867,2770738.949
Bn,3022,266627.1377,2774032.267
Bn,3023,268909.5585,2770702.59
Bn,3024,263231.6016,2779078.494
Bn,3025,263616.2557,2773604.726
Bn,3026,268894.3174,2770894.348
Bn,3027,265467.2824,2776310.919
Bn,3028,269492.6048,2771611.551
Bn,3029,268736.7612,2771778.847
Bn,3030,262971.1132,2776143.377
Bn,3031,268434.0625,2771506.451
Bn,3032,265633.1491,2772073.178
Bn,3033,267360.5027,2772238.93
Bn,3034,265347.9008,2772595.313
Bn,3035,268639.7572,2773234.925
Bn,3036,262937.8199,2776309.888
Bn,3037,265103.6131,2772498.057
Bn,3038,269333.9064,2775525.611
Bn,3039,267099.8876,2772899.05
Bn,3040,263341.5709,2774063.529
Bn,3041,265446.3611,2773394.306
Bn,3042,264825.8002,2773092.368
Bn,3043,265462.5983,2776307.195
Bn,3044,265701.4629,2772866.771
Bn,3045,267798.2164,2772614.901
Bn,3046,263161.6533,2772217.308
Bn,3047,268913.0415,2771408.925
Bn,3048,271200.3772,2779602.067
Bn,3049,265531.419,2776995.094
Bn,3050,269530.4405,2771206.565
Bn,3051,269380.9713,2771477.738
Bn,3052,263539.0456,2775946.438
Bn,3053,268962.7443,2770659.205
Bn,3054,264014.7948,2773804.128
Bn,3055,270595.4594,2779289.705
Bn,3056,267744.9305,2775003.034
Bn,3057,262731.9397,2773948.776
Bn,3058,268939.2193,2772363.658
Bn,3059,267299.4145,2772495.731
Bn,3060,265947.5354,2772889.18
Bn,3061,267601.9543,2775243.687
Bn,3062,266700.9173,2772852.813
Bn,3063,262372.0298,2776672.539
Bn,3064,269269.9877,2774888.358
Bn,3065,263304.1879,2774172.615
Bn,3066,263530.7583,2774447.913
Bn,3067,268645.4169,2771524.638
Bn,3068,269493.8831,2770729.28
Bn,3069,267660.1764,2774774.295
Bn,3070,264019.396,2773802.991
Bn,3071,270606.4976,2778437.493
Bn,3072,262914.1873,2776235.049
Bn,3073,268895.6601,2771428.665
Bn,3074,269301.266,2771774.789
Bn,3075,262148.7844,2775572.819
Bn,3076,267768.647,2771646.692
Bn,3077,265032.1725,2772509.01
Bn,3078,267548.7717,2772349.227
Bn,3079,270817.1053,2779149.426
Bn,3080,266138.3254,2773101.297
Bn,3081,268562.8651,2770971.405
Bn,3082,268887.0091,2771327.143
Bn,3083,264030.8874,2773933
Bn,3084,263711.0587,2772942.107
Bn,3085,269388.8263,2772535.081
Bn,3086,271048.6665,2778133.922
Bn,3087,262372.0298,2776672.539
Bn,3088,265530.8373,2774186.565
Bn,3089,269285.5805,2771439.19
Bn,3090,267787.3663,2771796.235
Bn,3091,266207.1028,2772215.945
Bn,3092,268158.9937,2771319.62
Bn,3093,268271.8011,2771158.754
Bn,3094,264645.6122,2775280.468
Bn,3095,268835.7595,2770984.325
Bn,3096,269321.3952,2771370.736
Bn,3097,267612.4278,2771519.147
Bn,3098,269258.3341,2775564.514
Bn,3099,269132.5074,2774909.497
Bn,3100,266476.1722,2774075.857
Bn,3101,268048.0858,2772634.324
Bn,3102,264543.4167,2773554.233
Bn,3103,268245.8427,2770763.934
Bn,3104,267949.3682,2771720.557
Bn,3105,268642.1734,2770878.749
Bn,3106,262494.3582,2773971.301
Bn,3107,271184.3459,2778419.734
Bn,3108,267591.3932,2775256.549
Bn,3109,269352.12,2771456.877
Bn,3110,268020.6509,2771110.811
Bn,3111,268684.8017,2770939.747
Bn,3112,271519.9452,2778462.711
Bn,3113,263241.1282,2774044.769
Bn,3114,271767.8926,2778650.049
Bn,3115,268326.2953,2773868.86
Bn,3116,265369.0296,2773331.167
Bn,3117,268864.8854,2770975.8
Bn,3118,265356.3741,2772595.379
Bn,3119,263678.0432,2772903.574
Bn,3120,262967.0881,2772766.887
Bn,3121,271701.7422,2777413.819
Bn,3122,272329.9184,2779895.727
Bn,3123,271728.1036,2778664.456
Bn,3124,262628.3111,2776444.431
Bn,3125,268000.7651,2771255.092
Bn,3126,264044.2833,2773861.535
Bn,3127,263311.6374,2774158.112
Bn,3128,265838.8787,2772840.738
Bn,3129,271215.8192,2778139.566
Bn,3130,269352.0729,2775552.57
Bn,3131,262161.591,2775556.531
Bn,3132,265855.7091,2772160.883
Bn,3133,268263.6,2771583.112
Bn,3134,269317.2335,2771443.517
Bn,3135,265650.753,2776591.85
Bn,3136,268764.2848,2770720.902
Bn,3137,268289.2899,2773186.552
Bn,3138,264304.1443,2773924.893
Bn,3139,263344.2618,2774041.076
Bn,3140,267706.0302,2772402.563
Bn,3141,269620.3692,2770921.392
Bn,3142,265650.7675,2776592.695
Bn,3143,268340.1061,2771824.889
Bn,3144,264509.7371,2773566.229
Bn,3145,267791.6425,2771685.405
Bn,3146,263667.1259,2773429.247
Bn,3147,265696.3343,2776555.977
Bn,3148,262497.4149,2776621.312
Bn,3149,262350.9949,2776614.353
Bn,3150,269220.0274,2770978.67
Bn,3151,269392.5551,2771388.345
Bo,1,267704.2779,2772435.355
Bo,2,269034.6143,2775040.091
Bo,3,262835.7908,2773897.718
Bo,4,269271.4286,2770738.532
Bo,5,262701.9732,2776429.619
Bo,6,268980.4923,2770752.118
Bo,7,269154.6438,2770756.148
Bo,8,268902.0128,2771121.439
Bo,9,267373.531,2773951.24
Bo,10,269413.4978,2770758.537
Bo,11,268791.5475,2771284.584
Bo,12,264741.8858,2773317.661
Bo,13,271013.817,2779174.015
Bo,14,268586.6795,2773057.006
Bo,15,269164.2473,2774464.661
Bo,16,268350.1413,2771826.198
Bo,17,269351.8115,2772441.225
Bo,18,268214.6405,2771330.723
Bo,19,267365.1856,2772152.188
Bo,20,268759.2575,2770878.88
Bo,21,269341.7396,2771343.971
Bo,22,266754.9815,2772411.177
Bo,23,267555.1504,2772678.435
Bo,24,267179.0021,2773969.356
Bo,25,266286.2104,2772607.532
Bo,26,264551.3751,2773524.503
Bo,27,265461.1859,2773405.465
Bo,28,269147.4225,2771695.591
Bo,29,267801.5315,2772945.428
Bo,30,269261.5573,2770883.698
Bo,31,269426.9281,2771553.688
Bo,32,269816.5827,2776065.528
Bo,33,262994.317,2776370.628
Bo,34,269971.8506,2775958.49
Bo,35,269155.9187,2772197.87
Bo,36,264004.4203,2773783.17
Bo,37,263073.4651,2776228.473
Bo,38,268874.2369,2770982.194
Bo,39,267569.9677,2772779.641
Bo,40,267946.4324,2773721.441
Bo,41,267415.3633,2771842.519
Bo,42,268703.8395,2770790.409
Bo,43,267595.5949,2772701.631
Bo,44,269298.9127,2770769.562
Bo,45,263682.0099,2774199.247
Bo,46,262947.9188,2776314.997
Bo,47,268552.3708,2770943.048
Bo,48,268142.3168,2774235.756
Bo,49,267874.4019,2772203.757
Bo,50,267943.7871,2770984.45
Bo,51,267761.0519,2772965.352
Bo,52,269110.621,2771341.326
Bo,53,269830.3491,2776060.012
Bo,54,271082.5056,2778131.873
Bo,55,268196.5195,2773347.078
Bo,56,268044.1251,2771540.339
Bo,57,267952.0584,2772558.173
Bo,58,268988.1785,2771524.963
Bo,59,267638.9856,2772626.489
Bo,60,269821.1727,2776063.76
Bo,61,262789,2775722.942
Bo,62,269263.4221,2770766.146
Bo,63,267075.0977,2772890.596
Bo,64,263069.2543,2776252.009
Bo,65,269827.2879,2776061.12
Bo,66,268770.2972,2770803.023
Bo,67,267465.0254,2771457.189
Bo,68,264544.1903,2773554.431
Bo,69,267552.9161,2772682.912
Bo,70,263382.0915,2772892.217
Bo,71,267639.018,2772628.391
Bo,72,269002.4567,2773050.805
Bo,73,269948.9112,2775967.966
Bo,74,267844.7357,2772814.066
Bo,75,262225.0185,2775572.757
Bo,76,266205.0449,2772320.61
Bo,77,268887.2791,2771252.103
Bo,78,264735.9833,2773243.359
Bo,79,264705.0257,2777427.237
Bo,80,267749.4488,2772962.379
Bo,81,268898.455,2771184.276
Bo,82,269533.1812,2771688.226
Bo,83,262993.7187,2776424.751
Bo,84,268757.7281,2770879.54
Bo,85,269172.0179,2771646.983
Bo,86,269103.7731,2774440.533
Bo,87,265084.5796,2774791.17
Bo,88,268556.9625,2770941.279
Bo,89,269918.7943,2776418.69
Bo,90,268119.5622,2771356.222
Bo,91,268889.4417,2771288.844
Bo,92,269319.3329,2771431.01
Bo,93,269892.3056,2776400.325
Bo,94,262904.5675,2776213.233
Bo,95,269374.9821,2771168.819
Bo,96,268958.3049,2770715.504
Bo,97,264697.7561,2773259.66
Bo,98,267863.6419,2772884.131
Bo,99,264717.2747,2773453.577
Bo,100,269127.2967,2771052.103
Bo,101,265836.6321,2772934.203
Bo,102,263009.7206,2776459.351
Bo,103,268180.7853,2770652.378
Bo,104,262948.6407,2773876.943
Bo,105,265859.0617,2773119.193
Bo,106,268688.6098,2770846.257
Bo,107,269391.0305,2772574.358
Bo,108,263587.7349,2773647.707
Bo,109,264512.1747,2773528.985
Bo,110,263418.2742,2774844.507
Bo,111,268872.178,2771133.569
Bo,112,267105.6218,2772106.943
Bo,113,266754.6992,2772439.717
Bo,114,267081.3772,2770866.606
Bo,115,269536,2771353.372
Bo,116,267850.6023,2771891.333
Bo,117,268888.2337,2770989.989
Bo,118,267989.4335,2771494.767
Bo,119,267808.2043,2772613.463
Bo,120,265186.1781,2772462.181
Bo,121,270940.8151,2779273.107
Bo,122,262903.1603,2776220.867
Bo,123,268638.3199,2773150.19
Bo,124,267647.725,2772596.96
Bo,125,263092.2615,2776379.493
Bo,126,266547.804,2774076.533
Bo,127,268905.1251,2771123.289
Bo,128,268853.5082,2770895.25
Bo,129,267876.9335,2772080.907
Bo,130,264732.9728,2773247.427
Bo,131,269920.6871,2776439.583
Bo,132,269288.0581,2771768.037
Bo,133,267624.3443,2772264.237
Bo,134,269582.0758,2771253.885
Bo,135,265185.3209,2772457.123
Bo,136,269486.8869,2771409.791
Bo,137,269308.4262,2771378.141
Bo,138,269514.8072,2775750.195
Bo,139,268541.8119,2773045.297
Bo,140,267733.2074,2771736.705
Bo,141,267412.5083,2773978.898
Bo,142,268885.6195,2770972.067
Bo,143,267662.8146,2772488.058
Bo,144,263084.1265,2776354.481
Bo,145,268683.5638,2770775.746
Bo,146,263046.0781,2776203.372
Bo,147,268542.063,2770971.124
Bo,148,269002.4029,2770817.906
Bo,149,268537.0668,2773037.979
Bo,150,265602.5356,2776474.521
Bo,151,267642.5655,2772610.575
Bo,152,262418.8848,2776621.836
Bo,153,268449.152,2772940.339
Bo,154,269359.5667,2771441.744
Bo,155,267628.9226,2772713.957
Bo,156,268878.6751,2771517.305
Bo,157,267412.9309,2771835.374
Bo,158,267847.006,2772811.702
Bo,159,269461.3699,2770765.338
Bo,160,268305.8512,2772347.765
Bo,161,268603.0416,2773068.143
Bo,162,268553.4935,2773052.919
Bo,163,269321.5917,2771746.968
Bo,164,269839.6027,2776015.256
Bo,165,269247.9557,2770853.702
Bo,166,269977.0139,2776629.075
Bo,167,267861.3222,2772793.069
Bo,168,268252.2341,2771639.53
Bo,169,262976.9322,2776389.32
Bo,170,262656.0372,2776488.971
Bo,171,268736.5249,2771764.901
Bo,172,269222.7434,2770729.21
Bo,173,265141.1482,2772441.396
Bo,174,269100.6865,2774440.162
Bo,175,263075.1632,2776414.668
Bo,176,267593.4723,2771491.569
Bo,177,269383.5826,2771404.349
Bo,178,268251.1089,2771618.623
Bo,179,268241.953,2773210.818
Bo,180,270998.5446,2777946.014
Bo,181,271186.5994,2778599.57
Bo,182,269301.5406,2770788.329
Bo,183,263336.4847,2775633.522
Bo,184,268564.1079,2770999.285
Bo,185,267795.1148,2771934.763
Bo,186,267167.9337,2773997.657
Bo,187,268858.2823,2770904.258
Bo,188,265468.2571,2774891.096
Bo,189,268336.0353,2772265.664
Bo,190,267869.557,2772869.657
Bo,191,269232.5511,2770853.751
Bo,192,267515.2249,2771510.233
Bo,193,267683.9207,2774857.17
Bo,194,269276.2276,2774756.569
Bo,195,269456.3253,2772381.966
Bo,196,267734.3162,2772978.278
Bo,197,264466.1833,2774255.01
Bo,198,267912.7973,2773057.252
Bo,199,263681.0189,2774497.518
Bo,200,268875.9321,2774355.618
Bo,201,269377.7968,2770742.654
Bo,202,268626.2513,2773119.746
Bo,203,269534.1724,2771701.314
Bo,204,267807.5134,2772618.124
Bo,205,265023.3971,2774190.227
Bo,206,269169.2309,2771664.362
Bo,207,267734.2416,2772521.507
Bo,208,268321.0368,2772017.348
Bo,209,269427.4068,2772311.435
Bo,210,267895.5787,2773900.915
Bo,211,267365.1279,2772148.807
Bo,212,269345.0652,2771039.333
Bo,213,265013.0558,2774215.77
Bo,214,268889.4661,2770971.791
Bo,215,263570.7419,2773911.378
Bo,216,267627.8667,2771113.898
Bo,217,269380.9513,2771385.371
Bo,218,267947.798,2772579.382
Bo,219,265769.507,2773016.946
Bo,220,267198.8078,2773911.524
Bo,221,269577.2546,2775572.645
Bo,222,268400.0064,2772994.227
Bo,223,263065.4806,2776212.124
Bo,224,263079.4266,2776172.777
Bo,225,264514.9989,2773558.74
Bo,226,269915.3275,2776441.365
Bo,227,271615.6954,2777378.695
Bo,228,269380.4817,2772542.62
Bo,229,264924.7623,2773516.583
Bo,230,269410.9734,2771475.54
Bo,231,267564.6104,2772781.634
Bo,232,269554.3159,2770886.997
Bo,233,271054.0067,2777993.696
Bo,234,264514.4881,2773529.156
Bo,235,269323.7874,2771375.557
Bo,236,267815.3374,2772806.323
Bo,237,268481.0614,2773005.322
Bo,238,269341.5504,2770740.096
Bo,239,266156.9629,2772211.52
Bo,240,265272.8145,2772394.319
Bo,241,267174.3324,2770897.149
Bo,242,268655.1401,2773142.929
Bo,243,268481.4049,2772844.041
Bo,244,268781.2909,2771543.05
Bo,245,268549.2746,2773031.22
Bo,246,269854.0688,2776051.156
Bo,247,265827.6075,2773081.474
Bo,248,268898.455,2771184.276
Bo,249,263068.843,2776316.91
Bo,250,269418.8297,2771439.052
Bo,251,268769.5737,2770805.783
Bo,252,267914.9955,2771692.184
Bo,253,264116.1356,2778855.348
Bo,254,265723.2655,2772835.747
Bo,255,265442.6448,2776266.32
Bo,256,267701.2915,2772938.469
Bo,257,269387.8922,2771385.887
Bo,258,265773.7856,2772997.003
Bo,259,267867.0607,2772813.475
Bo,260,268837.4571,2772494.317
Bo,261,267416.1861,2773110.733
Bo,262,267806.1497,2772628.505
Bo,263,267926.5223,2771917.097
Bo,264,267541.2496,2772495.413
Bo,265,269562.757,2775808.144
Bo,266,262711.1944,2773066.208
Bo,267,270973.4502,2777918.747
Bo,268,263051.2277,2776189.543
Bo,269,265509.9255,2772880.63
Bo,270,268881.3946,2770904.501
Bo,271,267466.6389,2772953.035
Bo,272,267071.9891,2772888.958
Bo,273,267741.2194,2771528.58
Bo,274,269788.2909,2776077.209
Bo,275,267943.8787,2773661.878
Bo,276,267647.707,2772595.903
Bo,277,269401.3757,2771728.076
Bo,278,268866.1976,2771280.783
Bo,279,267759.4652,2774183.722
Bo,280,262999.3276,2776437.337
Bo,281,267898.3207,2772070.398
Bo,282,267948.1439,2772554.434
Bo,283,267757.7681,2771776.87
Bo,284,267843.8867,2772809.43
Bo,285,268882.5822,2770974.655
Bo,286,268563.7532,2770932.921
Bo,287,265786.2018,2773271.576
Bo,288,268595.9653,2773059.597
Bo,289,267774.1893,2771836.62
Bo,290,267824.4833,2772800.671
Bo,291,268039.7268,2771372.163
Bo,292,269078.1851,2770971.979
Bo,293,265759.0405,2772990.493
Bo,294,266726.6477,2772420.751
Bo,295,268700.9297,2772391.368
Bo,296,264514.1779,2773555.795
Bo,297,268170.3711,2773349.214
Bo,298,268779.0739,2771548.583
Bo,299,267418.2185,2773094.422
Bo,300,268887.331,2771346.161
Bo,301,265346.3772,2772417.151
Bo,302,268900.3303,2771249.557
Bo,303,269394.9698,2771440.089
Bo,304,269269.2757,2770884.624
Bo,305,268560.9885,2773040.744
Bo,306,269321.3938,2771051.57
Bo,307,264512.638,2773555.822
Bo,308,267970.7519,2772298.714
Bo,309,268051.791,2771492.862
Bo,310,267321.25,2773324.357
Bo,311,269194.1316,2770996.017
Bo,312,269392.7027,2770758.677
Bo,313,263031.6429,2773955.613
Bo,314,267451.892,2772991.545
Bo,315,267970.7519,2772298.714
Bo,316,268611.1782,2773093.792
Bo,317,269483.6863,2770672.805
Bo,318,263718.5681,2772174.891
Bo,319,269206.5075,2774413.64
Bo,320,263003.6131,2776373.848
Bo,321,267846.011,2771893.102
Bo,322,265332.5725,2772465.37
Bo,323,268260.6504,2771636.216
Bo,324,267512.3859,2771524.444
Bo,325,267759.9437,2772990.735
Bo,326,267792.4881,2771689.829
Bq,1,268863.8454,2770868.865
Bq,2,267365.0271,2772142.89
Bq,3,264796.6544,2777160.165
Bq,4,268073.6078,2772323.387
Bq,5,267998.5723,2772575.982
Bq,6,267148.8311,2773420.092
Bq,7,266863.6031,2773449.061
Bq,8,268890.8226,2771370.409
Bq,9,271060.9285,2779274.679
Bq,10,267373.9477,2770496.792
Bq,11,268888.2337,2770989.989
Bq,12,265810.3845,2774141.599
Bq,13,268987.4415,2770844.157
Bq,14,267438.6241,2772484.268
Bq,15,270490.4376,2776849.96
Bq,16,268096.6072,2771047.801
Bq,17,269589.519,2771603.573
Bq,18,268068.2932,2771285.439
Bq,19,268693.3093,2770805.383
Bq,20,265489.4436,2774332.068
Bq,21,268762.8996,2772457.745
Bq,22,268131.4999,2772648.125
Bq,23,268736.293,2770796.412
Bq,24,268046.1184,2772609.204
Bq,25,269760.6798,2775764.638
Bq,26,262929.3634,2776177.924
Bq,27,268196.4549,2773343.275
Bq,28,267864.5749,2772033.559
Bq,29,267983.6412,2772558.481
Bq,30,269650.6844,2775862.459
Bq,31,271314.7653,2778163.691
Bq,32,267183.444,2772966.32
Bq,33,263568.8405,2773535.159
Bq,34,263315.6124,2774254.008
Bq,35,268891.4844,2771227.513
Bq,36,268402.0652,2772026.541
Bq,37,267926.4842,2772548.884
Bq,38,268683.3948,2770856.703
Bq,39,267919.479,2772770.943
Bq,40,269454.327,2770621.939
Bq,41,263424.8655,2774824.946
Bq,42,267151.3573,2773432.731
Bq,43,267729.6596,2772161.832
Bq,44,269363.1407,2770741.422
Bq,45,268333.1019,2771866.013
Bq,46,271579.7085,2777390.502
Bq,47,268604.3226,2770826.971
Bq,48,268228.895,2771898.009
Bq,49,267914.9247,2772729.592
Bq,50,267352.3118,2772481.301
Bq,51,267160.8577,2772906.465
Bq,52,269939.7124,2775742.38
Bq,53,268847.3197,2771485.074
Bq,54,267895.4691,2772853.574
Bq,55,268182.4175,2771111.445
Bq,56,268113.8633,2772516.741
Bq,57,266780.934,2774019.067
Bq,58,269349.3815,2771431.559
Bq,59,263549.0296,2774524.538
Bq,60,268085.6277,2771716.339
Bq,61,267867.8124,2772540.794
Bq,62,268470.3748,2771467.578
Bq,63,268038.6049,2772121.912
Bq,64,271535.4261,2778467.736
Bq,65,267856.547,2772557.684
Bq,66,267754.131,2772558.792
Bq,67,269473.0522,2770727.306
Bq,68,267853.5008,2771110.693
Bq,69,269286.0736,2771240.496
Bq,70,266341.5467,2772600.666
Bq,71,268047.3087,2772633.914
Bq,72,262744.1194,2775710.407
Bq,73,265506.5087,2774383.984
Bq,74,267934.9538,2772548.74
Bq,75,268173.202,2771929.392
Bq,76,268174.3753,2772678.468
Bq,77,268558.5597,2774077.555
Bq,78,268567.6709,2772617.468
Bq,79,269600.2349,2771599.588
Bq,80,269221.5447,2770703.866
Bq,81,268038.2212,2772597.713
Bq,82,268926.8375,2771404.887
Bq,83,269429.2373,2770732.696
Bq,84,267655.9857,2772086.993
Bq,85,267800.4317,2772745.067
Bq,86,268012.0555,2772508.326
Bq,87,263551.2132,2775405.1
Bq,88,267787.9048,2772597.321
Bq,89,269515.5913,2775751.027
Bq,90,268037.947,2772626.887
Bq,91,268039.9254,2773467.897
Bq,92,268492.4496,2772133.228
Bq,93,271689.9526,2777399.432
Bq,94,268049.2485,2772612.11
Bq,95,267993.007,2771840.931
Bq,96,267551.3647,2770556.548
Bq,97,267805.7506,2772605.049
Bq,98,268718.9293,2770771.765
Bq,99,266220.6822,2772558.982
Bq,100,270982.1178,2779074.36
Bq,101,265804.4613,2774155.44
Bq,102,268157.4639,2771093.48
Bq,103,269201.8539,2772363.652
Bq,104,269092.7195,2770966.027
Bq,105,265751.8162,2774004.789
Bq,106,268038.6013,2772121.701
Bq,107,268469.4811,2772050.55
Bq,108,268720.4761,2770817.605
Bq,109,267902.7881,2772785.811
Bq,110,268541.8293,2772637.776
Bq,111,267825.2194,2772572.378
Bq,112,266781.6967,2774018.631
Bq,113,267448.3197,2773007.881
Bq,114,268339.6959,2772027.599
Bq,115,269221.02,2771538.568
Bq,116,269049.8478,2771527.935
Bq,117,269646.7933,2770707.042
Bq,118,267649.5238,2772566.914
Bq,119,267508.0599,2770772.883
Bq,120,268841.7572,2771520.467
Bq,121,267858.6487,2772817
Bq,122,265949.8081,2773290.962
Bq,123,267711.837,2772517.45
Bq,124,263196.4319,2775018.519
Bq,125,271061.6839,2779273.82
Bq,126,267185.7682,2772967.126
Bq,127,264136.4103,2773488.553
Bq,128,268302.5811,2772336.618
Bq,129,268301.019,2772426.054
Bq,130,269164.2356,2771004.555
Bq,131,268229.5877,2772618.98
Bq,132,268139.0709,2772005.854
Bq,133,271294.2637,2777539.022
Bq,134,269751.7295,2775599.499
Bq,135,263419.7149,2774838.775
Bq,136,269065.2083,2770887.863
Bq,137,262425.7504,2776309.085
Bq,138,269459.4777,2771291.888
Bq,139,268882.136,2771448.763
Bq,140,267744.1239,2772151.863
Bq,141,267036.3382,2772830.806
Bq,142,267929.2538,2773707.572
Bq,143,268867.031,2771148.029
Bq,144,268723.0082,2770830.667
Bq,145,269338.9742,2770633.187
Bq,146,267185.3391,2772941.98
Bq,147,269978.7521,2776595.227
Bq,148,267268.0782,2773412.773
Bq,149,268476.5221,2771285.061
Bq,150,269352.6561,2770759.142
Bq,151,269469.7628,2771307.989
Bq,152,263601.3181,2773676.008
Bq,153,268212.9978,2771370.065
Bq,154,269412.0362,2771492.855
Bq,155,269272.3803,2771113.906
Bq,156,269383.3613,2771072.082
Bq,157,268866.6223,2771169.385
Bq,158,268528.9659,2773014.443
Bq,159,271389.3547,2777516.712
Bq,160,268508.2565,2773019.445
Bq,161,269603.0586,2771629.977
Bq,162,267006.3263,2774004.433
Bq,163,269562.0884,2770982.404
Bq,164,268109.3929,2773069.339
Bq,165,267221.5063,2773436.607
Bq,166,262056.7414,2775814.131
Bq,167,269304.9452,2771673.482
Bq,168,268768.0536,2772171.041
Bq,169,267624.4372,2772902.788
Bq,170,269217.2664,2771544.338
Bq,171,268762.6005,2773167.106
Bq,172,269471.061,2771339.25
Bq,173,269414.7537,2771380.149
Bq,174,269398.8995,2770988.752
Bq,175,268042.6206,2772629.978
Bq,176,263342.3335,2774063.093
Bq,177,269348.2497,2771227.82
Bq,178,268154.3786,2772997.342
Bq,179,267437.8397,2772483.436
Bq,180,267308.0825,2773003.931
Bq,181,263481.4658,2772804.463
Bs,1,264515.5507,2774259.653
Bs,2,264843.1016,2777442.185
Bs,3,265503.4712,2774744.642
Bs,4,271201.6689,2778030.527
Bs,5,268146.4096,2774114.148
Bs,6,268626.5847,2774909.41
Bs,7,267169.2672,2771096.981
Bs,8,270547.4428,2779135.582
Bs,9,267142.4103,2771012.679
Bs,10,267549.453,2770715.742
Bs,11,263829.9671,2775315.926
Bs,12,268276.2527,2775364.735
Bs,13,265579.7407,2776984.327
Bs,14,266228.3337,2772645.936
Bs,15,269116.4613,2774280.311
Bs,16,267956.7449,2772290.286
Bs,17,267386.9013,2770895.428
Bs,18,265062.1075,2774693.69
Bs,19,268647.9848,2771448.925
Bs,20,262141.431,2775813.287
Bs,21,269965.2742,2776572.204
Bs,22,262870.0399,2773874.293
Bs,23,267149.0081,2771083.376
Bs,24,266189.8911,2772694.788
Bs,25,268177.436,2770636.582
Bs,26,266344.3898,2772496.833
Bs,27,269167.1997,2771680.883
Bs,28,267481.1072,2772039.453
Bs,29,264540.3066,2772704.768
Bs,30,266283.6727,2773043.849
Bs,31,268447.5739,2772983.485
Bs,32,267154.6771,2771009.299
Bs,33,268082.4444,2774699.888
Bs,34,269606.7206,2775493.729
Bs,35,263239.3947,2772791.329
Bs,36,271216.3392,2778078.895
Bs,37,270753.8276,2778363.357
Bs,38,268808.6108,2774018.568
Bs,39,262333.6088,2774336.829
Bs,40,265039.0274,2774784.345
Bs,41,264698.2308,2773242.53
Bs,42,267781.1148,2772243.602
Bs,43,263404.0761,2774869.485
Bs,44,270736.1547,2778182.512
Bs,45,269581.9122,2775483.792
Bs,46,270049.6237,2776369.346
Bs,47,267190.7193,2773888.834
Bs,48,264566.5767,2772709.599
Bs,49,269794.826,2776053.848
Bs,50,265615.5752,2772574.648
Bs,51,271209.6746,2778644.204
Bs,52,267140.0966,2771012.507
Bs,53,269298.0557,2772131.633
Bs,54,264211.4351,2772482.162
Bs,55,267051.7846,2770892.898
Bs,56,270990.5227,2778064.092
Bs,57,267135.6793,2771069.653
Bs,58,271001.0457,2779238.486
Bs,59,267624.1147,2772476.88
Bs,60,270664.6441,2777684.888
Bs,61,267314.987,2783855.498
Bs,62,265896.5542,2772790.709
Bs,63,267820.7419,2774164.289
Bs,64,265768.0977,2776475.478
Bs,65,267944.2937,2774998.37
Bs,66,270980.1616,2778637.918
Bs,67,268267.8684,2773194.948
Bs,68,263476.2254,2773168.546
Bs,69,267288.4402,2773477.739
Bs,70,268495.4736,2774988.152
Bs,71,271954.5266,2780920.17
Bs,72,267130.8823,2770923.888
Bs,73,267332.0153,2773458.818
Bs,74,267372.1246,2773146.36
Bs,75,267131.2847,2770902.322
Bs,76,265385.6378,2772191.996
Bs,77,267560.9449,2771028.798
Bs,78,262148.7586,2775571.34
Bs,79,269141.4773,2774848.048
Bs,80,267156.2185,2770919.017
Bs,81,269398.3266,2771821.129
Bs,82,271011.7098,2778133.698
Bs,83,267991.1191,2772500.015
Bs,84,269125.5708,2774272.548
Bs,85,267351.1803,2773453.629
Bs,86,264166.9377,2774318.523
Bs,87,267147.4367,2770991.245
Bs,88,271357.8757,2778896.833
Bs,89,267081.8377,2772518.467
Bs,90,267303.3729,2770423.592
Bs,91,267129.3674,2770925.394
Bs,92,269165.6775,2771681.966
Bs,93,264895.9725,2794304.016
Bs,94,267363.9112,2773161.508
Bs,95,266909.6924,2771187.65
Bs,96,267851.3747,2771574.476
Bs,97,262771.2895,2773288.801
Bs,98,263526.4521,2772911.486
Bs,99,269574.1331,2770691.993
Bs,100,268085.6306,2771263.162
Bs,101,267110.6301,2770910.706
Bs,102,268881.2894,2774853.303
Bs,103,264032.192,2773785.86
Bs,104,263601.6182,2775425.363
Bs,105,269881.7493,2777370.476
Bs,106,269360.3763,2771717.566
Bs,107,262474.9544,2778070.502
Bs,108,265212.6871,2775879.871
Bs,109,265651.115,2772805.28
Bs,110,270442.8131,2776719.503
Bs,111,265221.6354,2775907.618
Bs,112,266610.8801,2772451.9
Bs,113,266913.4694,2773302.573
Bs,114,268602.0977,2771967.98
Bs,115,270449.6524,2777536.326
Bs,116,267078.0683,2773786.129
Bs,117,268455.2857,2770804.979
Bs,118,265527.4096,2776628.004
Bs,119,264750.4704,2777383.754
Bs,120,267832.0815,2775237.017
Bs,121,262711.0143,2773055.854
Bs,122,262050.4556,2775630.552
Bs,123,262414.289,2776358.325
Bs,124,268047.2575,2771588.689
Bs,125,266334.2434,2772533.997
Bs,126,264769.6539,2776087.051
Bs,127,270512.7548,2777534.628
Bs,128,265471.2534,2776273.226
Bs,129,272061.1826,2779890.082
Bs,130,267083.4323,2773784.557
Bs,131,271259.4441,2777528.616
Bs,132,267157.6469,2770912.441
Bs,133,267475.2806,2774950.138
Bs,134,262366.493,2774323.573
Bs,135,265299.4748,2775911.562
Bs,136,267191.194,2771027.7
Bs,137,265045.9164,2774424.466
Bs,138,268057.5544,2771832.013
Bs,139,265245.5764,2775777.633
Bs,140,264914.122,2777096.204
Bs,141,269259.5323,2771766.406
Bs,142,267136.6944,2770948.52
Bs,143,265542.9914,2778337.763
Bs,144,262691.8476,2776511.388
Bs,145,263304.6714,2774466.633
Bs,146,266630.6059,2772749.598
Bs,147,267053.1702,2771515.786
Bs,148,267347.7568,2772485.183
Bs,149,268936.1957,2773821.945
Bs,150,263996.0157,2773653.53
Bs,151,267129.8984,2771001.69
Bs,152,270931.202,2779296.519
Bs,153,264798.5897,2772943.606
Bs,154,271191.1636,2778184.157
Bs,155,265442.6851,2774881.813
Bs,156,268314.9238,2776235.137
Bs,157,267159.9932,2770914.514
Bs,158,268954.1969,2771246.531
Bs,159,266554.3473,2772703.978
Bs,160,267754.6365,2775030.347
Bs,161,264469.7444,2774238.25
Bs,162,267218.9274,2770892.372
Bs,163,267735.0268,2774150.53
Bs,164,266490.0916,2774079.212
Bs,165,268145.6655,2770852.296
Bs,166,265503.236,2776968.1
Bs,167,267189.8351,2771083.525
Bs,168,264782.6868,2773093.322
Bs,169,268589.9901,2772707.345
Bs,170,269089.5595,2774237.859
Bs,171,268251.7807,2771567.46
Bs,172,267113.9085,2770922.276
Bs,173,265215.2514,2775894.623
Bs,174,267576.9899,2770523.349
Bs,175,269128.9694,2771333.195
Bs,176,267158.119,2770940.122
Bs,177,267944.9746,2771099.626
Bs,178,267156.8805,2770912.665
Bs,179,268563.0691,2772618.603
Bs,180,270882.7776,2779575.072
Bs,181,268025.0257,2774810.144
Bs,182,268637.1072,2772669.979
Bs,183,264987.1668,2777491.908
Bs,184,262511.1637,2773963.399
Bs,185,263920.5181,2776275.491
Bs,186,269141.0761,2774869.826
Bs,187,269119.9478,2772211.372
Bs,188,264827.4615,2772697.279
Bs,189,265704.1837,2772576.719
Bs,190,265419.4747,2772412.935
Bs,191,268580.9818,2771949.104
Bs,192,267540.7502,2773550.798
Bs,193,267752.3018,2775028.907
Bs,194,264966.638,2777105.444
Bs,195,269128.5616,2774903.857
Bs,196,269252.7411,2771455.809
Bs,197,266573.3176,2772507.288
Bs,198,265618.9477,2773667.394
Bs,199,267145.5758,2770972.465
Bs,200,266124.7268,2772397.869
Bs,201,263998.1313,2773731.28
Bs,202,269539.97,2771999.034
Bs,203,262148.7586,2775571.34
Bs,204,267574.3616,2774935.132
Bs,205,267138.7198,2770931.787
Bs,206,262974.7264,2772807.55
Bs,207,263888.8254,2774757.293
Bs,208,267195.437,2771050.667
Bs,209,268240.8964,2771561.515
Bs,210,265620.6106,2772822.926
Bs,211,268905.0159,2771571.815
Bs,212,265214.2267,2775879.844
Bs,213,270946.9888,2778679.482
Bs,214,268715.1475,2771094.166
Bs,215,265266.9873,2775903.032
Bs,216,267435.2101,2773052.07
Bs,217,263500.296,2772868.818
Bs,218,265147.1298,2774443.648
Bs,219,267649.1425,2772589.749
Bs,220,263306.4141,2774256.493
Bs,221,267604.9064,2772705.7
Bs,222,270560.8288,2777691.921
Bs,223,263804.3444,2774681.604
Bs,224,264531.3926,2777626.819
Bs,225,269197.7671,2770755.419
Bs,226,265047.6557,2772513.605
Bs,227,264150.0499,2774499.753
Bs,228,271738.6727,2777733.843
Bs,229,262605.057,2772986.251
Bs,230,268714.3811,2771094.391
Bs,231,272043.773,2780091.384
Bs,232,269376.6284,2773043.628
Bs,233,263338.2116,2776708.14
Bs,234,264664.782,2777415.25
Bs,235,265620.6106,2772822.926
Bs,236,270909.0704,2779125.05
Bs,237,265045.9164,2774424.466
Bs,238,268919.0652,2774901.277
Bs,239,267848.486,2771540.494
Bs,240,266837.286,2772404.909
Bs,241,267158.2715,2770994.231
Bs,242,267137.0536,2770924.417
Bs,243,269563.1851,2775423.657
Bs,244,269042.1492,2774439.463
Bs,245,268130.5435,2775082.919
Bs,246,268133.0471,2775094.291
Bs,247,265049.7969,2772459.033
Bs,248,264882.3518,2779268.647
Bs,249,269369.726,2770948.874
Bs,250,265339.5382,2772422.553
Bs,251,269289.7841,2774920.573
Bs,252,264736.7508,2777391.812
Bs,253,262573.5399,2776659.513
Bs,254,267112.217,2770913.427
Bs,255,263298.0414,2772531.374
Bs,256,265024.2172,2774327.184
Bs,257,268464.32,2773017.231
Bs,258,267882.5927,2772821.031
Bs,259,268125.2734,2775089.984
Bs,260,267831.6781,2773992.47
Bs,261,264655.6101,2773539.826
Bs,262,265520.5213,2776943.494
Bs,263,264019.6252,2773682.714
Bs,264,267114.6714,2770921.84
Bs,265,267162.4173,2771011.492
Bs,266,269458.4977,2772009.076
Bs,267,263171.3434,2774106.224
Bs,268,268745.0458,2774947.348
Bs,269,267492.4735,2772028.48
Bs,270,265204.4686,2775849.786
Bs,271,270680.7902,2778232.059
Bs,272,264412.4842,2772751.152
Bs,273,264729.2692,2777404.413
Bs,274,265543.5753,2776896.172
Bs,275,265547.131,2774730.997
Bs,276,265421.2792,2772204.277
Bs,277,262198.3515,2775589.076
Bs,278,270639.0266,2777763.737
Bs,279,262050.7604,2775603.912
Bs,280,270829.5297,2779110.114
Bs,281,262907.9358,2776141.305
Bs,282,271385.8887,2777952.186
Bs,283,265241.1095,2775920.599
Bs,284,267167.8509,2771013.936
Bs,285,268744.8574,2772347.505
Bs,286,265507.1882,2773259.037
Bs,287,270691.7883,2778839.135
Bs,288,272078.0981,2780026.764
Bs,289,264976.0916,2777608.567
Bs,290,267155.2682,2771043.954
Bs,291,267415.1688,2771831.108
Bs,292,265629.3859,2772750.908
Bs,293,266222.6351,2772717.901
Bs,294,267519.2546,2774954.884
Bs,295,269544.169,2775437.506
Bs,296,263434.9341,2772252.941
Bs,297,266917.7754,2773058.787
Bs,298,268535.5188,2771857.083
Bs,299,267126.0781,2770913.19
Bs,300,262698.1176,2772934.324
Bs,301,266914.8015,2773200.246
Bs,302,265621.3806,2772822.912
Bs,303,267080.3672,2773785.455
Bs,304,265895.7498,2772474.508
Bs,305,270402.9377,2777688.031
Bs,306,267200.0985,2770962.657
Bs,307,268712.8661,2771095.896
Bs,308,264381.5924,2774351.168
Bs,309,267142.092,2770948.85
Bs,310,267213.5586,2770893.732
Bs,311,269210.4286,2773007.124
Bs,312,267918.0048,2774177.852
Bs,313,271317.2503,2777486.64
Bs,314,267178.12,2770983.746
Bs,315,265242.6613,2773417.046
Bs,316,265334.1208,2772197.109
Bs,317,264971.2527,2777105.153
Bs,318,268004.9196,2771091.632
Bs,319,268594.0145,2770900.491
Bs,320,265252.7363,2775925.049
Bs,321,268944.9797,2773794.953
Bs,322,265017.2476,2775932.913
Bs,323,269596.8705,2775503.196
Bs,324,267543.4891,2771496.436
Bs,325,268102.277,2771245.547
Bs,326,270689.8364,2778266.36
Bs,327,264766.053,2776056.887
Bs,328,268586.2281,2774573.382
Bs,329,268843.3889,2773253.455
Bs,330,267792.7404,2771659.387
Bs,331,263767.982,2772315.235
Bs,332,267152.3334,2770962.203
Bs,333,266414.956,2772479.772
Bs,334,263647.5069,2775407.234
Bs,335,268045.9005,2774181.383
Bs,336,268453.4226,2773010.441
Bs,337,268968.2519,2774941.027
Bs,338,269264.7643,2774852.725
Bs,339,269535.113,2771665.789
Bs,340,268802.0973,2773543.519
Bs,341,265241.1095,2775920.599
Bs,342,263270.5526,2775162.659
Bs,343,266944.4814,2773044.169
Bs,344,269166.279,2774357.251
Bs,345,267754.5305,2772537.014
Bs,346,262198.3515,2775589.076
Bs,347,269166.5131,2771367.013
Bs,348,265004.7126,2774401.924
Bs,349,264443.4784,2774367.221
Bs,350,269189.2296,2774257.308
Bs,351,268087.7238,2774285.934
Bs,352,263764.5816,2774564.556
Bs,353,267159.6254,2771028.45
Bs,354,271498.0493,2777249.833
Bs,355,267138.0495,2770892.483
Bs,356,267451.2779,2773045.877
Bs,357,267985.9445,2771017.553
Bs,358,264040.1815,2773847.021
Bs,359,267746.0144,2771131.333
Bs,360,268577.1272,2770676.726
Bs,361,267019.2583,2772958.132
Bs,362,262435.8622,2778036.307
Bs,363,267468.4018,2770931.875
Bs,364,267232.3539,2773620.949
Bs,365,266905.8367,2771818.872
Bs,366,271288.3783,2778380.151
Bs,367,267587.8655,2772564.371
Bs,368,265204.4686,2775849.786
Bs,369,263260.5263,2774984.43
Bs,370,264879.6292,2772506.565
Bs,371,263524.7495,2774456.684
Bs,372,268373.803,2771268.838
Bs,373,267170.805,2771006.488
Bs,374,268445.4514,2776077.56
Bs,375,262494.0852,2773999.842
Bs,376,263392.7104,2772793.954
Bs,377,265347.1562,2772193.715
Bs,378,268415.394,2773855.087
Bs,379,267222.1651,2770449.706
Bs,380,265060.3692,2772446.803
Bs,381,264412.7688,2772723.034
Bs,382,268655.2026,2775098.311
Bs,383,269502.4522,2775474.99
Bs,384,267137.1917,2770977.68
Bs,385,262064.2748,2775848.666
Bs,386,268552.6215,2770912.395
Bs,387,262300.6592,2775538.674
Bs,388,270949.8169,2777612.239
Bs,389,267552.8387,2772497.541
Bs,390,271010.6035,2779166.037
Bs,391,264880.0861,2786387.051
Bs,392,267189.6899,2771029.839
Bs,393,267155.8376,2771077.341
Bs,394,265502.7578,2776895.606
Bs,395,267181.0694,2770930.853
Bs,396,267833.7615,2772893.305
Bs,397,265228.8724,2775836.049
Bs,398,264551.9349,2778636.424
Bs,399,265105.5408,2775739.25
Bs,400,265233.81,2775899.165
Bs,401,264975.1195,2777106.143
Bs,402,269557.6416,2775778.85
Bs,403,265645.401,2775295.791
Bs,404,270500.973,2777749.154
Bs,405,267849.4897,2773953.063
Bs,406,268721.7987,2771077.567
Bs,407,269319.7506,2770771.958
Bs,408,265527.3874,2774747.189
Bs,409,264798.1621,2772472.035
Bs,410,267573.7082,2770511.568
Bs,411,264617.1606,2774257.053
Bs,412,267754.8527,2772239.187
Bs,413,262483.13,2776817.721
Bs,414,268000.8515,2774792.377
Bs,415,269250.7158,2771746.052
Bs,416,271060.898,2777991.466
Bs,417,268857.7775,2772420.839
Bs,418,269568.5864,2775469.855
Bs,419,263539.9106,2772976.991
Bs,420,271652.8915,2777898.033
Bs,421,269028.2731,2774983.974
Bs,422,265980.0116,2772672.176
Bs,423,267126.0781,2770913.19
Bs,424,264886.9783,2774183.912
Bs,425,269144.971,2772188.121
Bs,426,267422.2752,2771524.922
Bs,427,268864.1183,2772204.078
Bs,428,271024.4932,2778161.384
Bs,429,263952.1176,2774676.72
Bs,430,269364.9002,2771164.762
Bs,431,270476.7044,2776537.579
Bs,432,268774.0073,2770840.161
Bs,433,269301.7671,2771941.128
Bs,434,270406.1025,2777236.495
Bs,435,267183.9443,2770918.756
Bs,436,265533.989,2774728.052
Bs,437,268266.0438,2771500.214
Bs,438,269563.839,2775462.326
Bs,439,267430.0583,2773066.108
Bs,440,264005.8744,2773733.682
Bs,441,269126.2501,2774358.141
Bs,442,266611.8747,2773185.346
Bs,443,264447.9757,2772754.767
Bs,444,264576.5185,2777297.771
Bs,445,266651.3958,2772479.108
Bs,446,265256.5594,2775834.092
Bs,447,266107.7316,2772664.491
Bs,448,267844.1365,2773955.268
Bs,449,269171.2035,2773874.824
Bs,450,267509.8915,2770744.739
Bs,451,264755.753,2777422.133
Bs,452,266691.2646,2773189.06
Bs,453,265659.4344,2773424.041
Bs,454,267164.4259,2771038.936
Bs,455,263618.6673,2773654.992
Bs,456,267707.2521,2771524.085
Bs,457,264026.9817,2775486.9
Bs,458,268840.2555,2773250.337
Bs,459,263314.9022,2774922.82
Bs,460,269221.6589,2770938.482
Bs,461,267879.0066,2772248.066
Bs,462,268884.7889,2773924.062
Bs,463,267435.8792,2770876.627
Bs,464,269156.5936,2772146.708
Bs,465,267187.6371,2770954.626
Bs,466,269574.886,2775523.648
Bs,467,267112.2232,2771004.105
Bs,468,267475.7429,2772086.258
Bs,469,269161.2052,2771371.964
Bs,470,268543.9837,2774126.206
Bs,471,270541.2662,2778221.306
Bs,472,269883.109,2776038.195
Bs,473,267189.6576,2772969.385
Bs,474,268013.8095,2774739.314
Bs,475,265256.5594,2775834.092
Bs,476,269557.6557,2775460.951
Bs,477,267147.1533,2770884.296
Bs,478,265227.6372,2775898.426
Bs,479,268150.9659,2774200.944
Bs,480,271248.0861,2778731.064
Bs,481,267186.867,2770954.639
Bs,482,265183.7118,2772453.135
Bs,483,267409.7717,2771559.588
Bs,484,262148.7586,2775571.34
Bs,485,264996.87,2778455.405
Bs,486,265451.2333,2776899.242
Bs,487,268087.5933,2773916.037
Bs,488,263600.658,2773682.36
Bs,489,271354.7055,2777929.036
Bs,490,268667.6344,2775104.864
Bs,491,266725.9078,2773233.279
Bs,492,267448.9341,2770829.058
Bs,493,267189.6219,2770890.335
Bs,494,262458.0716,2776528.779
Bs,495,265479.2168,2774722.442
Bs,496,267163.4721,2771028.173
Bs,497,264033.0533,2773791.129
Bs,498,267184.1497,2770930.801
Bs,499,267117.0104,2770923.491
Bs,500,262198.3515,2775589.076
Bs,501,265573.2696,2774728.434
Bs,502,267979.9449,2772295.81
Bs,503,263174.0528,2773685.746
Bs,504,269117.4627,2772201.057
Bs,505,265067.2299,2774275.924
Bs,506,269126.2501,2774358.141
Bs,507,264519.863,2773528.218
Bs,508,268461.5083,2770944.8
Bs,509,266557.6257,2772625.502
Bs,510,270339.0861,2777097.487
Bs,511,264107.3254,2778835.631
Bs,512,262629.2491,2776984.278
Bs,513,266910.7259,2771203.062
Bs,514,265046.3403,2774404.378
Bs,515,267148.4002,2770957.409
Bs,516,265559.3941,2774727.615
Bs,517,268150.3397,2774209.41
Bs,518,269095.0785,2772243.71
Bs,519,267138.1948,2770946.169
Bs,520,269301.2637,2774734.374
Bs,521,267133.2225,2770970.773
Bs,522,263397.7817,2775748.927
Bs,523,262271.5019,2775544.678
Bs,524,269124.8689,2774276.575
Bs,525,262186.4576,2775569.414
Bs,526,265218.8928,2775882.512
Bs,527,267783.1595,2772544.771
Bs,528,265350.3142,2773675.818
Bs,529,269140.6629,2774072.337
Bs,530,265267.4821,2775842.359
Bs,531,267389.8926,2775000.422
Bs,532,269153.2762,2771358.571
Bs,533,262854.8091,2773751.325
Bs,534,267806.8693,2772625.533
Bs,535,265220.6253,2775893.685
Bs,536,265499.4619,2772585.521
Bs,537,265431.6152,2776967.22
Bs,538,265245.0931,2775928.352
Bs,539,263269.7938,2772767.761
Bs,540,264011.2508,2773777.344
Bs,541,263270.5526,2775162.659
Bs,542,269386.7136,2771863.177
Bs,543,267892.7148,2773958.879
Bs,544,267733.4119,2772246.528
Bs,545,264856.5863,2779247.744
Bs,546,267124.591,2771006.642
Bs,547,270790.7303,2778360.41
Bs,548,269089.5595,2774237.859
Bs,549,264763.5955,2777385.853
Bs,550,271487.283,2777938.647
Bs,551,264479.7637,2772677.7
Bs,552,265256.5594,2775834.092
Bs,553,268711.8938,2773855.551
Bs,554,267938.1617,2774185.752
Bs,555,263783.2255,2784948.002
Bs,556,269317.6393,2770738.174
Bs,557,263493.527,2773189.172
Bs,558,267266.334,2771504.329
Bs,559,267347.3667,2773455.808
Bs,560,262548.8571,2773120.398
Bs,561,267173.6402,2770992.066
Bs,562,267128.3847,2770912.94
Bs,563,267182.9627,2770951.535
Bs,564,263667.3404,2784921.694
Bs,565,269159.6193,2774327.773
Bs,566,268715.1475,2771094.166
Bs,567,266454.0048,2774085.538
Bs,568,267443.177,2770943.296
Bs,569,269597.7868,2775511.847
Bs,570,269128.3164,2774343.733
Bs,571,262795.7182,2773276.328
Bs,572,265183.2384,2772559.887
Bs,573,267141.3712,2770906.588
Bs,574,263329.3795,2774337.263
Bs,575,269076.7947,2773847.887
Bs,576,267372.2579,2773154.179
Bs,577,267891.294,2772245.955
Bs,578,267822.5083,2774177.575
Bs,579,262038.0781,2775583.207
Bs,580,265273.1053,2775811.19
Bs,581,265221.7629,2775915.014
Bs,582,265045.9164,2774424.466
Bs,583,269291.756,2770847.466
Bs,584,267114.5272,2770913.387
Bs,585,267133.5024,2770942.022
Bs,586,271070.0364,2778855.172
Bs,587,266304.535,2772643.151
Bs,588,264868.0919,2774205.164
Bs,589,265593.8763,2772835.856
Bs,590,262871.0708,2776146.809
Bs,591,269590.8175,2775463.984
Bs,592,265555.262,2772919.378
Bs,593,266896.0229,2771199.086
Bs,594,270900.9649,2779603.724
Bs,595,270960.608,2778024.858
Bs,596,269194.6993,2774580.399
Bs,597,265058.2592,2772682.1
Bs,598,262198.3515,2775589.076
Bs,599,262474.1014,2773957.915
Bs,600,265530.7024,2776953.465
Bs,601,271973.0871,2780099.121
Bs,602,267105.2193,2770954.764
Bs,603,271433.4243,2777252.609
Bs,604,271448.3572,2778875.656
Bs,605,271086.859,2778985.725
Bs,606,268502.8586,2771430.037
Bs,607,269095.8448,2771105.266
Bs,608,265490.1605,2772626.898
Bs,609,268207.2028,2771482.401
Bs,610,267428.4428,2773061.697
Bs,611,266701.5412,2773204.526
Bs,612,267799.2862,2774170.573
Bs,613,267828.206,2770891.51
Bs,614,271489.9927,2777962.486
Bs,615,271003.4908,2777599.288
Bs,616,268427.8302,2770594.075
Bs,617,270673.646,2778813.231
Bs,618,268765.592,2771298.34
Bs,619,268024.5385,2770976.948
Bs,620,267719.9043,2771452.849
Bs,621,264928.2906,2777114.138
Bs,622,265885.9913,2772579.094
Bs,623,263470.1227,2772727.718
Bs,624,271501.2784,2777946.867
Bs,625,269546.2291,2771959.191
Bs,626,270536.2206,2777739.26
Bs,627,267173.4346,2771115.51
Bs,628,269284.7094,2771934.441
Bs,629,267741.4195,2772535.969
Bs,630,264947.548,2777159.251
Bs,631,265600.9729,2776562.691
Bs,632,270617.0157,2777828.153
Bs,633,265647.5639,2776540.752
Bs,634,268084.1356,2771991.146
Bs,635,264929.2245,2777123.634
Bs,636,267827.029,2772271.356
Bs,637,267177.2685,2770888.644
Bs,638,267277.8232,2770415.995
Bs,639,270430.7703,2777649.304
Bs,640,264866.8053,2774309.183
Bs,641,263574.603,2773867.556
Bs,642,263629.1868,2774039.728
Bs,643,265045.9164,2774424.466
Bs,644,267688.1447,2772302.043
Bs,645,266494.7272,2772640.529
Bs,646,269135.308,2772208.787
Bs,647,267806.1461,2772266.216
Bs,648,269926.5927,2776014.21
Bs,649,267357.4461,2771969.272
Bs,650,263139.8647,2774067.454
Bs,651,266209.0085,2772641.829
Bs,652,269570.86,2775467.703
Bs,653,263019.1773,2772883.508
Bs,654,268724.2186,2772356.732
Bs,655,265283.5185,2775879.285
Bs,656,265436.2921,2776702.286
Bs,657,267182.8423,2771034.818
Bs,658,270493.7905,2777597.09
Bs,659,262748.496,2776315.509
Bs,660,271279.1935,2778429.131
Bs,661,265184.0221,2775780.384
Bs,662,263288.6616,2774165.486
Bs,663,267182.8423,2771034.818
Bs,664,267729.7781,2774158.863
Bs,665,264966.638,2777105.444
Bs,666,267851.6559,2775029.962
Bs,667,265247.1512,2775913.731
Bs,668,265257.3259,2775923.279
Bs,669,265488.0866,2772595.862
Bs,670,265571.6921,2773427.239
Bs,671,263686.4148,2774097.921
Bs,672,264581.2972,2774320.874
Bs,673,265245.5764,2775777.633
Bs,674,270872.9515,2778762.95
Bs,675,269563.4158,2775482.836
Bs,676,265530.7024,2776953.465
Bs,677,269072.1494,2774301.142
Bs,678,270599.1256,2779415.83
Bs,679,265176.0074,2772408.245
Bs,680,262528.5691,2773989.941
Bs,681,271175.4987,2778214.011
Bs,682,268345.6124,2772648.292
Bs,683,264046.2212,2775441.755
Bs,684,269564.1356,2775479.865
Bs,685,268506.3753,2770910.643
Bs,686,267734.3685,2774157.094
Bs,687,269106.8257,2774257.012
Bs,688,265773.2647,2772876.952
Bs,689,265566.5102,2772812.018
Bs,690,267739.6613,2775055.332
Bs,691,266126.2632,2772397.631
Bs,692,268849.7615,2771811.175
Bs,693,262527.3355,2773963.329
Bs,694,268242.2512,2771595.946
Bs,695,264526.4711,2778633.06
Bs,696,264868.3351,2774263.922
Bs,697,270390.8049,2776557.415
Bs,698,264659.131,2773565.341
Bs,699,266522.4785,2772641.957
Bs,700,269123.4503,2774329.23
Bs,701,265284.6125,2772721.958
Bs,702,267182.8423,2771034.818
Bs,703,265927.1182,2772731.634
Bs,704,265268.6159,2775863.477
Bs,705,263174.2303,2772897.515
Bs,706,267148.0146,2770934.799
Bs,707,268229.852,2771591.506
Bs,708,264701.602,2772723.546
Bs,709,262823.8158,2773696.271
Bs,710,267105.2193,2770954.764
Bs,711,268742.3885,2771610.925
Bs,712,262699.1708,2773039.15
Bs,713,268639.806,2773146.994
Bs,714,267200.8876,2771008.934
Bs,715,267148.0146,2770934.799
Bs,716,266962.1304,2772409.118
Bs,717,269892.8603,2777481.257
Bs,718,262959.7136,2772874.395
Bs,719,265698.9977,2775681.051
Bs,720,266554.9324,2772558.12
Bs,721,268216.0835,2771551.791
Bs,722,265257.3259,2775923.279
Bs,723,265283.5185,2775879.285
Bs,724,268954.1969,2771246.531
Bs,725,269321.0883,2770805.543
Bs,726,262148.7586,2775571.34
Bs,727,269231.6103,2771891.585
Bs,728,268784.4979,2771095.739
Bs,729,267157.1868,2770930.626
Bs,730,269298.4978,2771929.98
Bs,731,265147.1168,2775872.969
Bs,732,269488.2207,2775453.037
Bs,733,264858.0023,2772994.58
Bs,734,264737.9589,2774607.755
Bs,735,270447.71,2777649.441
Bs,736,267198.6268,2770966.698
Bs,737,264079.777,2775467.385
Bt,1,267620.8131,2775040.026
Bt,2,268935.0814,2770708.71
Bt,3,263557.4296,2773943.104
Bt,4,266034.7732,2772407.232
Bt,5,266237.6121,2772468.224
Bt,6,268495.414,2772988.803
Bt,7,263421.2803,2774840.227
Bt,8,265918.4295,2773302.492
Bt,9,268054.5248,2771517.757
Bt,10,270956.8574,2779448.695
Bt,11,269456.5188,2771663.945
Bt,12,265198.701,2793935.393
Bt,13,269373.3624,2771118.541
Bt,14,268920.8088,2771640.242
Bt,15,267786.5113,2771700.711
Bt,16,268712.7674,2770908.202
Bt,17,265815.7863,2773065.824
Bt,18,263107.9185,2776659.932
Bt,19,271364.7002,2777469.779
Bt,20,262968.068,2776233.9
Bt,21,267332.1067,2773283.589
Bt,22,265938.3716,2773297.711
Bt,23,267861.3895,2771212.228
Bt,24,269008.705,2774692.616
Bt,25,268105.0124,2772630.397
Bt,26,267175.7658,2773464.02
Bt,27,266643.352,2772008.731
Bt,28,267703.3516,2771521.192
Bt,29,268596.3724,2771584.865
Bt,30,267763.1763,2772547.224
Bt,31,267176.8311,2773391.079
Bt,32,266218.5208,2772567.685
Bt,33,268141.2822,2771591.953
Bt,34,267857.9091,2771098.147
Bt,35,266367.7091,2772689.206
Bt,36,269353.5946,2775551.487
Bt,37,270391.0574,2776618.074
Bt,38,267102.7748,2771894.985
Bt,39,263066.8669,2776468.926
Bt,40,267570.4003,2771584.119
Bt,41,263091.8619,2776622.163
Bt,42,265467.6727,2774901.886
Bt,43,268862.9022,2774404.665
Bt,44,267425.7389,2772812.747
Bt,45,263156.8557,2776551.701
Bt,46,269043.1099,2770674.332
Bt,47,269495.6037,2775570.856
Bt,48,270895.9982,2779125.904
Bt,49,269153.814,2771071.523
Bt,50,263904.1364,2776529.85
Bt,51,271378.1491,2777261.991
Bt,52,267995.7409,2771865.826
Bt,53,262613.2089,2773012.109
Bt,54,267896.5338,2773595.045
Bt,55,266310.6114,2772458.307
Bt,56,269261.3703,2770827.054
Bt,57,269352.3536,2770786.837
Bt,58,263058.0474,2776227.473
Bt,59,266312.8979,2772726.712
Bt,60,269601.6275,2771818.964
Bt,61,268442.8747,2775064.927
Bt,62,269564.9359,2770831.65
Bt,63,263084.284,2776673.449
Bt,64,269491.0577,2775529.716
Bt,65,269590.0826,2771636.96
Bt,66,268879.3672,2771467.199
Bt,67,263360.2793,2774564.592
Bt,68,267682.1388,2771677.756
Bt,69,268697.1408,2770895.15
Bt,70,269188.9725,2771374.242
Bt,71,269329.2662,2775524.421
Bt,72,270903.4965,2779342.641
Bt,73,267913.7583,2771121.083
Bt,74,268142.3906,2772654.492
Bt,75,265212.3497,2774206.207
Bt,76,269338.9742,2770633.187
Bt,77,263101.562,2776648.628
Bt,78,265170.3566,2773153.86
Bt,79,267940.2236,2771137.331
Bt,80,269847.8671,2776504.436
Bt,81,268885.1247,2771170.34
Bt,82,269355.8203,2770855.261
Bt,83,271225.1649,2778145.962
Bt,84,269819.4514,2777009.876
Bt,85,266274.8387,2772483.228
Bt,86,266174.2695,2772637.14
Bt,87,267030.1964,2774004.237
Bt,88,268506.3595,2772135.952
Bt,89,266222.9089,2772554.082
Bt,90,267705.8538,2770853.43
Bt,91,269034.4982,2770711.678
Bt,92,269034.2791,2770835.333
Bt,93,267665.3732,2772050.266
Bt,94,265439.3086,2774909.35
Bt,95,267741.9772,2775010.482
Bt,96,267878.3351,2771166.918
Bt,97,270671.5875,2777091.461
Bt,98,266751.1016,2772499.597
Bt,99,267949.9233,2773609.778
Bt,100,267934.8975,2774989.23
Bt,101,268168.9425,2772676.023
Bt,102,265544.8332,2772357.302
Bt,103,265857.7686,2772280.907
Bt,104,265659.6235,2772897.082
Bt,105,266093.6213,2772425.458
Bt,106,270490.9978,2776791.825
Bt,107,267078.7136,2774004.254
Bt,108,263461.532,2774630.265
Bt,109,269597.8687,2771687.557
Bt,110,267084.8507,2773867.602
Bt,111,267926.4519,2772546.983
Bt,112,267843.2679,2771233.673
Bt,113,267357.905,2770414.208
Bt,114,262228.291,2775451.368
Bt,115,265189.8386,2776921.924
Bt,116,269385.8212,2770898.508
Bt,117,271402.2921,2778333.005
Bt,118,272140.44,2780026.354
Bt,119,266205.973,2772419.728
Bt,120,268018.8752,2772592.335
Bt,121,268035.3758,2774739.581
Bt,122,267589.5397,2774967.213
Bt,123,266220.3395,2772583.93
Bt,124,269333.4159,2770623.346
Bt,125,268891.3526,2773447.947
Bt,126,265422.2308,2772214.83
Bt,127,268804.7945,2770884.238
Bt,128,269046.6627,2770884.372
Bt,129,265967.4694,2773287.911
Bt,130,267950.8253,2773708.05
Bt,131,267873.8478,2771174.815
Bt,132,266192.699,2772544.031
Bt,133,267633.8605,2775037.478
Bt,134,269273.4374,2771176.453
Bt,135,267892.9504,2771211.057
Bt,136,263120.7691,2776646.18
Bt,137,267874.4791,2771257.239
Bt,138,268097.0421,2772659.913
Bt,139,271078.6971,2778042.74
Bt,140,263158.8508,2776666.445
Bt,141,267379.2186,2773246.218
Bt,142,267707.5557,2772401.691
Bt,143,269128.8443,2771325.799
Bt,144,268178.5063,2771107.918
Bt,145,269321.2561,2770815.474
Bt,146,263105.5174,2776654.689
Bt,147,267612.4775,2772019.672
Bt,148,266240.9465,2772527.986
Bt,149,265911.0249,2773140.284
Bt,150,268012.7542,2771371.353
Bt,151,268858.9499,2770670.684
Bt,152,265458.3224,2772253.313
Bt,153,267861.3536,2771210.115
Bt,154,271093.1007,2778166.782
Bt,155,269059.6224,2770648.688
Bt,156,267911.7259,2771228.071
Bt,157,263143.1269,2776692.084
Bt,158,264012.7842,2774088.464
Bt,159,268688.6098,2770846.257
Bt,160,263195.0012,2774980.495
Bt,161,266241.7273,2772528.606
Bt,162,267764.7846,2772551.213
Bt,163,264867.6241,2773508.056
Bt,164,263645.3305,2773949.19
Bt,165,263109.5454,2776222.138
Bt,166,267771.7077,2772052.894
Bt,167,266322.9154,2774210.38
Bt,168,267939.5952,2772549.93
Bt,169,265664.2086,2773119.157
Bt,170,262386.9616,2776469.142
Bt,171,267873.0765,2771084.15
Bt,172,262240.9224,2773172.688
Bt,173,264518.2191,2777354.794
Bt,174,267164.1774,2772965.592
Bt,175,268718.6021,2770888.868
Bt,176,267648.8257,2772525.92
Bt,177,268791.5183,2773373.758
Bt,178,269180.6804,2770883.797
Bt,179,265946.7961,2772397.115
Bt,180,267909.0417,2771795.011
Bt,181,269822.4216,2776456.673
Bt,182,267724.4028,2771717.197
Bt,183,270943.9788,2779415.304
Bt,184,271437.8969,2777381.467
Bt,185,270450.731,2776732.475
Bt,186,268113.8102,2771062.938
Bt,187,269368.4366,2774335.23
Bt,188,265258.8334,2772029.305
Bt,189,265697.5745,2773447.482
Bt,190,267387.1521,2773259.822
Bt,191,269127.467,2771380.989
Bt,192,268777.995,2772257.745
Bt,193,264094.2383,2774656.715
Bt,194,263032.9189,2776287.942
Bt,195,269902.8487,2775565.664
Bt,196,270940.9184,2779416.413
Bt,197,268976.1425,2774588.751
Bt,198,264202.1087,2774481.943
Bt,199,263050.002,2776473.235
Bt,200,271093.8403,2779034.645
Bt,201,270206.4221,2776307.517
Bt,202,267278.8471,2771244.34
Bt,203,268859.6663,2770667.502
Bt,204,269144.1559,2771502.455
Bt,205,263415.3107,2772809.204
Bt,206,264721.748,2773087.821
Bt,207,263117.5872,2776640.317
Bt,208,262889.3705,2776224.912
Bt,209,266224.4464,2772464.011
Bt,210,267344.3887,2773371.521
Bt,211,262922.9492,2773816.724
Bt,212,266265.5908,2772437.941
Bt,213,269332.6459,2770623.359
Bt,214,268541.1988,2773009.163
Bt,215,269318.358,2770826.303
Bt,216,263572.0461,2774386.32
Bt,217,269590.0826,2771636.96
Bt,218,265720.3961,2772848.056
Bt,219,269376.4497,2771118.912
Bt,220,263123.8847,2776559.672
Bt,221,263093.1388,2776651.311
Bt,222,269385.0511,2770898.521
Bt,223,269068.2725,2771251.154
Bt,224,269178.8559,2774781.679
Bt,225,263097.6886,2776425.902
Bt,226,268876.7309,2774402.74
Bt,227,264759.0507,2773151.858
Bt,228,268171.4719,2771101.908
Bt,229,269499.9936,2775557.254
Bt,230,269047.0889,2775049.18
Bt,231,262620.8872,2773099.275
Bt,232,266918.8096,2772398.021
Bt,233,265329.6868,2772611.057
Bt,234,270391.0574,2776618.074
Bt,235,265462.274,2776690.847
Bt,236,269403.3811,2771664.42
Bt,237,268792.1795,2770912.564
Bt,238,265922.1885,2773297.143
Bt,239,265588.0205,2776660.146
Bt,240,269816.2745,2776958.567
Bt,241,265175.0345,2773157.162
Bt,242,262381.2089,2776492.494
Bt,243,269411.9876,2775543.947
Bt,244,264501.379,2774241.72
Bt,245,265676.3543,2773467.504
Bt,246,267871.4717,2771080.373
Bt,247,266267.8898,2772437.268
Bt,248,269067.226,2774283.259
Bt,249,267370.4352,2770426.254
Bt,250,266256.2073,2772474.67
Bt,251,265596.7992,2776633.362
Bt,252,268903.6475,2771218.007
Bt,253,263067.4776,2776592.572
Bt,254,269590.0826,2771636.96
Bt,255,267904.6112,2771126.734
Bt,256,267581.2454,2771542.506
Bt,257,267760.2569,2772918.653
Bt,258,264526.0734,2773531.07
Bt,259,267892.0091,2771155.694
Bt,260,264099.8072,2773197.909
Bt,261,269457.5588,2775552.265
Bt,262,268375.1988,2771214.915
Bt,263,262811.7144,2773266.115
Bt,264,268626.2562,2771621.136
Bt,265,269190.6633,2771109.792
Bt,266,271054.9833,2779241.594
Bt,267,269324.7101,2770791.954
Bt,268,267901.6101,2771131.435
Bt,269,268888.2337,2770989.989
Bt,270,267850.7753,2771176.898
Bt,271,269347.2059,2771393.973
Bt,272,265123.8446,2774522.469
Bt,273,265908.6244,2773135.041
Bt,274,263686.0273,2773853.365
Bt,275,269562.6414,2775209.338
Bt,276,267562.1984,2772640.057
Bt,277,268072.0454,2774314.947
Bt,278,266304.847,2772526.468
Bt,279,269893.7101,2776665.781
Bt,280,269152.5069,2774408.002
Bt,281,265441.3699,2776460.596
Bt,282,266845.1157,2772412.385
Bt,283,267948.9369,2771196.789
Bt,284,269233.6518,2771374.544
Bt,285,267931.7504,2773718.52
Bt,286,263087.3683,2776629.428
Bt,287,266186.7239,2772554.914
Bt,288,267931.034,2774988.45
Bt,289,267711.5404,2772047.577
Bt,290,267111.9887,2772931.184
Bt,291,271016.2992,2778131.93
Bt,292,269529.6937,2775537.728
Bt,293,269947.8801,2776408.476
Bt,294,267742.7066,2772113.84
Bt,295,264402.5921,2774452.266
Bt,296,265604.527,2773186.765
Bt,297,267617.6269,2772322.056
Bt,298,269896.8675,2776670.378
Bt,299,268737.3023,2770856.001
Bt,300,271291.0496,2777485.178
Bt,301,267213.3126,2773813.834
Bt,302,269456.0503,2775599.637
Bt,303,268086.4544,2772626.062
Bt,304,270881.4474,2779130.376
Bt,305,268466.279,2771816.407
Bt,306,263063.555,2772777.894
Bt,307,268954.9204,2771243.771
Bt,308,268070.7106,2774327.018
Bt,309,264751.8357,2777462.785
Bt,310,265926.3166,2772819.579
Bt,311,267273.5217,2773009.594
Bt,312,267592.7348,2772036.284
Bt,313,268127.0139,2771114.711
Bt,314,268796.0299,2774956.84
Bt,315,267739.8546,2772489.283
Bt,316,264398.5992,2772749.912
Bt,317,268929.2029,2771499.117
Bt,318,267713.8776,2772365.862
Bt,319,262224.784,2775426.909
Bt,320,268609.0935,2770790.324
Bt,321,268022.7881,2774814.409
Bt,322,263374.9354,2774876.543
Bt,323,269848.9511,2776523.018
Bt,324,264966.3853,2774456.909
Bt,325,269205.7386,2774823.075
Bt,326,266327.5527,2774211.357
Bt,327,262862.4679,2773748.866
Bt,328,268628.5304,2771618.984
Bt,329,267850.2881,2771238.838
Bt,330,265671.5012,2772019.042
Bt,331,271540.8169,2778284.39
Bt,332,267341.3544,2773961.089
Bt,333,268047.08,2771623.569
Bt,334,269486.1781,2775514.368
Bt,335,268805.4822,2770879.365
Bt,336,267741.1414,2772112.387
Bt,337,263178.8308,2774980.565
Bt,338,268495.414,2772988.803
Bt,339,265901.8725,2772876.224
Bt,340,265474.3613,2774887.82
Bt,341,266217.4768,2772461.805
Bt,342,267946.7902,2771931.337
Bt,343,268193.6079,2771906.429
Bt,344,270991.2746,2778063.022
Bt,345,265046.7788,2774385.135
Bt,346,269558.6091,2771004.445
Bt,347,267324.8112,2773307.387
Bt,348,267946.5398,2771101.079
Bt,349,266344.099,2774188.246
Bt,350,268745.8852,2772271.817
Bt,351,262453.326,2774180.013
Bt,352,262432.254,2776593.7
Bt,353,265622.4066,2773106.77
Bt,354,263318.7671,2775588.806
Bt,355,267757.4392,2774109.988
Bt,356,269474.8623,2775573.743
Bt,357,267853.6446,2771119.146
Bt,358,270989.7211,2779068.736
Bt,359,265581.2801,2773626.612
Bt,360,263177.4453,2774989.467
Bt,361,270951.9484,2779431.446
Bt,362,268873.3811,2771341.113
Bt,363,262434.7675,2774175.686
Bt,364,270494.4006,2776811.002
Bt,365,271154.2342,2778002.367
Bt,366,263099.6567,2776583.345
Bt,367,265466.6447,2774707.862
Bt,368,271080.1088,2778264.018
Bt,369,269362.5462,2771116.61
Bt,370,264189.4316,2774550.437
Bt,371,264100.2729,2774649.424
Bt,372,262639.8376,2773214.569
Bt,373,268072.9795,2772648.908
Bt,374,269504.6336,2770909.818
Bt,375,268919.2339,2771410.723
Bt,376,265630.2092,2776874.6
Bt,377,269601.7131,2771824.036
Bt,378,264164.8809,2773976.974
Bt,379,264076.5295,2773900.293
Bt,380,270370.5136,2776632.582
Bt,381,266312.5101,2774232.33
Bt,382,269312.6512,2770716.488
Bt,383,266205.891,2772325.034
Bt,384,263156.7916,2774997.435
Bt,385,266235.3254,2773997.549
Bt,386,265551.0911,2772362.902
Bt,387,266295.1431,2772454.556
Bt,388,265370.1878,2775546.356
Bt,389,271202.4264,2778121.403
Bt,390,267375.6032,2773260.019
Bt,391,263807.9757,2774757.849
Bt,392,269143.3961,2771047.603
Bt,393,265472.1864,2774716.644
Bt,394,268008.436,2772657.826
Bt,395,269565.8987,2775538.596
Bt,396,267755.2355,2774297.089
Bt,397,267925.7898,2772553.335
Bt,398,263133.6346,2776721.842
Bt,399,269596.9137,2771722.237
Bt,400,269794.5168,2776081.12
Bt,401,263146.2978,2776697.313
Bt,402,265462.5308,2774334.433
Bt,403,263907.0213,2776518.597
Bt,404,266325.3712,2772465.664
Bt,405,267945.3214,2773656.146
Bt,406,270896.0235,2779264.561
Bt,407,265696.8446,2773449.82
Bt,408,265912.8515,2773291.596
Bt,409,267439.7927,2774946.305
Bt,410,270798.8017,2778473.99
Bt,411,270489.3978,2776788.258
Bt,412,269346.524,2771490.368
Bt,413,269545.143,2775540.638
Bt,414,267631.354,2775071.129
Bt,415,268831.3833,2772499.492
Bt,416,265857.5487,2772223.206
Bt,417,266218.3434,2772422.475
Bt,418,269189.8825,2771109.171
Bt,419,265463.8395,2772305.428
Bt,420,263566.527,2773534.988
Bt,421,264907.583,2774172.988
Bt,422,268671.8502,2773220.007
Bt,423,262193.9972,2775560.193
Bt,424,268097.1688,2771126.209
Bt,425,265477.6007,2776284.108
Bt,426,267746.0144,2771131.333
Bt,427,271042.4025,2778219.208
Bt,428,268720.608,2770870.868
Bt,429,266325.9225,2774206.101
Bt,430,264406.3104,2774711.983
Bt,431,269468.2306,2771901.325
Bt,432,265462.8843,2772249.853
Bt,433,269327.5907,2775516.418
Bt,434,268983.4554,2770836.192
Bt,435,269340.379,2770807.542
Bt,436,266208.4024,2772426.661
Bt,437,265045.9164,2774424.466
Bt,438,269368.2328,2771134.057
Bt,439,267757.2988,2774101.747
Bt,440,270997.6061,2779171.328
Bt,441,269380.5649,2775598.166
Bt,442,269351.6297,2771382.273
Bt,443,264099.8072,2773197.909
Bt,444,266294.859,2772527.908
Bt,445,268104.04,2772663.81
Bt,446,264880.8301,2774184.652
Bt,447,269491.4473,2775552.748
Bt,448,269368.0189,2770802.213
Bt,449,266308.9411,2772450.727
Bt,450,269188.9761,2771374.454
Bt,451,266258.6414,2772526.837
Bt,452,268724.7513,2770933.575
Bt,453,269509.2753,2770911.007
Bt,454,268469.1514,2772893.498
Bt,455,265811.7493,2772202.432
Bt,456,266488.7425,2772335.832
Bt,457,263123.1592,2776650.789
Bt,458,267781.9989,2771480.751
Bt,459,268173.1264,2770609.6
Bt,460,267864.2132,2771106.495
Bt,461,267024.2649,2771852.994
Bt,462,262188.5384,2775556.272
Bt,463,265085.3404,2774522.499
Bt,464,271194.387,2778009.513
Bt,465,266037.2082,2772369.566
Bt,466,268274.4285,2771767.243
Bt,467,268954.1504,2771243.784
Bt,468,265957.8409,2772502.19
Bt,469,271188.8783,2778414.585
Bt,470,262796.6944,2775722.597
Bt,471,269816.278,2776958.778
Bt,472,268110.3666,2771495.037
Bt,473,269604.4173,2771254.142
Bt,474,268081.0142,2774298.942
Bt,475,269384.5158,2771368.401
Bt,476,268079.4098,2772619.418
Bt,477,269152.3636,2771532.331
Bt,478,269590.8898,2771776.026
Bt,479,264503.2459,2772699.489
Bt,480,264880.8046,2774183.173
Bt,481,267871.7293,2771140.821
Bt,482,269215.8769,2771371.04
Bt,483,269601.7844,2771828.262
Bt,484,268023.8614,2771390.399
Bt,485,269598.2459,2771938.021
Bt,486,267961.2928,2771108.015
Bt,487,264447.7919,2774438.591
Bt,488,269594.2618,2771747.646
Bt,489,269443.5068,2770619.796
Bt,490,269101.5169,2773852.541
Bt,491,271364.7002,2777469.779
Bt,492,266618.1122,2771974.075
Bt,493,265498.8444,2772684.032
Bt,494,267860.0973,2772358.935
Bt,495,265467.7124,2776246.442
Bt,496,269464.8301,2771745.604
Bt,497,266134.2452,2772728.505
Bt,498,271048.8319,2779516.476
Bt,499,266689.9971,2774015.338
Bt,500,263115.9705,2776635.906
Bt,501,262744.1194,2775710.407
Bt,502,263143.9793,2776652.541
Bt,503,267953.4956,2774996.1
Bt,504,264895.5034,2777489.474
Bt,505,270769.9596,2778269.872
Bt,506,269150.5898,2773111.919
Bt,507,267826.3973,2771147.51
Bt,508,268108.7244,2772667.535
Bt,509,271107.0244,2778262.298
Bt,510,264725.0319,2773099.601
Bt,511,269830.3919,2776062.547
Bt,512,263592.8145,2773540.874
Bt,513,269317.8485,2770841.741
Bt,514,265255.405,2772053.883
Bt,515,265464.8966,2772098.052
Bt,516,265467.6727,2774901.886
Bt,517,266109.5768,2773086.571
Bt,518,272389.2323,2780266.317
Bt,519,267673.3195,2771702.637
Bt,520,270496.1644,2776824.288
Bt,521,266060.5907,2773194.155
Bt,522,268523.371,2772593.912
Bt,523,265574.7426,2771991.112
Bt,524,265502.0731,2776274.386
Bt,525,267950.6752,2773608.708
Bt,526,263164.167,2774978.706
Bt,527,267971.8501,2772589.753
Bt,528,267782.0484,2771121.42
Bt,529,266721.1568,2772414.926
Bt,530,264211.0882,2772462.087
Bt,531,271221.9859,2778094.23
Bt,532,267875.8586,2771202.47
Bt,533,265938.953,2773286.71
Bt,534,268776.8633,2771645.428
Bt,535,266064.9746,2772371.837
Bt,536,265933.2394,2772684.393
Bt,537,262900.0885,2776221.343
Bt,538,269185.8909,2773013.458
Bt,539,270946.3444,2779281.469
Bt,540,265478.7742,2772412.549
Bt,541,266305.1889,2772456.498
Bt,542,270476.6231,2776761.207
Bt,543,264445.621,2774045.469
Bt,544,271659.4279,2777415.585
Bt,545,267659.9019,2771683.63
Bt,546,267115.6248,2774001.087
Bt,547,269388.5725,2771654.102
Bt,548,267379.7364,2770836.577
Bt,549,271379.5634,2778950.579
Bt,550,270992.0213,2779113.93
Bt,551,270610.9607,2777651.551
Bt,552,267749.0981,2774298.462
Bt,553,268487.9235,2773318.878
Bt,554,268601.6794,2770807.359
Bt,555,272312.7961,2780344.322
Bt,556,265650.6183,2773135.032
Bt,557,266806.0447,2773821.215
Bt,558,266175.3753,2772387.066
Bt,559,263039.081,2772787.831
Bt,560,266967.48,2770963.032
Bt,561,263372.1115,2774314.539
Bt,562,267721.5593,2772364.674
Bt,563,270983.7205,2778757.915
Bt,564,268947.8869,2773966.535
Bt,565,266636.4621,2773226.988
Bt,566,265967.6906,2773300.801
Bt,567,266148.2572,2772647.309
Bt,568,269522.98,2775550.524
Bt,569,267989.7246,2771874.383
Bt,570,269385.0511,2770898.521
Bt,571,269494.4063,2775500.067
Bt,572,263062.0157,2776588.439
Bt,573,265057.4447,2774691.234
Bt,574,263071.2459,2776277.974
Bt,575,269603.8286,2771629.964
Bt,576,267948.1996,2773644.261
Bt,577,266487.2712,2772339.873
Bt,578,265964.9698,2773321.774
Bt,579,265178.9298,2774233.205
Bt,580,263016.2369,2776214.249
Bt,581,267197.2536,2773910.705
Bt,582,268014.8059,2772443.6
Bt,583,262448.3049,2774201.239
Bt,584,269066.6708,2771384.131
Bt,585,265044.2425,2772539.029
Bt,586,268037.2428,2771407.293
Bt,587,265164.1207,2773149.529
Bt,588,263246.8774,2774952.326
Bt,589,267955.9269,2773691.054
Bt,590,268707.9337,2770759.269
Bt,591,263472.6188,2772782.845
Bt,592,263003.6131,2776373.848
Bt,593,266221.5246,2772563.195
Bt,594,265477.2333,2776262.766
Bt,595,262990.5597,2775357.766
Bt,596,267893.454,2772870.941
Bt,597,264100.0398,2778815.043
Bt,598,264565.5727,2773588.517
Bt,599,263078.2227,2776546.304
Bt,600,269219.0874,2771014.196
Bt,601,269100.1265,2774225.209
Bt,602,269445.7689,2775538.091
Bt,603,270495.6938,2776842.051
Bt,604,269339.6937,2771359.647
Bt,605,268891.5864,2771142.541
Bt,606,268707.9337,2770759.269
Bt,607,268651.2529,2772186.971
Bt,608,270907.4128,2778752.224
Bt,609,263127.1312,2776702.085
Bt,610,268934.4127,2774398.38
Bt,611,269280.674,2771285.608
Bt,612,265423.2556,2776168.787
Bt,613,269456.1015,2775557.151
Bt,614,264438.2686,2774422.268
Bt,615,262925.4986,2776221.324
Bt,616,269590.0826,2771636.96
Bt,617,265966.7343,2772436.934
Bt,618,269464.5096,2775507.971
Bt,619,268345.3537,2771997.912
Bt,620,269060.8607,2770676.357
Bt,621,265442.177,2776283.872
Bt,622,269408.8763,2775542.097
Bt,623,269182.094,2771514.073
Bt,624,268619.251,2773161.082
Bt,625,265846.6457,2772754.787
Bt,626,269442.6933,2775538.354
Bt,627,268921.5063,2771499.459
Bt,628,268108.7316,2772667.958
Bt,629,262944.8154,2773834.1
Bt,630,264674.7604,2773489.188
Bt,631,267993.5632,2771647.095
Bt,632,268592.3232,2773253.484
Bt,633,266245.3516,2772470.417
Bt,634,270935.5741,2779419.039
Bt,635,267862.7498,2772560.114
Bt,636,268103.2844,2772664.668
Bt,637,269504.0699,2772655.093
Bt,638,267570.4003,2771584.119
Bt,639,265446.344,2772094.143
Bt,640,271009.3476,2779457.323
Bt,641,267940.3546,2774993.153
Bt,642,267854.311,2771565.971
Bt,643,263621.1249,2773796.783
Bt,644,267154.0433,2773995.992
Bt,645,263293.3097,2774921.082
Bt,646,264527.6388,2774201.528
Bt,647,270640.0776,2779105.274
Bt,648,265993.5744,2773058.757
Bt,649,268609.8657,2773198.019
Bt,650,270437.9806,2778670.303
Bt,651,263576.4902,2773665.446
Bt,652,267978.8156,2772591.748
Bt,653,267938.1114,2773685.016
Bt,654,271219.4659,2778173.324
Bt,655,263430.1871,2774554.713
Bt,656,267699.6054,2774150.711
Bt,657,265996.4008,2774345.552
Bt,658,269043.6897,2770890.763
Bt,659,263064.4004,2776238.565
Bt,660,265537.9054,2772850.557
Bt,661,269186.9662,2771301.143
Bt,662,263602.7276,2773801.753
Bt,663,267962.1885,2771115.398
Bt,664,267377.7833,2773252.372
Bt,665,269197.4639,2770965.312
Bt,666,267780.2447,2772599.777
Bt,667,263124.809,2776657.102
Bt,668,263031.6615,2776436.986
Bt,669,269439.8763,2775508.388
Bt,670,265378.7974,2774391.254
Bt,671,269339.2234,2770784.733
Bt,672,269782.0865,2776074.566
Bt,673,265215.2088,2774238.076
Bt,674,268204.0988,2771934.574
Bt,675,265372.4051,2776301.138
Bt,676,266231.7754,2773790.464
Bt,677,267235.73,2773908.992
Bt,678,267909.0417,2771795.011
Bt,679,264186.2644,2774545.419
Bt,680,262962.1819,2776249.644
Bt,681,269075.0063,2773014.489
Bt,682,265867.4603,2772890.554
Bt,683,268516.7001,2771973.656
Bt,684,269034.2755,2770835.121
Bt,685,262543.032,2772874.243
Bt,686,263119.0772,2776681.722
Bt,687,269475.5915,2771881.121
Bt,688,263662.0497,2772913.997
Bt,689,269354.6419,2771378.206
Bt,690,265862.9482,2772268.559
Bt,691,265670.0508,2772876.399
Bt,692,265463.2293,2772404.362
Bt,693,265144.5175,2773308.186
Bt,694,263323.9796,2775578.569
Bt,695,266123.7519,2772430.86
Bt,696,265550.3389,2774559.305
Bt,697,264395.2422,2772466.304
Bt,698,268620.9529,2773216.009
Bt,699,263883.5573,2774630.981
Bt,700,270833.4824,2778704.854
Bt,701,269462.149,2775550.496
Bt,702,269304.3654,2771365.739
Bt,703,265735.527,2774356.585
Bt,704,267815.4571,2772043.907
Bt,705,267705.8538,2770853.43
Bt,706,267927.2568,2774992.742
Bt,707,265454.4507,2772252.112
Bt,708,265110.6748,2774473.234
Bt,709,268870.8688,2770874.242
Bt,710,265529.5719,2777021.97
Bt,711,264514.0799,2774174.494
Bt,712,267815.4571,2772043.907
Bt,713,269479.6747,2771165.149
Bt,714,267373.8327,2773246.521
Bt,715,267373.8327,2773246.521
Bt,716,267464.3075,2772951.806
Bt,717,269394.2508,2771488.716
Bt,718,269303.0546,2770741.169
Bt,719,268688.6098,2770846.257
Bt,720,268089.2528,2772654.761
Bt,721,265862.9482,2772268.559
Bt,722,269539.4279,2775566.944
Bt,723,268039.6247,2771411.48
Bt,724,268616.0609,2773200.028
Bt,725,269325.191,2770774.825
Bt,726,269066.6708,2771384.131
Bt,727,267987.5152,2771880.339
Bt,728,263342.3335,2774063.093
Bt,729,263184.9305,2773912.999
Bt,730,268497.0256,2772993.003
Bt,731,267168.4616,2773757.952
Bt,732,263066.2467,2776211.9
Bt,733,269188.9725,2771374.242
Bt,734,269590.0826,2771636.96
Bt,735,271109.8926,2778341.301
Bt,736,262829.44,2776320.864
Bt,737,268139.4171,2771708.873
Bt,738,264322.1703,2772427.404
Bt,739,269312.5977,2771397.094
Bt,740,263480.4489,2775498.488
Bt,741,263364.3234,2775684.615
Bt,742,269766.5798,2775475.809
Bt,743,264087.5137,2773199.601
Bt,744,265416.0952,2774679.139
Bt,745,268205.0043,2771715.791
Bt,746,265566.6649,2774478.702
Bt,747,269512.3983,2770913.491
Bt,748,262372.7995,2776672.525
Bt,749,269590.0826,2771636.96
Bt,750,269418.9725,2771447.505
Bt,751,271673.2926,2777415.987
Bt,752,268079.1248,2772647.958
Bt,753,270493.3924,2776796.857
Bt,754,267825.1246,2772702.584
Bt,755,265181.2813,2773162.127
Bt,756,262714.6577,2775654.693
Bt,757,268336.1556,2771955.16
Bt,758,269170.8335,2771075.886
Bt,759,269848.9511,2776523.018
Bt,760,271421.8223,2777249.422
Bt,761,268340.6835,2771995.032
Bt,762,264261.3394,2772116.253
Bt,763,267874.0227,2771230.403
Bt,764,269160.4495,2771463.922
Bt,765,267208.3547,2773478.26
Bt,766,268987.6412,2773994.819
Bt,767,269229.1209,2771379.905
Bt,768,269351.6297,2771382.273
Bt,769,269324.7208,2770792.588
Bt,770,264987.8916,2772710.579
Bt,771,269331.8769,2771398.459
Bt,772,269143.4104,2771048.449
Bt,773,267787.7289,2772541.734
Bt,774,271479.7126,2778496.571
Bt,775,271082.8725,2778291.027
Bt,776,268607.5559,2773198.058
Bt,777,268078.3246,2772329.014
Bt,778,264483.0627,2774295.937
Bt,779,269395.1503,2771678.721
Bt,780,267860.0973,2772358.935
Bt,781,271309.2864,2777700.043
Bt,782,266638.9311,2772650.956
Bt,783,267717.4813,2771989.349
Bt,784,271054.2173,2779241.818
Bt,785,269538.8999,2775399.126
Bt,786,267318.1054,2773320.606
Bt,787,269590.0826,2771636.96
Bt,788,269590.0826,2771636.96
Bt,789,269590.0826,2771636.96
Bt,790,263319.3926,2777043.079
Bt,791,269190.634,2770880.246
Bt,792,271048.8319,2779516.476
Bt,793,268773.9801,2771657.102
Bt,794,269332.9676,2770824.788
Bt,795,269042.6572,2770920.795
Bt,796,269469.5394,2775532.193
Bt,797,269590.0826,2771636.96
Bt,798,268620.9529,2773216.009
Bt,799,265408.1498,2775604.464
Bt,800,268691.9866,2772136.397
Bt,801,269193.9649,2771122.841
Bt,802,269390.834,2772562.736
Bt,803,268853.6609,2771359.202
Bt,804,269640.4047,2770693.622
Bt,805,264322.1703,2772427.404
Bt,806,268929.8128,2771626.14
Bt,807,268777.8068,2770882.581
Bz,1,268851.0702,2770842.238
Bz,2,265465.0904,2776451.944
Bz,3,265614.1477,2773163.983
Bz,4,265160.4055,2777358.289
Bz,5,265403.3124,2776217.958
Bz,6,269528.4952,2772368.488
Bz,7,270280.617,2776917.542
Bz,8,267983.4331,2774764.35
Bz,9,268246.8206,2771456.787
Bz,10,270310.2679,2775936.294
Bz,11,268546.0599,2770934.278
Bz,12,268066.854,2771880.681
Bz,13,266906.8376,2772689.073
Bz,14,268577.3599,2770917.683
Bz,15,267820.4167,2774597.394
Bz,16,268058.3419,2774369.502
Bz,17,262967.2386,2772775.551
Bz,18,267301.2799,2772921.19
Bz,19,263929.3945,2774832.052
Bz,20,266593.6966,2771897.553
Bz,21,265584.8282,2773160.894
Bz,22,263224.531,2776413.974
Bz,23,262394.4139,2776278.348
Bz,24,268751.7513,2772345.274
Bz,25,267373.423,2770601.641
Bz,26,263856.6975,2774725.298
Bz,27,265568.4031,2775206.647
Bz,28,267170.4703,2772883.05
Bz,29,264503.2459,2772699.489
Bz,30,268578.8283,2770913.431
Bz,31,267128.1519,2784358.813
Bz,32,264515.0539,2777394.376
Bz,33,271084.9184,2778275.351
Bz,34,266158.1183,2772638.473
Bz,35,262739.6738,2773198.036
Bz,36,266019.8964,2773919.653
Bz,37,264099.8219,2773599.524
Bz,38,271079.6644,2779015.649
Bz,39,262485.4392,2776287.752
Bz,40,267858.5731,2772042.962
Bz,41,269167.2422,2773094.728
Bz,42,271008.6975,2779052.776
Bz,43,264938.2078,2772464.337
Bz,44,262395.32,2776286.153
Bz,45,265340.5649,2777313.33
Bz,46,267909.0417,2771795.011
Bz,47,269196.2556,2770757.135
Bz,48,266009.2407,2772400.483
Bz,49,268228.947,2772626.6
Bz,50,265591.6849,2773649.473
Bz,51,268741.7705,2770710.503
Bz,52,265474.5837,2772840.865
Bz,53,269574.4184,2771621.583
Bz,54,267617.1094,2774958.288
Bz,55,265538.1568,2774656.959
Bz,56,266906.7942,2772686.537
Bz,57,269224.6015,2772479.097
Bz,58,266141.1972,2772639.82
Bz,59,268625.6604,2772539.969
Bz,60,271662.8937,2778586.076
Bz,61,268577.3599,2770917.683
Bz,62,269516.8867,2770905.595
Bz,63,270861.1087,2778745.395
Bz,64,266739.8994,2772835.448
Bz,65,263749.52,2774850.811
Bz,66,267786.5113,2771700.711
Bz,67,270613.9442,2777828.627
Bz,68,265992.1341,2772211.386
Bz,69,263691.698,2774758.173
Bz,70,265632.1698,2772554.282
Bz,71,270761.7791,2777143.842
Bz,72,270296.0059,2778878.995
Bz,73,268040.4857,2774225.229
Bz,74,265494.1138,2777019.621
Bz,75,269148.0967,2771097.83
Bz,76,267995.0463,2771870.276
Bz,77,272326.9297,2780039.084
Bz,78,265532.164,2772561.285
Bz,79,271048.8319,2779516.476
Bz,80,265154.3861,2773344.584
Bz,81,271320.9307,2777705.766
Bz,82,263923.9603,2774873.999
Bz,83,265523.5596,2773001.725
Bz,84,269164.5927,2771116.785
Bz,85,265313.4087,2776452.231
Bz,86,268051.6507,2774700.412
Bz,87,265342.7737,2776234.854
Bz,88,268081.9077,2774215.646
Bz,89,265542.6828,2776441.731
Bz,90,270370.2488,2777803.989
Bz,91,266791.6296,2773923.977
Bz,92,267924.3197,2771787.565
Bz,93,268037.5235,2774730.033
Bz,94,268025.215,2771696.651
Bz,95,271405.5684,2778253.053
Bz,96,263412.2189,2775604.728
Bz,97,265217.5745,2772541.118
Bz,98,263646.7416,2773763.999
Bz,99,266021.4652,2773921.317
Bz,100,268051.6507,2774700.412
Bz,101,269301.1991,2774002.404
Bz,102,269349.0041,2770862.14
Bz,103,269860.7241,2775852.569
Bz,104,268926.513,2774159.455
Bz,105,271414.1514,2778259.884
Bz,106,270958.5854,2777630.057
Bz,107,263582.9016,2773724.309
Bz,108,271035.3529,2779218.674
Bz,109,270954.5503,2777847.834
Bz,110,266224.4815,2772690.814
Bz,111,270113.396,2776771.983
Bz,112,263763.8281,2773231.836
Bz,113,262669.3444,2776457.244
Bz,114,265986.899,2772534.877
Bz,115,267931.7862,2771773.699
Bz,116,269649.1071,2770707.214
Bz,117,271691.2093,2777749.857
Bz,118,271134.1562,2777586.523
Bz,119,265625.218,2773046.269
Bz,120,267121.7671,2772917.489
Bz,121,266185.8923,2772551.334
Bz,122,265456.5282,2772193.737
Bz,123,265224.6552,2776395.632
Bz,124,265686.5848,2776526.341
Bz,125,266221.1916,2772678.61
Bz,126,265626.1166,2773860.467
Bz,127,270501.9773,2776529.543
Bz,128,263498.9476,2774478.692
Bz,129,267897.8045,2770952.892
Bz,130,268382.4103,2770595.691
Bz,131,265259.399,2772465.149
Bz,132,270988.6497,2777128.822
Bz,133,271399.8955,2778419.494
Bz,134,265646.3612,2772438.84
Bz,135,265278.2737,2776915.538
Bz,136,266988.9611,2773033.052
Bz,137,269434.3339,2771627.331
Bz,138,269291.026,2774766.464
Bz,139,271301.0137,2778307.44
Bz,140,268042.084,2771782.815
Bz,141,265945.2002,2772887.74
Bz,142,263026.2056,2772667.358
Bz,143,271858.9871,2778940.842
Bz,144,268976.1425,2774588.751
Bz,145,264458.7258,2774313.69
Bz,146,266406.9549,2773092.045
Bz,147,268501.9057,2770965.041
Bz,148,264560.5665,2773566.197
Bz,149,271165.8784,2777550.057
Bz,150,271012.2644,2779493.418
Bz,151,269594.0375,2771779.989
Bz,152,271450.2022,2778939.67
Bz,153,267859.8535,2771348.377
Bz,154,264385.0426,2772723.09
Bz,155,271506.6361,2777302.742
Bz,156,269049.0717,2771254.437
Bz,157,269248.6141,2771166.093
Bz,158,264726.4446,2778621.992
Bz,159,271367.0057,2777469.529
Bz,160,269591.2547,2775262.119
Bz,161,265286.4084,2772602.501
Bz,162,264717.9522,2774340.921
Bz,163,271445.6646,2777477.297
Bz,164,268639.5864,2773724.249
Bz,165,271157.2452,2777540.268
Bz,166,265615.2267,2772554.362
Bz,167,271038.6374,2779230.878
Bz,168,269243.1197,2774847.807
Bz,169,268927.974,2774154.78
Bz,170,267786.5113,2771700.711
Bz,171,268866.9565,2773962.411
Bz,172,269062.4531,2773865.04
Bz,173,265245.7756,2772255.277
Bz,174,265249.928,2772317.561
Bz,175,263899.5014,2775284.706
Bz,176,267694.1466,2775908.782
Bz,177,264917.6702,2774534.689
Bz,178,263327.726,2774330.739
Bz,179,269353.5998,2771726.77
Bz,180,267820.4167,2774597.394
Bz,181,271117.1887,2778363.16
Bz,182,264894.3588,2773539.936
Bz,183,267812.3586,2771409.002
Bz,184,265217.5745,2772541.118
Bz,185,262440.6128,2776763.927
Bz,186,265347.1248,2776085.125
Bz,187,265215.3738,2772726.531
Bz,188,265246.9055,2772276.184
Bz,189,264892.6253,2777501.149
Bz,190,265488.5891,2771997.665
Bz,191,265961.3449,2772526.86
Bz,192,270758.5196,2778779.039
Bz,193,266238.3553,2772691.421
Bz,194,265245.8811,2772261.405
Bz,195,262596.7617,2776931.576
Bz,196,265028.518,2774710.756
Bz,197,270596.1323,2777776.719
Bz,198,265756.0222,2772590.414
Bz,199,264068.9519,2773595.83
Bz,200,267215.1277,2773694.589
Bz,201,265578.0626,2776842.1
Bz,202,265289.5924,2774577.531
Bz,203,270869.3664,2779098.663
Bz,204,263956.8395,2773614.892
Bz,205,265679.1233,2772866.52
Bz,206,265479.1853,2776331.429
Bz,207,264212.9281,2772523.988
Bz,208,264563.3892,2774086.556
Bz,209,265556.7574,2774708.637
Bz,210,268859.0784,2770860.28
Bz,211,271695.4296,2779148.822
Bz,212,264439.0229,2774644.2
Bz,213,271463.1506,2777464.111
Bz,214,267825.5355,2774536.221
Bz,215,270521.1596,2778215.938
Bz,216,271196.6894,2778467.085
Bz,217,265023.6671,2773222.547
Bz,218,268678.9302,2772411.187
Bz,219,265155.3275,2774204.23
Bz,220,265246.891,2772275.339
Bz,221,263943.7532,2774860.762
Bz,222,263409.2361,2772725.392
Bz,223,268170.0962,2771519.81
Bz,224,266141.9557,2772729.007
Bz,225,265483.4159,2772548.172
Bz,226,265588.4122,2776503.933
Bz,227,267358.5049,2773205.777
Bz,228,270917.518,2779123.851
Bz,229,262175.9964,2775367.095
Bz,230,263401.5987,2772729.118
Bz,231,265721.3786,2772501.598
Bz,232,265601.8795,2773167.153
Bz,233,269259.8735,2774836.743
Bz,234,262706.8453,2776488.298
Bz,235,267948.9333,2771196.578
Bz,236,263173.6464,2774327.496
Bz,237,265380.5549,2775969.562
Bz,238,267029.7984,2773845.715
Bz,239,271205.5775,2778034.055
Bz,240,265626.7037,2772549.937
Bz,241,264016.6483,2774089.243
Bz,242,269220.8073,2774303.063
Bz,243,269319.5653,2771809.356
Bz,244,271073.8522,2778258.205
Bz,245,264888.3974,2773506.852
Bz,246,265661.2733,2772499.882
Bz,247,263278.0296,2776523.806
Bz,248,269155.765,2774736.837
Bz,249,270594.4883,2778227.384
Bz,250,265380.982,2776128.508
Bz,251,267830.6213,2772799.299
Bz,252,265610.1963,2772575.374
Bz,253,263416.0032,2775689.636
Bz,254,266916.4367,2773791.638
Bz,255,271209.5657,2778408.742
Bz,256,264587.6791,2777364.373
Bz,257,268980.1895,2771781.066
Bz,258,267554.3734,2770507.036
Bz,259,264020.4902,2773688.195
Bz,260,262568.8073,2776697.221
Bz,261,262666.9324,2776407.189
Bz,262,263131.2681,2776320.052
Bz,263,271026.8815,2779081.216
Bz,264,272342.356,2780270.906
Bz,265,272829.9556,2780108.456
Bz,266,266256.3279,2772526.665
Bz,267,271704.4305,2779134.721
Bz,268,271459.0048,2777950.958
Bz,269,271503.821,2778877.895
Bz,270,268465.9017,2773836.263
Bz,271,265197.1554,2772697.252
Bz,272,269404.0225,2771930.311
Bz,273,268545.6808,2775813.335
Bz,274,264388.207,2774020.884
Bz,275,268504.7344,2774445.196
Bz,276,268046.7921,2774233.787
Bz,277,265320.6457,2772174.935
Bz,278,262132.4722,2775476.503
Bz,279,265518.1878,2774660.05
Bz,280,269186.8076,2771883.888
Bz,281,267714.9544,2771071.41
Bz,282,268044.2876,2771323.259
Bz,283,266058.2048,2772201.587
Bz,284,265653.5668,2772454.78
Bz,285,265072.6688,2772847.992
Bz,286,267412.8313,2771919.924
Bz,287,268050.0519,2771843.766
Bz,288,264946.9433,2774535.241
Bz,289,264001.7317,2773894.823
Bz,290,271368.8603,2777900.898
Bz,291,266204.5694,2772382.761
Bz,292,263812.1434,2774953.934
Bz,293,268951.4248,2774447.975
Bz,294,267694.2087,2771979.6
Bz,295,265637.4512,2772503.039
Bz,296,265932.4006,2772680.391
Bz,297,269222.7621,2774736.971
Bz,298,265272.5831,2772694.264
Bz,299,267679.5712,2771119.57
Bz,300,264547.3101,2773556.703
Bz,301,265025.2705,2774477.665
Bz,302,265340.5649,2777313.33
Bz,303,271141.2962,2778148.64
Bz,304,264020.261,2773808.472
Bz,305,270710.2664,2778108.124
Bz,306,267135.112,2772842.013
Bz,307,268075.1485,2771552.917
Bz,308,262698.9305,2776475.964
Bz,309,263471.0948,2772250.623
Bz,310,271153.9578,2778398.052
Bz,311,263691.9542,2773750.955
Bz,312,262371.5544,2774304.672
Bz,313,265182.435,2776403.124
Bz,314,266321.1603,2772489.621
Bz,315,270626.0906,2777864.144
Bz,316,265951.6281,2773845.787
Bz,317,265731.8736,2778308.3
Bz,318,266187.669,2772610.066
Bz,319,263433.5981,2775638.6
Bz,320,267921.9004,2772551.076
Bz,321,263128.8287,2776711.145
Bz,322,271858.9871,2778940.842
Bz,323,267057.9896,2773782.878
Bz,324,265775.5395,2773009.444
Bz,325,265615.5752,2772574.648
Bz,326,263691.1155,2775390.836
Bz,327,263831.5443,2774918.087
Bz,328,267995.0463,2771870.276
Bz,329,266895.4252,2772381.722
Bz,330,269135.0621,2771830.019
Bz,331,263269.6521,2774401.291
Bz,332,267272.7868,2771205.129
Bz,333,264421.3297,2772728.171
Bz,334,266395.0725,2772623
Bz,335,264734.8379,2773221.607
Bz,336,266242.3746,2773060.833
Bz,337,266129.0334,2772649.118
Bz,338,265679.0375,2773085.717
Bz,339,267251.6965,2772994.325
Bz,340,268032.2328,2771339.105
Bz,341,269126.3283,2774408.234
Bz,342,266085.8192,2772689.174
Bz,343,262292.9831,2775540.076
Bz,344,266439.5347,2773105.649
Bz,345,268572.5282,2774446.792
Bz,346,265764.3067,2775627.93
Bz,347,269346.6775,2771225.944
Bz,348,267956.6934,2771018.684
Bz,349,267280.3648,2771197.813
Bz,350,271196.7741,2778014.123
Bz,351,263248.677,2774745.567
Bz,352,265542.1773,2772561.324
Bz,353,271367.0057,2777469.529
Bz,354,268486.2758,2774446.566
Bz,355,265635.9979,2772552.948
Bz,356,265630.4709,2772858.901
Bz,357,268973.0094,2774585.634
Bz,358,262470.0814,2776422.669
Bz,359,268494.7406,2774446.211
Bz,360,267023.8604,2773813.687
Bz,361,265598.346,2776633.758
Bz,362,266269.1621,2773006.051
Bz,363,265511.4037,2772563.332
Bz,364,272783.0187,2780109.451
Bz,365,269442.5187,2770834.985
Bz,366,271394.1361,2777572.221
Bz,367,265298.011,2772202.381
Bz,368,266934.1139,2773068.443
Bz,369,269361.1975,2772449.732
Bz,370,264857.6296,2772079.121
Bz,371,267805.3075,2772669.525
Bz,372,267753.4984,2771163.757
Bz,373,265812.201,2772587.758
Bz,374,264098.127,2773902.244
Bz,375,269546.3003,2771142.253
Bz,376,263665.2571,2773721.402
Bz,377,264842.9862,2772883.021
Bz,378,270477.4635,2776536.932
Bz,379,269291.026,2774766.464
Bz,380,267250.9162,2772903.448
Bz,381,265454.3163,2772199.482
Bz,382,265619.4531,2776517.984
Bz,383,265338.9777,2776282.69
Bz,384,264144.5328,2774492.451
Bz,385,265653.8868,2773145.968
Bz,386,271384.1526,2778948.811
Bz,387,263849.0223,2775304.605
Bz,388,269590.0826,2771636.96
Bz,389,271778.2303,2779266.433
Bz,390,267913.9477,2771721.16
Bz,391,271050.5992,2778798.007
Bz,392,267943.0955,2772574.6
Bz,393,265370.4671,2776233.32
Bz,394,270635.2802,2777861.241
Bz,395,267164.0103,2770969.402
Bz,396,265380.5768,2775970.829
Bz,397,262717.0698,2773271.143
Bz,398,265609.9503,2774756.761
Bz,399,271610.336,2777380.476
Bz,400,263634.9805,2773751.943
Bz,401,267410.2923,2772222.862
Bz,402,265615.5752,2772574.648
Bz,403,269555.2928,2770899.24
Bz,404,263642.0919,2774562.029
Bz,405,263634.8418,2773343.987
Bz,406,267133.6371,2772845.843
Bz,407,267957.5568,2771024.165
Bz,408,271313.2823,2777571.253
Bz,409,262685.885,2776478.517
Bz,410,265432.4077,2772089.944
Bz,411,271380.0789,2777927.131
Bz,412,271417.2299,2778259.833
Bz,413,268523.1265,2772080.077
Bz,414,263687.6514,2773858.198
Bz,415,268889.5341,2773204.269
Bz,416,267992.5296,2771223.738
Bz,417,269640.4332,2770695.313
Bz,418,266580.5559,2771894.818
Bz,419,268753.2912,2772345.248
Bz,420,270547.5586,2778229.232
Bz,421,266291.7683,2772527.326
Bz,422,262392.9075,2776280.276
Bz,423,265017.1636,2773247.39
Bz,424,271380.9243,2778894.121
Bz,425,265810.8877,2772376.619
Bz,426,269638.4266,2777641.55
Bz,427,263645.1587,2773717.1
Bz,428,267461.1648,2771501.854
Bz,429,263943.7532,2774860.762
Bz,430,264942.0085,2774606.349
Bz,431,263645.4224,2773732.315
Bz,432,268914.5262,2771314.629
Bz,433,267339.1395,2771166.374
Bz,434,271429.5937,2777253.73
Bz,435,269186.8472,2771977.312
Bz,436,265529.4789,2774734.471
Bz,437,271687.6808,2779099.915
Bz,438,262714.5284,2773257.871
Bz,439,267497.9705,2772577.106
Bz,440,265783.7764,2775506.266
Bz,441,268915.7424,2771568.463
Bz,442,265307.7951,2772457.764
Bz,443,266324.5649,2772643.442
Bz,444,264320.9879,2773963.706
Bz,445,267379.137,2770530.1
Bz,446,265651.5768,2772428.604
Bz,447,267734.4768,2772263.842
Bz,448,264084.4673,2773602.326
Bz,449,270353.5927,2777135.923
Bz,450,269396.0952,2771825.817
Bz,451,265524.4168,2775962.012
Bz,452,265075.4226,2772873.732
Bz,453,264870.6865,2772881.487
Bz,454,270210.2652,2777676.063
Bz,455,268748.9794,2772454.388
Bz,456,266373.478,2772666.279
Bz,457,264544.5202,2778563.839
Bz,458,267486.4715,2771540.526
Bz,459,265409.3844,2773975.799
Bz,460,263026.2056,2772667.358
Bz,461,263496.1465,2772807.168
Bz,462,262353.7217,2774297.796
Bz,463,263812.3526,2775321.516
Cc,1,263598.8105,2773664.637
Cc,2,262113.123,2775603.246
Cc,3,264010.6024,2773606.352
Cc,4,269512.3983,2770913.491
Cc,5,271733.7272,2779183.267
Cc,6,262527.3423,2776306.257
Cc,7,263223.4269,2774976.62
Cc,8,263577.2901,2773889.281
Cc,9,271209.9548,2778065.475
Cc,10,267586.5924,2771539.878
Cc,11,271525.1283,2778863.165
Cc,12,269245.6478,2770808.297
Cc,13,271215.566,2778078.697
Cc,14,268650.9213,2773121.23
Cc,15,269288.6963,2775538.636
Cc,16,269584.9626,2771561.799
Cc,17,264955.5954,2773115.918
Cc,18,267698.7551,2771703.683
Cc,19,269390.2497,2771434.251
Cc,20,271640.2576,2777374.268
Cc,21,269329.368,2771022.055
Cc,22,268219.9531,2775133.184
Cc,23,266976.1198,2772957.6
Cc,24,267053.9902,2772917.378
Cc,25,268760.7041,2771600.891
Cc,26,269014.5701,2770808.611
Cc,27,265302.8902,2776378.008
Cc,28,264582.4982,2777331.91
Cc,29,268893.3233,2771518.114
Cc,30,267151.1039,2773778.752
Cc,31,269923.6888,2776343.783
Cc,32,269524.1018,2771196.104
Cc,33,269518.5271,2775514.878
Cc,34,271261.6485,2778438.726
Cc,35,271355.0377,2777811.299
Cc,36,267840.8527,2772269.007
Cc,37,267608.4829,2775355.602
Cc,38,263421.6364,2775614.922
Cc,39,267678.2824,2772401.344
Cc,40,267879.6027,2772826.366
Cc,41,269509.3437,2771508.12
Cc,42,268896.6903,2771307.533
Cc,43,271746.1157,2778223.665
Cc,44,271662.585,2777879.271
Cc,45,267280.6854,2773023.211
Cc,46,263524.5804,2773558.755
Cc,47,269175.2125,2774384.578
Cc,48,262684.5524,2776402.02
Cc,49,267803.641,2772752.622
Cc,50,269868.3865,2776853.059
Cc,51,268921.4079,2772858.14
Cc,52,271274.1701,2778175.998
Cc,53,267861.266,2773016.066
Cc,54,268548.1946,2770923.884
Cc,55,266564.1938,2772559.23
Cc,56,269010.5425,2770752.666
Cc,57,267826.1698,2771541.719
Cc,58,267299.5086,2772997.948
Cc,59,264569.4986,2777248.007
Cc,60,265998.633,2772859.768
Cc,61,263343.0382,2774902.251
Cc,62,271538.0008,2777382.535
Cc,63,268895.9453,2771309.026
Cc,64,263524.5804,2773558.755
Cc,65,265901.0887,2775432.172
Cc,66,262700.9899,2776417.376
Cc,67,267147.3326,2771843.073
Cc,68,268553.5131,2770601.456
Cc,69,268409.8575,2773937.193
Cc,70,269270.3396,2770810.839
Cc,71,263058.8553,2776495.276
Cc,72,269369.1807,2771418.12
Cc,73,267525.5195,2771526.756
Cc,74,267925.0901,2771923.463
Cc,75,264134.3331,2773591.106
Cc,76,268867.7071,2771005.978
Cc,77,267681.3725,2774978.752
Cc,78,267103.4042,2771886.731
Cc,79,263795.5967,2774710.08
Cc,80,269011.5256,2770810.776
Cc,81,267772.907,2775017.987
Cc,82,269351.0394,2771438.507
Cc,83,269298.9351,2771454.606
Cc,84,268605.7206,2773089.868
Cc,85,265044.3448,2774288.578
Cc,86,268227.5958,2771594.715
Cc,87,269231.0974,2770995.604
Cc,88,269359.3649,2773115.785
Cc,89,267559.8971,2771510.107
Cc,90,269274.2124,2771450.162
Cc,91,269510.3833,2775579.695
Cc,92,269333.6805,2772507.69
Cc,93,264438.0887,2774634.705
Cc,94,267610.6439,2772499.938
Cc,95,269492.2455,2775690.97
Cc,96,263463.395,2772695.072
Cc,97,262271.29,2775664.957
Cc,98,269317.8821,2771436.319
Cc,99,268373.524,2773793.022
Cc,100,268858.1073,2770711.915
Cc,101,268289.4868,2771837.585
Cc,102,269345.2411,2771505.608
Cc,103,268866.2811,2770694.234
Cc,104,267764.9988,2772925.759
Cc,105,269318.0106,2771443.926
Cc,106,263264.6053,2774243.691
Cc,107,266268.3719,2772645.251
Cc,108,269116.3842,2774139.329
Cc,109,262786.8006,2772453.376
Cc,110,262694.842,2776506.474
Cc,111,266433.7996,2774074.892
Cc,112,271075.1571,2779022.277
Cc,113,268901.7935,2771517.97
Cc,114,268635.7449,2773134.592
Cc,115,269021.8223,2770827.511
Cc,116,271308.8037,2777671.305
Cc,117,269462.9262,2771359.256
Cc,118,269345.3481,2771375.192
Cc,119,262148.7586,2775571.34
Cc,120,269230.2253,2770807.289
Cc,121,265562.4272,2777365.101
Cc,122,270395.9252,2778504.665
Cc,123,270715.9966,2778265.497
Cc,124,270993.0726,2779222.133
Cc,125,271276.5686,2778227.108
Cc,126,269297.2888,2771357.193
Cc,127,270697.5917,2778361.134
Cc,128,268073.0262,2774417.868
Cc,129,269330.7452,2774792.847
Cc,130,263306.4141,2774256.493
Cc,131,263058.9238,2776233.588
Cc,132,264723.1839,2773572.903
Cc,133,262732.2549,2776488.278
Cc,134,271308.8037,2777671.305
Cc,135,267611.5944,2775221.962
Cc,136,264665.5234,2777458.147
Cc,137,270722.1164,2778354.591
Cc,138,265267.4821,2775842.359
Cc,139,270772.9268,2778308.925
Cc,140,268465.9994,2771799.925
Cc,141,267939.0814,2771704.457
Cc,142,264055.4209,2775483.871
Cc,143,271445.7994,2777531.194
Cc,144,268407.5859,2773395.279
Cc,145,269290.2301,2770848.338
Cc,146,268578.0668,2773048.698
Cc,147,267678.7671,2771705.926
Cc,148,269578.4047,2775549.587
Cc,149,263088.8764,2776583.321
Cc,150,268251.9219,2771621.146
Cc,151,265266.9873,2775903.032
Cc,152,265138.8045,2779898.771
Cc,153,266589.6859,2772608.678
Cc,154,269298.8674,2770812.47
Cc,155,269444.3474,2771444.962
Cc,156,268465.5372,2771545.655
Cc,157,262274.5309,2774526.198
Cc,158,269907.7408,2776448.045
Cc,159,267554.8703,2771531.541
Cc,160,269548.9368,2771617.786
Cc,161,267949.1994,2771710.626
Cc,162,269887.1268,2776367.228
Cc,163,268570.3109,2773272.458
Cc,164,269049.2477,2770809.504
Cc,165,269944.7334,2776404.513
Cc,166,263337.4655,2775734.332
Cc,167,268651.8782,2773177.649
Cc,168,264407.777,2774707.731
Cc,169,267859.0519,2772795.433
Cc,170,265891.1173,2774627.43
Cc,171,268331.9315,2772023.927
Cc,172,262820.2491,2773712.609
Cc,173,267701.2327,2774246.223
Cc,174,264768.8293,2778624.43
Cc,175,269168.4624,2771527.831
Cc,176,270105.4402,2776346.21
Cc,177,269447.2897,2772895.533
Cc,178,268835.3186,2771003.779
Cc,179,269262.1404,2770827.041
Cc,180,265158.6334,2772472.802
Cc,181,268709.0223,2770778.062
Cc,182,264062.321,2775348.682
Cc,183,268570.0564,2773257.455
Cc,184,269578.4083,2775549.798
Cc,185,266591.844,2772599.763
Cc,186,268506.3753,2770910.643
Cc,187,267923.7567,2771709.156
Cc,188,262400.5574,2776277.395
Cc,189,265835.6373,2772921.115
Cc,190,262947.3993,2776196.634
Cc,191,271224.6829,2778163.091
Cc,192,267695.9459,2771583.884
Cc,193,269098.1472,2770740.405
Cc,194,269382.2914,2771373.511
Cc,195,269296.2965,2771435.204
Cc,196,262767.4059,2776517.047
Cc,197,268290.5434,2771582.232
Cc,198,267927.6316,2772571.059
Cc,199,269222.7398,2770728.998
Cc,200,264990.6993,2774482.489
Cc,201,269359.5774,2771442.378
Cc,202,267568.5438,2771701.25
Cc,203,269857.3929,2776020.029
Cc,204,267828.613,2771187.21
Cc,205,268355.9932,2773259.61
Cc,206,271361.9366,2777855.359
Cc,207,269406.2763,2771379.87
Cc,208,270828.4107,2779317.907
Cc,209,270993.1651,2779227.627
Cc,210,267315.9831,2773331.634
Cc,211,271074.9372,2779283.743
Cc,212,267854.1252,2772913.25
Cc,213,268620.96,2773216.432
Cc,214,263099.8334,2776682.056
Cc,215,268913.6488,2770989.771
Cc,216,268848.9023,2770714.185
Cc,217,267264.2358,2773413.261
Cc,218,264066.225,2775351.785
Cc,219,271339.2143,2777694.256
Cc,220,269574.4898,2771625.809
Cc,221,268688.7605,2770809.688
Cc,222,269285.5805,2771439.19
Cc,223,265804.0086,2773052.71
Cc,224,268683.226,2773890.702
Cc,225,269235.5764,2770804.874
Cc,226,269234.8242,2770805.943
Cc,227,268703.2449,2770800.776
Cc,228,265634.4792,2776585.788
Cc,229,269006.8552,2770807.896
Cc,230,268964.181,2772336.814
Cc,231,264211.6809,2774412.023
Cc,232,264925.651,2774640.239
Cc,233,271100.9534,2779365.95
Cc,234,267182.8423,2771034.818
Cc,235,269352.1236,2771457.089
Cc,236,267786.7126,2771712.544
Cc,237,270318.7917,2777720.098
Cc,238,269839.6102,2776152.435
Cc,239,265861.601,2774657.529
Cc,240,263244.6642,2775002.25
Cc,241,268922.7128,2771525.226
Cc,242,262599.4172,2776951.4
Cc,243,262438.3499,2777958.264
Cc,244,268391.4191,2771580.732
Cc,245,263651.6623,2773381.321
Cc,246,266283.8436,2772649.213
Cc,247,268874.8126,2770697.682
Cc,248,268714.3811,2772457.933
Cc,249,264558.4673,2774381.299
Cc,250,267037.2164,2772837.132
Cc,251,269818.1522,2776112.848
Cc,252,266257.9764,2772218.244
Cc,253,271020.5361,2779527.52
Cc,254,269163.9727,2771490.072
Cc,255,263664.8894,2773966.818
Cc,256,265934.9135,2772692.185
Cc,257,269263.2461,2770846.891
Cc,258,269141.0002,2771042.571
Cc,259,267633.8169,2772910.871
Cc,260,268978.8618,2771156.494
Cc,261,269319.705,2770951.621
Cc,262,269229.8717,2770786.37
Cc,263,264415.1068,2774686.255
Cc,264,271753.6093,2778257.358
Cc,265,263213.3418,2774972.356
Cc,266,268919.2339,2771410.723
Cc,267,269138.8884,2771099.888
Cc,268,267659.0619,2772493.829
Cc,269,268688.986,2770823
Cc,270,270136.9167,2776249.506
Cc,271,272184.5298,2780131.087
Cc,272,264412.3779,2774706.594
Cc,273,267364.785,2771450.865
Cc,274,268525.4317,2773033.104
Cc,275,267877.5349,2773519.486
Cc,276,265728.0912,2776119.153
Cc,277,271361.3805,2777501.329
Cc,278,269886.0702,2776031.17
Cc,279,270935.9007,2777654.535
Cc,280,270653.0607,2779099.137
Cc,281,269440.8785,2775522.11
Cc,282,267907.0295,2771676.678
Cc,283,271746.6259,2779126.193
Cc,284,268881.7074,2770695.452
Cc,285,269345.1625,2771500.96
Cc,286,267417.5148,2771155.104
Cc,287,268678.1734,2770775.837
Cc,288,272633.3296,2780041.779
Cc,289,266370.3452,2773112.963
Cc,290,269403.8464,2771737.546
Cc,291,268605.8628,2770826.945
Cc,292,270975.7019,2779287.738
Cc,293,262896.9542,2776218.227
Cc,294,269378.8787,2775589.529
Cc,295,269056.6066,2774747.394
Cc,296,265189.9553,2772457.889
Cc,297,266904.7424,2772791.836
Cc,298,267919.2065,2770988.461
Cc,299,266936.3025,2772385.04
Cc,300,265433.484,2776270.917
Cc,301,265615.0328,2773708.468
Cc,302,265188.7836,2772524.069
Cc,303,265310.5001,2772391.135
Cc,304,269939.5573,2776006.804
Cc,305,269583.4369,2771562.671
Cc,306,264412.2453,2774030.404
Cc,307,269325.8608,2775550.689
Cc,308,268869.5799,2771025.604
Cc,309,265630.2527,2772891.034
Cc,310,263691.1155,2775390.836
Cc,311,268394.9013,2774144.801
Cc,312,269323.8376,2770831.494
Cc,313,265869.8881,2773121.755
Cc,314,267770.4616,2771843.87
Cc,315,266589.6859,2772608.678
Cc,316,267756.3135,2772234.512
Cc,317,265383.6473,2774762.556
Cc,318,265333.5548,2772612.047
Cc,319,265375.6082,2772504.58
Cc,320,267036.165,2772820.663
Cc,321,267479.0277,2770786.905
Cc,322,271729.7988,2778673.727
Cc,323,267760.3071,2774866.014
Cc,324,267568.2342,2771637.844
Cc,325,265767.3534,2776476.97
Cc,326,263306.4141,2774256.493
Cc,327,268574.4822,2772610.378
Cc,328,267528.0692,2772716.309
Cc,329,264130.0267,2773564.758
Cc,330,267808.7022,2771646.856
Cc,331,262822.2627,2776262.437
Cc,332,265051.0414,2775615.267
Cc,333,266868.9174,2772362.94
Cc,334,263641.377,2774565.212
Cc,335,268632.8545,2773100.399
Cc,336,263695.3617,2773680.93
Cc,337,262770.0346,2775916.262
Cc,338,265835.6373,2772921.115
Cc,339,263268.2937,2774943.922
Cc,340,268920.8679,2771734.723
Cc,341,268863.3131,2770973.925
Cc,342,264014.5994,2773748.328
Cc,343,268112.9117,2774182.145
Cc,344,269481.1792,2775537.492
Cc,345,269395.7343,2775630.038
Cc,346,268319.3053,2771824.608
Cc,347,265915.567,2772552.165
Cc,348,262972.6064,2772774.189
Cc,349,269189.6082,2773005.574
Cc,350,263899.2972,2774694.967
Cc,351,267052.744,2772889.498
Cc,352,268887.1271,2771152.128
Cc,353,269104.9795,2771463.169
Cc,354,269325.602,2770662.37
Cc,355,268238.6473,2774103.914
Cc,356,269931.2076,2776013.921
Cc,357,268421.4427,2772986.676
Cc,358,265285.58,2772017.008
Cc,359,269818.1522,2776112.848
Cc,360,270063.9107,2777352.391
Cc,361,269393.3089,2775532.215
Cc,362,262820.2491,2773712.609
Cc,363,267576.6938,2775342.828
Cc,364,267792.6675,2772741.395
Cc,365,265756.2405,2778292.662
Cc,366,263105.423,2776427.882
Cc,367,268226.5251,2771713.1
Cc,368,267904.5172,2771710.117
Cc,369,269996.9075,2775983.22
Cc,370,269051.4392,2772304.688
Cc,371,271288.4802,2777653.046
Cc,372,263347.5373,2775649.183
Cc,373,263102.6925,2774853.37
Cc,374,268402.315,2776121.836
Cc,375,263737.6409,2772609.151
Cc,376,269782.9741,2776081.526
Cc,377,268918.6562,2770693.981
Cc,378,268649.5499,2773131.187
Cc,379,269259.4262,2771031.057
Cc,380,265459.4938,2776305.769
Cc,381,265556.0802,2776414.867
Cc,382,264466.5334,2774230.696
Cc,383,265762.2427,2772459.255
Cc,384,262726.5648,2776471.044
Cc,385,263509.8109,2772262.424
Cc,386,267407.9957,2773940.083
Cc,387,265438.013,2772595.243
Cc,388,266132.5986,2777255.316
Cc,389,265813.0431,2773803.144
Cc,390,265639.5075,2776564.776
Cc,391,263568.038,2772244.504
Cc,392,267181.1074,2771158.922
Cc,393,269403.8464,2771737.546
Cc,394,266741.4024,2774004.101
Cc,395,269354.4078,2770817.239
Cc,396,269520.4301,2770887.357
Cc,397,268933.0694,2773955.584
Cc,398,268551.1059,2771549.911
Cc,399,264984.5695,2774484.285
Cc,400,262517.0977,2773994.58
Cc,401,263789.4333,2774754.365
Cc,402,262842.9574,2773601.241
Cc,403,263645.173,2773940.103
Cc,404,264442.7551,2772452.378
Cc,405,268734.2011,2770809.341
Cc,406,267823.1028,2772674.295
Cc,407,267264.1654,2773454.268
Cc,408,268270.6316,2771498.234
Cc,409,267722.1096,2773934.729
Cc,410,265779.1504,2774654.507
Cc,411,264967.4214,2772505.898
Cc,412,265835.4557,2773090.006
Cc,413,269489.7349,2772444.812
Cc,414,267302.5569,2771821.825
Cc,415,268692.6005,2770763.544
Cc,416,268934.1763,2774384.434
Cc,417,263110.9177,2772267.44
Cc,418,271373.0807,2777877.154
Cc,419,265316.3792,2772598.603
Cc,420,269108.2268,2773248.124
Cc,421,268870.8231,2771008.039
Cc,422,268586.6831,2773057.218
Cc,423,269856.359,2777234.783
Cc,424,269267.7922,2771115.886
Cc,425,267833.8219,2772036.83
Cc,426,268643.87,2771206.131
Cc,427,263070.7939,2776251.983
Cc,428,272049.033,2779900.009
Cc,429,265138.8045,2779898.771
Cc,430,268862.7425,2771031.215
Cc,431,266877.2315,2773119.933
Cc,432,268422.4334,2771501.999
Cc,433,268900.5066,2771214.467
Cc,434,267433.5335,2771462.376
Cc,435,267802.0626,2772614.624
Cc,436,267115.8381,2774284.11
Cc,437,269173.2397,2774631.914
Cc,438,262425.7504,2776309.085
Cc,439,271278.4504,2777697.602
Cc,440,268816.358,2770975.776
Cc,441,271336.6103,2778226.734
Cc,442,268414.3645,2773386.286
Cc,443,267446.1851,2771481.606
Cc,444,271141.1576,2778140.399
Cc,445,267710.2291,2772377.761
Cc,446,267897.1658,2771277.779
Cc,447,268202.7079,2771898.031
Cc,448,267577.6164,2772731.318
Cc,449,270956.6311,2779252.338
Cc,450,269481.1792,2775537.492
Cc,451,268600.2407,2773039.233
Cc,452,269189.4578,2770992.926
Cc,453,269144.6983,2771762.218
Cc,454,265978.1772,2772475.419
Cc,455,262733.9348,2776452.103
Cc,456,271293.3549,2778218.16
Cc,457,270384.1273,2777713.923
Cc,458,263426.1206,2772721.929
Cc,459,265026.2996,2774358.643
Cc,460,263664.8894,2773966.818
Cc,461,269156.6243,2771374.367
Cc,462,269939.5573,2776006.804
Cc,463,269937.0974,2775587.491
Cc,464,268619.3557,2773212.654
Cc,465,269451.0407,2775622.127
Cc,466,269541.5157,2775781.448
Cc,467,262947.3993,2776196.634
Cc,468,264558.2825,2773523.116
Cc,469,269511.2181,2770889.204
Cc,470,271304.6335,2778797.751
Cc,471,269909.0498,2775568.096
Cc,472,269393.696,2772549.794
Cc,473,269345.7415,2770669.005
Cc,474,268355.8853,2771483.893
Cc,475,269499.2109,2771637.86
Cc,476,268016.6008,2771371.076
Cc,477,264557.8176,2774076.083
Cc,478,265851.651,2774661.082
Cc,479,271466.7552,2778183.332
Cc,480,267702.9544,2771678.882
Cc,481,272201.1265,2780110.941
Cc,482,269497.5875,2775688.132
Cc,483,268586.6113,2770872.716
Cc,484,267959.2167,2771710.878
Cc,485,267206.0178,2773431.587
Cc,486,268835.063,2773125.717
Cc,487,268224.2797,2771716.943
Cc,488,268093.997,2774337.824
Cc,489,269388.7086,2771388.621
Cc,490,263225.5611,2774257.051
Cc,491,267376.2137,2770855.872
Cc,492,269311.2361,2771863.395
Cc,493,267433.5335,2771462.376
Cc,494,269496.402,2775572.533
Cc,495,269343.9106,2770743.015
Cc,496,263997.9232,2773630.245
Cc,497,270822.2076,2779132.431
Cc,498,269470.8562,2770734.107
Cc,499,267731.633,2772549.241
Cc,500,269141.7577,2771770.511
Cc,501,265441.7866,2772590.739
Cc,502,264731.5431,2773209.193
Cc,503,268816.358,2770975.776
Cc,504,268169.9628,2771285.191
Cc,505,267668.0022,2771571.255
Cc,506,271340.846,2778295.568
Cc,507,269353.4101,2771442.06
Cc,508,262153.0134,2775594.518
Cc,509,267183.3052,2773003.312
Cc,510,265463.2005,2772581.916
Cc,511,268934.0366,2774376.193
Cc,512,270384.1273,2777713.923
Cc,513,264573.5664,2777260.619
Cc,514,263779.1523,2776870.856
Cc,515,267804.0952,2772643.547
Cc,516,268978.8618,2771156.494
Cc,517,265778.525,2773003.897
Cc,518,264421.3297,2772728.171
Cc,519,270975.7019,2779287.738
Cc,520,267734.596,2772180.348
Cc,521,266987.8715,2773960.995
Cc,522,268551.2427,2770967.375
Cc,523,269279.391,2770799.483
Cc,524,264269.2682,2772530.624
Cc,525,269533.4075,2771291.062
Cc,526,269479.2357,2775513.64
Cc,527,268191.9575,2773350.538
Cc,528,268921.5886,2771504.319
Cc,529,271306.9289,2777788.857
Cc,530,269226.3429,2770805.453
Cc,531,267203.3281,2775258.522
Cc,532,265630.2527,2772891.034
Cc,533,263836.735,2774773.204
Cc,534,270452.2174,2777688.468
Cc,535,262901.2757,2772569.758
Cc,536,267828.3115,2772799.338
Cc,537,264067.5075,2775470.345
Cc,538,265706.8272,2772865.199
Cc,539,269086.8967,2771350.393
Cc,540,267412.7148,2771822.695
Cc,541,269033.1474,2773862.577
Cc,542,267940.0768,2772578.245
Cc,543,269210.3285,2773001.208
Cc,544,271047.145,2778135.004
Cc,545,267628.5805,2771472.582
Cc,546,269413.3613,2771753.66
Cc,547,269191.7757,2774998.96
Cc,548,267636.1555,2775036.593
Cc,549,267636.3228,2773148.41
Cc,550,269132.3731,2773855.612
Cc,551,268974.7209,2772322.474
Cc,552,267842.4367,2772814.739
Cc,553,269499.0492,2770761.532
Cc,554,267662.6804,2771575.361
Cc,555,269285.5769,2771438.979
Cc,556,268586.6831,2773057.218
Cc,557,267663.143,2771874.02
Cc,558,265246.6074,2772258.856
Cc,559,269325.5073,2771431.752
Cc,560,272126.5489,2779932.317
Cc,561,269367.7896,2770743.034
Cc,562,267071.5799,2773947.305
Cc,563,269278.0518,2771449.463
Cc,564,271598.8263,2777382.783
Cc,565,269317.5882,2771737.947
Cc,566,269782.0865,2776074.566
Cc,567,265663.3406,2776562.675
Cc,568,269318.0106,2771443.926
Cc,569,264827.4615,2772697.279
Cc,570,263237.4697,2772769.168
Cc,571,271376.6377,2778959.717
Cc,572,268920.1887,2771148.609
Cc,573,262990.885,2776350.395
Cc,574,271357.4932,2777499.069
Cc,575,270836.6979,2779124.366
Cc,576,263679.7922,2773982.413
Cc,577,267791.9335,2772743.521
Cc,578,268875.857,2771487.338
Cc,579,267736.2555,2772956.474
Cc,580,271118.2162,2779339.662
Cc,581,265668.9484,2773081.24
Cc,582,270215.685,2777677.873
Cc,583,271234.5851,2778156.794
Cc,584,271103.064,2778072.556
Cc,585,267252.5306,2773900.673
Cc,586,263167.2409,2776750.428
Cc,587,265116.5544,2772086.499
Cc,588,262173.7192,2775677.863
Cc,589,268084.297,2771229.999
Cc,590,269323.4436,2771446.371
Cc,591,267941.2765,2771697.656
Cc,592,269139.6925,2774333.394
Cc,593,268049.4368,2772306.043
Cc,594,267994.0946,2771451.78
Cc,595,270989.7068,2778061.358
Cc,596,262751.8548,2773721.197
Cc,597,266250.4979,2774433.352
Cc,598,266019.6136,2773903.171
Cc,599,270911.5684,2778587.499
Cc,600,264415.4882,2772434.459
Cc,601,262148.7586,2775571.34
Cc,602,270892.4773,2778733.875
Cc,603,271077.349,2779289.832
Cc,604,269643.2422,2775923.248
Cc,605,269280.3825,2770812.571
Cc,606,269208.5931,2774764.266
Cc,607,268685.1032,2773184.061
Cc,608,263215.4358,2775004.238
Cc,609,265083.7232,2774652.099
Cc,610,267698.5037,2771643.658
Cc,611,270283.8935,2777750.701
Cc,612,265444.6445,2772443.362
Cc,613,265302.8902,2776378.008
Cc,614,267094.795,2772104.38
Cc,615,268534.3197,2771014.163
Cc,616,263670.1287,2773424.756
Cc,617,262739.2743,2776537.618
Cc,618,265453.8051,2772707.423
Cc,619,268913.4905,2771344.45
Cc,620,268865.833,2770713.264
Cc,621,267578.0278,2772438.985
Cc,622,264005.2338,2773874.682
Cc,623,269212.7878,2771006.059
Cc,624,269659.8896,2775951.501
Cc,625,269811.4015,2776077.875
Cc,626,268430.2017,2771505.883
Cc,627,262934.1843,2775392.779
Cc,628,270041.1317,2776368.009
Cc,629,265899.418,2772598.521
Cc,630,264002.4402,2778824.978
Cc,631,267644.6739,2772598.703
Cc,632,269271.531,2770835.76
Cc,633,269486.8506,2770860.235
Cc,634,264715.7479,2773543.65
Cc,635,271087.8938,2779321.783
Cc,636,271256.5216,2777537.965
Cc,637,266165.4647,2772437.966
Cc,638,268465.9994,2771799.925
Cc,639,267698.5001,2771643.447
Cc,640,268930.0403,2774276.705
Cc,641,265653.7048,2772776.7
Cc,642,269247.27,2774092.092
Cc,643,265030.3959,2774283.534
Cc,644,271020.5361,2779527.52
Cc,645,269300.9403,2771390.95
Cc,646,269302.956,2771783.638
Cc,647,269464.2747,2772897.993
Cc,648,268957.7458,2770727.984
Cc,649,267000.9299,2774004.103
Cc,650,267052.744,2772889.498
Cc,651,266012.2579,2773968.189
Cc,652,267240.7513,2770862.197
Cc,653,264078.5661,2775397.44
Cc,654,265946.925,2772898.491
Cc,655,265164.5495,2772458.538
Cc,656,265045.92,2774424.677
Cc,657,268688.6098,2770846.257
Cc,658,269834.2693,2776064.173
Cc,659,264434.9399,2774630.743
Cc,660,267411.6148,2771893.735
Cc,661,268772.2346,2770826.452
Cc,662,270744.5522,2778818.166
Cc,663,265576.4469,2772852.431
Cc,664,269337.9716,2771348.896
Cc,665,271662.5602,2777877.791
Cc,666,265167.3686,2772488.082
Cc,667,267768.0509,2771566.382
Cc,668,268429.7605,2776105.728
Cc,669,264070.4917,2773595.804
Cc,670,269279.5517,2770808.992
Cc,671,264405.0101,2774369.365
Cc,672,264709.7245,2778634.541
Cc,673,264471.1089,2774228.08
Cc,674,269503.2412,2772286.903
Cc,675,268884.9132,2771567.294
Cc,676,267390.3916,2770874.231
Cc,677,268640.7002,2771291.79
Cc,678,268597.1367,2773083.25
Cc,679,265453.5611,2772514.02
Cc,680,267847.2029,2772913.791
Cc,681,265747.37,2772849.073
Cc,682,263797.8551,2774707.082
Cc,683,271309.2864,2777700.043
Cc,684,265392.9719,2773693.262
Cc,685,267475.2806,2774950.138
Cc,686,265023.4613,2774462.055
Cc,687,264874.5469,2772479.808
Cc,688,268047.2418,2772312.844
Cc,689,267594.2783,2771493.669
Cc,690,265913.4505,2773775.209
Cc,691,267662.5687,2770573.044
Cc,692,264464.0015,2774262.446
Cc,693,265453.5611,2772514.02
Cc,694,268855.3533,2770867.741
Cc,695,269200.9033,2770940.947
Cc,696,269010.5425,2770752.666
Cc,697,269258.866,2774913.699
Cc,698,265400.2205,2772188.998
Cc,699,263447.5215,2772268.154
Cc,700,267691.937,2772931.864
Cc,701,264589.5318,2773548.787
Cc,702,265374.2346,2776004.97
Cc,703,267571.8144,2772481.153
Cc,704,265463.2804,2772586.565
Cc,705,265943.7328,2772891.993
Cc,706,267849.7155,2772789.885
Cc,707,268870.3164,2770750.601
Cc,708,271479.7126,2778496.571
Cc,709,268457.711,2772945.478
Cc,710,266323.3906,2772484.933
Cc,711,269148.0992,2771598.984
Cc,712,262136.4968,2775574.725
Cc,713,271036.6985,2779252.893
Cc,714,265446.7665,2776282.102
Cc,715,265773.7315,2772590.11
Cc,716,269113.5313,2774061.805
Cc,717,267891.294,2772245.955
Cc,718,269139.2323,2771894.416
Cc,719,269200.1579,2774993.745
Cc,720,264491.3413,2774240.202
Cc,721,271502.3599,2778882.57
Cc,722,267156.6377,2770988.763
Cc,723,262590.0103,2795323.86
Cc,724,271128.3449,2779438.411
Cc,725,264571.9009,2772705.702
Cc,726,269164.1089,2771680.301
Cc,727,269334.0275,2771434.567
Cc,728,268629.7409,2771099.629
Cc,729,265618.6855,2776607.62
Cc,730,265160.4632,2772444.869
Cc,731,269815.2869,2776444.535
Cc,732,269717.4072,2776120.047
Cc,733,269374.3989,2770906.31
Cc,734,265836.4399,2772923.004
Cc,735,267060.0572,2771106.876
Cc,736,263407.8875,2775931.805
Cc,737,265405.5397,2772587.981
Cc,738,270925.0051,2779065.598
Cc,739,267122.6239,2771839.479
Cc,740,267212.7994,2772881.27
Cc,741,271198.5662,2778212.355
Cc,742,265520.4872,2772598.899
Cc,743,269297.7617,2770792.62
Cc,744,263710.2815,2772941.698
Cc,745,265289.0086,2773380.314
Cc,746,268665.3252,2770881.316
Cc,747,267479.8611,2771468.984
Cc,748,270120.2265,2776720.505
Cc,749,269210.3285,2773001.208
Cc,750,269494.86,2770741.522
Cc,751,264631.542,2773528.615
Cc,752,267760.6736,2771630.764
Cc,753,269522.4335,2775745.838
Cc,754,269459.0536,2771084.332
Cc,755,263661.5652,2775418.616
Cc,756,271557.7819,2779111.607
Cc,757,269184.1433,2771407.509
Cc,758,269344.0628,2773121.751
Cc,759,268112.9117,2774182.145
Cc,760,263342.3335,2774063.093
Cc,761,269290.2216,2775537.764
Cc,762,264541.1215,2773555.118
Cc,763,267164.7562,2772954.379
Cc,764,271234.8605,2778264.799
Cc,765,269301.0169,2770802.923
Cc,766,268458.9511,2773835.113
Cc,767,269862.3957,2775860.361
Cc,768,263321.6518,2775577.553
Cc,769,268932.5578,2774379.811
Cc,770,269818.1522,2776112.848
Cc,771,271190.9943,2778219.88
Cc,772,269608.3194,2770937.659
Cc,773,263311.6374,2774158.112
Cc,774,265898.5187,2773892.356
Cc,775,266115.2749,2772430.582
Cc,776,269043.3017,2770822.287
Cc,777,271116.0408,2779393.386
Cc,778,262980.9753,2772856.904
Cc,779,269323.0889,2771744.406
Cc,780,263852.2765,2773224.809
Cc,781,268289.2899,2773186.552
Cc,782,269369.5186,2773078.624
Cc,783,270060.3858,2776368.318
Cc,784,267341.3544,2773961.089
Cc,785,269298.6744,2771439.18
Cc,786,271170.9863,2778037.173
Cc,787,269922.1922,2776346.344
Cc,788,267742.415,2772956.369
Cc,789,263173.9722,2774301.914
Cc,790,263616.2521,2773604.515
Cc,791,270679.0702,2777764.331
Cc,792,265085.5024,2774800.032
Cc,793,270876.3287,2779237.837
Cc,794,264461.5469,2772737.834
Cc,795,269501.0006,2771424.56
Cc,796,272233.7612,2780129.206
Cc,797,266897.7815,2773105.631
Cc,798,264723.3138,2773446.498
Cc,799,270712.5464,2778334.883
Cc,800,263463.2219,2772285.214
Cc,801,271591.1255,2777428.567
Cc,802,269201.0373,2774818.293
Cc,803,269229.5588,2770813.43
Cc,804,268886.3159,2771240.705
Cc,805,269459.0536,2771084.332
Cc,806,263312.4072,2774158.098
Cc,807,271316.8223,2777598.672
Cc,808,271062.6202,2779192.217
Cc,809,262729.3047,2776495.727
Cc,810,268739.3768,2770796.571
Cc,811,268563.3594,2771000.566
Cc,812,269353.6636,2771457.063
Cc,813,271189.5842,2778135.991
Cc,814,268991.1724,2770654.919
Cc,815,263288.6433,2774164.429
Cc,816,263279.4121,2774918.998
Cc,817,264037.4549,2773822.971
Cc,818,269939.5573,2776006.804
Cc,819,263096.2571,2776210.744
Cc,820,264418.8173,2773608.384
Cc,821,267808.4437,2770590.009
Cc,822,264029.1902,2773612.371
Cc,823,266858.1106,2773307.958
Cc,824,271276.4958,2777672.905
Cc,825,269552.8286,2771802.667
Cc,826,263686.9165,2774126.871
Cc,827,263363.6686,2775070.361
Cc,828,263044.8989,2772235.823
Cc,829,262380.4871,2776495.255
Cc,830,268635.7449,2773134.592
Cc,831,268922.4896,2771239.036
Cc,832,265429.3427,2773389.948
Cc,833,264637.5774,2773521.324
Cc,834,269317.6661,2771833.695
Cc,835,270501.1226,2777758.029
Cc,836,270812.41,2778139.166
Cc,837,264491.3272,2774328.558
Cc,838,269261.7762,2770805.488
Cc,839,268965.5315,2771142.557
Cc,840,265074.4038,2772814.565
Cc,841,262952.3463,2776303.928
Cc,842,263625.4587,2778839.342
Cc,843,267094.795,2772104.38
Cc,844,267662.6747,2772027.483
Cc,845,269586.2209,2771545.08
Cc,846,263299.7237,2772805.924
Cc,847,270824.8961,2778377.801
Cc,848,265433.8751,2773384.798
Cc,849,268765.4888,2772565.077
Cc,850,269332.1507,2770639.643
Cc,851,268929.9297,2774406.488
Cc,852,271256.8654,2778154.095
Cc,853,268885.4439,2773735.51
Cc,854,265184.5363,2772456.291
Cc,855,269109.7374,2770742.534
Cc,856,267829.0539,2772073.478
Cc,857,263228.589,2773987.915
Cc,858,271323.8371,2777512.105
Cc,859,269315.6149,2771438.894
Cc,860,267586.2775,2772832.84
Cc,861,268879.942,2771000.698
Cc,862,263611.2347,2773714.941
Cc,863,269328.7384,2770620.044
Cc,864,270851.7131,2779238.886
Cc,865,269564.1376,2775525.52
Cc,866,269278.6232,2771255.417
Cc,867,268953.4005,2771153.965
Cc,868,267890.155,2772360.114
Cc,869,269487.5354,2775503.565
Cc,870,269440.616,2771497.656
Cc,871,268874.9036,2770794.065
Cc,872,264612.3438,2774736.326
Cc,873,267730.6967,2775252.272
Cc,874,269533.923,2775742.262
Cc,875,267227.3812,2772968.529
Cc,876,269124.3922,2771973.296
Cc,877,268533.1159,2770943.163
Cc,878,269325.602,2770662.37
Cc,879,269316.6742,2771455.997
Cc,880,267664.2058,2771619.723
Cc,881,271401.5336,2778379.519
Cc,882,262901.2757,2772569.758
Cc,883,268521.8,2775042.027
Cc,884,267907.8344,2771724.011
Cc,885,271217.9018,2778171.871
Cc,886,264246.0062,2772699.916
Cc,887,270153.1283,2776708.325
Cc,888,264051.9478,2773592.32
Cc,889,265838.8461,2772838.836
Cc,890,270541.5072,2779194.442
Cc,891,268227.5958,2771594.715
Cc,892,271455.7693,2778858.622
Cc,893,269263.9792,2770799.11
Cc,894,271734.6351,2778227.663
Cc,895,269521.4083,2775548.648
Cc,896,267763.6093,2775105.019
Cc,897,264319.3823,2773959.929
Cc,898,265085.5789,2774804.469
Cc,899,264803.9782,2772988.113
Cc,900,266036.8414,2773919.785
Cc,901,263274.834,2774256.196
Cc,902,267356.2087,2772167.771
Cc,903,269451.8188,2770747.111
Cc,904,267079.3278,2772867.696
Cc,905,263315.6124,2774254.008
Cc,906,267182.8423,2771034.818
Cc,907,262667.9037,2776551.333
Cc,908,265539.5804,2774023.233
Cc,909,268071.7503,2771035.541
Cc,910,271250.4079,2778686.004
Cc,911,267673.6381,2772038.077
Cc,912,264527.4272,2773520.267
Cc,913,271658.3138,2777440.968
Cc,914,262184.763,2775560.566
Cc,915,265630.2455,2772890.611
Cc,916,270673.9305,2778281.846
Cc,917,264421.7215,2774667.962
Cc,918,269296.2787,2771434.148
Cc,919,267762.5672,2772782.913
Cc,920,270120.2265,2776720.505
Cc,921,263097.1598,2774313.395
Cc,922,263173.9685,2774301.703
Cc,923,263714.1459,2772942.476
Cc,924,269134.4042,2774293.958
Cc,925,271463.1754,2777511.456
Cc,926,263098.1054,2776317.035
Cc,927,270602.6816,2778439.46
Cc,928,266436.3616,2774044.622
Cc,929,263312.5238,2774076.082
Cc,930,269198.7347,2772816.668
Cc,931,270417.0205,2777290.421
Cc,932,263146.3598,2774175.355
Cc,933,268735.4513,2770792.199
Cc,934,269006.8552,2770807.896
Cc,935,269450.6112,2771633.397
Cc,936,269135.8331,2771693.462
Cc,937,265319.9559,2772537.877
Cc,938,269194.6318,2774803.817
Cc,939,262526.1232,2773982.163
Cc,940,264694.5447,2772716.269
Cc,941,264031.346,2775205.27
Cc,942,269187.4129,2773012.375
Cc,943,271338.1815,2778228.61
Cc,944,271369.3824,2777977.827
Cc,945,269372.8772,2771545.724
Cc,946,269183.3737,2773001.241
Cc,947,269551.1798,2775533.349
Cc,948,264017.4007,2773821.204
Cc,949,269315.6149,2771438.894
Cc,950,263802.1217,2774731.105
Cc,951,263704.012,2774757.748
Cc,952,262062.1612,2775507.113
Cc,953,269139.41,2774043.823
Cc,954,269339.4779,2770845.392
Cc,955,264033.2601,2773758.574
Cc,956,269527.613,2775551.291
Cc,957,271083.8433,2779309.803
Cc,958,268215.5432,2771565.328
Cc,959,266599.5979,2772737.868
Cc,960,269338.5668,2771475.284
Cc,961,267772.6442,2775002.562
Cc,962,267344.0692,2770868.045
Cc,963,268634.6905,2771618.88
Cc,964,267560.6792,2775351.979
Cc,965,262253.5424,2775574.585
Cc,966,269459.3605,2772014.557
Cc,967,267844.9879,2772783.624
Cd,1,265063.8912,2774707.822
Cd,2,265453.9458,2772222.739
Cd,3,268455.3385,2773849.125
Cd,4,266215.0981,2773985.636
Cd,5,271515.0027,2778810.282
Cd,6,268698.5985,2772435.584
Cd,7,262969.3167,2775287.535
Cd,8,269258.525,2774757.08
Cd,9,267684.2603,2770580.285
Cd,10,268505.015,2771466.356
Cd,11,263988.8957,2773909.63
Cd,12,266007.6095,2773338.164
Cd,13,271203.5583,2777639.043
Cd,14,270589.9941,2779376.458
Cd,15,262600.0654,2776988.591
Cd,16,268766.6471,2773678.34
Cd,17,271257.6018,2778747.602
Cd,18,264699.7131,2773640.948
Cd,19,263328.1612,2774577.621
Cd,20,262356.6356,2774288.233
Cd,21,268112.8736,2775085.334
Cd,22,264781.8892,2773493.681
Cd,23,264881.2275,2773627.037
Cd,24,266008.5281,2773975.228
Cd,25,262533.2795,2776116.757
Cd,26,262289.9297,2775541.609
Cd,27,266918.4298,2773052.012
Cd,28,267700.4139,2770578.953
Cd,29,264929.8849,2774573.16
Cd,30,269968.5239,2776399.884
Cd,31,269253.2173,2774443.498
Cd,32,271376.4914,2778905.187
Cd,33,270495.0634,2778220.605
Cd,34,265719.8693,2772413.692
Cd,35,264573.0245,2778520.436
Cd,36,264466.8766,2774250.559
Cd,37,265083.2192,2774667.539
Cd,38,266888.8007,2773211.048
Cd,39,268945.9212,2774441.305
Cd,40,265715.5106,2772428.986
Cd,41,266090.0726,2776706.896
Cd,42,265307.7906,2777243.296
Cd,43,264193.6878,2772391.154
Cd,44,271517.3091,2777250.567
Cd,45,264905.4608,2778422.741
Cd,46,263418.0929,2772880.812
Cd,47,265845.7445,2776468.436
Cd,48,268051.092,2771225.068
Cd,49,263585.5002,2772185.439
Cd,50,270730.4327,2778162.74
Cd,51,270789.1173,2777258.577
Cd,52,263501.6345,2772857.169
Cd,53,267297.0034,2773392.833
Cd,54,269242.88,2774833.649
Cd,55,267042.206,2771505.193
Cd,56,268685.9303,2772006.296
Cd,57,270600.6596,2778228.125
Cd,58,266945.6649,2772978.201
Cd,59,267440.8357,2771167.6
Cd,60,268204.9046,2771936.674
Cd,61,268639.9194,2771291.169
Cd,62,268984.9168,2771787.327
Cd,63,265647.1966,2772756.52
Cd,64,269454.9945,2775446.201
Cd,65,263845.1119,2774767.774
Cd,66,269583.0374,2775459.254
Cd,67,265185.8504,2774858.545
Cd,68,268497.0427,2774536.427
Cd,69,270245.1865,2777783.694
Cd,70,266081.1324,2772730.261
Cd,71,271082.8177,2778241.991
Cd,72,262764.0551,2776457.285
Cd,73,269149.8159,2770835.07
Cd,74,265782.8485,2773614.482
Cd,75,263216.9781,2774960.033
Cd,76,269153.8176,2771071.734
Cd,77,269130.4707,2772423.62
Cd,78,262520.9919,2776913.662
Cd,79,265049.8026,2772638.279
Cd,80,268085.7897,2775077.551
Cd,81,267442.9148,2771877.348
Cd,82,262605.546,2773014.356
Cd,83,268056.2085,2774379.896
Cd,84,265067.4925,2774380.55
Cd,85,267293.7437,2784142.697
Cd,86,262700.288,2773014.822
Cd,87,264961.5623,2777614.314
Cd,88,265474.1761,2772458.708
Cd,89,265627.7218,2772833.372
Cd,90,263146.4593,2772806.259
Cd,91,268792.5788,2771299.996
Cd,92,269868.618,2776000.816
Cd,93,264090.9215,2775354.951
Cd,94,268074.5404,2773963.606
Cd,95,263002.1567,2775316.134
Cd,96,270848.5602,2778731.656
Cd,97,264743.8589,2778337.812
Cd,98,264730.2135,2778661.877
Cd,99,265856.2405,2772371.402
Cd,100,262365.4315,2774704.497
Cd,101,271064.9141,2778825.244
Cd,102,264178.8475,2774205.653
Cd,103,267332.6246,2771507.215
Cd,104,272794.6356,2780113.696
Cd,105,265352.2203,2775531.446
Cd,106,266181.5417,2773914.978
Cd,107,266218.2393,2773989.175
Cd,108,265660.1621,2772793.922
Cd,109,269603.8286,2771629.964
Cd,110,262934.4429,2776292.825
Cd,111,262584.4927,2772866.758
Cd,112,266908.6729,2773292.298
Cd,113,271037.9906,2778780.675
Cd,114,268497.179,2774544.456
Cd,115,266880.8548,2771754.196
Cd,116,265509.9764,2772928.4
Cd,117,263326.4787,2776032.778
Cd,118,265481.5142,2773064.803
Cd,119,262825.657,2773713.572
Cd,120,265434.0204,2773393.25
Cd,121,264014.7628,2773624.247
Cd,122,267689.6724,2770581.461
Cd,123,271662.6584,2778296.718
Cd,124,263934.4925,2775259.792
Cd,125,265421.7667,2777423.538
Cd,126,271403.044,2778331.936
Cd,127,265941.5178,2773391.296
Cd,128,269592.6866,2771791.215
Cd,129,266151.1904,2774076.143
Cd,130,265490.4239,2776358.08
Cd,131,267937.2394,2774991.092
Cd,132,268787.5098,2772501.081
Cd,133,262815.0967,2773682.049
Cd,134,265294.9896,2774488.45
Cd,135,263261.0199,2772395.255
Cd,136,267935.057,2773686.547
Cd,137,270010.9976,2776544.165
Cd,138,267296.6834,2771206.201
Cd,139,263609.082,2784757.832
Cd,140,267689.0193,2771584.213
Cd,141,266036.6105,2777225.259
Cd,142,270073.0879,2777576.71
Cd,143,262828.0696,2773719.449
Cd,144,266054.1681,2776588.931
Cd,145,265723.277,2772791.57
Cd,146,271415.975,2778322.63
Cd,147,269076.3774,2772230.921
Cd,148,267865.2577,2770669.575
Cd,149,265487.9073,2776346.075
Cd,150,265023.5834,2773217.687
Cd,151,269082.9824,2773849.473
Cd,152,265843.9552,2772059.414
Cd,153,263450.2792,2772738.209
Cd,154,263249.2642,2776463.641
Cd,155,265727.8888,2776196.943
Cd,156,270932.9144,2779352.503
Cd,157,264996.6182,2778440.825
Cd,158,265674.0108,2776511.55
Cd,159,265243.1683,2774251.756
Cd,160,270357.6265,2777146.846
Cd,161,265405.6235,2775636.637
Cd,162,268507.8477,2772995.356
Cd,163,264781.3562,2773507.43
Cd,164,262837.1285,2776408.664
Cd,165,265554.3177,2774745.881
Cd,166,266220.9248,2772573.14
Cd,167,267438.5256,2771167.639
Cd,168,263072.1224,2772694.674
Cd,169,265488.7259,2776617.255
Cd,170,265652.0068,2778275.221
Cd,171,262517.6243,2776720.519
Cd,172,263842.3789,2773587.28
Cd,173,271645.9005,2778995.567
Cd,174,262633.3792,2776425.952
Cd,175,265351.0082,2776131.773
Cd,176,268012.6508,2772588.636
Cd,177,268273.4355,2771481.911
Cd,178,268599.4705,2771631.313
Cd,179,262651.9963,2772850.998
Cd,180,262451.7543,2777932.242
Cd,181,263387.8528,2772735.909
Cd,182,262116.4398,2775528.571
Cd,183,271045.2807,2779168.201
Cd,184,263118.7975,2772676.953
Cd,185,270641.4816,2777772.362
Cd,186,263941.8329,2774838.813
Cd,187,267646.7474,2771091.805
Cd,188,266620.4597,2773191.963
Cd,189,270722.8384,2777711.809
Cd,190,270371.2279,2777222.921
Cd,191,265381.7392,2776083.05
Cd,192,262539.0852,2778127.724
Cd,193,265046.7788,2774385.135
Cd,194,269137.7857,2773037.945
Cd,195,264373.98,2774712.754
Cd,196,269119.6745,2772513.846
Cd,197,262405.8735,2774683.077
Cd,198,265566.9839,2775974.596
Cd,199,264281.1239,2773929.73
Cd,200,265270.335,2776812.312
Cd,201,263294.8238,2776604.05
Cd,202,263105.2868,2776154.36
Cd,203,264592.4434,2777372.746
Cd,204,265400.8521,2772046.52
Cd,205,267174.4821,2771131.768
Cd,206,264608.3367,2772764.047
Cd,207,266891.4616,2773186.483
Cd,208,264494.6784,2772604.729
Cd,209,271012.0105,2779066.67
Cd,210,263066.4043,2776530.868
Cd,211,265487.4982,2772561.63
Cd,212,265485.6677,2772544.751
Cd,213,265344.3594,2772568.529
Cd,214,265456.943,2773651.367
Cd,215,262629.8803,2773969.999
Cd,216,265292.3794,2774515.762
Cd,217,264761.0329,2773445.425
Cd,218,263267.9688,2774082.562
Cd,219,263010.3968,2775967.037
Cd,220,262174.8366,2775388.887
Cd,221,264708.018,2772246.995
Cd,222,271443.5859,2778362.326
Cd,223,262964.3056,2773847.712
Cd,224,265469.9739,2772348.654
Cd,225,272492.9615,2791498.56
Cd,226,263587.4546,2774386.687
Cd,227,265120.7868,2772690.323
Cd,228,265322.9448,2772174.262
Cd,229,263102.5072,2776304.487
Cd,230,268586.407,2773040.947
Cd,231,265243.9659,2773448.095
Cd,232,266212.6583,2773798.401
Cd,233,265512.2353,2772835.779
Cd,234,268318.779,2776280.728
Cd,235,266259.8865,2773004.096
Cd,236,269359.1476,2775561.116
Cd,237,266703.1404,2772847.702
Cd,238,270693.299,2778837.419
Cd,239,270563.2446,2777698.222
Cd,240,267800.795,2771544.265
Cd,241,267736.7142,2771037.432
Cd,242,268032.4885,2770946.164
Cd,243,265060.9196,2774758.814
Cd,244,264264.7866,2774365.659
Cd,245,265598.8224,2776661.44
Cd,246,265568.5409,2774677.362
Cd,247,268109.7156,2771139.313
Cd,248,270640.4589,2779082.228
Cd,249,263249.0859,2772994.717
Cd,250,270646.2757,2778422.45
Cd,251,265404.502,2777404.6
Cd,252,268696.0748,2772650.167
Cd,253,265495.069,2774077.054
Cd,254,270354.6232,2777607.891
Cd,255,265394.0378,2775992.369
Cd,256,265674.5114,2772822.211
Cd,257,270351.7987,2777851.224
Cd,258,270740.9206,2779150.921
Cd,259,267865.9008,2770707.399
Cd,260,270796.6932,2777251.263
Cd,261,265719.8656,2772413.481
Cd,262,266069.7837,2772203.079
Cd,263,267659.2387,2771961.383
Cd,264,269083.7353,2772438.15
Cd,265,262631.9464,2776432.107
Cd,266,267816.3005,2771504.897
Cd,267,267225.9003,2770442.878
Cd,268,265365.9986,2772572.807
Cd,269,265643.389,2776566.611
Cd,270,263961.2133,2775246.435
Cd,271,264013.7471,2775523.063
Cd,272,268582.7914,2774597.748
Cd,273,264706.202,2776381.115
Cd,274,267361.0341,2771592.336
Cd,275,268031.1743,2771458.125
Cd,276,262797.654,2776573.804
Cd,277,263478.1959,2772526.982
Cd,278,269320.0032,2771789.691
Cd,279,263122.4003,2776562.869
Cd,280,266754.4366,2774270.842
Cd,281,265038.1973,2778485.764
Cd,282,268455.5187,2770818.714
Cd,283,265202.0443,2778745.678
Cd,284,268840.546,2772222.021
Cd,285,262472.4141,2777924.905
Cd,286,269755.1332,2775937.632
Cd,287,269104.8597,2770818.498
Cd,288,267063.4999,2771489.188
Cd,289,268421.0388,2771419.799
Cd,290,265041.378,2778491.628
Cd,291,266910.2345,2773293.539
Cd,292,265387.4686,2774805.611
Cd,293,267817.2869,2772468.308
Cd,294,265844.8585,2776461.687
Cd,295,262608.8289,2772671.866
Cd,296,265456.612,2773900.794
Cd,297,264598.1091,2776274.969
Cd,298,267483.4294,2771814.092
Cd,299,268186.728,2771501.349
Cd,300,269268.7768,2771584.261
Cd,301,262708.3501,2776663.082
Cd,302,266204.5767,2772383.184
Cd,303,267811.9652,2771476.436
Cd,304,267904.0734,2771321.626
Cd,305,263505.6512,2775486.425
Cd,306,269004.1104,2773830.518
Cd,307,263917.6807,2775267.27
Cd,308,265715.9038,2772586.452
Cd,309,269142.5431,2771634.799
Cd,310,267450.7073,2774954.151
Cd,311,265286.909,2775942.005
Cd,312,267843.9545,2775075.115
Cd,313,269194.3625,2773332.059
Cd,314,269149.188,2774121.019
Cd,315,270915.0197,2779295.524
Cd,316,266883.071,2771748.662
Cd,317,263358.3725,2775607.988
Cd,318,267652.2308,2771640.219
Cd,319,269171.7716,2774636.166
Cd,320,266020.1056,2773842.076
Cd,321,265454.7023,2773655.421
Cd,322,269049.9903,2771809.476
Cd,323,267813.3867,2772465.415
Cd,324,267307.5456,2775138.585
Cd,325,263630.8725,2773648.228
Cd,326,268939.6108,2774932.212
Cd,327,269345.0524,2774409.605
Cd,328,268109.7156,2771139.313
Cd,329,269332.6245,2770622.092
Cd,330,267576.7723,2775437.733
Cd,331,263732.6843,2772189.443
Cd,332,267814.6652,2774033.554
Cd,333,263310.8014,2776592.992
Cd,334,264881.6116,2772889.754
Cd,335,264594.0997,2777379.481
Cd,336,272305.0899,2779929.962
Cd,337,265051.1052,2774636.174
Cd,338,265986.6899,2775170.5
Cd,339,264738.7173,2777416.509
Cd,340,267374.438,2773146.532
Cd,341,271642.9569,2779003.648
Cd,342,267959.2186,2770623.379
Cd,343,265313.552,2772479.014
Cd,344,264660.1744,2776480.2
Cd,345,269138.3995,2775120.978
Cd,346,267409.7725,2770836.277
Cd,347,269255.8894,2773782.29
Cd,348,269072.065,2770655.665
Cd,349,268733.014,2770648.298
Cd,350,268623.455,2771274.115
Cd,351,268942.128,2774944.429
Cd,352,264382.743,2785084.915
Cd,353,267661.8418,2770575.593
Cd,354,264948.8929,2772905.716
Cd,355,262586.5448,2773958.07
Cd,356,266022.1787,2773379.343
Cd,357,264325.8885,2773979.897
Cd,358,270372.4637,2778209.145
Cd,359,269131.507,2775123.209
Cd,360,269502.6601,2772115.705
Cd,361,269319.6907,2771224.286
Cd,362,267804.9399,2771561.527
Cd,363,269445.4639,2775565.574
Cd,364,265365.5566,2775500.99
Cd,365,263302.248,2774460.122
Cd,366,265404.1213,2772191.89
Cd,367,269253.7085,2773789.937
Cd,368,262711.1106,2776467.931
Cd,369,262305.2743,2774478.525
Cd,370,269526.3636,2772014.271
Cd,371,267323.7569,2774012.964
Cd,372,263227.7486,2774959.423
Cd,373,269142.5431,2771634.799
Cd,374,267865.2577,2770669.575
Cd,375,265366.2455,2776077.609
Cd,376,264976.4014,2774189.135
Cd,377,267323.7569,2774012.964
Cd,378,264671.5715,2777451.701
Cd,379,268474.5381,2771304.33
Cd,380,264912.9477,2777563.366
Cd,381,265381.997,2776455.7
Cd,382,269464.9589,2775443.496
Cd,383,265272.957,2776383.597
Cd,384,265589.5112,2772761.105
Cd,385,269341.6146,2771837.94
Cd,386,269288.4313,2771516.714
Cd,387,264914.4476,2772560.5
Cd,388,263967.9933,2774837.514
Cd,389,265264.4222,2776915.988
Cd,390,265006.6454,2774201.296
Cd,391,265862.3496,2772368.338
Cd,392,269463.2549,2775433.802
Cd,393,268516.4462,2774091.797
Cd,394,267204.0675,2784702.264
Cd,395,264840.251,2775180.509
Cd,396,269165.2656,2771885.309
Cd,397,263944.8798,2776259.427
Cd,398,270647.8256,2778423.058
Cd,399,265944.8016,2773807.012
Cd,400,270572.7578,2777760.204
Cd,401,269800.6942,2775899.872
Cd,402,265724.1514,2772618.228
Cd,403,265459.6024,2773402.956
Cd,404,269288.8443,2775456.411
Cd,405,267127.9684,2772964.942
Cd,406,267019.0271,2773846.321
Cd,407,269206.7647,2775247.488
Cd,408,266888.5082,2773193.932
Cd,409,268499.0105,2771611.88
Cd,410,267880.4554,2772559.602
Ch,1,267933.0006,2771301.477
Ch,2,271047.4123,2777509.986
Ch,3,265235.0872,2776330.772
Ch,4,271100.5653,2778244.44
Ch,5,265099.9335,2774877.78
Ch,6,262377.4889,2774291.675
Ch,7,271924.4182,2778848.858
Ch,8,269457.8794,2775616.727
Ch,9,266705.8295,2772419.416
Ch,10,263329.8165,2776668.123
Ch,11,270789.7415,2779215.834
Ch,12,267704.2632,2772615.443
Ch,13,265783.3104,2772878.893
Ch,14,263037.6232,2776469.857
Ch,15,264975.5197,2772573.61
Ch,16,268972.1683,2772490.133
Ch,17,269179.6957,2772283.072
Ch,18,263600.9148,2773919.31
Ch,19,267094.4995,2772854.12
Ch,20,265743.3989,2775665.914
Ch,21,263291.2068,2775997.033
Ch,22,270737.7723,2778369.968
Ch,23,269376.8619,2771371.278
Ch,24,269497.2363,2771657.762
Ch,25,268664.753,2770756.618
Ch,26,270989.7275,2778657.414
Ch,27,268994.7088,2774957.276
Ch,28,266855.6698,2772308.843
Ch,29,268009.1617,2774737.702
Ch,30,265628.6086,2772750.498
Ch,31,271410.4559,2778269.035
Ch,32,264947.3759,2777550.723
Ch,33,268465.7882,2771287.991
Ch,34,263990.998,2774609.463
Ch,35,262714.1453,2772881.624
Ch,36,262380.4465,2776492.93
Ch,37,262854.3287,2772571.842
Ch,38,272011.0238,2778963.869
Ch,39,264747.1235,2778660.316
Ch,40,269538.068,2771065.243
Ch,41,262114.7615,2775432.423
Ch,42,269141.8203,2771045.516
Ch,43,265295.8042,2775921.982
Ch,44,269155.2272,2771109.546
Ch,45,268897.8494,2770875.476
Ch,46,264105.4586,2775394.015
Ch,47,262744.5244,2773919.598
Ch,48,268593.5883,2771965.799
Ch,49,266002.075,2773329.804
Ch,50,266324.5722,2772643.865
Ch,51,265467.3162,2778279.881
Ch,52,267585.9507,2772451.955
Ch,53,262413.0886,2774213.267
Ch,54,267326.1958,2784060.55
Ch,55,262950.5492,2775403.908
Ch,56,272364.8011,2780232.273
Ch,57,269279.2757,2770883.821
Ch,58,263691.9216,2774504.516
Ch,59,264327.4415,2773891.515
Ch,60,265403.0122,2775619.138
Ch,61,272539.8192,2780433.736
Ch,62,269566.52,2775484.263
Ch,63,267095.9131,2772846.698
Ch,64,268258.1673,2770763.936
Ch,65,263540.1434,2774456.206
Ch,66,271562.2896,2777407.703
Ch,67,268016.0831,2774737.161
Ch,68,269131.4665,2771936.187
Ch,69,264596.5304,2778544.126
Ch,70,270631.3624,2778268.402
Ch,71,268018.2745,2774639.682
Ch,72,272003.1585,2778816.045
Ch,73,268941.4058,2774402.066
Ch,74,268932.837,2774350.849
Ch,75,268313.1864,2775317.817
Ch,76,263022.4756,2772807.355
Ch,77,269211.0171,2774770.989
Ch,78,268837.9744,2773297.511
Ch,79,264395.677,2774631.421
Ch,80,270481.0889,2778213.654
Ch,81,267800.6922,2774614.851
Ch,82,265265.0315,2776325.817
Ch,83,270261.2489,2775951.705
Ch,84,262390.0394,2774260.595
Ch,85,269308.3027,2775787.086
Ch,86,262413.8799,2776334.869
Ch,87,264354.0075,2785025.382
Ch,88,265069.8823,2774385.16
Ch,89,263263.1581,2776509.902
Ch,90,267683.7939,2774126.673
Ch,91,271347.2327,2777575.756
Ch,92,264619.9507,2778518.356
Ch,93,265538.5546,2776917.607
Ch,94,269583.9008,2771225.108
Ch,95,271193.693,2778059.83
Ch,96,264708.7099,2777417.662
Ch,97,265422.0968,2775475.285
Ch,98,267611.4108,2775346.675
Ch,99,266892.1202,2771602.027
Ch,100,265610.5095,2776490.448
Ch,101,263706.9588,2773505.709
Ch,102,262400.1534,2777666.591
Ch,103,270267.0036,2776292.967
Ch,104,265480.8267,2776963.413
Ch,105,262443.9727,2777927.516
Ch,106,268390.5814,2776292.189
Ch,107,269064.6296,2771491.118
Ch,108,262698.6328,2776414.669
Ch,109,267785.5167,2771144.189
Ch,110,265468.9543,2774886.857
Ch,111,265580.6495,2776902.932
Ch,112,262922.8117,2776288.166
Ch,113,268387.5991,2774122.943
Ch,114,268988.7937,2774971.75
Ch,115,263725.7583,2772278.764
Ch,116,270671.0129,2778245.752
Ch,117,264971.7846,2772535.626
Ch,118,264642.5229,2778666.141
Ch,119,271032.1329,2778066.351
Ch,120,267213.6655,2771171.049
Ch,121,264395.0527,2772366.115
Ch,122,267678.5621,2771693.881
Ch,123,268074.7219,2771709.126
Ch,124,269579.5654,2771561.468
Ch,125,269484.2294,2771526.088
Ch,126,262783.5883,2773331.709
Ch,127,266506.09,2773169.401
Ch,128,265503.0644,2778343.947
Ch,129,265046.7788,2774385.135
Ch,130,264065.6856,2775365.111
Ch,131,262381.7665,2777715.953
Ch,132,265573.15,2772660.56
Ch,133,268346.4478,2776232.487
Ch,134,268650.5048,2775093.741
Ch,135,265474.3288,2773363.599
Ch,136,267172.1636,2771086.152
Ch,137,269102.3335,2770942.402
Ch,138,262933.2684,2778790.293
Ch,139,263379.9124,2774187.154
Ch,140,267806.2075,2775029.045
Ch,141,262690.0099,2776494.298
Ch,142,264747.4698,2778324.01
Ch,143,269302.7182,2771359.426
Ch,144,262468.5094,2778054.127
Ch,145,265112.8405,2775760.685
Ch,146,269820.7604,2777041.771
Ch,147,268597.8679,2771945.647
Ch,148,271025.0166,2777368.535
Ch,149,266626.8539,2772620.302
Ch,150,262225.8805,2775578.027
Ch,151,265517.5313,2774711.425
Ch,152,262953.3245,2776758.376
Ch,153,266558.5267,2772858.208
Ch,154,267220.9207,2773627.908
Ch,155,270496.396,2778208.323
Ch,156,269967.3355,2775964.696
Ch,157,267447.7938,2770943.006
Ch,158,271172.6772,2778000.366
Ch,159,270677.7188,2778232.534
Ch,160,266952.3345,2772962.868
Ch,161,265404.1605,2773403.487
Ch,162,262468.5827,2776469.198
Ch,163,264669.0013,2774315.766
Ch,164,270645.3435,2779097.998
Ch,165,265047.7321,2778547.533
Ch,166,272043.7619,2779815.128
Ch,167,266806.8291,2773822.047
Ch,168,265667.7751,2773102.609
Ch,169,267757.2916,2774101.324
Ch,170,265639.1431,2778243.525
Ch,171,265710.4056,2773073.552
Ch,172,268210.7091,2773955.373
Ch,173,266898.5784,2774008.389
Ch,174,270346.4177,2778855.527
Ch,175,264127.6536,2774585.114
Ch,176,270741.8339,2778199.749
Ch,177,266264.5536,2772602.196
Ch,178,268925.627,2771242.365
Ch,179,269113.777,2774167.274
Ch,180,265482.6523,2773310.189
Ch,181,269194.8984,2774683.121
Ch,182,265632.54,2775353.929
Ch,183,269284.1869,2772450.189
Ch,184,263899.4629,2776526.761
Ch,185,263600.9148,2773919.31
Ch,186,262372.0224,2776672.116
Ch,187,269312.7275,2775821.041
Ch,188,265514.3637,2772959.608
Ch,189,269083.5057,2771787.349
Ch,190,270378.4261,2777695.419
Ch,191,265404.5788,2778213.322
Ch,192,270722.7961,2779171.729
Ch,193,265965.6085,2773897.545
Ch,194,268009.1617,2774737.702
Ch,195,267642.7047,2774969.054
Ch,196,262357.9065,2774272.78
Ch,197,262218.2598,2775582.599
Ch,198,268660.5688,2770873.365
Ch,199,266897.7815,2773105.631
Ch,200,267766.383,2772011.556
Ch,201,263047.3919,2776544.515
Ch,202,264940.0073,2777569.874
Ch,203,269020.6233,2770802.167
Ch,204,263338.27,2772763.614
Ch,205,265128.529,2775732.724
Ch,206,265653.118,2772338.955
Ch,207,267552.4414,2772700.252
Ch,208,264581.3008,2774321.085
Ch,209,270975.5673,2777815.775
Ch,210,267810.5891,2774020.307
Ch,211,266184.9278,2772450.103
Ch,212,264406.9917,2774394.907
Ch,213,262991.0161,2772592.507
Ch,214,271370.9334,2778391.024
Ch,215,269522.0129,2771209.244
Ch,216,264201.4073,2779022.55
Ch,217,263292.2474,2774194.594
Ch,218,268634.4462,2775100.355
Ch,219,271114.7741,2779638.382
Ch,220,266107.5189,2776691.589
Ch,221,267248.6564,2771822.744
Ch,222,267191.0749,2772962.174
Ch,223,263173.9722,2774301.914
Ch,224,267373.0435,2770850.642
Ch,225,266213.6021,2773808.531
Ch,226,270365.8223,2777130.644
Ch,227,271778.4282,2779002.855
Ch,228,263900.1304,2773586.703
Ch,229,268208.9647,2770588.066
Ch,230,263058.3027,2776197.875
Ch,231,268574.1337,2771318.071
Ch,232,268558.0966,2772734.096
Ch,233,266480.3559,2772340.837
Ch,234,269788.8294,2776792.472
Ch,235,262611.8616,2772978.946
Ch,236,269377.5091,2773050.166
Ch,237,269766.5798,2775475.809
Ch,238,268611.0512,2772723.052
Ch,239,271446.0512,2777546.197
Ch,240,265549.5928,2772858.389
Ch,241,265026.712,2774963.381
Ch,242,267169.3181,2772950.92
Ch,243,266261.3287,2772728.652
Ch,244,269577.6313,2775549.388
Ch,245,263317.7488,2774510.161
Ch,246,269930.5592,2776021.118
Ch,247,265823.7738,2775727.734
Ch,248,271774.2938,2779261.215
Ch,249,269068.0296,2774103.37
Ch,250,268065.4468,2771480.582
Ch,251,263472.1288,2773287.622
Ch,252,267279.0287,2772971.242
Ch,253,267805.3794,2772673.751
Ch,254,267408.4233,2773016.805
Ch,255,271806.6824,2779310.554
Ch,256,267983.6056,2771015.901
Ch,257,265919.6948,2772164.224
Ch,258,264866.746,2772652.847
Ch,259,267019.0271,2773846.321
Ch,260,268081.9077,2774215.646
Ch,261,265046.7595,2774205.255
Ch,262,269200.4599,2774010.873
Ch,263,264172.8894,2774217.382
Ch,264,267686.9327,2775846.973
Ch,265,268416.3342,2771505.695
Ch,266,262687.256,2776380.413
Ch,267,272132.6046,2779972.164
Ch,268,267712.6734,2775008.022
Ch,269,270535.3552,2777687.912
Ch,270,268054.3925,2774318.418
Ch,271,271325.2354,2777595.36
Ch,272,269782.0865,2776074.566
Ch,273,267302.6686,2771828.376
Cm,1,267229.632,2771655.663
Cm,2,267835.7466,2773009.948
Cm,3,268771.7139,2773659.231
Cm,4,270375.5617,2777845.116
Cm,5,266868.9864,2772186.654
Cm,6,267272.0845,2771525.368
Cm,7,266934.0301,2772928.305
Cm,8,268771.0336,2773664.527
Cm,9,266199.36,2772977.655
Cm,10,265450.1001,2776699.3
Cm,11,267161.8869,2773869.035
Cm,12,263983.9695,2777937.3
Cm,13,264966.844,2772695.934
Cm,14,268574.1337,2771318.071
Cm,15,268036.3213,2771217.075
Cm,16,271092.8634,2778290.013
Cm,17,267595.8721,2771949.145
Cm,18,269419.7862,2772908.68
Cm,19,269290.2826,2772172.982
Cm,20,267493.6275,2773858.513
Cm,21,264794.0941,2772682.846
Cm,22,268076.8557,2771608.055
Cm,23,269397.5493,2772868.895
Cm,24,267272.0845,2771525.368
Cm,25,269382.5607,2772346.646
Cm,26,268546.9856,2771306.906
Cm,27,269245.8622,2771595.64
Cm,28,268722.2667,2772332.457
Cm,29,264701.6056,2772723.757
Cm,30,271783.8627,2777719.98
Cm,31,268559.0842,2771339.04
Cm,32,266305.3904,2773052.778
Cm,33,268669.2049,2772609.828
Cm,34,267272.0845,2771525.368
Cm,35,267361.5646,2771894.588
Cm,36,265969.4329,2772639.172
Cm,37,263712.6155,2773521.042
Cm,38,268202.699,2773393.475
Cm,39,265386.0187,2775839.683
Cm,40,267272.0845,2771525.368
Cm,41,268959.1666,2775268.17
Cm,42,268625.9121,2771509.962
Cm,43,268011.2452,2771101.248
Cm,44,267272.0845,2771525.368
Cm,45,265111.9846,2776291.675
Cm,46,268389.4797,2772691.724
Cm,47,266497.4186,2772392.754
Cm,48,269270.4849,2774917.73
Cm,49,269215.6151,2773222.633
Cm,50,267272.0881,2771525.579
Cm,51,269338.3315,2772281.658
Cm,52,265483.1109,2772351.176
Cm,53,268546.9856,2771306.906
Cm,54,267362.3346,2771894.575
Cm,55,265302.4229,2776931.82
Cm,56,269422.2073,2772231.626
Cm,57,267272.0845,2771525.368
Cm,58,267741.4195,2772535.969
Cm,59,268621.9833,2771550.823
Cm,60,268420.9064,2774451.692
Cm,61,267883.6467,2772566.1
Cm,62,264071.1677,2778837.104
Cm,63,268917.2341,2770700.98
Cm,64,271192.6258,2778362.737
Cm,65,270328.0609,2777037.222
Cm,66,266131.0269,2772900.195
Cm,67,271114.6588,2777571.632
Cm,68,267816.8211,2770584.371
Cm,69,267272.0845,2771525.368
Cm,70,268420.2335,2774457.41
Cm,71,265802.4121,2775739.304
Cm,72,266082.7881,2773006.498
Cm,73,267272.0845,2771525.368
Cm,74,264252.0531,2774386.382
Cm,75,264284.4263,2773942.566
Cm,76,267739.5808,2774734.26
Cm,77,268546.9856,2771306.906
Cm,78,267272.0845,2771525.368
Cm,79,266916.2103,2773057.335
Cm,80,268395.4774,2771411.356
Cm,81,266174.7998,2772937.703
Cm,82,267017.1119,2774004.672
Cm,83,267371.0541,2770417.366
Cm,84,263192.7964,2773789.418
Cm,85,270771.0254,2778790.242
Cm,86,268569.825,2771291.089
Cm,87,267361.4649,2771527.226
Cm,88,266199.36,2772977.655
Cm,89,266121.6209,2772890.633
Cm,90,262781.9915,2773372.744
Cm,91,266551.8537,2772828.307
Cm,92,267262.1534,2771530.188
Cm,93,268871.2048,2774258.468
Cm,94,263015.6444,2775338.94
Cm,95,271286.3484,2777892.773
Cm,96,266199.36,2772977.655
Cm,97,266379.0906,2772589.243
Cm,98,267272.0845,2771525.368
Cm,99,271009.572,2777548.88
Cm,100,265689.0138,2773576.779
Cm,101,264892.5043,2773566.389
Cm,102,264290.2816,2773880.321
Cm,103,269405.9262,2772316.448
Cm,104,264848.7729,2777770.566
Cm,105,268072.3129,2771658.016
Cm,106,269496.8684,2770860.489
Cm,107,267772.1491,2772169.352
Cm,108,267368.2965,2771882.848
Cm,109,266268.4464,2773009.234
Cm,110,264775.7352,2772958.162
Cm,111,270946.6723,2778660.675
Cm,112,270949.5252,2778692.967
Cm,113,267738.5395,2772185.777
Cm,114,267534.9422,2772486.854
Cm,115,264224.371,2772428.46
Cm,116,267907.71,2770629.327
Cm,117,268625.1386,2771555.208
Cm,118,267208.1689,2771661.736
Cm,119,271443.5859,2778362.326
Cm,120,268329.4468,2774507.568
Cm,121,265616.9662,2776373.446
Cm,122,268515.2826,2772026.311
Cm,123,270450.0248,2778882.314
Cm,124,264714.4865,2772309.451
Cm,125,263804.5431,2777935.127
Cm,126,266018.5342,2772897.474
Cm,127,262241.0992,2775523.437
Cm,128,271240.4291,2778733.518
Cm,129,266071.5033,2772932.288
Cm,130,264423.0159,2784878.121
Cm,131,266199.36,2772977.655
Cm,132,269267.8766,2774445.152
Cm,133,267351.0527,2771594.197
Cm,134,272317.0592,2779909.259
Cm,135,267364.1015,2771907.861
Cm,136,262597.0668,2772969.692
Cm,137,266954.2039,2772937.049
Cm,138,267272.0845,2771525.368
Cm,139,263122.0107,2776186.199
Cm,140,268416.3413,2771506.118
Cm,141,269309.0995,2772238.188
Cm,142,266349.6342,2773477.514
Cm,143,268517.4055,2771969.839
Cm,144,269133.8805,2771122.589
Cm,145,269483.1548,2770641.32
Cm,146,267916.8629,2772571.876
Cm,147,267558.3171,2772728.687
Cm,148,269173.4713,2774008.793
Cm,149,267039.0826,2771502.71
Cm,150,268886.2992,2770693.683
Cm,151,269429.5491,2770842.391
Cm,152,268301.8968,2771298.17
Cm,153,265681.5646,2776189.707
Cm,154,266366.7777,2772949.633
Cm,155,265309.5573,2772201.971
Cm,156,267198.1101,2773599.974
Cm,157,268562.2611,2774749.226
Cm,158,271818.6081,2779103.637
Cm,159,268420.9064,2774451.692
Cm,160,266807.1138,2774018.83
Cm,161,268559.0842,2771339.04
Cm,162,266203.8803,2772297.59
Cm,163,265682.7195,2772537.772
Cm,164,269532.611,2771700.072
Cm,165,269226.6377,2775466.13
Cm,166,264070.475,2778841.555
Cm,167,265439.0219,2774758.433
Cm,168,269226.456,2774818.709
Cm,169,267811.9652,2771476.436
Cm,170,266199.3636,2772977.866
Cm,171,267650.8516,2771921.154
Cm,172,266436.2758,2774084.573
Cm,173,265719.9701,2776228.997
Cm,174,272786.0579,2780107.075
Cm,175,266415.4208,2772641.887
Cm,176,262700.4728,2773955.03
Cm,177,265468.1649,2776317.456
Cm,178,266199.3636,2772977.866
Cm,179,268616.6788,2771328.764
Cm,180,266199.36,2772977.655
Cm,181,267704.3787,2771083.638
Cm,182,267811.9652,2771476.436
Cm,183,271699.8902,2777441.116
Cm,184,268345.087,2771483.02
Cm,185,265117.0131,2773052.685
Cm,186,267299.6649,2771697.377
Cm,187,262948.7347,2773838.048
Cm,188,267198.8655,2773599.115
Cm,189,266199.3636,2772977.866
Cm,190,268984.3667,2771572.797
Cm,191,269432.3776,2772240.966
Cm,192,268913.2029,2771782.411
Cm,193,267272.0845,2771525.368
Cm,194,262661.0432,2773902.026
Cm,195,269479.3257,2772284.56
Cm,196,266274.4648,2772866.031
Cm,197,265578.2019,2776358.049
Cm,198,271599.0055,2778861.713
Cm,199,264741.0049,2775230.416
Cm,200,266199.36,2772977.655
Cm,201,265672.3627,2773548.952
Cm,202,266197.9484,2772805.41
Cm,203,266199.3636,2772977.866
Cm,204,268851.8395,2770705.681
Cm,205,268928.6413,2771465.942
Cm,206,264410.3774,2774056.013
Cm,207,268011.3055,2771331.429
Cm,208,267880.4554,2772559.602
Cm,209,270735.1174,2777709.488
Cm,210,267350.4595,2771830.52
Cm,211,264149.5198,2774469.113
Cm,212,267272.0845,2771525.368
Cm,213,266113.837,2772661.215
Cm,214,266369.1548,2772458.784
Cm,215,266071.507,2772932.499
Cm,216,272253.1211,2780090.202
Cm,217,262244.1969,2775524.439
Cm,218,270421.8345,2777301.965
Cm,219,262640.2225,2773900.486
Cm,220,264329.079,2772649.018
Cm,221,266005.0396,2772963.865
Cm,222,268119.4139,2771120.759
Cm,223,272320.6235,2780673.922
Cm,224,268616.6788,2771328.764
Cm,225,268604.4227,2771287.332
Cm,226,267272.0845,2771525.368
Cm,227,268616.6788,2771328.764
Cm,228,270955.7568,2778697.301
Cm,229,268329.4468,2774507.568
Cm,230,268546.9856,2771306.906
Cm,231,267365.1645,2772512.365
Cm,232,271118.9824,2778332.482
Cm,233,264913.4087,2773125.946
Cm,234,270445.4072,2778882.392
Cm,235,266031.6491,2772988.562
Cm,236,266199.36,2772977.655
Cm,237,269238.9472,2775465.499
Cm,238,266199.3636,2772977.866
Cm,239,268616.6788,2771328.764
Cm,240,263192.0154,2773788.798
Cm,241,271516.6188,2778585.571
Cm,242,268626.6893,2771510.371
Cm,243,269116.7486,2773933.449
Cm,244,267763.1689,2772592.035
Cm,245,265443.1215,2776696.461
Cm,246,271447.9951,2777249.194
Cm,247,263962.5187,2776255.316
Cm,248,263627.4815,2773630.319
Cm,249,264220.114,2774944.124
Cm,250,270553.6337,2778224.268
Cm,251,266199.36,2772977.655
Cm,252,268504.8323,2771455.579
Cm,253,267717.8246,2772371.502
Cm,254,267799.1852,2773033.821
Cm,255,263603.3666,2774282.837
Cm,256,268420.9064,2774451.692
Cm,257,265472.0769,2772336.57
Cm,258,267272.0845,2771525.368
Cm,259,262768.5463,2773529.609
Cm,260,262697.0801,2775706.576
Cm,261,267272.0845,2771525.368
Cm,262,266199.36,2772977.655
Cm,263,271229.3741,2777938.328
Cm,264,266586.0188,2773204.6
Cm,265,269698.6717,2776605.878
Cm,266,263965.6947,2774838.188
Cm,267,269173.0812,2774713.505
Cm,268,266199.36,2772977.655
Cm,269,269429.4441,2772249.681
Cm,270,266199.36,2772977.655
Cm,271,262985.7584,2772777.554
Cm,272,263451.7402,2774687.295
Cm,273,262063.5161,2775849.314
Cm,274,266558.1132,2773194.086
Cm,275,266199.36,2772977.655
Cm,276,265355.8326,2776948.233
Cm,277,267722.9186,2774253.463
Cm,278,266199.3636,2772977.866
Cm,279,266037.5679,2773019.321
Cm,280,267272.0845,2771525.368
Cm,281,263656.205,2773376.803
Cm,282,265509.1706,2778340.882
Cm,283,265654.6853,2778251.924
Cm,284,267428.385,2771521.859
Cm,285,266837.1758,2772308.314
Cm,286,268238.5197,2770831.696
Cm,287,268927.5296,2772401.057
Cm,288,267245.4132,2771632.565
Cm,289,266252.8084,2772725.839
Cm,290,270456.9372,2776552.496
Cm,291,269130.2384,2771818.053
Cm,292,265843.9552,2772059.414
Cm,293,268616.668,2771328.13
Cm,294,266780.7067,2773870.687
Cm,295,267938.8483,2771282.988
Cm,296,268616.6788,2771328.764
Cm,297,270595.1815,2779364.534
Cm,298,264645.5688,2773493.496
Cm,299,268606.7364,2771287.504
Cm,300,270506.7361,2778867.196
Cm,301,263611.9703,2773579.646
Cm,302,264730.1673,2777456.396
Cm,303,265959.8448,2772529.211
Cm,304,269393.6354,2772865.157
Cm,305,265471.325,2772337.64
Cm,306,268420.9064,2774451.692
Cm,307,262700.4728,2773955.03
Cm,308,265697.2546,2772532.027
Cm,309,267788.5265,2771456.966
Cm,310,262637.7142,2773889.116
Cm,311,268079.9429,2771608.426
Cm,312,265672.3518,2773548.318
Cm,313,267272.0845,2771525.368
Cm,314,270480.6803,2778874.188
Cm,315,263192.0118,2773788.586
Cm,316,269246.7167,2775469.595
Cm,317,265954.4493,2772484.07
Cm,318,265516.4048,2772943.931
Cm,319,264180.3108,2773488.639
Cm,320,264803.3807,2773087.47
Cm,321,267272.0845,2771525.368
Cm,322,269431.8379,2770841.084
Cm,323,265778.8356,2773605.04
Cm,324,267327.1591,2774347.719
Cm,325,270328.0003,2777033.63
Cm,326,267272.0845,2771525.368
Cm,327,267272.0881,2771525.579
Cm,328,263754.0462,2775422.931
Cm,329,268038.7274,2771449.33
Cm,330,264839.3572,2775173.338
Cm,331,262589.2194,2795322.605
Cm,332,269182.0976,2771514.284
Cm,333,269475.9107,2770668.498
Cm,334,267960.9868,2771588.465
Cm,335,268760.9175,2773658.357
Cm,336,268668.0325,2770950.177
Cm,337,272404.121,2780604.042
Cm,338,266954.9739,2772937.036
Cm,339,267253.2099,2770463.339
Cm,340,271315.362,2777695.08
Cm,341,265486.8519,2772344.771
Cm,342,268395.8064,2774470.085
Cm,343,265057.9965,2772756.297
Cm,344,268043.0557,2774421.548
Cm,345,269238.784,2774819.134
Cm,346,267382.8952,2772332.608
Cm,347,266300.1735,2773422.559
Cm,348,265517.1712,2772585.216
Cm,349,271122.6308,2778412.106
Cm,350,269411.5312,2772237.936
Cm,351,268696.8105,2772012.03
Cm,352,267757.6165,2772175.306
Cm,353,267580.837,2770975.616
Cm,354,268675.068,2774045.352
Cm,355,267338.898,2771604.127
Cm,356,268755.9236,2771500.572
Cm,357,269476.0899,2772320.97
Cm,358,268333.1368,2773002.126
Cm,359,267325.732,2771599.913
Cm,360,264987.108,2777622.328
Cm,361,271238.6879,2777942.822
Cm,362,265982.6874,2773770.851
Cm,363,265673.8008,2773543.009
Cm,364,268616.6788,2771328.764
Cm,365,268546.9856,2771306.906
Cm,366,270434.7541,2778889.758
Cm,367,264253.3626,2774373.043
Cm,368,267272.0845,2771525.368
Cm,369,271561.0135,2777331.632
Cm,370,262102.2805,2776261.251
Cm,371,266068.4307,2772842.929
Cm,372,267738.5395,2772185.777
Cm,373,269388.739,2772256.499
Cm,374,262229.027,2775625.955
Cm,375,264379.0582,2773535.934
Cm,376,262772.3959,2773529.542
Cm,377,264915.9257,2772556.881
Cm,378,267564.1457,2772302.253
Cm,379,265578.2019,2776358.049
Cm,380,266199.36,2772977.655
Cm,381,267271.1785,2771562.585
Cm,382,269067.0943,2773093.041
Cm,383,269210.8601,2772486.305
Cm,384,267224.0075,2772996.488
Cm,385,265636.5839,2776529.104
Cm,386,262390.1301,2776253.479
Cm,387,267308.3887,2772525.17
Cm,388,267285.3887,2771763.568
Cm,389,267402.1648,2772785.248
Cm,390,266129.6698,2772955.81
Cm,391,267556.2348,2770978.36
Cm,392,267272.0845,2771525.368
Cm,393,268868.3621,2774317.911
Cm,394,266579.5533,2772466.598
Cm,395,271230.98,2778400.35
Cm,396,268922.5671,2774199.259
Cm,397,267229.1047,2771715.067
Cm,398,266199.36,2772977.655
Cm,399,266199.3636,2772977.866
Cm,400,264867.1784,2773035.429
Cm,401,268420.9423,2774453.805
Cm,402,269163.1147,2773032.867
Cm,403,267351.0527,2771594.197
Cm,404,266040.7873,2795270.882
Cm,405,265850.0843,2772371.719
Cm,406,267329.1021,2772520.378
Cm,407,264147.0552,2773525.148
Cm,408,269387.5866,2772871.812
Cm,409,267272.0845,2771525.368
Cm,410,268626.8684,2771520.937
Cm,411,267770.6559,2772172.125
Cm,412,266376.3126,2772696.879
Cm,413,264908.5743,2773560.405
Cm,414,266199.36,2772977.655
Cm,415,267594.2122,2770539.543
Cm,416,266039.9192,2772976.795
Cm,417,267387.9487,2772900.054
Cm,418,268414.3605,2773794.23
Cm,419,266199.36,2772977.655
Cm,420,268616.6788,2771328.764
Cm,421,267272.0845,2771525.368
Cm,422,262251.9806,2775573.344
Cm,423,266915.6264,2772797.78
Cm,424,266199.36,2772977.655
Cm,425,267262.355,2773528.702
Cm,426,269296.2102,2772159.142
Cm,427,267272.0845,2771525.368
Cm,428,267272.0845,2771525.368
Cm,429,263793.3682,2777956.67
Cm,430,264214.8739,2772592.018
Cm,431,271077.8819,2777582.184
Cm,432,267734.596,2772180.348
Cm,433,265782.006,2773610.269
Cm,434,264195.514,2774902.062
Cm,435,267435.8528,2772818.705
Cm,436,266934.0301,2772928.305
Cm,437,262923.53,2776285.194
Cm,438,268683.906,2772659.251
Cm,439,265641.0408,2772398.136
Cm,440,265047.441,2772501.138
Cm,441,265437.0579,2775091.805
Cm,442,267402.1648,2772785.248
Cm,443,268522.3759,2772807.624
Cm,444,268967.2803,2774156.651
Cm,445,270554.4427,2777769.813
Cm,446,267272.0845,2771525.368
Cm,447,263553.9025,2774405.87
Cm,448,267529.5854,2773844.583
Cm,449,268886.2992,2770693.683
Cm,450,271491.944,2777482.439
Cm,451,266199.3636,2772977.866
Cm,452,263013.4561,2775345.953
Cm,453,267309.232,2771671.215
Cm,454,267703.5194,2770580.38
Cm,455,267781.0547,2774999.036
Cm,456,269359.9639,2775563.85
Cm,457,265672.3009,2773545.36
Cm,458,265472.1313,2772339.739
Cm,459,267254.7752,2770464.792
Cm,460,267684.2603,2770580.285
Cm,461,269326.9947,2772248.876
Cm,462,268118.2228,2775082.917
Cm,463,268747.5993,2771645.712
Cm,464,268875.6921,2774341.46
Cm,465,269372.2807,2772877.566
Cm,466,267560.1968,2771979.979
Cm,467,268574.7712,2771310.239
Cm,468,269116.7486,2773933.449
Cm,469,269409.3212,2772243.892
Cm,470,266173.4136,2772991.627
Cm,471,264506.9446,2772467.546
Cm,472,269517.7762,2771825.03
Cm,473,268259.1297,2772635.176
Cm,474,269111.5541,2772443.597
Cm,475,271190.517,2778420.476
Cm,476,269116.8667,2773940.423
Cm,477,268050.8503,2771437.499
Cm,478,263361.8374,2774565.622
Cm,479,263619.7676,2773629.608
Cm,480,262981.1621,2775393.018
Cm,481,267214.0273,2773539.884
Cm,482,268577.8542,2770992.288
Cm,483,268699.9692,2772016.627
Cm,484,267433.7097,2772512.253
Cm,485,263356.5771,2772753.362
Cm,486,263510.7832,2775471.54
Cm,487,269276.9426,2775481.131
Cm,488,269393.9182,2772243.94
Cm,489,269400.3315,2772258.839
Cm,490,269412.2833,2772236.866
Cm,491,266046.6188,2773008.175
Cm,492,267296.1813,2771493.04
Cm,493,268610.2069,2771310.484
Cm,494,269266.758,2772239.326
Cm,495,267265.4167,2771676.401
Cm,496,269411.5312,2772237.936
Cm,497,267259.7785,2771526.423
Cm,498,267170.7332,2771544.218
Cm,499,267236.4374,2771557.893
Cm,500,267322.0503,2771745.399
Cm,501,266176.318,2772936.409
Cm,502,265506.5082,2772368.107
Cm,503,268975.5839,2774601.231
Cm,504,268626.8684,2771520.937
Cm,505,267293.8651,2771718.613
Cm,506,269293.5945,2772277.764
Cm,507,268914.2743,2770753.661
Cm,508,266063.9019,2773027.959
Cm,509,268569.825,2771291.089
Cm,510,268627.9751,2771495.342
Cm,511,268749.2552,2772288.881
Cm,512,268546.2084,2771306.496
Cm,513,270861.29,2778481.816
Cm,514,267497.3148,2773848.938
Cm,515,269051.9888,2770880.477
Cm,516,267121.9356,2772566.398
Cm,517,268546.9856,2771306.906
Cm,518,269168.3076,2773021.153
Cm,519,268631.8072,2771494.221
Cm,520,268639.7259,2771370.647
Cm,521,266071.4961,2772931.865
Cm,522,266108.3071,2772877.756
Cm,523,266076.1701,2772934.955
Cm,524,267819.5495,2771514.777
Cm,525,267350.1314,2771585.335
Cm,526,267559.2253,2771968.159
Cm,527,267208.9377,2771616.489
Cm,528,267314.0007,2771725.033
Cm,529,266306.6083,2774247.438
Cm,530,266165.7053,2772946.314
Cm,531,266121.6173,2772890.422
Cm,532,266129.1047,2772922.845
Cm,533,267150.9136,2771646.648
Cm,534,266266.6603,2772860.035
Cm,535,267966.5493,2771598.516
Cm,536,262922.8154,2776288.377
Cm,537,267320.3455,2771600.216
Cm,538,269401.8893,2772259.87
Cm,539,268678.1731,2772003.046
Cm,540,268771.0336,2773664.527
Cm,541,268616.668,2771328.13
Cm,542,266952.0277,2772944.907
Cm,543,267607.4222,2770546.293
Cm,544,269160.6226,2773022.129
Cm,545,269411.5312,2772237.936
Cm,546,269143.7556,2773026.642
Cm,547,263355.4106,2774550.303
Co,1,268133.4733,2771268.267
Co,2,271298.2835,2778144.944
Co,3,269276.0597,2770739.088
Co,4,264174.0102,2774237.655
Co,5,262942.7253,2776326.291
Co,6,268910.5405,2771124.676
Co,7,262213.323,2775520.328
Co,8,264956.0156,2772469.738
Co,9,267430.7995,2773064.405
Co,10,266021.9777,2773906.301
Co,11,269458.8511,2772029.996
Co,12,268569.0141,2773059.842
Co,13,267849.3362,2772314.941
Co,14,269141.3485,2774203.797
Co,15,270576.7369,2778224.724
Co,16,268860.1006,2771148.147
Co,17,267186.0429,2770951.483
Co,18,265803.2593,2773323.07
Co,19,263327.7879,2774910.971
Co,20,267636.2413,2770972.348
Co,21,269404.0145,2772841.308
Co,22,264328.9156,2773887.685
Co,23,263689.4606,2774140.355
Co,24,268690.6984,2770787.673
Co,25,268037.3938,2772594.345
Co,26,267192.7364,2773465.633
Co,27,268181.4004,2771550.478
Co,28,269341.864,2770895.446
Co,29,268829.0126,2772495.939
Co,30,269315.5158,2771341.878
Co,31,269167.2396,2774550.427
Co,32,269323.4508,2771446.793
Co,33,268500.0216,2770944.781
Co,34,268678.2598,2773915.728
Co,35,269046.9768,2770811.867
Co,36,270496.9074,2777736.329
Co,37,263851.3208,2775303.931
Co,38,265564.0366,2772892.172
Co,39,265069.8823,2774385.16
Co,40,266988.7998,2772978.521
Co,41,267526.8664,2774949.681
Co,42,269185.2329,2770879.704
Co,43,264176.79,2774220.274
Co,44,265694.748,2772834.546
Co,45,267268.3232,2773517.397
Co,46,269436.6924,2770991.707
Co,47,267852.6504,2772057.013
Co,48,264220.0222,2772533.378
Co,49,271140.011,2779399.746
Co,50,267842.159,2772255.246
Co,51,270928.645,2777680.867
Co,52,268190.4078,2770856.186
Co,53,266927.3351,2773122.459
Co,54,268988.5818,2774413.949
Co,55,267287.0966,2770417.739
Co,56,263321.2758,2776664.044
Co,57,268302.9241,2772311.459
Co,58,269453.5502,2771533.793
Co,59,265072.1211,2774425.705
Co,60,268819.2725,2770829.46
Co,61,263047.3919,2776544.515
Co,62,270926.421,2779286.877
Co,63,267453.3527,2772986.869
Co,64,265062.4327,2774355.061
Co,65,265000.554,2778445.83
Co,66,266006.2511,2773977.17
Co,67,267123.5704,2772932.888
Co,68,269164.1006,2774455.998
Co,69,268469.0193,2770978.915
Co,70,266154.3618,2773946.728
Co,71,269141.4121,2771932.214
Co,72,263650.7552,2773817.83
Co,73,267417.1932,2771723.909
Co,74,263173.9722,2774301.914
Co,75,264740.4152,2773321.703
Co,76,271627.1619,2777419.72
Co,77,268871.7801,2770973.57
Co,78,268098.9698,2771912.264
Co,79,267735.557,2771738.99
Co,80,269026.8434,2773081.04
Co,81,262609.1288,2772954.685
Co,82,265547.0287,2775351.806
Co,83,268118.8373,2771948.282
Co,84,266636.3148,2774028.516
Co,85,270325.7418,2777356.216
Co,86,269342.5791,2772441.804
Co,87,268777.1305,2770842.644
Co,88,267827.7297,2772674.639
Co,89,263354.8403,2774295.603
Co,90,265551.9489,2776443.262
Co,91,265154.2416,2772441.382
Co,92,271094.3256,2779017.728
Co,93,270946.838,2778716.262
Co,94,262546.9213,2773186.171
Co,95,267781.1559,2771793.382
Co,96,268919.2482,2771411.568
Co,97,270814.9825,2778749.131
Co,98,269377.2201,2771438.064
Co,99,268898.455,2771184.276
Co,100,271306.7703,2778329.325
Co,101,265476.1883,2772530.963
Co,102,267335.6132,2771818.091
Co,103,265461.1772,2772284.97
Co,104,268613.0436,2773067.55
Co,105,268920.0039,2771410.709
Co,106,267759.3302,2771732.879
Co,107,269053.3687,2771280.786
Co,108,269007.6825,2770811.264
Co,109,268981.7633,2773238.64
Co,110,269292.2761,2770832.662
Co,111,268888.8463,2771526.644
Co,112,271091.7774,2778042.309
Co,113,267056.4122,2770893.242
Co,114,265846.9871,2772909.295
Co,115,270665.655,2777744.9
Co,116,263372.0797,2774889.487
Co,117,271132.3293,2778118.988
Co,118,268647.7377,2773115.154
Co,119,265594.3821,2774702.283
Co,120,265292.5948,2772424.84
Co,121,268061.0619,2772310.284
Co,122,269157.8005,2774311.317
Co,123,267821.1134,2772647.908
Co,124,263116.1489,2776690.439
Co,125,267770.9059,2772005.772
Co,126,267919.0886,2773970.056
Co,127,269168.0376,2771684.885
Co,128,267772.8314,2772933.446
Co,129,269130.6393,2771932.819
Co,130,266453.0496,2772455.446
Co,131,268140.9221,2771344.023
Co,132,269172.2841,2771617.175
Co,133,268890.8199,2771142.765
Co,134,269441.294,2770944.917
Co,135,263656.4937,2773971.191
Co,136,269147.7527,2775809.462
Co,137,267825.4155,2772764.934
Co,138,262569.3787,2773945.264
Co,139,268607.9839,2772224.271
Co,140,268762.3437,2770970.139
Co,141,262788.093,2776334.267
Co,142,269408.6527,2771474.945
Co,143,267714.474,2772943.74
Co,144,268397.8368,2770596.909
Co,145,269335.5686,2771343.441
Co,146,269138.7991,2772233.036
Co,147,263694.0692,2773606.337
Co,148,268026.1623,2771344.493
Co,149,268761.5241,2770921.749
Co,150,268338.37,2771994.86
Co,151,266823.8786,2772386.538
Co,152,265572.427,2774724.221
Co,153,262835.945,2777136.675
Co,154,267228.3718,2773883.964
Co,155,266700.548,2772425.847
Co,156,267001.7992,2770897.767
Co,157,268702.4887,2770847.079
Co,158,266592.7478,2772742.636
Co,159,266889.4732,2773205.329
Co,160,269450.4335,2771486.076
Co,161,269421.6684,2772336.474
Co,162,269186.6614,2771055.327
Co,163,262232.9964,2775765.185
Co,164,267846.6321,2772789.726
Co,165,270755.9105,2778258.483
Co,166,269356.4313,2772441.147
Co,167,264313.1242,2772527.964
Co,168,263696.5364,2773615.383
Co,169,267636.5975,2775017.351
Co,170,264678.3556,2776373.775
Co,171,268391.9244,2772382.026
Co,172,269332.374,2770744.055
Co,173,266345.1324,2772585.174
Co,174,265492.7537,2772643.341
Co,175,267755.6538,2771652.62
Co,176,268283.8858,2771462.287
Co,177,262256.3222,2775733.917
Co,178,265923.7946,2772627.695
Co,179,267403.2922,2770908.042
Co,180,269142.5725,2771044.447
Co,181,269250.3179,2770674.422
Co,182,269084.6945,2771447.871
Co,183,264946.0227,2794263.618
Co,184,264462.05,2773748.202
Co,185,267891.423,2770758.751
Co,186,262751.3108,2776521.344
Co,187,269098.8013,2770961.274
Co,188,270568.9697,2779133.95
Co,189,271404.6156,2778379.678
Co,190,269096.8916,2771713.566
Co,191,270742.5893,2778198.891
Co,192,263273.6657,2772768.962
Co,193,264002.8934,2773739.441
Co,194,263990.4398,2773642.846
Co,195,268888.5341,2771007.739
Co,196,265338.7983,2772513.879
Co,197,264975.6034,2772578.47
Co,198,268728.0347,2771036.456
Co,199,269341.861,2771852.521
Co,200,265661.1712,2772269.697
Co,201,265966.778,2773337.385
Co,202,271085.4165,2778213.412
Co,203,265602.5726,2773610.816
Co,204,264961.9931,2772637.889
Co,205,266239.1458,2772647.654
Co,206,267401.0426,2770821.207
Co,207,268715.6052,2770802.892
Co,208,267463.0846,2772970.428
Co,209,268975.0668,2771523.917
Co,210,269136.3513,2774090.587
Co,211,267598.6244,2772698.62
Co,212,269271.425,2770738.321
Co,213,269136.3835,2774092.489
Co,214,271008.0876,2778009.898
Co,215,271031.6545,2778175.213
Co,216,272269.7039,2779977.266
Co,217,264591.2247,2773156.022
Co,218,268879.7128,2772397.217
Co,219,269103.5589,2772244.2
Co,220,264983.6579,2772643.646
Co,221,267069.5177,2770893.864
Co,222,268299.6505,2772300.101
Co,223,268806.1986,2770876.182
Co,224,265025.6714,2778473.721
Co,225,271168.3896,2778157.484
Co,226,269252.6324,2771403.814
Co,227,267407.8896,2771539.54
Co,228,268903.6475,2771218.007
Co,229,268898.455,2771184.276
Co,230,267815.2367,2772800.406
Co,231,266221.439,2772603.146
Co,232,262632.4497,2776902.841
Co,233,268698.5026,2772611.657
Co,234,267090.3668,2772882.726
Co,235,268586.6831,2773057.218
Co,236,265402.6761,2773720.151
Co,237,267668.6146,2772285.889
Co,238,268032.1154,2772600.988
Co,239,264528.0876,2773558.514
Co,240,264552.1888,2773527.026
Co,241,263600.9148,2773919.31
Co,242,268978.3173,2772489.394
Co,243,263233.6748,2772772.404
Co,244,266449.3747,2774084.983
Co,245,265479.7858,2773143.464
Co,246,268091.1584,2774352.035
Co,247,269551.98,2771524.31
Co,248,269981.8784,2776643.578
Co,249,264671.2899,2773511.231
Co,250,270496.911,2777736.541
Co,251,262942.8913,2775406.367
Co,252,267784.3661,2772932.404
Co,253,271548.6057,2777418.078
Co,254,267919.735,2771970.901
Co,255,270178.102,2776317.506
Co,256,269395.1713,2775505.762
Co,257,268595.034,2773050.101
Co,258,265647.2152,2772398.875
Co,259,268772.3419,2770832.791
Co,260,269301.8188,2771442.932
Co,261,267570.3464,2772485.406
Co,262,269855.6011,2776050.708
Co,263,269438.0861,2770983.018
Co,264,268107.7462,2771703.492
Co,265,271292.3883,2777610.707
Co,266,265807.1554,2772966.838
Co,267,269289.6273,2771222.892
Co,268,267683.9531,2774859.072
Co,269,265264.7991,2772644.724
Co,270,267703.9792,2772463.05
Co,271,269510.1934,2775705.04
Co,272,264973.2241,2772663.906
Co,273,268073.6571,2774319.147
Co,274,264580.3985,2773555.075
Co,275,264385.8054,2774728.614
Co,276,271309.2665,2778294.619
Co,277,269232.9723,2771516.595
Co,278,269229.4552,2770807.302
Co,279,269342.2109,2771371.863
Co,280,269170.0828,2771487.01
Co,281,270925.1346,2777792.528
Co,282,264648.137,2773553.06
Co,283,269885.4492,2775994.402
Co,284,263944.4395,2774722.51
Co,285,265047.3571,2774552.746
Co,286,268617.0438,2773076.36
Co,287,263388.6257,2776817.815
Co,288,267705.3536,2772453.303
Co,289,267160.8685,2772907.098
Co,290,267825.9809,2771847.576
Co,291,269111.1301,2771325.887
Co,292,269128.9957,2771926.717
Co,293,269538.8696,2771614.574
Co,294,268503.9933,2771360.689
Co,295,262335.5776,2776613.354
Co,296,269501.5943,2771550.948
Co,297,268109.8768,2773913.122
Co,298,268970.3301,2772336.076
Co,299,271265.431,2777518.37
Co,300,268548.191,2770923.673
Co,301,266460.8976,2774083.306
Co,302,264705.911,2773509.154
Co,303,267630.3464,2772481.002
Co,304,269156.6208,2772193.842
Co,305,271236.7494,2778193.959
Co,306,265041.0598,2774544.822
Co,307,267087.2108,2771840.506
Co,308,269129.521,2771046.993
Co,309,267740.3392,2774010.301
Co,310,267905.9787,2772837.543
Co,311,266530.9133,2772864.81
Co,312,271007.2628,2778052.396
Co,313,266311.8446,2772979.955
Co,314,268999.5841,2772608.247
Co,315,264629.59,2773504.764
Co,316,267775.6077,2771784.176
Co,317,265647.5995,2772779.976
Co,318,269028.3018,2775031.109
Co,319,269059.3966,2770954.12
Co,320,268345.4327,2771866.438
Co,321,265422.3405,2775489.443
Co,322,265690.8111,2772829.541
Co,323,269220.034,2771480.247
Co,324,271108.0786,2779377.667
Co,325,269139.1027,2774253.084
Co,326,268898.455,2771184.276
Co,327,268944.5464,2774496.495
Co,328,270932.7294,2779067.159
Co,329,267936.6291,2773688.423
Co,330,262988.947,2776371.778
Co,331,263056.574,2776231.303
Co,332,267824.6773,2774033.595
Co,333,265622.2179,2776589.17
Co,334,268871.6652,2773058.727
Co,335,265832.2789,2773218.999
Co,336,269578.1721,2771250.781
Co,337,269368.7117,2771618.294
Co,338,269284.9817,2771768.301
Co,339,270972.5715,2779238.965
Co,340,267614.4176,2770549.979
Co,341,269255.1664,2774968.083
Co,342,263814.8506,2774710.17
Co,343,264821.8302,2773085.461
Co,344,269503.58,2775723.752
Co,345,265653.472,2772807.988
Co,346,268760.7541,2770921.762
Co,347,271120.005,2778255.95
Co,348,265656.7462,2772998.591
Co,349,270753.7493,2777581.508
Co,350,265493.3602,2772633.819
Co,351,262921.4307,2776562.772
Co,352,266109.8959,2772431.309
Co,353,268809.2645,2770875.285
Co,354,269319.5189,2771806.609
Co,355,265047.5341,2774607.7
Co,356,269253.3127,2770806.054
Co,357,265650.6503,2772778.232
Co,358,267691.221,2772935.047
Co,359,269051.4876,2771670.37
Co,360,267798.5789,2772726.71
Co,361,263820.7485,2774739.449
Co,362,269372.6732,2770895.348
Co,363,269031.7222,2770820.791
Co,364,264416.2521,2774396.015
Co,365,268818.634,2770882.736
Co,366,265192.6825,2772437.339
Co,367,262744.1737,2776465.241
Co,368,263173.9722,2774301.914
Co,369,264325.9951,2774030.626
Co,370,267923.9813,2773986.037
Co,371,263072.6548,2776226.162
Co,372,265340.7998,2772540.689
Co,373,266636.8713,2772440.464
Co,374,267177.6131,2773888.001
Co,375,265353.6386,2775792.681
Co,376,268866.0152,2771270.006
Co,377,268407.8568,2771505.416
Co,378,268901.7487,2771424.335
Co,379,263040.2507,2776222.498
Co,380,268894.663,2771142.277
Co,381,267505.0647,2772496.241
Co,382,267980.6678,2771885.317
Co,383,267261.4488,2771714.727
Co,384,265472.1208,2774041.303
Co,385,268888.2623,2770991.68
Co,386,267551.4163,2772730.496
Co,387,265619.0258,2772551.337
Co,388,266378.4567,2772507.241
Co,389,267745.4916,2771734.382
Co,390,264596.8838,2777406.912
Co,391,267404.0694,2770908.452
Co,392,267264.2358,2773413.261
Co,393,267132.6661,2773781.391
Co,394,269392.6998,2771898.374
Co,395,269522.7337,2775763.588
Co,396,263594.8444,2773613.552
Co,397,265553.2399,2776384.055
Co,398,269027.5184,2774439.499
Co,399,267060.5747,2770866.326
Co,400,271071.8495,2779054.461
Co,401,268470.1567,2772998.109
Co,402,267819.048,2772662.316
Co,403,266063.8327,2772844.276
Co,404,265314.1456,2772603.08
Co,405,269300.7767,2771745.84
Co,406,269447.3534,2771486.128
Co,407,270785.1163,2778301.322
Co,408,269877.2117,2776327.235
Co,409,265768.5048,2773003.435
Co,410,263405.1875,2772802.826
Co,411,269124.899,2771092.515
Co,412,264695.8586,2777431.412
Co,413,266915.9477,2773177.187
Co,414,265301.3922,2772175.055
Co,415,267712.9018,2772941.864
Co,416,266562.6176,2772512.121
Co,417,268420.8145,2771270.365
Co,418,269106.3833,2771364.014
Co,419,269372.6732,2770895.348
Co,420,263503.1547,2775475.688
Co,421,266812.0302,2773855.989
Co,422,262652.2353,2772864.733
Co,423,267787.5898,2772940.804
Co,424,267818.5881,2771186.535
Co,425,267772.9749,2771991.575
Co,426,264552.1888,2773527.026
Co,427,266585.8616,2772745.29
Co,428,267123.1921,2771511.632
Co,429,267507.2594,2772489.44
Co,430,267555.019,2772489.894
Co,431,269356.2105,2771379.87
Co,432,269494.4086,2771399.095
Co,433,264541.9024,2773555.739
Co,434,269410.9923,2771522.252
Co,435,271446.2605,2777329.331
Co,436,263347.301,2774038.698
Co,437,267074.6128,2772907.303
Co,438,267975.9287,2771515.922
Co,439,268812.7005,2771533.007
Co,440,268447.776,2772904.641
Co,441,268990.809,2774409.05
Co,442,268300.2533,2772335.601
Co,443,262372.0298,2776672.539
Co,444,271197.7788,2778211.312
Co,445,264602.4133,2773447.316
Co,446,265939.2007,2773256.268
Co,447,269388.2108,2770766.362
Co,448,264628.382,2773524.02
Co,449,265039.8957,2794222.67
Co,450,267136.6395,2772886.375
Co,451,268525.5527,2772994.844
Co,452,268284.9836,2772252.792
Co,453,263918.6006,2773986.309
Co,454,265180.0418,2776844.941
Co,455,268941.3629,2774399.531
Co,456,267582.6134,2770627.459
Co,457,268499.2471,2774076.659
Co,458,268885.2312,2771404.112
Co,459,269469.8262,2771995.78
Co,460,270847.1312,2779241.077
Co,461,265368.0397,2776092.375
Co,462,271278.3662,2778196.641
Co,463,262464.0436,2776253.036
Co,464,267638.7949,2772615.29
Co,465,268529.725,2773013.796
Co,466,263311.6374,2774158.112
Co,467,263130.4778,2774325.076
Co,468,267149.0081,2771083.376
Co,469,262822.2375,2773915.498
Co,470,265796.4418,2773912.709
Co,471,269349.3046,2770743.135
Co,472,265031.0289,2774230.891
Co,473,267770.5802,2771850.843
Co,474,268582.6693,2773093.007
Co,475,263064.8133,2776527.936
Co,476,267919.3408,2771902.424
Co,477,267946.4093,2772769.428
Co,478,269133.7286,2774208.576
Co,479,262425.7504,2776309.085
Co,480,266473.0119,2772541.767
Co,481,271001.918,2778055.023
Co,482,264548.7113,2773548.646
Co,483,269170.3711,2775008.2
Co,484,267923.7545,2772297.823
Co,485,262812.1195,2776254.793
Co,486,269325.3404,2771695.331
Co,487,268856.6564,2770899.213
Co,488,266971.584,2773999.32
Co,489,267891.2689,2771701.042
Co,490,263028.6486,2776440.843
Co,491,269551.292,2771529.183
Co,492,265509.0193,2774709.035
Co,493,269533.6328,2771030.653
Co,494,271073.3238,2778043.676
Co,495,267146.977,2772905.433
Co,496,268961.7278,2771145.37
Co,497,267668.7144,2771613.094
Co,498,264232.0905,2772563.184
Co,499,263235.2651,2774239.338
Co,500,268883.8109,2771138.234
Co,501,265466.5038,2774744.432
Co,502,267268.0782,2773412.773
Co,503,271323.8371,2777512.105
Co,504,269347.3655,2771494.581
Co,505,269505.3119,2771269.343
Co,506,262945.6803,2775389.619
Co,507,269119.8737,2771933.847
Co,508,269025.7739,2775018.259
Co,509,267804.2036,2771699.353
Co,510,263281.4941,2774151.871
Co,511,269105.8532,2771469.284
Co,512,267934.0749,2773674.093
Co,513,262766.0341,2773916.476
Co,514,270862.8287,2779258.99
Co,515,270959.4367,2778000.993
Co,516,268901.7451,2771424.123
Co,517,267122.1511,2772894.866
Co,518,269351.2941,2771362.41
Co,519,269365.0438,2771355.625
Co,520,265469.7023,2774706.541
Co,521,270501.0158,2777751.69
Co,522,262698.3002,2776528.186
Co,523,269359.5774,2771442.378
Cr,1,271702.0048,2779127.787
Cr,2,265563.7624,2775205.458
Cr,3,263125.0125,2776447.411
Cr,4,263510.0408,2773164.366
Cr,5,271671.1544,2779124.288
Cr,6,265536.6974,2776630.803
Cr,7,271924.4182,2778848.858
Cr,8,262606.8161,2776889.971
Cr,9,264459.3789,2774306.915
Cr,10,268490.9874,2774996.049
Cr,11,269851.0533,2777239.734
Cr,12,269135.9143,2771834.866
Cr,13,263040.6356,2772788.65
Cr,14,269965.2671,2776571.781
Cr,15,267396.6516,2774990.372
Cr,16,267224.5867,2771766.296
Cr,17,263381.2116,2772885.891
Cr,18,265879.3093,2772818.061
Cr,19,268310.6355,2770769.175
Cr,20,265186.3692,2772562.792
Cr,21,268759.63,2772537.487
Cr,22,267213.5146,2773825.668
Cr,23,264943.8627,2774579.895
Cr,24,265082.3229,2774526.144
Cr,25,268543.2281,2771221.576
Cr,26,265321.9678,2772520.51
Cr,27,269567.2434,2775800.248
Cr,28,264495.2225,2773171.63
Cr,29,263327.8144,2776641.525
Cr,30,267325.1673,2771611.971
Cr,31,266646.2258,2772672.179
Cr,32,269261.3329,2774922.957
Cr,33,265509.8202,2772874.502
Cr,34,270418.9901,2777726.863
Cr,35,267684.8143,2775858.211
Cr,36,267155.9725,2774154.065
Cr,37,264541.1787,2772710.671
Cr,38,263337.3111,2774528
Cr,39,264945.5784,2774545.411
Cr,40,263946.8625,2774729.021
Cr,41,265598.6649,2772576.629
Cr,42,263125.9422,2776500.873
Cr,43,267670.8567,2771060.112
Cr,44,271062.6293,2779238.506
Cr,45,269349.6702,2773043.45
Cr,46,271397.6885,2777921.339
Cr,47,269503.8162,2770815.773
Cr,48,268526.2303,2774577.36
Cr,49,263631.2048,2774467.098
Cr,50,265517.5423,2773234.129
Cr,51,270921.679,2779279.559
Cr,52,267756.9459,2775030.307
Cr,53,267852.656,2775043.473
Cr,54,263642.8929,2773719.676
Cr,55,263293.6153,2772764.6
Cr,56,271087.6593,2778255.225
Cr,57,265709.9615,2772016.057
Cr,58,266103.0887,2777195.793
Cr,59,262516.4456,2774001.355
Cr,60,265293.748,2774729.439
Cr,61,268634.9949,2772727.084
Cr,62,265502.7492,2773000.814
Cr,63,269290.5075,2774735.825
Cr,64,262765.7228,2776508.833
Cr,65,268005.7675,2771232.179
Cr,66,271024.0302,2777355.659
Cr,67,265989.0155,2777143.852
Cr,68,267556.1575,2772647.135
Cr,69,269292.8277,2774736.419
Cr,70,266378.6311,2772562.406
Cr,71,267428.6031,2770856.459
Cr,72,264588.009,2778630.093
Cr,73,263518.3605,2772311.315
Cr,74,262799.2561,2776577.37
Cr,75,270680.7839,2777774.659
Cr,76,265066.0535,2772687.461
Cr,77,269630.7792,2770944.889
Cr,78,268262.1937,2771500.279
Cr,79,269189.0719,2773110.422
Cr,80,262913.9909,2775427.162
Cr,81,268424.7532,2776264.13
Cr,82,264929.5872,2774511.232
Cr,83,269426.0356,2772822.758
Cr,84,267812.2261,2774025.986
Cr,85,264344.0344,2774004.949
Cr,86,262802.9857,2773738.486
Cr,87,262391.806,2776261.271
Cr,88,265486.6386,2773049.285
Cr,89,272318.0166,2780242.356
Cr,90,262687.4908,2776482.293
Cr,91,265089.0925,2774695.55
Cr,92,263391.1068,2775541.892
Cr,93,262243.5746,2775753.586
Cr,94,267559.3149,2771882.975
Cr,95,265665.8106,2773077.912
Cr,96,269084.54,2773850.504
Cr,97,263281.2274,2776796.429
Cr,98,269409.7016,2772995.511
Cr,99,264874.9477,2778349.92
Cr,100,267377.2898,2774036.147
Cr,101,265474.5375,2777402.971
Cr,102,267383.6277,2775039.421
Cr,103,271445.2257,2778872.538
Cr,104,265496.6625,2772153.731
Cr,105,268610.9544,2772717.346
Cr,106,270947.9276,2779101.145
Cr,107,266373.5757,2772671.984
Cr,108,263090.843,2776297.926
Cr,109,265438.7637,2774743.43
Cr,110,267837.2133,2771511.728
Cr,111,262739.2743,2776537.618
Cr,112,262716.2873,2776632.505
Cr,113,270248.8006,2777176.583
Cr,114,268338.7419,2771835.269
Cr,115,268500.1516,2772042.42
Cr,116,267348.1928,2772510.752
Cr,117,267316.0675,2772930.238
Cr,118,262701.8848,2776424.547
Cr,119,265734.9715,2773337.982
Cr,120,264207.5852,2772482.228
Cr,121,267557.255,2772666.351
Cr,122,263094.6943,2776519.384
Cr,123,262739.2743,2776537.618
Cr,124,266830.7823,2773871.733
Cr,125,263950.2572,2776258.699
Cr,126,263244.9232,2776435.391
Cr,127,266436.0808,2772723.968
Cr,128,268324.6961,2773820.061
Cr,129,268091.4788,2771607.384
Cr,130,263211.414,2776368.121
Cr,131,266696.4661,2773223.002
Cr,132,267104.1991,2773873.19
Cr,133,272479.1373,2780533.247
Cr,134,270484.6918,2777331.342
Cr,135,269190.5163,2771283.328
Cr,136,263364.1184,2772877.309
Cr,137,266204.1157,2772311.325
Cr,138,264606.7664,2776285.811
Cr,139,270845.7549,2779113.645
Cr,140,262513.3018,2776914.219
Cr,141,266910.3247,2773298.822
Cr,142,268873.0283,2775773.748
Cr,143,263299.2665,2774377.103
Cr,144,268347.0935,2771828.152
Cr,145,270317.5086,2778100.372
Cr,146,264025.614,2775274.49
Cr,147,262699.643,2773022.02
Cr,148,265495.7319,2774697.638
Cr,149,264543.4421,2776141.478
Cr,150,265552.9803,2774668.118
Cr,151,266817.8886,2774018.435
Cr,152,265631.7229,2775351.195
Cr,153,262752.1746,2776659.36
Cr,154,265615.8872,2773175.579
Cr,155,262759.3948,2776543.398
Cr,156,268814.7592,2772518.375
Cr,157,262796.6474,2776648.65
Cr,158,266201.4762,2772292.135
Cr,159,269255.874,2776783.102
Cr,160,265272.5819,2776361.832
Cr,161,264005.8521,2773821.404
Cr,162,269818.0407,2776926.409
Cr,163,268710.489,2772637.24
Cr,164,266088.5513,2776707.979
Cr,165,262654.4314,2776485.195
Cr,166,269146.5329,2774873.75
Cr,167,269273.4374,2771176.453
Cr,168,262780.3728,2776598.414
Cr,169,263259.7263,2774938.364
Cr,170,270952.1227,2779441.8
Cr,171,268734.9527,2771763.025
Cr,172,265685.577,2772883.531
Cr,173,263656.2863,2773692.599
Cr,174,268214.1402,2771482.706
Cr,175,264319.9769,2773949.773
Cr,176,265343.3499,2772196.317
Cr,177,268744.886,2772349.195
Cr,178,268218.8594,2774298.923
Cr,179,264588.5289,2774382.894
Cr,180,268182.4104,2771111.023
Cr,181,271489.8261,2778823.809
Cr,182,262518.1123,2778117.098
Cr,183,270660.9471,2778242.328
Cr,184,263306.4141,2774256.493
Cr,185,270659.2667,2778416.735
Cr,186,268158.7129,2771484.493
Cr,187,265012.1993,2774657.56
Cr,188,262790.3311,2776639.671
Cr,189,270661.284,2779084.625
Cr,190,265330.9452,2776263.382
Cr,191,269889.9835,2777447.698
Cr,192,262067.0519,2775478.491
Cr,193,264014.6202,2773616.006
Cr,194,269650.4131,2775937.499
Cr,195,267082.1545,2770867.015
Cr,196,271127.0178,2778169.382
Cr,197,267794.4307,2771487.092
Cr,198,263095.4531,2776518.737
Cr,199,268583.5849,2770739.605
Cr,200,266385.6839,2772569.472
Cr,201,270333.6234,2777047.485
Cr,202,271257.1216,2777802.798
Cr,203,267693.7,2774753.22
Cr,204,265840.5993,2772581.987
Cr,205,263862.5257,2774617.183
Cr,206,270474.0638,2778847.033
Cr,207,264935.0502,2774470.766
Cr,208,266631.5567,2772670.105
Cr,209,269375.0695,2771812.222
Cr,210,270012.8938,2776565.27
Cr,211,263348.3131,2774540.703
Cr,212,266872.8614,2773359.915
Cr,213,267441.2461,2771191.689
Cr,214,265029.4551,2774854.476
Cr,215,268278.3027,2770724.913
Cr,216,264410.9506,2774401.18
Cr,217,265097.7419,2772917.525
Cr,218,268531.5356,2772757.374
Cr,219,268865.8837,2770852.767
Cr,220,268845.695,2770797.73
Cr,221,269229.13,2774248.812
Cr,222,265371.2259,2776322.085
Cr,223,267556.1575,2772647.135
Dg,1,268226.3134,2771700.633
Dg,2,268903.6475,2771218.007
Dg,3,264344.6789,2772526.574
Dg,4,269462.4426,2770737.631
Dg,5,263254.1569,2776966.637
Dg,6,267680.1677,2772421.604
Dg,7,268219.2643,2771330.855
Dg,8,269797.4709,2776073.672
Dg,9,268874.7012,2770873.12
Dg,10,269299.1615,2770738.698
Dg,11,270982.1688,2779397.541
Dg,12,271311.4653,2778058.908
Dg,13,269116.6283,2771514.335
Dg,14,266818.7931,2773846.15
Dg,15,268698.3792,2772150.028
Dg,16,269414.4936,2771547.135
Dg,17,264902.5283,2772494.545
Dg,18,267832.1347,2772571.415
Dg,19,269334.2489,2771447.668
Dg,20,267249.1403,2773431.274
Dg,21,268740.0505,2773154.383
Dg,22,263039.806,2776196.929
Dg,23,269503.2614,2771467.218
Dg,24,267822.8751,2772796.683
Dg,25,269129.113,2771523.847
Dg,26,268918.6713,2771422.991
Dg,27,269261.894,2771177.071
Dg,28,265536.3167,2774729.069
Dg,29,267163.4154,2774003.653
Dg,30,267168.0595,2772967.428
Dg,31,268278.7709,2771160.961
Dg,32,268025.2231,2772693.896
Dg,33,263576.6607,2774519.197
Dg,34,271327.8297,2777749.826
Dg,35,267804.3495,2772794.25
Dg,36,269122.2325,2771435.822
Dg,37,268912.3963,2771097.801
Dg,38,263118.3883,2776686.384
Dg,39,267192.1153,2772978.009
Dg,40,268872.7381,2770893.656
Dg,41,264601.1572,2773553.025
Dg,42,262959.4899,2772551.202
Dg,43,271701.9901,2777428.61
Dg,44,271488.7379,2778300.483
Dg,45,267905.0368,2772782.18
Dg,46,269515.4657,2771049.56
Dg,47,269417.4548,2771494.454
Dg,48,267772.6442,2775002.562
Dg,49,267674.8571,2772426.344
Dg,50,269026.5285,2770832.505
Dg,51,263841.5174,2774693.643
Dg,52,266835.9403,2773858.117
Dg,53,269358.0978,2770990.076
Dg,54,266240.9465,2772527.986
Dg,55,269393.2074,2771381.359
Dg,56,269201.2248,2770959.965
Dg,57,267109.1651,2772946.239
Dg,58,267184.9478,2772964.181
Dg,59,267991.5226,2771662.982
Dg,60,267618.5152,2772012.383
Dg,61,269836.509,2776242.319
Dg,62,267914.6746,2771718.611
Dg,63,268181.282,2771543.504
Dg,64,267821.7858,2772687.423
Dg,65,267120.0961,2773992.344
Dg,66,263590.8607,2773517.022
Dg,67,271697.9363,2777416.419
Dg,68,268879.9527,2771001.332
Dg,69,268683.4492,2770768.984
Dg,70,268799.9809,2770872.906
Dg,71,264020.261,2773808.472
Dg,72,268218.825,2771713.231
Dg,73,268898.455,2771184.276
Dg,74,267094.5232,2772900.622
Dg,75,269994.5718,2776300.946
Dg,76,268734.4486,2770778.477
Dg,77,268534.3197,2771014.163
Dg,78,268766.2565,2770609.9
Dg,79,268926.9914,2771413.973
Dg,80,271104.8403,2779368.21
Dg,81,269036.2568,2770815.642
Dg,82,268971.3817,2771670.246
Dg,83,267530.2624,2770719.662
Dg,84,268921.5111,2771272.237
Dg,85,266325.6907,2774192.577
Dg,86,264759.0507,2773151.858
Dg,87,268919.6389,2771070.623
Dg,88,269406.5609,2771351.119
Dg,89,268914.5905,2770999.9
Dg,90,268060.3579,2771815.69
Dg,91,271371.7603,2778898.502
Dg,92,267518.19,2772769.32
Dg,93,269456.4232,2771521.485
Dg,94,268265.3647,2772639.509
Dg,95,269333.4042,2770896.223
Dg,96,269067.5471,2773210.766
Dg,97,263571.642,2774496.244
Dg,98,267819.2702,2772765.884
Dg,99,269111.4752,2774440.614
Dg,100,268676.4757,2770766.565
Dg,101,267720.5834,2771538.02
Dg,102,267806.2408,2772995.866
Dg,103,269325.7738,2771401.944
Dg,104,268919.2339,2771410.723
Dg,105,269479.4309,2771515.601
Dg,106,271686.5896,2777428.446
Dg,107,269330.343,2771490.007
Dg,108,269134.8137,2771451.039
Dg,109,263034.6496,2776298.903
Dg,110,268367.0548,2771915.109
Dg,111,268692.4068,2770797.578
Dg,112,268898.4335,2771183.008
Dg,113,263110.3667,2776402.219
Dg,114,268327.9726,2771972.208
Dg,115,268898.455,2771184.276
Dg,116,269007.636,2770808.517
Dg,117,267837.7738,2772812.282
Dg,118,269021.8223,2770827.511
Dg,119,269179.5731,2775005.93
Dg,120,269817.3882,2776067.628
Dg,121,269388.8263,2772535.081
Dg,122,269340.3721,2771399.795
Dg,123,268731.1608,2770766.273
Dg,124,269038.8279,2770831.028
Dg,125,268823.8741,2770873.769
Dg,126,269259.4838,2770806.583
Dg,127,267851.6221,2772811.412
Dg,128,267707.4762,2772939.843
Dg,129,268686.8517,2770787.949
Dg,130,271684.4897,2777440.952
Dg,131,268903.6475,2771218.007
Dg,132,267784.6298,2772721.663
Dg,133,269526.995,2771048.097
Dg,134,268920.0039,2771410.709
Dg,135,268903.6475,2771218.007
Dg,136,267984.1515,2772588.487
Dg,137,267285.9921,2773018.259
Dg,138,269524.8683,2771195.879
Dg,139,265800.0844,2772958.716
Dg,140,265957.9764,2773273.278
Dg,141,267094.985,2772927.669
Dg,142,269440.8587,2771512.025
Dg,143,268886.2399,2771281.712
Dg,144,268954.1468,2771243.573
Dg,145,268720.971,2770755.877
Dg,146,268909.9745,2770681.657
Dg,147,263613.7635,2773771.969
Dg,148,269413.2101,2771379.964
Dg,149,268534.3197,2771014.163
Dg,150,267651.4668,2772590.555
Dg,151,267210.8159,2773487.096
Dg,152,262750.4242,2775762.93
Dg,153,268781.5282,2770874.909
Dg,154,269597.244,2771924.299
Dg,155,269508.9948,2771533.068
Dg,156,267051.7345,2772920.587
Dg,157,269169.3382,2771033.003
Dg,158,267819.0804,2772664.218
Dg,159,268889.9312,2770999.261
Dg,160,268360.1413,2774365.217
Dg,161,268920.0039,2771410.709
Dg,162,270087.8682,2776354.327
Dg,163,269391.0497,2771344.829
Dg,164,269346.5573,2771401.17
Dg,165,265574.5116,2774397.611
Dg,166,265045.7839,2773388.729
Dg,167,268608.9609,2770827.95
Dg,168,264430.7191,2774386.465
Dg,169,267862.5093,2772817.568
Dg,170,267596.2413,2772513.5
Dg,171,268984.5128,2770807.64
Dg,172,268920.0039,2771410.709
Dg,173,268920.0039,2771410.709
Dg,174,269942.3798,2776629.872
Dg,175,267191.5239,2772943.354
Dg,176,268920.0039,2771410.709
Dg,177,268794.6098,2771283.475
Dg,178,269381.2712,2771495.488
Dg,179,268823.8073,2771006.299
Dg,180,268404.0102,2771505.693
Dg,181,269359.2832,2770741.064
Dg,182,268903.6475,2771218.007
Dg,183,268501.0523,2774092.27
Dg,184,264743.4841,2773142.403
Dg,185,268888.7211,2770973.283
Dg,186,269328.742,2770620.255
Dg,187,268936.751,2771581.001
Dg,188,269394.4547,2771364.006
Dg,189,267957.781,2770992.033
Dg,190,268111.8401,2772669.596
Dg,191,268921.6226,2771597.321
Dg,192,269316.5051,2770716.634
Dg,193,268761.5241,2770921.749
Dg,194,267121.5707,2772951.1
Dg,195,268547.4686,2772062.121
Dg,196,269308.187,2771363.984
Dg,197,268049.9538,2772608.294
Dg,198,269387.8182,2770743.119
Dg,199,263145.1017,2773969.918
Dg,200,268903.6475,2771218.007
Dg,201,265689.3541,2772879.238
Dg,202,268882.777,2771259.154
Dg,203,268912.8421,2771351.647
Dg,204,269292.1526,2771144.432
Dg,205,267963.881,2772755.18
Dg,206,271329.0686,2777502.717
Dg,207,265650.7675,2776592.695
Dg,208,266633.6351,2772746.587
Dg,209,267059.3754,2772826.819
Dg,210,263130.7902,2774032.734
Dg,211,271326.8866,2777785.351
Dg,212,269431.4611,2775557.145
Dg,213,269476.3244,2775159.435
Dg,214,265698.1254,2776615.343
Dg,215,264836.1291,2773021.379
Dg,216,263343.8623,2774062.432
Dg,217,265709.9179,2772865.78
Dg,218,268559.4952,2773043.517
Dg,219,267433.0624,2773061.618
Dg,220,267861.7393,2772817.581
Dg,221,263288.6616,2774165.486
Dg,222,267776.2489,2771731.323
Dg,223,265368.6618,2774384.031
Dg,224,270975.7019,2779287.738
Dg,225,267909.0598,2772747.024
Dg,226,263611.4473,2773505.039
Dg,227,268745.7849,2772265.9
Dg,228,268748.9656,2773771.008
Dg,229,269204.2656,2773007.017
Dg,230,264086.1022,2773607.793
Dg,231,268640.4864,2773141.698
Dg,232,267701.788,2772470.062
Dg,233,263117.5492,2774245.822
Dg,234,263304.1879,2774172.615
Dg,235,263311.6374,2774158.112
Dg,236,268613.878,2773071.341
Dg,237,267885.5616,2772769.195
Dg,238,269297.2487,2771445.968
Di,1,267153.4533,2773781.037
Di,2,267881.795,2771868.609
Di,3,267195.6808,2771832.737
Di,4,267177.6072,2772940.21
Di,5,263362.0095,2775640.054
Di,6,263628.2925,2773588.241
Di,7,269450.3685,2770798.075
Di,8,263819.996,2775318.213
Di,9,267227.922,2773632.016
Di,10,264917.5675,2772473.359
Di,11,269569.5241,2770829.671
Di,12,270724.821,2778149.518
Di,13,270968.7328,2777912.908
Di,14,269512.3983,2770913.491
Di,15,265434.9399,2774744.975
Di,16,269512.3983,2770913.491
Di,17,269249.2108,2774252.277
Di,18,263695.7088,2775389.277
Di,19,264342.6722,2773926.129
Di,20,265856.4733,2774672.836
Di,21,269654.344,2775942.294
Di,22,267621.8862,2771124.568
Di,23,270306.1884,2776972.912
Di,24,271283.7819,2778381.497
Di,25,270651.7152,2777054.384
Di,26,267822.7549,2775005.935
Di,27,269096.109,2771029.803
Di,28,269295.3715,2771608.331
Di,29,268973.819,2775405.734
Di,30,271411.5779,2777969.086
Di,31,268315.52,2772327.521
Di,32,269129.521,2770955.893
Di,33,267403.364,2772494.17
Di,34,267802.8299,2773021.711
Di,35,269488.2936,2772085.933
Di,36,269519.4561,2771149.047
Di,37,263962.2282,2774682.463
Di,38,268659.4911,2772400.314
Di,39,268570.8449,2770896.868
Di,40,268549.8638,2772748.186
Di,41,269257.97,2770853.744
Di,42,269433.0079,2775557.542
Di,43,265541.782,2777015.63
Di,44,267427.1839,2773078.205
Di,45,267843.8946,2770908.153
Di,46,265074.8259,2772839.077
Di,47,268953.6305,2770985.501
Di,48,265844.837,2776505.23
Di,49,267785.9065,2771484.066
Di,50,266339.3942,2772699.836
Di,51,262291.841,2775518.747
Di,52,268069.2356,2774330.848
Di,53,268486.6288,2772062.518
Di,54,267412.5554,2772220.076
Di,55,269318.1646,2771817.623
Di,56,268031.5389,2774559.347
Di,57,267421.6677,2772122.056
Di,58,269519.4561,2771149.047
Di,59,265049.2495,2772606.16
Di,60,269201.0442,2774363.849
Di,61,269603.825,2771629.753
Di,62,265011.2356,2772947.974
Di,63,269647.9287,2775927.184
Di,64,268901.943,2771572.29
Di,65,265392.6071,2772014.956
Di,66,267372.4585,2770590.243
Di,67,268527.0416,2771856.804
Di,68,267516.7041,2772772.516
Di,69,267412.5554,2772220.076
Di,70,267286.1266,2770812.808
Di,71,268019.9569,2774829.042
Di,72,268956.9804,2771684.018
Di,73,268324.0816,2772287.427
Di,74,266901.0135,2772393.252
Di,75,267726.8291,2775025.325
Di,76,268970.837,2771683.572
Di,77,271204.7069,2778119.673
Di,78,269398.3266,2771821.129
Di,79,268703.9362,2774022.034
Di,80,266344.0838,2772568.916
Di,81,268641.1106,2772179.322
Di,82,269025.8914,2773297.71
Di,83,266922.5548,2772391.827
Di,84,268276.9222,2771278.937
Di,85,266426.4277,2773104.816
Di,86,269311.5554,2771472.147
Di,87,266263.8922,2772608.548
Di,88,268558.7854,2770867.058
Di,89,268723.4876,2775401.314
Di,90,263033.9555,2772803.139
Di,91,267050.5424,2772895.877
Di,92,263610.9989,2775433.444
Di,93,271517.5083,2777950.61
Di,94,268401.4411,2773804.384
Di,95,267425.6981,2773081.401
Di,96,265010.5676,2772953.904
Di,97,267308.2851,2772925.509
Di,98,268046.9959,2771663.942
Di,99,266218.744,2772535.764
Di,100,269133.3791,2771821.593
Di,101,269468.2306,2771901.325
Di,102,267727.4393,2772212.387
Di,103,263879.7469,2774677.762
Di,104,267187.9664,2771832.023
Di,105,263610.9989,2775433.444
Di,106,267679.0172,2772037.351
Di,107,268372.6872,2772020.064
Di,108,263970.2341,2774700.08
Di,109,266895.7742,2773168.443
Di,110,271422.1952,2777592.675
Di,111,267843.9462,2771862.277
Di,112,268943.7389,2772357.663
Di,113,267043.8138,2773764.52
Di,114,265963.2771,2773896.317
Di,115,265854.8341,2773904.731
Di,116,264674.7853,2773535.267
Di,117,269225.6843,2770720.917
Di,118,268931.4307,2771494.218
Di,119,267800.3215,2771923.894
Di,120,269479.6747,2771165.149
Di,121,269398.0446,2771804.436
Di,122,266977.562,2774258.995
Di,123,269629.5563,2770918.066
Di,124,263342.1061,2774049.992
Di,125,268123.4501,2771947.781
Di,126,267361.3828,2773193.891
Di,127,269468.2306,2771901.325
Di,128,266308.496,2772604.614
Di,129,268927.5869,2771722.139
Di,130,269228.195,2771507.375
Di,131,263604.6644,2775423.408
Dj,1,267203.944,2773806.385
Dj,2,269232.6543,2771497.788
Dj,3,263635.3687,2773774.342
Dj,4,265258.9184,2772392.445
Dj,5,267051.7116,2783042.624
Dj,6,268687.1038,2771075.618
Dj,7,264528.3139,2773527.015
Dj,8,263432.9587,2775513.052
Dj,9,269382.231,2775059.569
Dj,10,269030.6484,2770802.843
Dj,11,270412.5736,2777254.986
Dj,12,264076.4917,2774076.159
Dj,13,269092.6835,2770781.714
Dj,14,268569.2201,2772754.198
Dj,15,266100.1805,2772673.286
Dj,16,271286.4197,2777667.877
Dj,17,267854.8874,2770920.436
Dj,18,262667.3803,2776609.683
Dj,19,269126.0933,2772210.423
Dj,20,271776.9429,2777720.519
Dj,21,262681.8672,2776424.685
Dj,22,270887.3554,2779252.659
Dj,23,264155.7007,2774470.274
Dj,24,265547.0412,2772396.157
Dj,25,268645.2823,2770880.388
Dj,26,270546.195,2777645.878
Dj,27,269021.6758,2770818.848
Dj,28,265344.5425,2776069.317
Dj,29,268705.9786,2771098.549
Dj,30,268562.4662,2772764.67
Dj,31,269455.487,2771922.043
Dj,32,269049.2441,2770809.293
Dj,33,268467.6664,2770626.585
Dj,34,263209.1566,2776061.027
Dj,35,268469.1205,2770621.487
Dj,36,267593.9812,2772426.031
Dj,37,270546.954,2777645.231
Dj,38,268686.7923,2771057.234
Dj,39,268467.0755,2770637.163
Dj,40,268679.2152,2770837.328
Dj,41,269492.6764,2778582.076
Dj,42,262809.9246,2773251.772
Dj,43,268466.5595,2770606.735
Dj,44,267232.3736,2773576.984
Dj,45,263882.9082,2774637.968
Dj,46,266264.1616,2791955.555
Dj,47,271156.2635,2778535.19
Dj,48,266880.5785,2773135.517
Dj,49,267866.4783,2771330.298
Dj,50,271168.3896,2778157.484
Dj,51,267767.5037,2771579.496
Dj,52,268563.9164,2772759.361
Dj,53,264730.8206,2773211.953
Dj,54,269754.8807,2776059.384
Dj,55,270515.7507,2777621.027
Dj,56,265218.1965,2772398.218
Dj,57,265494.0195,2776611.668
Dj,58,267179.6916,2772972.091
Dj,59,269227.4143,2771506.754
Dj,60,265223.4409,2772389.673
Dj,61,264524.9823,2773557.088
Dj,62,268345.9324,2770942.745
Dj,63,267905.9612,2770979.597
Dj,64,266655.4158,2772443.951
Dj,65,269470.5701,2775547.606
Dj,66,267067.5656,2772855.426
Dj,67,267070.2521,2774004.821
Dj,68,267707.7583,2771644.346
Dj,69,269030.6484,2770802.843
Dj,70,268646.6673,2771143.941
Dj,71,266320.5776,2772455.6
Dj,72,267214.5093,2773703.478
Dj,73,268690.653,2771103.247
Dj,74,268696.0433,2771103.156
Dj,75,269228.1093,2771502.304
Dj,76,264741.249,2772476.821
Dj,77,267505.9476,2770784.544
Dj,78,265573.0333,2772743.421
Dj,79,263609.7535,2773718.348
Dj,80,265614.2897,2774740.411
Dj,81,267215.0195,2773688.25
Dj,82,269150.8942,2772082.971
Dj,83,268025.0528,2772593.287
Dj,84,269123.3956,2774416.95
Dj,85,262243.3268,2775695.25
Dj,86,263949.8425,2774856.641
Dj,87,271550.4923,2778677.37
Dj,88,268805.4822,2770879.365
Dj,89,271018.1458,2779065.299
Dj,90,271536.3806,2778662.177
Dj,91,266623.0405,2772487.414
Dj,92,271380.1471,2777518.557
Dj,93,266652.2491,2772438.933
Dj,94,270583.0076,2778277.038
Dj,95,263241.4877,2774065.478
Dj,96,269087.6635,2774444.187
Dj,97,268895.381,2771412.183
Dj,98,267408.9519,2773002.634
Dj,99,268454.196,2772057.573
Dj,100,263136.1,2776686.499
Dj,101,268761.5241,2770921.749
Dj,102,263605.3444,2773863.852
Dj,103,271431.5682,2778884.393
Dj,104,264361.9636,2773928.332
Dj,105,263241.4877,2774065.478
Dj,106,264342.5895,2774010.47
