A,862,232747.8125,2730101.717
A,863,218779.7646,2701975.192
A,864,213473.6848,2731342.643
A,866,213473.6848,2731342.643
A,867,213473.6848,2731342.643
A,870,214053.4127,2732020.121
A,871,213473.6848,2731342.643
A,872,213251.0245,2730057.498
A,875,219742.4372,2747642.374
A,876,219742.4372,2747642.374
A,884,249759.83,2695628.897
A,895,251319.9029,2695292.538
A,896,252301.1313,2695989.932
A,897,252301.1313,2695989.932
A,898,253287.2565,2704587.66
A,899,251971.7601,2696742.88
A,902,249550.4818,2696554.231
A,903,249550.4818,2696554.231
A,905,253419.7934,2700115.177
A,907,249630.0885,2695521.391
A,908,249630.0885,2695521.391
A,909,251300.19,2696039.154
A,910,249919.6899,2695289.616
A,912,250269.1255,2696072.913
A,915,274443.668,2712023.49
A,916,283169.7123,2695150.747
A,918,278002.443,2703043.679
A,919,275277.368,2698637.286
A,920,275277.368,2698637.286
A,921,277651.965,2702885.237
A,923,283169.7123,2695150.747
A,925,277651.965,2702885.237
A,926,277766.9536,2703086.849
A,927,277177.7475,2700374.895
A,928,278002.443,2703043.679
A,934,263306.585,2702148.326
A,935,282767.5956,2705795.612
A,976,273774.0164,2729326.606
A,977,273774.0164,2729326.606
A,978,292219.6392,2733478.317
A,979,292219.6392,2733478.317
A,980,292219.6392,2733478.317
A,981,289439.5824,2730907.732
A,982,289439.5824,2730907.732
A,983,274273.0855,2737156.876
A,984,295908.7359,2732090.265
A,985,284679.2067,2741914.597
A,986,295386.9959,2736996.36
A,987,308943.8379,2718677.845
A,988,289487.3214,2726427.11
A,989,274273.0855,2737156.876
A,990,289180.3384,2729682.101
A,991,291557.6914,2732801.899
A,992,291557.6914,2732801.899
A,993,289790.5962,2729798.604
A,994,289244.0724,2729678.696
A,995,291557.6914,2732801.899
A,996,288333.903,2730452.059
A,997,292219.6392,2733478.317
A,998,292219.6392,2733478.317
A,999,292219.6392,2733478.317
A,1000,289192.5985,2729922.788
A,1001,283617.7069,2709852.414
A,1002,283617.7069,2709852.414
A,1003,272661.3647,2734336.427
A,1004,272327.7563,2733734.443
A,1005,288852.2836,2730639.833
A,1006,288184.1093,2730328.921
A,1007,287260.4037,2727554.802
A,1332,234850.8641,2820909.095
A,1337,238876.5186,2827093.573
A,1338,234850.8641,2820909.095
A,1339,239673.237,2826480.413
A,1340,238870.5662,2826203.222
A,1341,238750.1416,2826417.304
A,1358,324774.3099,2813656.905
A,1359,318137.3899,2825616.854
A,1360,318137.3899,2825616.854
A,1361,318137.3899,2825616.854
A,1362,325050.527,2815623.187
A,1363,318137.3899,2825616.854
A,1364,324098.1649,2813039.026
A,1366,324098.1649,2813039.026
A,1368,325050.527,2815623.187
A,1369,325376.8735,2826906.818
A,1375,332460.4139,2824908.628
A,1376,332460.4139,2824908.628
A,1387,318137.3899,2825616.854
A,1388,318137.3899,2825616.854
A,1390,324740.1484,2825954.964
A,1397,318137.3899,2825616.854
A,1458,322308.9504,2770264.655
A,1459,302194.3872,2761853.927
A,1460,302554.27,2751060.141
A,1461,304617.9306,2752134.936
A,1462,304617.9306,2752134.936
A,1463,302194.3872,2761853.927
A,1464,302554.27,2751060.141
A,1465,316459.1604,2772546.905
A,1466,312981.4435,2756534.3
A,1467,312563.8315,2757774.701
A,1468,312563.8315,2757774.701
A,1469,304617.9306,2752134.936
A,1470,312987.6412,2754740.713
A,1471,303722.7234,2753118.759
A,1472,301034.8482,2765035.436
A,1473,328795.5636,2781417.757
A,1474,312333.6875,2756517.656
A,1475,312563.8315,2757774.701
A,1476,312261.4745,2756438.324
A,1477,304617.9306,2752134.936
A,1478,302366.9502,2755580.472
A,1479,304617.9306,2752134.936
A,1480,312324.7693,2757070.046
A,1481,312370.414,2756440.047
A,1482,312563.8315,2757774.701
A,1483,322308.9504,2770264.655
A,1484,311740.3434,2756940.118
A,1485,313242.2416,2742402.991
A,1486,312763.2333,2757432.421
A,1487,312713.688,2757110.932
A,1488,312713.688,2757110.932
A,1489,312713.4983,2757119.244
A,1490,313999.6894,2759718.943
A,1491,302194.3872,2761853.927
A,1492,302194.3872,2761853.927
A,1493,302194.3872,2761853.927
A,1494,302194.3872,2761853.927
A,1495,312312.7095,2757067.33
A,1496,312312.7095,2757067.33
A,1497,320293.9662,2751916.808
A,1498,320293.9662,2751916.808
A,1499,317402.7088,2763488.149
A,1500,314112.4111,2771326.013
A,1501,317402.7088,2763488.149
A,1502,312043.2851,2742903.27
A,1503,311268.6205,2755939.989
A,1504,311574.2215,2756746.859
A,1505,311382.8967,2757719.865
A,1506,314047.7282,2747012.664
A,1507,310796.1891,2750102.513
A,1508,307693.8126,2743424.914
A,1509,302194.3872,2761853.927
A,1510,298317.9247,2761988.436
A,1511,298141.4929,2761893.977
A,1512,312967.3852,2757678.984
A,1513,274762.8709,2769592.491
A,1514,273390.5324,2771519.784
A,1515,274762.8709,2769592.491
A,1516,274762.8709,2769592.491
A,1517,274762.8709,2769592.491
A,1518,274762.8709,2769592.491
A,1519,268409.3868,2772807.363
A,1520,267579.5002,2773884.097
A,1521,267832.5536,2771056.878
A,1522,268529.7106,2770404.926
A,1523,270940.8515,2774200.412
A,1524,267041.9386,2771006.154
A,1525,270587.6928,2771235.677
A,1526,270926.051,2769029.514
A,1527,272746.5427,2772599.497
A,1528,270857.4912,2773702.582
A,1529,268576.2814,2769941.693
A,1530,269813.0931,2770549.902
A,1531,267450.3253,2768354.718
A,1532,270799.8261,2769919.714
A,1533,272570.1401,2770348.564
A,1534,271843.8495,2770622.536
A,1535,267059.0107,2773709.198
A,1536,267889.9796,2771870.837
A,1537,267968.0186,2769690.48
A,1538,267968.0186,2769690.48
A,1539,267364.9178,2772161.369
A,1540,268349.8483,2769628.48
A,1541,267126.0267,2771295.399
A,1542,269360.6795,2772217.143
A,1543,269482.5997,2770009.147
A,1544,270720.3648,2769312.111
A,1545,268422.4448,2770807.353
A,1546,270059.4607,2768055.252
A,1547,268001.9628,2770119.548
A,1548,270135.2127,2771320.307
A,1549,267404.6842,2770839.614
A,1550,267262.6131,2773277.515
A,1551,274225.8784,2771524.862
A,1552,269218.9374,2768518.56
A,1553,271123.7548,2771740.203
A,1554,267359.4198,2769693.739
A,1555,268526.1295,2770551.046
A,1556,269747.7218,2768078.674
A,1557,270131.1601,2771337.441
A,1558,268461.7274,2770944.767
A,1559,268492.3871,2772133.329
A,1560,269697.3612,2770218.958
A,1561,272636.1902,2770331.617
A,1562,270427.3736,2770821.479
A,1563,268961.8376,2772546.039
A,1564,269059.6018,2770281.148
A,1565,270891.7773,2769075.08
A,1566,270252.0669,2772306.607
A,1567,268590.1303,2770705.328
A,1568,267757.7063,2770053.329
A,1569,267989.707,2770093.492
A,1570,270155.8005,2773423.383
A,1571,268868.2753,2767135.055
A,1572,267740.5392,2767653.067
A,1573,268461.7274,2770944.767
A,1574,269065.5746,2769667.005
A,1575,267757.7063,2770053.329
A,1576,269199.9871,2772009.528
A,1577,270720.3648,2769312.111
A,1578,267046.5248,2771428.741
A,1579,271475.6426,2773317.207
A,1580,268460.2675,2770596.711
A,1581,271485.6002,2772875.215
A,1582,267028.6725,2768084.851
A,1583,270639.5007,2769174.615
A,1584,269051.086,2773130.978
A,1585,268526.1295,2770551.046
A,1586,271134.9197,2769545.188
A,1587,267644.6282,2770202.087
A,1588,269553.7725,2769074.864
A,1589,273119.4797,2768798.659
A,1590,271590.0173,2771611.159
A,1591,268786.4638,2766071.038
A,1592,271585.5467,2773761.956
A,1593,267600.1235,2769621.821
A,1594,271111.6192,2769106.635
A,1595,272377.9126,2774554.338
A,1596,268786.4638,2766071.038
A,1597,273196.7862,2769428.908
A,1598,269057.7519,2771836.952
A,1599,270059.4607,2768055.252
A,1600,271762.9648,2767998.555
A,1601,269553.7725,2769074.864
A,1602,272749.9409,2771512.343
A,1603,267129.5697,2771793.029
A,1604,267374.0764,2770903.856
A,1605,271590.0173,2771611.159
A,1606,270582.2521,2769409.288
A,1607,271382.5234,2769751.924
A,1608,269439.5393,2770137.868
A,1609,270267.3709,2772322.196
A,1610,270217.0809,2771313.831
A,1611,269747.7218,2768078.674
A,1612,270891.7773,2769075.08
A,1613,267721.4994,2767685.528
A,1614,270395.8737,2770046.845
A,1615,267016.5201,2770019.297
A,1616,273390.136,2768095.151
A,1617,269199.9871,2772009.528
A,1618,270388.5689,2767159.975
A,1619,268222.5213,2770080.563
A,1620,269942.3635,2776004.272
A,1621,267895.7843,2771826.299
A,1622,272377.9126,2774554.338
A,1623,268849.8237,2769477.388
A,1624,270720.3648,2769312.111
A,1625,266806.6295,2770139.018
A,1626,266664.5423,2770043.037
A,1627,268566.0691,2772567.042
A,1628,268075.0474,2769958.063
A,1629,268100.7424,2773051.021
A,1630,269454.0404,2769322.007
A,1631,270885.3539,2768083.605
A,1632,269877.2235,2770467.149
A,1633,270168.4623,2770272.747
A,1634,267958.3941,2772302.31
A,1635,269162.0091,2771184.576
A,1636,267622.2443,2770085.222
A,1637,270059.4607,2768055.252
A,1638,269572.0281,2769384.955
A,1639,268222.5213,2770080.563
A,1640,270717.0205,2767379.198
A,1641,270599.5956,2773318.725
A,1642,270614.0676,2769848.807
A,1643,267711.3438,2767521.689
A,1644,271530.7109,2774151.951
A,1645,268367.6728,2770536.556
A,1646,270720.3648,2769312.111
A,1647,271413.5774,2773046.968
A,1648,270639.5007,2769174.615
A,1649,272377.9126,2774554.338
A,1650,268890.49,2772177.89
A,1651,272780.6295,2770917.863
A,1652,267636.6539,2768551.799
A,1653,267988.243,2769811.151
A,1654,270328.2211,2772458.807
A,1655,270220.7726,2770249.371
A,1656,269084.4213,2770632.353
A,1657,270438.3501,2770489.509
A,1658,269857.9466,2772018.585
A,1659,270306.4277,2770365.618
A,1660,270542.5102,2771298.494
A,1661,271676.3805,2770104.723
A,1662,267401.7976,2768357.317
A,1663,267738.8405,2772291.418
A,1664,268222.228,2769831.226
A,1665,268263.2222,2770081.202
A,1666,274151.0804,2770573.32
A,1667,269654.5936,2769574.834
A,1668,269278.0561,2774130.152
A,1669,269747.7218,2768078.674
A,1670,270123.8694,2772373.04
A,1671,268735.5471,2766112.015
A,1672,271112.6494,2771120.038
A,1673,269952.1145,2770148.064
A,1674,268526.1295,2770551.046
A,1675,269897.4255,2772910.887
A,1676,267754.9516,2770057.587
A,1677,270444.8368,2770917.375
A,1678,269278.0561,2774130.152
A,1679,266325.9766,2776906.171
A,1680,271720.3296,2769562.764
A,1681,268907.4084,2766056.14
A,1682,271055.6048,2774398.177
A,1683,269124.6609,2771268.543
A,1684,268577.4741,2770917.649
A,1685,270025.1549,2768104.921
A,1686,271205.6124,2771986.172
A,1687,271590.0173,2771611.159
A,1688,267712.9555,2774748.612
A,1689,268783.9131,2770564.298
A,1690,272381.2448,2774584.646
A,1691,271673.998,2767091.354
A,1692,270651.5831,2773937.097
A,1693,269907.6224,2772366.268
A,1694,268907.4084,2766056.14
A,1695,272374.4694,2770499.651
A,1696,270220.7726,2770249.371
A,1697,271078.595,2769268.98
A,1698,270720.3648,2769312.111
A,1699,271363.8155,2772432.771
A,1700,272648.9246,2771163.073
A,1701,271762.9648,2767998.555
A,1702,270638.6095,2772487.163
A,1703,268783.9131,2770564.298
A,1704,272697.6773,2773283.6
A,1705,267972.2933,2770078.827
A,1706,270145.8081,2770042.518
A,1707,268263.2222,2770081.202
A,1708,271731.1102,2770141.374
A,1709,269747.7218,2768078.674
A,1710,268457.9105,2770100.396
A,1711,270892.3024,2774590.86
A,1712,270992.0205,2774770.925
A,1713,267067.9286,2773858.985
A,1714,267262.6131,2773277.515
A,1715,269946.4615,2772969.347
A,1716,269342.1219,2771304.207
A,1717,269501.5623,2771341.741
A,1718,269747.7218,2768078.674
A,1719,271782.8297,2772268.619
A,1720,267201.3615,2767812.508
A,1721,269787.1505,2770598.102
A,1722,270587.4734,2770537.646
A,1723,269183.7378,2775045.668
A,1724,269704.8452,2773779.18
A,1725,266594.5821,2770870.726
A,1726,271782.8297,2772268.619
A,1727,270829.3859,2769569.259
A,1728,271451.7393,2767569.468
A,1729,271800.8418,2771419.91
A,1730,270574.1461,2768980.675
A,1731,268054.1764,2774764.301
A,1732,270901.8696,2774379.371
A,1733,267364.9178,2772161.369
A,1734,270759.2458,2771646.031
A,1735,268054.1764,2774764.301
A,1736,270272.949,2771214.153
A,1737,271731.6338,2771084.63
A,1738,271721.0941,2773791.379
A,1739,267413.2055,2771843.38
A,1740,267407.7991,2772041.507
A,1741,270720.3648,2769312.111
A,1742,269922.4314,2772394.388
A,1743,269704.8452,2773779.18
A,1744,270329.5901,2772234.268
A,1745,270734.9136,2766958.684
A,1746,267661.5938,2770125.112
A,1747,269642.3363,2770584.143
A,1748,268510.8235,2770535.569
A,1749,267916.4242,2770177.851
A,1750,272054.6324,2772029.811
A,1751,272547.5235,2767758.529
A,1752,271700.7985,2768164.043
A,1753,269433.6968,2769755.868
A,1754,271419.799,2773026.695
A,1755,270246.0025,2771964.395
A,1756,269079.2613,2770261.533
A,1757,267401.462,2771545.255
A,1758,271047.5061,2773164.256
A,1759,273697.3124,2773437.189
A,1760,271598.8245,2773186.596
A,1761,267777.5925,2771970.269
A,1762,271645.0226,2772424.737
A,1763,269740.159,2771613.096
A,1764,267285.8811,2769840.054
A,1765,271752.0723,2770453.192
A,1766,271645.0226,2772424.737
A,1767,271782.8297,2772268.619
A,1768,268535.5782,2770762.992
A,1769,268237.3056,2769987.889
A,1770,267721.4994,2767685.528
A,1771,268526.1295,2770551.046
A,1772,268054.1764,2774764.301
A,1773,270014.5565,2768111.194
A,1774,268786.4638,2766071.038
A,1775,268471.0784,2769102.033
A,1776,268135.2143,2768630.656
A,1777,269159.726,2770530.014
A,1778,270040.012,2770433.267
A,1779,268213.3641,2769987.187
A,1780,267630.1341,2769379.725
A,1781,270574.1461,2768980.675
A,1782,270646.2158,2775069.961
A,1783,269599.328,2774983.56
A,1784,271606.9168,2769277.425
A,1785,271585.5467,2773761.956
A,1786,267615.7287,2771671.818
A,1787,270720.3648,2769312.111
A,1788,270574.1461,2768980.675
A,1789,271239.6171,2771647.945
A,1790,267981.7074,2769872.212
A,1791,271111.6192,2769106.635
A,1792,271800.8418,2771419.91
A,1793,267752.6134,2771932.129
A,1794,267889.9796,2771870.837
A,1795,270574.1461,2768980.675
A,1796,268868.2734,2767134.944
A,1797,268938.7145,2774529.748
A,1798,267398.958,2768718.524
A,1799,267981.7074,2769872.212
A,1800,269497.2934,2775717.904
A,1801,269210.3878,2769817.708
A,1802,268151.8487,2768855.224
A,1803,269487.9076,2773772.096
A,1804,271047.5061,2773164.256
A,1805,267953.9269,2770227.969
A,1806,267590.2833,2770248.115
A,1807,270014.5565,2768111.194
A,1808,269501.5623,2771341.741
A,1809,269877.2235,2770467.149
A,1810,271877.9982,2772864.769
A,1811,270891.7773,2769075.08
A,1812,270388.5689,2767159.975
A,1813,274762.8709,2769592.491
A,1814,274762.8709,2769592.491
A,1815,274762.8709,2769592.491
A,1816,274762.8709,2769592.491
A,1817,274762.8709,2769592.491
A,1818,267832.5536,2771056.878
A,1819,269255.9802,2766722.584
A,1820,266531.4002,2772530.449
A,1821,266858.8789,2771011.163
A,1822,273227.4291,2768671.425
A,1823,267912.7015,2771538.769
A,1824,271585.5467,2773761.956
A,1825,271585.5467,2773761.956
A,1826,273616.1292,2768540.425
A,1827,266591.2942,2773240.225
A,1828,268497.7558,2769490.553
A,1829,268443.5816,2769374.225
A,1830,268678.9881,2774796.128
A,1831,268678.9881,2774796.128
A,1832,272650.6528,2767559.785
A,1833,271720.3296,2769562.764
A,1834,269332.0478,2772004.414
A,1835,273497.5775,2772253.013
A,1836,267197.4682,2770179.892
A,1837,267197.4682,2770179.892
A,1838,272354.0533,2772556.395
A,1839,270759.3046,2775270.854
A,1840,269950.1709,2774852.52
A,1841,270133.984,2773218.96
A,1842,271047.5061,2773164.256
A,1843,266726.7081,2769686.466
A,1844,268266.0547,2772644.72
A,1845,268554.2268,2772089.061
A,1846,268333.0882,2771865.967
A,1847,268333.0882,2771865.967
A,1848,266720.26,2771052.65
A,1849,266720.26,2771052.65
A,1850,272272.6046,2771444.168
A,1851,272187.6141,2771795.764
A,1852,270375.7169,2767320.763
A,1853,271703.8345,2771317.919
A,1854,268473.0536,2770314.683
A,1855,268473.0536,2770314.683
A,1856,271506.1917,2770644.029
A,1857,271506.1917,2770644.029
A,1858,270340.7305,2775167.416
A,1859,270340.7305,2775167.416
A,1860,270297.622,2767751.6
A,1861,268288.4687,2771646.085
A,1862,270349.0118,2766470.142
A,1863,272585.4984,2767783.163
A,1864,271703.8345,2771317.919
A,1865,272093.9396,2769788.241
A,1866,274561.1164,2771340.024
A,1867,274561.1164,2771340.024
A,1868,271985.1981,2767421.931
A,1869,269712.5565,2769042.045
A,1870,270442.0984,2766654.973
A,1871,270442.0984,2766654.973
A,1872,270382.2868,2769052.272
A,1873,268197.4769,2770716.753
A,1874,270390.0312,2767156.847
A,1875,266999.0665,2773249.211
A,1876,266999.0665,2773249.211
A,1877,266591.2942,2773240.225
A,1878,268255.2407,2770711.562
A,1879,269179.9831,2770253.07
A,1880,269964.1838,2773343.833
A,1881,268597.198,2769436.008
A,1882,268497.7558,2769490.553
A,1883,268497.7558,2769490.553
A,1884,269318.0103,2766765.753
A,1885,267949.8865,2774466.31
A,1886,267949.8865,2774466.31
A,1887,267949.8865,2774466.31
A,1888,267960.5864,2774442.634
A,1889,270456.9879,2774591.312
A,1890,272043.3059,2771732.459
A,1891,274225.8784,2771524.862
A,1892,274086.3831,2771599.31
A,1893,274294.4732,2771625.455
A,1894,271251.0218,2774813.784
A,1895,266697.9544,2772818.835
A,1896,267906.965,2771676.393
A,1897,273029.9532,2774089.013
A,1898,273029.9532,2774089.013
A,1899,272331.5532,2773621.488
A,1900,272202.2502,2770506.956
A,1901,272202.2502,2770506.956
A,1902,267845.8418,2767711.01
A,1903,270169.6335,2773747.07
A,1904,269938.7845,2770315.733
A,1905,271205.6124,2771986.172
A,1906,271091.8203,2775160.322
A,1907,271902.8698,2772420.313
A,1908,267414.3885,2769571.567
A,1909,268255.2617,2769850.059
A,1910,268267.1093,2769852.074
A,1911,268161.7393,2769878.353
A,1912,267574.8734,2766467.798
A,1913,268868.2734,2767134.944
A,1914,268868.2734,2767134.944
A,1915,267904.0802,2772041.036
A,1916,270954.2483,2771715.785
A,1917,271239.6171,2771647.945
A,1918,272971.7934,2771794.997
A,1919,267770.8239,2771732.677
A,1920,267770.8239,2771732.677
A,1921,271644.8082,2767078.987
A,1922,267847.5123,2768475.296
A,1923,269581.5584,2766499.672
A,1924,269581.5584,2766499.672
A,1925,271843.8495,2770622.536
A,1926,266692.572,2774062.108
A,1927,266984.9599,2773941.966
A,1928,269642.3363,2770584.143
A,1929,270871.0939,2770514.6
A,1930,272604.1107,2772454.264
A,1931,269509.8077,2769664.932
A,1932,270169.7861,2770669.339
A,1933,270489.3942,2773368.341
A,1934,267889.9796,2771870.837
A,1935,267934.1692,2771566.33
A,1936,269899.6845,2771620.046
A,1937,269590.9104,2775846.754
A,1938,269590.9104,2775846.754
A,1939,269590.9104,2775846.754
A,1940,268065.5886,2771000.251
A,1941,268065.5886,2771000.251
A,1942,268521.1858,2773318.932
A,1943,266345.7195,2773719.073
A,1944,266345.7195,2773719.073
A,1945,271877.6158,2768932.477
A,1946,267361.4514,2771578.961
A,1947,267361.4514,2771578.961
A,1948,267361.4514,2771578.961
A,1949,267124.2787,2770452.98
A,1950,267124.2787,2770452.98
A,1951,267124.2787,2770452.98
A,1952,267124.2787,2770452.98
A,1953,267289.5354,2770522.638
A,1954,267289.5354,2770522.638
A,1955,267508.2248,2771400.036
A,1956,267508.2248,2771400.036
A,1957,267324.228,2769773.574
A,1958,268620.5824,2768712.081
A,1959,268849.8237,2769477.388
A,1960,269489.9035,2770417.941
A,1961,269179.9831,2770253.07
A,1962,269452.0437,2768156.243
A,1963,267519.3256,2765160.088
A,1964,268868.2734,2767134.944
A,1965,268776.3405,2766744.758
A,1966,269009.1747,2770242.66
A,1967,266867.1142,2770174.778
A,1968,266867.1142,2770174.778
A,1969,266679.2682,2770042.121
A,1970,267954.1744,2771311.883
A,1971,267936.1258,2768936.348
A,1972,266701.447,2770246.98
A,1973,266949.8451,2772743.384
A,1974,269102.8788,2773328.244
A,1975,269120.1908,2773289.497
A,1976,268009.5546,2771368.567
A,1977,267374.0764,2770903.856
A,1978,267374.0764,2770903.856
A,1979,267223.9984,2770918.826
A,1980,266711.0645,2770443.52
A,1981,266711.0645,2770443.52
A,1982,267196.1913,2770762.38
A,1983,267582.6025,2770627.358
A,1984,271645.0226,2772424.737
A,1985,271645.0226,2772424.737
A,1986,272279.0133,2772348.538
A,1987,267366.7031,2771205.854
A,1988,269630.8827,2768635.614
A,1989,269242.3338,2770005.336
A,1990,269319.2976,2769994.949
A,1991,267815.5575,2772937.628
A,1992,268616.99,2769221.461
A,1993,269923.5306,2772357.799
A,1994,267390.0697,2771575.814
A,1995,267041.9386,2771006.154
A,1996,269380.5038,2769834.671
A,1997,267797.9318,2772773.916
A,1998,267824.5962,2772768.808
A,1999,267427.5919,2771615.291
A,2000,267124.2787,2770452.98
A,2001,266983.6982,2770308.874
A,2002,267508.2248,2771400.036
A,2003,268590.7885,2769385.472
A,2004,268000.8919,2773928.412
A,2005,268781.9762,2773459.016
A,2006,268781.9762,2773459.016
A,2007,267271.3641,2772796.408
A,2008,267271.3641,2772796.408
A,2009,267271.3641,2772796.408
A,2010,270890.0408,2767188.243
A,2011,266615.4867,2772718.956
A,2012,269278.5003,2771219.509
A,2013,269942.3635,2776004.272
A,2014,268592.5134,2772519.163
A,2015,272381.3556,2768325.343
A,2016,273305.2209,2768619.16
A,2017,270275.5503,2766594.05
A,2018,270423.6797,2770355.557
A,2019,270423.6797,2770355.557
A,2020,269747.7218,2768078.674
A,2021,266752.5669,2772405.43
A,2022,268099.9171,2773875.196
A,2023,269307.8337,2770200.931
A,2024,269693.8141,2772743.22
A,2025,269693.8141,2772743.22
A,2026,270198.2687,2773032.258
A,2027,269180.9015,2772224.062
A,2028,267847.5123,2768475.296
A,2029,272297.059,2770549.701
A,2030,267811.1925,2772580.311
A,2031,266484.6062,2773134.777
A,2032,266737.6053,2771671.836
A,2033,267359.1851,2769887.455
A,2034,266735.5212,2771094.944
A,2035,268868.2753,2767135.055
A,2036,267259.1203,2770858.828
A,2037,268037.8999,2774733.105
A,2038,268037.8999,2774733.105
A,2039,268037.8999,2774733.105
A,2040,267065.2546,2771195.147
A,2041,267065.2546,2771195.147
A,2042,267076.6374,2768896.449
A,2043,271289.2501,2772477.017
A,2044,271289.2501,2772477.017
A,2045,272410.8393,2773255.47
A,2046,270522.476,2770532.976
A,2047,271371.82,2771615.034
A,2048,271683.6039,2770452.231
A,2049,271683.6039,2770452.231
A,2050,270754.4208,2768832.369
A,2051,273671.6824,2768663.395
A,2052,272900.01,2768224.185
A,2053,270770.8166,2769929.841
A,2054,272423.5885,2770254.374
A,2055,273104.281,2770819.507
A,2056,272574.6828,2769402.57
A,2057,269907.6224,2772366.268
A,2058,269877.2235,2770467.149
A,2059,270553.9482,2772795.328
A,2060,271847.905,2767703.033
A,2061,271071.7523,2770288.493
A,2062,270019.8742,2770412.551
A,2063,271137.4121,2769229.874
A,2064,269720.8701,2769205.803
A,2065,269512.4103,2769280.574
A,2066,271226.9454,2768938.701
A,2067,270119.1217,2776168.291
A,2068,272202.2502,2770506.956
A,2069,272390.0644,2773286.846
A,2070,271732.8571,2773251.84
A,2071,270085.7844,2773982.419
A,2072,270085.7844,2773982.419
A,2073,270155.7005,2773255.718
A,2074,270839.391,2773412.324
A,2075,270738.8066,2772935.063
A,2076,270647.3398,2771078.313
A,2077,273541.6574,2772141.466
A,2078,270328.2211,2772458.807
A,2079,274089.9899,2771256.059
A,2080,274184.8951,2771464.038
A,2081,271262.7584,2774941.802
A,2082,276071.5714,2771838.42
A,2083,270831.6111,2771981.588
A,2084,270831.6111,2771981.588
A,2085,269689.1769,2771810.546
A,2086,269689.1769,2771810.546
A,2087,269689.1769,2771810.546
A,2088,269773.8717,2771882.035
A,2089,272874.9626,2772570.209
A,2090,269674.5402,2771667.063
A,2091,271838.1506,2772045.286
A,2092,271869.711,2772743.453
A,2093,271537.0805,2773122.249
A,2094,271537.0805,2773122.249
A,2095,269555.0815,2771031.435
A,2096,267646.2255,2771743.442
A,2097,268054.4633,2771076.351
A,2098,270603.9114,2769905.383
A,2099,267644.1828,2772749.937
A,2100,269196.5448,2772146.224
A,2101,268984.3666,2771813.593
A,2102,267068.4598,2771329.738
A,2103,267142.0286,2773835.888
A,2104,267510.8655,2771993.65
A,2105,267726.9791,2772086.826
A,2106,267066.817,2771600.276
A,2107,268314.4803,2771792.7
A,2108,268409.8061,2771514.479
A,2109,268461.7274,2770944.767
A,2110,268817.5344,2771506.348
A,2111,268544.0086,2771534.144
A,2112,268544.0086,2771534.144
A,2113,268137.5539,2770820.721
A,2114,267162.0543,2772276.867
A,2115,267685.8162,2771056.244
A,2116,267374.0764,2770903.856
A,2117,267080.3615,2770713.6
A,2118,267404.6842,2770839.614
A,2119,267404.6842,2770839.614
A,2120,267924.424,2773990.331
A,2121,266733.3524,2770944.377
A,2122,267919.0443,2768429.976
A,2123,267537.4853,2768527.664
A,2124,268405.0641,2770217.097
A,2125,268173.0382,2770056.247
A,2126,267796.3054,2769514.537
A,2127,268160.7591,2769796.807
A,2128,268868.2734,2767134.944
A,2129,268848.444,2766547.281
A,2130,268492.344,2769814.677
A,2131,266751.6045,2770464.327
A,2132,268506.1442,2769050.019
A,2133,268434.2371,2769055.227
A,2134,268474.0298,2768584.906
A,2135,267381.9809,2772670.736
A,2136,267721.2256,2771036.802
A,2137,267935.7874,2771275.514
A,2138,266299.9778,2774106.953
A,2139,266299.9778,2774106.953
A,2140,267570.7434,2770583.121
A,2141,271045.784,2771948.737
A,2142,271045.784,2771948.737
A,2143,271045.784,2771948.737
A,2144,268557.4921,2769738.549
A,2145,266635.5866,2770883.324
A,2146,270476.156,2769999.618
A,2147,268284.0535,2773876.499
A,2148,272460.1058,2768421.659
A,2149,271477.5656,2770912.24
A,2150,268730.808,2774947.292
A,2151,269389.7321,2771893.286
A,2152,274762.8709,2769592.491
A,2153,274762.8709,2769592.491
A,2154,266060.6849,2776809.493
A,2155,266060.6849,2776809.493
A,2156,266474.283,2774646.312
A,2157,266474.283,2774646.312
A,2158,269935.2434,2775271.096
A,2159,263693.218,2769992.831
A,2160,260892.3217,2765816.393
A,2161,265450.3671,2771846.607
A,2162,265566.8667,2776525.357
A,2163,264946.3701,2767332.787
A,2164,266300.8696,2771253.536
A,2165,266468.9,2769838.483
A,2166,266112.5938,2771307.516
A,2167,266081.4257,2766696.611
A,2168,264343.7867,2771221.795
A,2169,266468.9,2769838.483
A,2170,266627.5679,2769108.019
A,2171,267015.787,2766172.668
A,2172,265557.9879,2776156.031
A,2173,263185.0473,2774857.109
A,2174,266081.4257,2766696.611
A,2175,266191.1266,2768073.885
A,2176,262610.6478,2771453.964
A,2177,266253.1799,2771705.391
A,2178,266627.5679,2769108.019
A,2179,266253.1799,2771705.391
A,2180,266081.4257,2766696.611
A,2181,265566.8667,2776525.357
A,2182,265474.9598,2776316.267
A,2183,265934.0095,2773903.447
A,2184,266253.1799,2771705.391
A,2185,265557.9879,2776156.031
A,2186,263528.0534,2778880.904
A,2187,263499.9053,2771878.382
A,2188,266191.1266,2768073.885
A,2189,266330.7364,2771871.734
A,2190,265934.0095,2773903.447
A,2191,261315.4605,2769990.622
A,2192,266627.5679,2769108.019
A,2193,265608.4132,2770843.957
A,2194,266573.8314,2769745.263
A,2195,265143.4931,2764266.551
A,2196,263528.0534,2778880.904
A,2197,266112.5938,2771307.516
A,2198,265465.3304,2772658.446
A,2199,266360.735,2769878.344
A,2200,264070.9791,2778837.125
A,2201,263020.6034,2771363.724
A,2202,262960.8244,2773066.114
A,2203,266428.7046,2770068.235
A,2204,265663.1204,2770613.62
A,2205,266036.0388,2770292.496
A,2206,264763.3458,2768252.533
A,2207,264437.6356,2770815.345
A,2208,264351.9073,2774392.047
A,2209,265571.72,2770870.852
A,2210,266509.7762,2770622.942
A,2211,265566.8667,2776525.357
A,2212,265899.0009,2773892.744
A,2213,265920.1289,2770981.679
A,2214,266061.0898,2768140.607
A,2215,265383.4736,2772013.434
A,2216,261929.1825,2771143.225
A,2217,265766.5538,2765984.663
A,2218,263307.1448,2774785.28
A,2219,263541.0882,2766708.599
A,2220,266428.7046,2770068.235
A,2221,265320.0222,2772468.337
A,2222,264107.9817,2778812.103
A,2223,265744.7919,2773506.632
A,2224,265404.1409,2773743.55
A,2225,266146.9826,2771051.819
A,2226,265920.1289,2770981.679
A,2227,265920.1289,2770981.679
A,2228,266001.6919,2770845.301
A,2229,266001.6919,2770845.301
A,2230,265936.1626,2770886.32
A,2231,265942.0615,2770947.724
A,2232,265942.0615,2770947.724
A,2233,265442.9194,2770602.218
A,2234,259675.089,2767077.095
A,2235,266466.5813,2767197.138
A,2236,266105.3626,2773924.333
A,2237,263720.1981,2770927.702
A,2238,263700.9897,2770926.262
A,2239,266291.7788,2772391.15
A,2240,266291.7788,2772391.15
A,2241,264767.7926,2771073.185
A,2242,266425.3047,2771368.654
A,2243,265732.2278,2770775.229
A,2244,265732.2278,2770775.229
A,2245,265732.2278,2770775.229
A,2246,265535.7052,2771001.906
A,2247,265942.0615,2770947.724
A,2248,265492.4572,2770923.412
A,2249,265492.4572,2770923.412
A,2250,265492.4572,2770923.412
A,2251,265492.4572,2770923.412
A,2252,265492.4572,2770923.412
A,2253,265492.4572,2770923.412
A,2254,265382.0846,2770957.557
A,2255,263455.4013,2773009.211
A,2256,263525.7691,2772695.028
A,2257,265658.0915,2772525.916
A,2258,265658.0915,2772525.916
A,2259,261274.4444,2769775.676
A,2260,265171.2074,2771728.507
A,2261,265188.6941,2771811.876
A,2262,265188.6941,2771811.876
A,2263,265069.7931,2771373.519
A,2264,265354.2324,2769965.303
A,2265,265219.0549,2769896.147
A,2266,265514.5897,2770054.42
A,2267,266330.1175,2771269.437
A,2268,266166.3553,2771280.996
A,2269,265247.1081,2770611.789
A,2270,265247.1081,2770611.789
A,2271,266515.8904,2771169.402
A,2272,266146.9826,2771051.819
A,2273,263020.6034,2771363.724
A,2274,263020.6034,2771363.724
A,2275,266460.7564,2768954.503
A,2276,266278.0428,2768296.476
A,2277,265817.7989,2768840.723
A,2278,266010.7256,2768684.819
A,2279,265454.0555,2772589.82
A,2280,264844.2213,2772930.454
A,2281,262831.0562,2773539.479
A,2282,266319.1354,2773222.056
A,2283,266319.1354,2773222.056
A,2284,266319.1354,2773222.056
A,2285,266319.1354,2773222.056
A,2286,264300.2202,2769691.991
A,2287,262882.8536,2771355.809
A,2288,265289.9306,2774526.805
A,2289,266317.2628,2770984.406
A,2290,264839.0969,2775173.573
A,2291,263810.756,2770927.244
A,2292,263720.1981,2770927.702
A,2293,263720.1981,2770927.702
A,2294,264330.435,2770986.419
A,2295,264330.435,2770986.419
A,2296,261139.1992,2763591.209
A,2297,264299.9078,2769691.442
A,2298,260103.4172,2768210.956
A,2299,266008.5041,2773291.546
A,2300,266008.5041,2773291.546
A,2301,264103.8408,2770943.787
A,2302,264103.8408,2770943.787
A,2303,262606.7619,2772861.375
A,2304,264327.8917,2773995.386
A,2305,265705.1475,2776086.231
A,2306,266106.4663,2775482.897
A,2307,266558.0393,2769967.394
A,2308,266277.1288,2770072.933
A,2309,265928.2244,2770941.534
A,2310,262298.3324,2771990.908
A,2311,262610.6478,2771453.964
A,2312,262610.6478,2771453.964
A,2313,264166.9029,2771221.968
A,2314,265971.1941,2770892.036
A,2315,265264.4453,2771032.942
A,2316,265969.9819,2772999.641
A,2317,266509.7762,2770622.942
A,2318,266509.7762,2770622.942
A,2319,266509.7762,2770622.942
A,2320,264185.2325,2770944.597
A,2321,265197.2496,2774261.875
A,2322,265239.4816,2767864.233
A,2323,265678.1999,2771568.634
A,2324,264932.6367,2772484.204
A,2325,265884.3647,2767686.39
A,2326,266135.5929,2771471.358
A,2327,266009.3854,2771188.158
A,2328,266286.2813,2771433.425
A,2329,266286.2813,2771433.425
A,2330,266210.7449,2771296.748
A,2331,266146.8062,2771395.143
A,2332,266146.8062,2771395.143
A,2333,266317.2628,2770984.406
A,2334,266259.8533,2770166.761
A,2335,266573.8172,2769791.697
A,2336,266448.026,2770430.507
A,2337,263549.6446,2771812.357
A,2338,265610.8679,2771398.572
A,2339,266075.8796,2771492.218
A,2340,266317.2628,2770984.406
A,2341,265179.2834,2776844.993
A,2342,265842.2054,2775363.87
A,2343,266465.809,2771357.987
A,2344,265920.1289,2770981.679
A,2345,265920.1289,2770981.679
A,2346,265382.0846,2770957.557
A,2347,265418.1151,2771080.17
A,2348,265418.1151,2771080.17
A,2349,266061.0898,2768140.607
A,2350,264459.36,2771565.342
A,2351,264459.36,2771565.342
A,2352,265768.4913,2766781.978
A,2353,262541.5614,2772926.011
A,2354,264375.9126,2774256.651
A,2355,264375.9126,2774256.651
A,2356,262964.0199,2769214.527
A,2357,266368.5534,2769963.541
A,2358,265975.7815,2764115.437
A,2359,264967.6478,2771533.419
A,2360,266508.7077,2771251.199
A,2361,266504.9888,2770555.535
A,2362,261907.4321,2771627.017
A,2363,261907.4321,2771627.017
A,2364,257483.9362,2763828.34
A,2365,257483.9362,2763828.34
A,2366,257483.9362,2763828.34
A,2367,257483.9362,2763828.34
A,2368,265942.0615,2770947.724
A,2369,265171.2074,2771728.507
A,2370,266191.1266,2768073.885
A,2371,266191.1266,2768073.885
A,2372,263242.4794,2766214.846
A,2373,263024.2932,2764912.81
A,2374,265048.6311,2774892.351
A,2375,261987.3443,2773632.308
A,2376,264894.7827,2775125.069
A,2377,265945.0072,2773809.06
A,2378,266368.4392,2772699.913
A,2379,263547.8855,2774698.318
A,2380,264824.5681,2773312.905
A,2381,266051.0454,2773447.073
A,2382,265580.2377,2773411.826
A,2383,265424.365,2773956.865
A,2384,265344.6413,2774298.236
A,2385,265501.8916,2776274.356
A,2386,265591.014,2773968.295
A,2387,266134.1788,2774162.546
A,2388,261431.4797,2770198.717
A,2389,261431.4797,2770198.717
A,2390,261212.4604,2769678.348
A,2391,261063.534,2770227.536
A,2392,260982.0065,2770202.032
A,2393,261063.534,2770227.536
A,2394,265175.5888,2771578.269
A,2395,266277.3413,2771506.83
A,2396,263516.4952,2766658.933
A,2397,265838.9074,2767768.178
A,2398,265830.1735,2767682.774
A,2399,266061.0898,2768140.607
A,2400,265766.1454,2769509.079
A,2401,265078.5338,2766942.866
A,2402,260984.5208,2768516.023
A,2403,265333.6553,2771376.516
A,2404,265456.5178,2771869.663
A,2405,263786.9319,2770810.739
A,2406,263786.9319,2770810.739
A,2407,264638.5359,2770702.832
A,2408,264007.896,2770807.804
A,2409,262964.0199,2769214.527
A,2410,262964.0199,2769214.527
A,2411,261526.2882,2771452.917
A,2412,261526.2882,2771452.917
A,2413,261497.3183,2769852.019
A,2414,262811.0777,2770693.782
A,2415,261139.1992,2763591.209
A,2416,261139.1992,2763591.209
A,2417,264357.1182,2769624.627
A,2418,264246.053,2769660.123
A,2419,266517.2601,2769649.152
A,2420,263575.8296,2771645.448
A,2421,265971.9237,2770810.903
A,2422,264185.2325,2770944.597
A,2423,264185.2325,2770944.597
A,2424,266478.5831,2770581.918
A,2425,266478.5831,2770581.918
A,2426,261962.2399,2770832.897
A,2427,264778.1054,2767801.571
A,2428,265141.9469,2771213.138
A,2429,265141.9469,2771213.138
A,2430,265715.4358,2771696.99
A,2431,265718.0765,2769561.767
A,2432,265718.0765,2769561.767
A,2433,265949.8631,2771343.884
A,2434,266385.8783,2771353.814
A,2435,266209.8866,2771287.897
A,2436,263365.1924,2773703.971
A,2437,257483.9362,2763828.34
A,2438,264185.2325,2770944.597
A,2439,264185.2325,2770944.597
A,2440,265677.2623,2770508.097
A,2441,265677.2623,2770508.097
A,2442,265428.2442,2770547.281
A,2443,264218.5727,2769787.931
A,2444,264218.5727,2769787.931
A,2445,261075.1913,2763628.232
A,2446,262892.5675,2763699.155
A,2447,263353.7698,2774585.38
A,2448,263353.7698,2774585.38
A,2449,263598.4494,2773032.609
A,2450,326369.2468,2740537.655
A,2451,326467.9164,2738930.179
A,2452,327753.9759,2741778.395
A,2453,325167.7299,2738574.457
A,2454,325961.1341,2739091.077
A,2455,322143.2696,2722609.284
A,2456,325961.1341,2739091.077
A,2460,326358.1456,2740547.653
A,2461,325789.245,2738124.845
A,2464,323753.8134,2730863.79
A,2466,321658.0925,2733976.249
A,2467,323327.0676,2741717.761
A,2468,325191.0168,2741983.509
A,2469,325191.0168,2741983.509
A,2470,320033.9878,2729970.917
A,2471,320033.9878,2729970.917
A,2472,323753.8134,2730863.79
A,2473,326372.4685,2730204.023
A,2474,323753.8134,2730863.79
A,2475,322143.2696,2722609.284
A,2476,322286.1023,2722619.867
A,2477,324619.9618,2739013.416
A,2478,325205.5719,2739391.613
A,2479,325205.5719,2739391.613
A,2480,325191.0168,2741983.509
A,2484,257316.0961,2731144.699
A,2485,258938.481,2743881.272
A,2486,258938.481,2743881.272
A,2487,272013.5459,2735389.732
A,2488,255994.0512,2735509.186
A,2489,256550.327,2729607.765
A,2490,256460.6345,2730118.009
A,2491,256930.0436,2730425.847
A,2492,256550.327,2729607.765
A,2493,256460.6345,2730118.009
A,2494,256084.0708,2729533.383
A,2495,256895.7152,2730449.056
A,2496,257516.6965,2730907.634
A,2497,256550.327,2729607.765
A,2498,256699.9178,2729989.805
A,2499,256699.9178,2729989.805
A,2500,257848.5202,2743020.307
A,2501,256661.8634,2730389.873
A,2502,256550.327,2729607.765
A,2503,256550.327,2729607.765
A,2504,257826.9048,2727180.088
A,2505,256358.8516,2732401.954
A,2506,257826.9048,2727180.088
A,2507,256550.327,2729607.765
A,2508,256550.327,2729607.765
A,2509,256460.6345,2730118.009
A,2510,256550.327,2729607.765
A,2511,256830.4326,2731595.541
A,2512,257848.5202,2743020.307
A,2513,257848.5202,2743020.307
A,2514,269457.6843,2739215.677
A,2515,269600.397,2738318.154
A,2516,256460.6345,2730118.009
A,2517,268212.2454,2731474.236
A,2518,256460.6345,2730118.009
A,2519,256550.327,2729607.765
A,2520,257848.5202,2743020.307
A,2521,265166.6085,2727408.559
A,2522,256626.4404,2730125.298
A,2523,255994.0512,2735509.186
A,2524,255994.0512,2735509.186
A,2525,256091.195,2729241.242
A,2526,257848.5202,2743020.307
A,2527,256738.858,2729854.032
A,2528,246010.2063,2733621.954
A,2529,269212.71,2734048.573
A,2530,256550.327,2729607.765
A,2531,258303.0178,2729564.409
A,2532,256550.327,2729607.765
A,2533,256484.1922,2732193.624
A,2534,256905.3072,2730482.134
A,2535,258366.9841,2743074.839
A,2536,256319.4255,2731834.793
A,2537,247097.0772,2732339.957
A,2538,268212.2454,2731474.236
A,2539,257630.7596,2743537.347
A,2540,256550.327,2729607.765
A,2541,269212.71,2734048.573
A,2542,250537.3818,2734150.425
A,2543,256550.327,2729607.765
A,2544,256820.767,2730621.92
A,2545,265166.6085,2727408.559
A,2546,265710.9285,2722024.908
A,2547,266530.4365,2731761.623
A,2548,269547.7828,2734821.676
A,2549,256550.327,2729607.765
A,2550,256501.5783,2730547.058
A,2551,268630.7201,2737356.848
A,2552,258134.117,2743302.222
A,2553,251209.9379,2742897.466
A,2554,256065.1474,2745330.789
A,2555,255894.8066,2745148.503
A,2556,255803.2544,2744925.482
A,2557,255828.2145,2745106.903
A,2558,257848.5202,2743020.307
A,2559,257119.0278,2744405.441
A,2560,257119.0278,2744405.441
A,2561,251027.2762,2744360.476
A,2562,258938.481,2743881.272
A,2563,256365.4784,2729329.297
A,2564,248446.7679,2755477.713
A,2565,245100.9247,2758117.994
A,2566,257431.4182,2755531.772
A,2567,248292.892,2755053.094
A,2568,257431.4182,2755531.772
A,2569,246688.9,2758817.996
A,2570,247054.1915,2757629.327
A,2571,238019.0176,2750716.482
A,2572,244571.4461,2758132.048
A,2573,243025.0966,2759175.293
A,2574,245767.9756,2756919.914
A,2575,246276.691,2758864.625
A,2576,246074.3554,2758886.767
A,2577,244617.5374,2757844.126
A,2578,243025.0966,2759175.293
A,2579,226562.6331,2764063.164
A,2580,246142.7112,2759593.181
A,2581,228010.6501,2756125.915
A,2582,234168.906,2760564.094
A,2583,235701.6107,2760072.028
A,2584,244832.3761,2758020.682
A,2585,244571.4461,2758132.048
A,2586,247548.2056,2758747.52
A,2587,248165.7891,2754908.237
A,2588,247687.6651,2755269.675
A,2589,247687.6651,2755269.675
A,2590,244571.4461,2758132.048
A,2591,246592.6495,2756061.448
A,2592,246510.066,2759247.9
A,2593,242551.1907,2762426.851
A,2594,242551.1907,2762426.851
A,2595,244323.3943,2758174.905
A,2596,247854.1515,2754651.61
A,2597,247854.1515,2754651.61
A,2598,244571.4461,2758132.048
A,2599,246830.5469,2759817.433
A,2600,247568.8364,2757989.851
A,2601,248352.1358,2756868.888
A,2602,248352.1358,2756868.888
A,2603,237099.5048,2738204.76
A,2604,247980.9826,2754478.048
A,2605,242967.4977,2807971.39
A,2606,227833.7829,2787030.321
A,2607,247633.4874,2791650.099
A,2608,242967.4977,2807971.39
A,2609,248854.1899,2789148.751
A,2610,248612.1683,2791322.433
A,2611,247731.4001,2790909.206
A,2612,228318.9258,2785383.39
A,2613,228341.3311,2801574.143
A,2614,247574.647,2791993.021
A,2615,250675.6667,2791907.067
A,2616,264288.5914,2808732.506
A,2617,251202.4238,2792595.762
A,2618,251202.4238,2792595.762
A,2619,250198.3012,2786141.085
A,2620,250198.3012,2786141.085
A,2621,240960.8038,2783366.733
A,2632,266193.7844,2816750.218
A,2634,258417.8481,2819146.046
A,2636,258417.8481,2819146.046
A,2639,265714.6535,2818800.14
A,2645,266016.33,2825218.227
A,2646,265699.2999,2818796.64
A,2647,265699.2999,2818796.64
A,2648,266471.0193,2816768.658
A,2663,266802.5447,2817201.404
A,2664,266802.5447,2817201.404
A,2665,266802.5447,2817201.404
A,2666,266802.5447,2817201.404
A,2667,294790.6426,2781423.495
A,2668,312057.3823,2796445.518
A,2669,311054.0222,2800698.662
A,2670,321159.2389,2792035.768
A,2671,302472.227,2803127.018
A,2672,302321.599,2803793.578
A,2673,302486.6592,2803129.244
A,2674,312057.3823,2796445.518
A,2675,299507.8571,2820288.945
A,2676,305219.48,2791342.294
A,2677,312057.3823,2796445.518
A,2678,302936.7336,2803119.772
A,2679,311069.5063,2800560.286
A,2680,321202.4087,2800464.91
A,2681,320254.2089,2788273.508
A,2682,302321.599,2803793.578
A,2684,320795.4207,2804224.889
A,2685,301955.5967,2798411.581
A,2686,311069.5063,2800560.286
A,2687,311054.0222,2800698.662
A,2688,312057.3823,2796445.518
A,2689,311054.0222,2800698.662
A,2690,302936.7336,2803119.772
A,2691,286323.8813,2799089.11
A,2692,302936.7336,2803119.772
A,2693,302953.0945,2803081.751
A,2694,302936.7336,2803119.772
A,2695,305219.48,2791342.294
A,2696,302931.4224,2803114.643
A,2697,294790.6426,2781423.495
A,2698,296998.2324,2780208.351
A,2699,296469.2145,2785818.634
A,2700,313462.1725,2795006.597
A,2701,302839.4523,2803875.956
A,2702,302936.7336,2803119.772
A,2703,302900.2708,2802568.308
A,2704,302307.817,2803025.943
A,2705,305219.48,2791342.294
A,2706,305217.7019,2790994.533
A,2707,305217.7019,2790994.533
A,2708,286181.8408,2799769.402
A,2709,304783.0215,2787832.934
A,2710,302210.6722,2803480.537
A,2711,312057.3823,2796445.518
A,2712,303677.6056,2804594.759
A,2713,302806.8975,2803860.034
A,2714,302862.1983,2803813.354
A,2715,310378.1276,2801669.836
A,2716,306296.1641,2800873.523
A,2717,301955.5967,2798411.581
A,2718,295874.835,2790873.555
A,2719,295808.5247,2813839.843
A,2720,286498.0257,2799080.702
A,2721,321202.4087,2800464.91
A,2722,301869.4016,2803397.134
A,2723,306683.382,2804732.865
A,2724,303010.3721,2803252.651
A,2725,302146.825,2804103.833
A,2726,301709.2324,2801524.324
A,2727,303790.2319,2804820.032
A,2728,302769.2364,2803151.474
A,2729,302700.0166,2803499.288
A,2730,302700.0166,2803499.288
A,2731,310050.2526,2798473.517
A,2732,305219.48,2791342.294
A,2733,305219.48,2791342.294
A,2734,305217.7019,2790994.533
A,2735,304783.0215,2787832.934
A,2736,305078.9045,2799621.333
A,2737,302600.7948,2799080.436
A,2738,305139.1947,2792296.955
A,2739,286903.9267,2819638.814
A,2740,286903.9267,2819638.814
A,2741,320496.0409,2786158.516
A,2742,317924.7758,2787482.118
A,2743,321621.1303,2789379.694
A,2744,320941.3577,2805742.952
A,2745,302857.8479,2803406.011
A,2746,320250.0384,2788437.858
A,2747,302696.7687,2802541.702
A,2748,288488.6436,2774417.134
A,2749,277011.9585,2805083.561
A,2750,278796.9055,2802533.732
A,2751,271368.4168,2775933.516
A,2752,273849.9954,2780002.615
A,2753,271768.0329,2777852.465
A,2754,272128.7795,2777943.054
A,2755,283741.4542,2779788.736
A,2756,271101.8038,2777778.321
A,2757,272506.4034,2778941.068
A,2758,283741.4542,2779788.736
A,2759,274225.2555,2776291.002
A,2760,271101.8038,2777778.321
A,2761,271045.8317,2777588.213
A,2762,281558.6305,2778928.824
A,2763,273371.9124,2775836.865
A,2764,273340.1038,2780635.052
A,2765,264839.9585,2785138.501
A,2766,272100.415,2776211.799
A,2767,272810.3309,2780833.056
A,2768,279493.9099,2796384.964
A,2769,273990.5571,2779119.684
A,2770,281773.5707,2788309.125
A,2771,277598.465,2800851.314
A,2772,270748.7873,2776025.476
A,2773,274173.3293,2774838.306
A,2774,272165.2903,2776898.662
A,2775,279493.9099,2796384.964
A,2776,272898.1596,2775332.563
A,2777,272130.1188,2783910.309
A,2778,285776.2467,2772536.508
A,2779,273052.8674,2779678.844
A,2780,271831.9012,2780968.568
A,2781,279460.3754,2795132.651
A,2782,273003.5824,2775572.274
A,2783,289947.5124,2776090.591
A,2784,271831.2064,2780945.197
A,2785,272506.1998,2778940.96
A,2786,292520.0786,2772601.7
A,2787,271409.2844,2777394.382
A,2788,271639.3504,2775672.086
A,2789,270422.0641,2777298.51
A,2790,271677.7843,2775875.787
A,2791,281558.6305,2778928.824
A,2792,272130.1188,2783910.309
A,2793,273154.6572,2775523.327
A,2794,283259.9756,2778929.986
A,2795,285776.2467,2772536.508
A,2796,276905.7759,2804328.436
A,2797,273154.6572,2775523.327
A,2798,278796.9055,2802533.732
A,2799,273849.9954,2780002.615
A,2800,271670.2376,2776178.222
A,2801,273955.556,2776136.012
A,2802,271637.9722,2778298.136
A,2803,272466.8259,2783111.213
A,2804,272466.8259,2783111.213
A,2805,271075.4428,2782290.93
A,2806,272156.4853,2775243.657
A,2807,272156.4853,2775243.657
A,2808,272076.8456,2776793.537
A,2809,271492.2694,2777306.33
A,2810,271492.2694,2777306.33
A,2811,270275.2471,2777179.53
A,2812,272466.8259,2783111.213
A,2813,271140.9223,2778742.55
A,2814,272168.5321,2776127.104
A,2815,271603.4149,2776683.004
A,2816,275448.4573,2777257.583
A,2817,270529.406,2779158.331
A,2818,271707.4654,2782983.768
A,2819,271707.4654,2782983.768
A,2820,270579.5934,2778167.105
A,2821,270579.5934,2778167.105
A,2822,271249.0689,2777612.501
A,2823,271176.5196,2777462.676
A,2824,275679.7301,2782182.233
A,2825,270962.3796,2777558.255
A,2826,270951.6337,2777471.333
A,2827,273854.1785,2775986.764
A,2828,270773.7574,2780108.908
A,2829,285776.2467,2772536.508
A,2830,285746.3478,2770470.895
A,2831,285137.332,2770523.679
A,2832,272751.386,2774955.577
A,2833,272210.5029,2782815.415
A,2834,272933.3516,2781089.315
A,2835,272933.3516,2781089.315
A,2836,272933.3516,2781089.315
A,2837,275448.4573,2777257.583
A,2838,271689.5963,2782760.771
A,2839,276415.0479,2772340.532
A,2840,267261.5546,2784243.44
A,2841,266729.77,2795811.355
A,2842,286417.7972,2772333.051
A,2843,286417.7972,2772333.051
A,2844,275913.4373,2760864.005
A,2845,276701.6291,2764677.745
A,2846,272023.8374,2761822.039
A,2847,274267.2423,2756894.535
A,2848,268896.7309,2765394.076
A,2849,276732.9946,2765399.28
A,2850,274286.5706,2761814.947
A,2851,269903.3875,2766005.22
A,2852,276701.6291,2764677.745
A,2853,274514.8997,2759985.444
A,2854,274059.3977,2766278.808
A,2855,274757.742,2760074.646
A,2856,268896.7309,2765394.076
A,2857,268107.5867,2764844.804
A,2858,275395.7906,2767470.751
A,2859,276701.6291,2764677.745
A,2860,271916.4798,2762364.157
A,2861,271156.1857,2766714.149
A,2862,277168.6695,2767313.644
A,2863,276788.0164,2768380.098
A,2864,273098.6942,2763374.319
A,2865,274003.5158,2765659.287
A,2866,268768.1748,2762739.628
A,2867,269069.8183,2765111.008
A,2868,275376.6633,2764257.284
A,2869,266341.6252,2763148.832
A,2870,275454.0826,2764284.936
A,2871,267261.7685,2759629.436
A,2872,270377.8371,2765877.013
A,2873,274042.1749,2762708.137
A,2874,269725.7747,2765473.518
A,2875,273183.4324,2763672.445
A,2876,275640.4188,2767246.218
A,2877,269779.0196,2765318.477
A,2878,275454.0826,2764284.936
A,2879,269568.501,2758617.86
A,2880,275568.8298,2762984.892
A,2881,269725.7747,2765473.518
A,2882,268713.3417,2765330.13
A,2883,275667.731,2767501.414
A,2884,274006.6209,2762757.37
A,2885,274393.3821,2765201.289
A,2886,272504.6798,2758384.586
A,2887,269885.478,2765793.086
A,2888,268896.7309,2765394.076
A,2889,276788.0164,2768380.098
A,2890,269207.3966,2764290.97
A,2891,280897.6557,2764691.601
A,2892,274013.0831,2762867.412
A,2893,276653.1251,2763530.865
A,2894,273571.3551,2763558.868
A,2895,274042.1749,2762708.137
A,2896,275454.0826,2764284.936
A,2897,276541.3326,2763761.403
A,2898,276771.8848,2763640.737
A,2899,275415.238,2759590.587
A,2900,275667.731,2767501.414
A,2901,275667.731,2767501.414
A,2902,276116.2404,2765863.796
A,2903,277403.9813,2766558.401
A,2904,277403.9813,2766558.401
A,2905,277545.0384,2765793.284
A,2906,277545.0384,2765793.284
A,2907,277155.8654,2766633.249
A,2908,272952.8224,2763148.349
A,2909,277403.9813,2766558.401
A,2910,277735.9231,2766005.265
A,2911,277735.9231,2766005.265
A,2912,279168.7117,2766227.283
A,2913,273908.4851,2767083.26
A,2914,276520.371,2767085.093
A,2915,280897.6557,2764691.601
A,2916,272425.497,2761437.709
A,2917,271452.5062,2766467.284
A,2918,271452.5062,2766467.284
A,2919,268768.1748,2762739.628
A,2920,273571.3551,2763558.868
A,2921,273267.6765,2764550.8
A,2922,273267.6765,2764550.8
A,2923,270364.4394,2764753.563
A,2924,269825.165,2765804.074
A,2925,281319.9062,2764096.127
A,2926,281319.9062,2764096.127
A,2927,268736.6267,2763216.563
A,2928,266521.6986,2762760.887
A,2929,266521.6986,2762760.887
A,2930,268143.2887,2764889.302
A,2931,268896.7309,2765394.076
A,2932,268858.8408,2765470.958
A,2933,274319.0878,2763433.053
A,2934,268586.6848,2763806.538
A,2935,268586.6848,2763806.538
A,2936,275674.1887,2759966.654
A,2937,273484.326,2757690.651
A,2938,273484.326,2757690.651
A,2939,268245.2216,2762496.91
A,2940,272099.072,2762597.707
A,2941,269824.6651,2759111.787
A,2942,275454.0826,2764284.936
A,2943,275454.0826,2764284.936
A,2944,269411.1948,2765919.202
A,2945,276520.371,2767085.093
A,2946,276476.5021,2757888.156
A,2947,281425.6296,2764227.408
A,2948,277599.3407,2766027.431
A,2949,277502.9189,2765712.19
A,2950,277502.9189,2765712.19
A,2951,276512.7864,2767133.863
A,2952,270289.4965,2761139.454
A,2953,280086.3102,2764802.79
A,2954,271961.6629,2766828.133
A,2955,273834.0897,2767427.016
A,2956,273834.0897,2767427.016
A,2957,271535.7326,2761364.525
A,2958,269506.2475,2765134.569
A,2959,274135.4178,2763590.443
A,2960,273566.2025,2763387.747
A,2961,275480.5961,2763672.043
A,2962,277058.5853,2763556.282
A,2963,275511.2077,2764140.608
A,2964,273905.6993,2764549.555
A,2965,273997.7919,2756899.188
A,2966,262817.1372,2747940.006
A,2967,265963.4356,2762293.227
A,2968,273943.431,2767285.139
A,2969,273943.431,2767285.139
A,2970,273943.431,2767285.139
A,2971,275913.4373,2760864.005
A,2972,278617.1393,2755301.808
A,2973,282519.5376,2748462.379
A,2974,279600.0459,2753932.334
A,2975,278055.7757,2754364.289
A,2976,281969.2583,2748564.04
A,2977,280791.512,2748763.895
A,2978,274683.0655,2745714.209
A,2979,278664.1919,2754624.408
A,2980,277812.0505,2754793.732
A,2981,276686.525,2746261.715
A,2982,271418.0423,2739243.758
A,2983,271418.0423,2739243.758
A,2984,277811.5628,2754738.557
A,2985,278628.5917,2752387.763
A,2986,271418.0423,2739243.758
A,2987,281648.2578,2757994.723
A,2988,277508.8575,2754252.016
A,2989,277659.5928,2754984.906
A,2990,277692.3237,2755383.733
A,2991,271418.0423,2739243.758
A,2992,295866.8348,2756360.243
A,2993,276082.1494,2746636.298
A,2994,271418.0423,2739243.758
A,2995,277657.0529,2754715.459
A,2996,277657.0529,2754715.459
A,2997,276694.3497,2756507.683
A,2998,277876.6778,2754971.423
A,2999,278581.6071,2757395.177
A,3000,277657.0529,2754715.459
A,3001,282310.6763,2752225.071
A,3002,283975.0837,2748707.516
A,3003,280164.9892,2759961.748
A,3004,277811.5628,2754738.557
A,3005,277928.0313,2754559.159
A,3006,276947.6184,2757012.296
A,3007,277108.6814,2754145.251
A,3008,278086.9686,2754543.406
A,3009,278581.6071,2757395.177
A,3010,278578.6376,2757580.719
A,3011,277992.5262,2741099.508
A,3012,275070.843,2740155.006
A,3013,279340.6771,2754486.212
A,3014,285845.3232,2746545.378
A,3015,285845.3232,2746545.378
A,3016,281607.2912,2755730.046
B,383,213727.0399,2732394.005
B,384,213727.0399,2732394.005
B,385,213727.0399,2732394.005
B,386,212533.9807,2731590.998
B,387,213434.485,2730734.278
B,389,213076.1981,2731182.013
B,390,213076.1981,2731182.013
B,391,213845.0114,2731055.396
B,393,213845.0114,2731055.396
B,394,211730.9193,2730964.437
B,395,213473.6848,2731342.643
B,396,213473.6848,2731342.643
B,397,213845.0114,2731055.396
B,398,214053.4127,2732020.121
B,399,213076.1981,2731182.013
B,400,213473.6848,2731342.643
B,401,214876.6843,2737152.794
B,402,213484.4908,2731350.845
B,404,234126.2626,2725057.661
B,408,249759.83,2695628.897
B,409,249759.83,2695628.897
B,410,249759.83,2695628.897
B,414,252342.247,2696203.535
B,416,251524.6793,2703743.041
B,417,253218.554,2695948.45
B,420,253322.3188,2695520.089
B,421,249894.3066,2695964.309
B,423,276992.1387,2700360.664
B,445,289181.9472,2731065.4
B,446,289124.9214,2730639.678
B,447,289034.0821,2727084.357
B,448,296745.7544,2731260.661
B,449,289099.2747,2727209.676
B,450,291564.2817,2712899.103
B,451,295908.7359,2732090.265
B,452,296745.7544,2731260.661
B,453,298276.5768,2730942.289
B,454,288518.7489,2730517.05
B,455,291812.8741,2731182.996
B,456,272661.3647,2734336.427
B,457,295908.7359,2732090.265
B,458,295908.7359,2732090.265
B,459,291812.8741,2731182.996
B,460,289034.0821,2727084.357
B,461,298276.5768,2730942.289
B,462,298276.5768,2730942.289
B,463,272570.3215,2734259.911
B,464,282329.2015,2713907.261
B,465,288609.7747,2729899.296
B,466,288816.977,2729596.547
B,740,234850.8641,2820909.095
B,748,238876.5186,2827093.573
B,750,234850.8641,2820909.095
B,751,239150.4014,2826225.464
B,752,239150.4014,2826225.464
B,753,239170.269,2826269.417
B,765,318856.2118,2826442.974
B,767,318137.3899,2825616.854
B,769,318137.3899,2825616.854
B,772,311864.1774,2820246.105
B,777,331250.8929,2818046.285
B,779,318137.3899,2825616.854
B,781,318137.3899,2825616.854
B,783,325360.9342,2817937.459
B,789,332460.4139,2824908.628
B,826,312967.3852,2757678.984
B,827,312292.2197,2757076.141
B,828,317402.7088,2763488.149
B,829,304617.9306,2752134.936
B,830,312945.1737,2756986.798
B,831,312043.2836,2742903.159
B,832,311774.5388,2756958.261
B,833,304617.9306,2752134.936
B,834,312563.8315,2757774.701
B,835,311357.438,2749160.78
B,836,302194.3872,2761853.927
B,837,302528.6734,2761851.765
B,838,311337.9401,2756072.866
B,839,312981.4435,2756534.3
B,840,302194.3872,2761853.927
B,841,302194.3872,2761853.927
B,842,304137.5095,2764265.653
B,843,298446.8616,2761250.524
B,844,312116.8618,2756871.702
B,845,304617.9306,2752134.936
B,846,311774.5388,2756958.261
B,847,317104.9389,2763005.782
B,848,312563.8315,2757774.701
B,849,302194.3872,2761853.927
B,850,312333.6875,2756517.656
B,851,314772.7312,2760138.769
B,852,313999.6894,2759718.943
B,853,302194.3872,2761853.927
B,854,304617.9306,2752134.936
B,855,312333.6875,2756517.656
B,856,314772.7312,2760138.769
B,857,302194.3872,2761853.927
B,858,313999.6894,2759718.943
B,859,312426.9662,2757074.077
B,860,314772.7312,2760138.769
B,861,302194.3872,2761853.927
B,862,313999.6894,2759718.943
B,863,312085.6519,2756650.889
B,864,297275.0075,2750147.935
B,865,304631.6835,2764857.31
B,866,304617.9306,2752134.936
B,867,302194.3872,2761853.927
B,868,311774.5388,2756958.261
B,869,302194.3872,2761853.927
B,870,304617.9306,2752134.936
B,871,313999.6894,2759718.943
B,872,312330.579,2761982.892
B,873,312563.8315,2757774.701
B,874,302194.3872,2761853.927
B,875,313806.3113,2756715.192
B,876,313258.2618,2758137.363
B,877,302194.3872,2761853.927
B,878,302194.3872,2761853.927
B,879,313274.4861,2757495.806
B,880,312458.5154,2757756.42
B,881,312043.2851,2742903.27
B,882,316000.4632,2753059.233
B,883,312043.2851,2742903.27
B,884,312373.0427,2756484.547
B,885,311396.6602,2756265.382
B,886,313163.8678,2756590.533
B,887,302194.3872,2761853.927
B,888,270213.1418,2771289.739
B,889,272662.7345,2771650.376
B,890,270786.0287,2769783.418
B,891,271976.4671,2772354.26
B,892,267579.5002,2773884.097
B,893,274141.7428,2771029.896
B,894,275288.2096,2771721.977
B,895,270938.4025,2771180.586
B,896,268889.9302,2766306.882
B,897,269936.9095,2775501.915
B,898,269471.121,2770304.116
B,899,272574.8754,2770681.374
B,900,270717.0205,2767379.198
B,901,269827.798,2775100.934
B,902,272568.2391,2772851.803
B,903,267326.5764,2774641.944
B,904,268600.8975,2768807.829
B,905,267832.3369,2770089.849
B,906,267610.5173,2771679.996
B,907,272657.6239,2772751.799
B,908,267364.9178,2772161.369
B,909,268349.8483,2769628.48
B,910,269211.5059,2774110.334
B,911,268088.5283,2771209.53
B,912,270720.3648,2769312.111
B,913,268349.8483,2769628.48
B,914,271099.7248,2771174.112
B,915,269790.9304,2772587.988
B,916,269290.7881,2770447.013
B,917,272236.8636,2768586.282
B,918,271744.8142,2767661.425
B,919,269533.8207,2767574.182
B,920,267615.7287,2771671.818
B,921,267359.4198,2769693.739
B,922,269183.7378,2775045.668
B,923,268526.1295,2770551.046
B,924,269747.7218,2768078.674
B,925,271649.0598,2773238.836
B,926,269895.6731,2772286.238
B,927,268461.7274,2770944.767
B,928,270757.8981,2769996.327
B,929,267789.6468,2772411.678
B,930,268889.9302,2766306.882
B,931,268062.1722,2771161.661
B,932,270891.7773,2769075.08
B,933,267358.8152,2766091.917
B,934,268576.9436,2770898.264
B,935,271047.5061,2773164.256
B,936,269524.1249,2771141.334
B,937,268844.1061,2770052.408
B,938,273104.281,2770819.507
B,939,268405.0641,2770217.097
B,940,268529.9282,2773429.602
B,941,272202.2502,2770506.956
B,942,266735.3205,2769587.69
B,943,267832.3369,2770089.849
B,944,267407.7991,2772041.507
B,945,268051.9303,2769768.069
B,946,270312.5541,2767774.842
B,947,268271.3964,2769301.234
B,948,270155.8005,2773423.383
B,949,267129.5697,2771793.029
B,950,269144.8394,2775716.557
B,951,268600.8975,2768807.829
B,952,268461.7274,2770944.767
B,953,269434.1717,2770208.661
B,954,269065.5746,2769667.005
B,955,267757.7063,2770053.329
B,956,269224.2585,2772304.558
B,957,270720.3648,2769312.111
B,958,269278.5003,2771219.509
B,959,267615.7287,2771671.818
B,960,270541.1813,2768141.905
B,961,270289.9645,2776197.214
B,962,269997.616,2771973.787
B,963,269507.8027,2771986.262
B,964,269642.3363,2770584.143
B,965,272202.2502,2770506.956
B,966,271485.6002,2772875.215
B,967,271351.8778,2769278.256
B,968,268117.722,2771246.159
B,969,267824.5962,2772768.808
B,970,268526.1295,2770551.046
B,971,271010.5132,2769550.486
B,972,271795.712,2771330.457
B,973,267871.0793,2772617.303
B,974,272236.8636,2768586.282
B,975,270710.6551,2772196.942
B,976,269439.5393,2770137.868
B,977,270255.3687,2767670.97
B,978,268856.3475,2766297.809
B,979,272044.0967,2768083.513
B,980,270658.4745,2770863.695
B,981,267578.747,2770644.046
B,982,267981.7074,2769872.212
B,983,271164.9924,2772965.031
B,984,274225.8784,2771524.862
B,985,271111.6192,2769106.635
B,986,267077.1129,2768681.452
B,987,269049.5083,2770997.645
B,988,268385.3063,2769272.152
B,989,267450.5137,2774292.188
B,990,271816.1775,2770023.818
B,991,268834.7031,2769598.214
B,992,272288.7539,2768543.196
B,993,269761.5403,2772569.201
B,994,266879.0516,2773686.785
B,995,268867.6059,2770408.844
B,996,272749.9409,2771512.343
B,997,270902.7513,2769789.661
B,998,271470.2508,2767341.765
B,999,267129.5697,2771793.029
B,1000,270902.7513,2769789.661
B,1001,274169.7221,2772084.516
B,1002,269050.9056,2771575.537
B,1003,270017.5571,2770706.588
B,1004,267719.2255,2771061.66
B,1005,273029.9532,2774089.013
B,1006,271925.6469,2770472.566
B,1007,268600.8975,2768807.829
B,1008,270003.7764,2772315.333
B,1009,271382.5234,2769751.924
B,1010,269439.5393,2770137.868
B,1011,269747.7218,2768078.674
B,1012,270297.7722,2769899.003
B,1013,272317.5214,2767881.816
B,1014,269439.5393,2770137.868
B,1015,271735.0819,2773800.897
B,1016,270891.7773,2769075.08
B,1017,269560.1953,2770066.128
B,1018,269580.6408,2768590.361
B,1019,268868.2753,2767135.055
B,1020,275207.3583,2771796.113
B,1021,269292.7885,2769585.15
B,1022,272251.5063,2768659.065
B,1023,270938.4025,2771180.586
B,1024,268849.8237,2769477.388
B,1025,269385.7802,2769782.387
B,1026,267832.3369,2770089.849
B,1027,268187.0582,2768847.423
B,1028,270467.3339,2771702.91
B,1029,271127.9504,2771111.36
B,1030,271112.1861,2771279.068
B,1031,268229.4728,2770585.334
B,1032,268726.6029,2776055.441
B,1033,268088.1696,2771913.346
B,1034,269349.7109,2770390.83
B,1035,267686.3414,2769264.848
B,1036,271568.0988,2770657.178
B,1037,269292.7885,2769585.15
B,1038,268496.8467,2771146.304
B,1039,267578.747,2770644.046
B,1040,269183.7378,2775045.668
B,1041,271932.8264,2770715.022
B,1042,272118.1594,2768146.773
B,1043,267858.7654,2769749.741
B,1044,270017.5571,2770706.588
B,1045,269183.7378,2775045.668
B,1046,268897.763,2770216.065
B,1047,268724.2352,2769633.661
B,1048,268781.3501,2770770.685
B,1049,270058.1264,2773910.522
B,1050,269595.5522,2774121.127
B,1051,271215.2406,2771000.632
B,1052,268783.9131,2770564.298
B,1053,268511.868,2767706.698
B,1054,270751.7243,2770975.716
B,1055,267671.1464,2768970.993
B,1056,269066.9326,2774358.799
B,1057,266858.4014,2771609.819
B,1058,271099.7248,2771174.112
B,1059,270717.0205,2767379.198
B,1060,270522.8035,2769374.604
B,1061,267563.6861,2770512.539
B,1062,268037.3734,2769897.863
B,1063,268123.8745,2771257.69
B,1064,267594.9661,2769728.184
B,1065,268938.7145,2774529.748
B,1066,270647.7458,2770513.473
B,1067,268661.83,2773802.707
B,1068,269439.5393,2770137.868
B,1069,269558.642,2770015.954
B,1070,269572.0281,2769384.955
B,1071,269843.5513,2770529.996
B,1072,272071.049,2772130.268
B,1073,270599.5956,2773318.725
B,1074,268521.8809,2770598.215
B,1075,267578.747,2770644.046
B,1076,269740.159,2771613.096
B,1077,270720.3648,2769312.111
B,1078,270003.7764,2772315.333
B,1079,268719.9907,2769579.765
B,1080,271645.0226,2772424.737
B,1081,272263.0097,2770287.858
B,1082,268867.6158,2769908.279
B,1083,271683.6621,2770401.366
B,1084,268062.1722,2771161.661
B,1085,267823.3394,2769590.21
B,1086,267988.243,2769811.151
B,1087,270770.8166,2769929.841
B,1088,271616.8513,2773226.299
B,1089,270770.8166,2769929.841
B,1090,268288.4687,2771646.085
B,1091,270438.3501,2770489.509
B,1092,267578.747,2770644.046
B,1093,270306.4277,2770365.618
B,1094,270255.3687,2767670.97
B,1095,270542.5102,2771298.494
B,1096,268255.1946,2773888.958
B,1097,270220.7726,2770249.371
B,1098,273104.281,2770819.507
B,1099,267376.1653,2768435.437
B,1100,271372.7618,2772400.373
B,1101,271468.7957,2771618.618
B,1102,274151.0804,2770573.32
B,1103,271078.595,2769268.98
B,1104,269747.7218,2768078.674
B,1105,266949.8451,2772743.384
B,1106,271568.0988,2770657.178
B,1107,269109.6465,2774365.832
B,1108,268684.1372,2770401.977
B,1109,268868.2753,2767135.055
B,1110,268526.1295,2770551.046
B,1111,268730.5022,2772500.755
B,1112,270201.4199,2768276.271
B,1113,266858.4014,2771609.819
B,1114,271800.8418,2771419.91
B,1115,271568.0988,2770657.178
B,1116,267165.0144,2770349.112
B,1117,269907.6224,2772366.268
B,1118,268834.7031,2769598.214
B,1119,267438.0249,2770947.649
B,1120,269991.4052,2776201.143
B,1121,269152.2822,2770776.488
B,1122,271078.595,2769268.98
B,1123,266879.0516,2773686.785
B,1124,269439.5393,2770137.868
B,1125,269763.2613,2772521.632
B,1126,271843.8495,2770622.536
B,1127,266858.4014,2771609.819
B,1128,272071.049,2772130.268
B,1129,269515.0411,2771882.858
B,1130,268716.1455,2769579.276
B,1131,267712.9555,2774748.612
B,1132,269747.7218,2768078.674
B,1133,267958.3941,2772302.31
B,1134,271450.8383,2770907.811
B,1135,271184.7123,2772557.893
B,1136,270720.3648,2769312.111
B,1137,274424.8072,2770446.567
B,1138,270303.3433,2771220.512
B,1139,271099.7248,2771174.112
B,1140,268019.3392,2771338.369
B,1141,267594.9661,2769728.184
B,1142,269882.3559,2774189.423
B,1143,269670.9705,2771981.956
B,1144,269747.7218,2768078.674
B,1145,269768.5771,2770131.209
B,1146,270905.0985,2771151.224
B,1147,269580.6408,2768590.361
B,1148,270720.3648,2769312.111
B,1149,273104.281,2770819.507
B,1150,268169.4967,2769205
B,1151,270992.0205,2774770.925
B,1152,271645.0226,2772424.737
B,1153,271800.9592,2772779.177
B,1154,271723.7104,2770127.535
B,1155,271221.3902,2773703.454
B,1156,271419.799,2773026.695
B,1157,268173.3741,2770855.132
B,1158,266871.6464,2773164.949
B,1159,270088.9371,2773205.424
B,1160,268590.1303,2770705.328
B,1161,266689.7913,2770409.862
B,1162,269900.8904,2767297.495
B,1163,271205.6124,2771986.172
B,1164,269747.7218,2768078.674
B,1165,271047.5061,2773164.256
B,1166,271731.6338,2771084.63
B,1167,269264.7384,2770488.788
B,1168,271645.0226,2772424.737
B,1169,267267.3586,2767697.02
B,1170,268457.9105,2770100.396
B,1171,269906.1903,2768830.114
B,1172,269189.969,2773350.707
B,1173,267824.5962,2772768.808
B,1174,272900.7225,2771139.6
B,1175,269342.1219,2771304.207
B,1176,268258.2995,2774980.14
B,1177,269501.5623,2771341.741
B,1178,268187.0582,2768847.423
B,1179,273104.281,2770819.507
B,1180,269234.8632,2770806.01
B,1181,272120.997,2772056.406
B,1182,268938.7145,2774529.748
B,1183,267757.7063,2770053.329
B,1184,267994.2451,2770057.509
B,1185,271653.3846,2770595.246
B,1186,269791.9582,2769247.935
B,1187,270169.6335,2773747.07
B,1188,270587.4734,2770537.646
B,1189,269183.7378,2775045.668
B,1190,268844.1061,2770052.408
B,1191,276413.7145,2770965.038
B,1192,271197.914,2767578.368
B,1193,268847.9187,2773115.137
B,1194,272381.3556,2768325.343
B,1195,268000.2073,2771531.408
B,1196,268954.0234,2771178.01
B,1197,271645.0226,2772424.737
B,1198,271800.8418,2771419.91
B,1199,268426.3468,2770346.837
B,1200,268768.7669,2770766.909
B,1201,269778.5089,2769222.784
B,1202,268571.0804,2770516.595
B,1203,271645.0226,2772424.737
B,1204,271108.7023,2774903.497
B,1205,272236.1128,2771604.684
B,1206,267958.3941,2772302.31
B,1207,270272.949,2771214.153
B,1208,272001.299,2768102.733
B,1209,271653.3846,2770595.246
B,1210,267080.0697,2770430.129
B,1211,271010.5132,2769550.486
B,1212,270710.6551,2772196.942
B,1213,269189.969,2773350.707
B,1214,271215.2406,2771000.632
B,1215,271215.2406,2771000.632
B,1216,272416.7274,2770260.694
B,1217,268590.1303,2770705.328
B,1218,269936.9095,2775501.915
B,1219,268847.9187,2773115.137
B,1220,266619.8037,2773219.125
B,1221,269181.4021,2772301.404
B,1222,270710.6551,2772196.942
B,1223,269778.5089,2769222.784
B,1224,267364.9178,2772161.369
B,1225,275059.5091,2768678.711
B,1226,267407.7991,2772041.507
B,1227,268790.9818,2770367.587
B,1228,267135.1846,2775373.41
B,1229,270720.3648,2769312.111
B,1230,268844.1061,2770052.408
B,1231,271419.799,2773026.695
B,1232,267267.3586,2767697.02
B,1233,271372.7618,2772400.373
B,1234,266879.0516,2773686.785
B,1235,268844.1061,2770052.408
B,1236,268479.5807,2766079.775
B,1237,271108.7023,2774903.497
B,1238,268510.8235,2770535.569
B,1239,272071.049,2772130.268
B,1240,271999.808,2771866.165
B,1241,272574.1074,2773433.82
B,1242,268104.9243,2770902.838
B,1243,267770.8239,2771732.677
B,1244,268750.5066,2769503.56
B,1245,269049.5083,2770997.645
B,1246,271464.3611,2767472.737
B,1247,275059.5091,2768678.711
B,1248,270298.2251,2770832.295
B,1249,269920.4934,2774206.399
B,1250,269183.7378,2775045.668
B,1251,269138.5092,2771842.567
B,1252,272272.6046,2771444.168
B,1253,267080.0697,2770430.129
B,1254,269740.159,2771613.096
B,1255,269292.0004,2775681.484
B,1256,270902.7513,2769789.661
B,1257,267615.7287,2771671.818
B,1258,268705.004,2772604.47
B,1259,269199.5727,2770265.151
B,1260,267615.7287,2771671.818
B,1261,268921.476,2765705.055
B,1262,268000.2073,2771531.408
B,1263,271421.3517,2773625.3
B,1264,271464.3611,2767472.737
B,1265,268590.1303,2770705.328
B,1266,268844.1061,2770052.408
B,1267,269926.3658,2766818.893
B,1268,268526.1295,2770551.046
B,1269,271072.1474,2774860.338
B,1270,267777.5925,2771970.269
B,1271,268823.075,2769149.709
B,1272,269715.861,2769603.5
B,1273,269632.8973,2769731.23
B,1274,271883.5218,2768179.277
B,1275,269950.1709,2774852.52
B,1276,271645.0226,2772424.737
B,1277,267376.3308,2767976.423
B,1278,271047.5061,2773164.256
B,1279,272272.6046,2771444.168
B,1280,270522.8979,2773397.809
B,1281,270900.0682,2772619.629
B,1282,268344.3022,2772027.018
B,1283,272209.7893,2768197.772
B,1284,271187.9401,2773255.872
B,1285,269808.5633,2774655.217
B,1286,267401.7976,2768357.317
B,1287,268997.0159,2772012.186
B,1288,267847.5123,2768475.296
B,1289,271450.2763,2771175.774
B,1290,267597.9465,2772453.507
B,1291,272900.7225,2771139.6
B,1292,270298.2251,2770832.295
B,1293,271795.712,2771330.457
B,1294,268426.3468,2770346.837
B,1295,271896.0293,2774208.335
B,1296,272272.6046,2771444.168
B,1297,267129.5697,2771793.029
B,1298,270720.3648,2769312.111
B,1299,269923.7127,2771476.355
B,1300,267757.7063,2770053.329
B,1301,267757.7063,2770053.329
B,1302,274075.1197,2771467.738
B,1303,270255.3687,2767670.97
B,1304,271111.6192,2769106.635
B,1305,268000.2073,2771531.408
B,1306,271908.092,2770461.223
B,1307,273104.281,2770819.507
B,1308,272236.1128,2771604.684
B,1309,268000.2073,2771531.408
B,1310,270992.0205,2774770.925
B,1311,268844.1061,2770052.408
B,1312,272900.7225,2771139.6
B,1313,267994.2451,2770057.509
B,1314,268868.2734,2767134.944
B,1315,267364.9178,2772161.369
B,1316,269976.9262,2773602.599
B,1317,272091.4419,2772178.686
B,1318,269747.7218,2768078.674
B,1319,271419.799,2773026.695
B,1320,267757.7063,2770053.329
B,1321,269617.553,2769934.95
B,1322,270201.4199,2768276.271
B,1323,269258.3998,2769043.612
B,1324,275059.5091,2768678.711
B,1325,267359.1851,2769887.455
B,1326,271215.2406,2771000.632
B,1327,267610.5173,2771679.996
B,1328,267404.6842,2770839.614
B,1329,271645.0226,2772424.737
B,1330,268205.1938,2769101
B,1331,274172.4873,2768551.943
B,1332,272212.8646,2771790.466
B,1333,271556.6121,2770664.573
B,1334,268349.8483,2769628.48
B,1335,268526.1295,2770551.046
B,1336,267563.6861,2770512.539
B,1337,269501.5623,2771341.741
B,1338,267719.2255,2771061.66
B,1339,267603.9707,2770613.363
B,1340,271645.0226,2772424.737
B,1341,270891.7773,2769075.08
B,1342,270786.0287,2769783.418
B,1343,274141.7428,2771029.896
B,1344,267629.9751,2774990.616
B,1345,272650.6528,2767559.785
B,1346,271762.9648,2767998.555
B,1347,266591.2942,2773240.225
B,1348,267379.4727,2772618.361
B,1349,268497.7558,2769490.553
B,1350,268497.7558,2769490.553
B,1351,268466.7304,2769310.223
B,1352,266472.8402,2772541.758
B,1353,266472.8402,2772541.758
B,1354,268678.9881,2774796.128
B,1355,267949.8865,2774466.31
B,1356,272650.6528,2767559.785
B,1357,267348.9628,2769903.809
B,1358,271128.5474,2773355.828
B,1359,271181.6312,2773234.812
B,1360,271330.9928,2773305.114
B,1361,271120.7028,2773014.644
B,1362,268333.0882,2771865.967
B,1363,268333.0882,2771865.967
B,1364,268434.0015,2772636.882
B,1365,270526.8841,2771101.614
B,1366,271876.8784,2768247.096
B,1367,270169.6335,2773747.07
B,1368,270109.6863,2769929.982
B,1369,272936.2937,2770704.614
B,1370,269712.5565,2769042.045
B,1371,273024.419,2769640.767
B,1372,266684.8745,2773210.919
B,1373,268497.7558,2769490.553
B,1374,266903.6511,2771043.423
B,1375,269140.8939,2774047.365
B,1376,267949.8865,2774466.31
B,1377,267949.8865,2774466.31
B,1378,267949.8865,2774466.31
B,1379,267949.8865,2774466.31
B,1380,267949.8865,2774466.31
B,1381,272561.5739,2770676.83
B,1382,274225.8784,2771524.862
B,1383,270467.095,2775221.472
B,1384,271184.7123,2772557.893
B,1385,273029.9532,2774089.013
B,1386,267333.1338,2772641.87
B,1387,267456.6932,2772464.003
B,1388,269991.4052,2776201.143
B,1389,272236.1128,2771604.684
B,1390,267632.8653,2771788.884
B,1391,269180.268,2771798.642
B,1392,268213.5263,2771114.985
B,1393,268213.5263,2771114.985
B,1394,271178.5655,2769227.301
B,1395,266928.6952,2773703.335
B,1396,268185.6599,2773373.058
B,1397,267463.1998,2771844.634
B,1398,269422.4946,2772290.79
B,1399,267237.1218,2771830.535
B,1400,268137.5539,2770820.721
B,1401,267439.8093,2770429.982
B,1402,267296.6222,2770482.29
B,1403,267122.3444,2774054.539
B,1404,269338.0059,2771431.052
B,1405,268919.441,2770715.487
B,1406,268919.441,2770715.487
B,1407,267124.2787,2770452.98
B,1408,266792.3817,2770091.055
B,1409,267508.2248,2771400.036
B,1410,267508.2248,2771400.036
B,1411,268968.3018,2769694.581
B,1412,270454.5394,2772874.683
B,1413,271890.1033,2773268.713
B,1414,271848.1715,2773326.595
B,1415,268085.402,2774529.166
B,1416,269351.8986,2773303.973
B,1417,266858.4014,2771609.819
B,1418,266858.4014,2771609.819
B,1419,266689.1854,2771213.426
B,1420,266689.1854,2771213.426
B,1421,267514.3238,2771621.792
B,1422,267508.2248,2771400.036
B,1423,267305.4385,2770798.196
B,1424,267305.4385,2770798.196
B,1425,267681.1387,2774599.216
B,1426,273644.1335,2768609.553
B,1427,272650.6528,2767559.785
B,1428,269351.8986,2773303.973
B,1429,270940.8515,2774200.412
B,1430,268615.3455,2771597.32
B,1431,269596.7318,2773539.756
B,1432,268027.8009,2774323.468
B,1433,268137.5539,2770820.721
B,1434,267359.1851,2769887.455
B,1435,268051.9303,2769768.069
B,1436,267644.6282,2770202.087
B,1437,268955.6676,2769514.716
B,1438,270498.0958,2770151.622
B,1439,272431.3287,2770040.261
B,1440,271551.4184,2770607.59
B,1441,270665.8776,2769512.827
B,1442,271871.3709,2767814.232
B,1443,272891.9995,2768058.096
B,1444,273104.281,2770819.507
B,1445,271866.1483,2767452.84
B,1446,270976.7047,2769418.96
B,1447,270717.4687,2769759.193
B,1448,273491.871,2773325.906
B,1449,270605.8029,2770841.419
B,1450,270169.6335,2773747.07
B,1451,269989.2965,2770755.048
B,1452,273015.5324,2771444.537
B,1453,276071.5714,2771838.42
B,1454,270089.6266,2771742.623
B,1455,272902.9533,2772590.133
B,1456,272902.9533,2772590.133
B,1457,273096.277,2772323.842
B,1458,269457.1857,2773961.006
B,1459,271782.8297,2772268.619
B,1460,269695.7365,2774751.761
B,1461,267824.5962,2772768.808
B,1462,267824.5962,2772768.808
B,1463,268322.75,2772600.871
B,1464,267327.6418,2771384.163
B,1465,268030.8505,2771457.304
B,1466,267581.1676,2772748.572
B,1467,267982.4807,2774756.434
B,1468,267255.2647,2771781.465
B,1469,268817.1677,2771442.966
B,1470,269337.9519,2775778.669
B,1471,268279.288,2770718.579
B,1472,266949.8451,2772743.384
B,1473,267149.9801,2770793.754
B,1474,269218.5893,2771784.253
B,1475,267122.3444,2774054.539
B,1476,269361.1663,2772359.425
B,1477,267330.2989,2767520.522
B,1478,268225.5972,2770541.404
B,1479,268140.7194,2769823.744
B,1480,268160.7591,2769796.807
B,1481,268868.2734,2767134.944
B,1482,268492.344,2769814.677
B,1483,269440.1415,2770167.557
B,1484,268474.0298,2768584.906
B,1485,267653.2394,2770239.398
B,1486,267704.0077,2771104.806
B,1487,268117.4698,2769197.571
B,1488,268126.07,2770804.404
B,1489,266635.5866,2770883.324
B,1490,266635.5866,2770883.324
B,1491,267634.8651,2773251.885
B,1492,267634.8651,2773251.885
B,1493,272043.0838,2773278.012
B,1494,267348.9628,2769903.809
B,1495,267041.5536,2772852.527
B,1496,272239.8103,2768351.083
B,1497,272239.8103,2768351.083
B,1498,269907.6224,2772366.268
B,1499,271286.6515,2771701.567
B,1500,273104.281,2770819.507
B,1501,272061.6446,2771851.28
B,1502,271559.9468,2771768.799
B,1503,270918.8324,2774475.83
B,1504,270332.4408,2769433.369
B,1505,267317.9044,2773798.403
B,1506,270087.3678,2772457.614
B,1507,269577.5163,2772966.933
B,1508,271057.8656,2767631.802
B,1509,264327.7026,2772635.999
B,1510,264327.7026,2772635.999
B,1511,264327.7026,2772635.999
B,1512,264327.7026,2772635.999
B,1513,264327.7026,2772635.999
B,1514,266174.6121,2772016.368
B,1515,264327.7026,2772635.999
B,1516,264327.7026,2772635.999
B,1517,260892.3217,2765816.393
B,1518,261987.3443,2773632.308
B,1519,266300.8696,2771253.536
B,1520,257494.3442,2763828.488
B,1521,266191.1266,2768073.885
B,1522,265557.9879,2776156.031
B,1523,261987.3443,2773632.308
B,1524,266027.5671,2774002.577
B,1525,266121.303,2768602.471
B,1526,265608.4132,2770843.957
B,1527,264143.3003,2766168.033
B,1528,264453.5268,2770823.493
B,1529,261987.3443,2773632.308
B,1530,266054.2865,2770738.788
B,1531,261121.9865,2763722.169
B,1532,266191.1266,2768073.885
B,1533,266513.5148,2769754.938
B,1534,261121.9865,2763722.169
B,1535,265934.0095,2773903.447
B,1536,265557.9879,2776156.031
B,1537,265241.1078,2767711.938
B,1538,266635.6371,2769030.64
B,1539,265227.7865,2775073.782
B,1540,264788.4663,2764433.224
B,1541,265934.0095,2773903.447
B,1542,265171.2074,2771728.507
B,1543,266519.3009,2767078.991
B,1544,265637.6087,2771809.369
B,1545,265934.0095,2773903.447
B,1546,265995.183,2774050.675
B,1547,261582.1305,2770551.498
B,1548,265720.3519,2770712.708
B,1549,261315.4605,2769990.622
B,1550,266627.5679,2769108.019
B,1551,266155.989,2768316.184
B,1552,265642.8445,2773730.247
B,1553,261121.9865,2763722.169
B,1554,261315.4605,2769990.622
B,1555,264923.3092,2771110.292
B,1556,266135.9535,2773341.889
B,1557,265483.9802,2768212.112
B,1558,265483.9802,2768212.112
B,1559,265492.4572,2770923.412
B,1560,261121.9865,2763722.169
B,1561,261987.3443,2773632.308
B,1562,266234.239,2768356.846
B,1563,266635.6371,2769030.64
B,1564,266259.3158,2768022.185
B,1565,262919.007,2775363.652
B,1566,265601.7076,2770453.319
B,1567,266558.0393,2769967.394
B,1568,265171.2074,2771728.507
B,1569,265768.4913,2766781.978
B,1570,263564.4087,2773934.019
B,1571,266191.1266,2768073.885
B,1572,261987.3443,2773632.308
B,1573,263430.4159,2771672.792
B,1574,266191.1266,2768073.885
B,1575,265768.4913,2766781.978
B,1576,265114.4409,2776438.176
B,1577,266191.1266,2768073.885
B,1578,266558.0393,2769967.394
B,1579,266022.0928,2773371.658
B,1580,266635.6371,2769030.64
B,1581,266022.0928,2773371.658
B,1582,266061.0898,2768140.607
B,1583,266061.0898,2768140.607
B,1584,265899.0009,2773892.744
B,1585,265448.6867,2770067.963
B,1586,266061.0898,2768140.607
B,1587,265383.4736,2772013.434
B,1588,265483.9802,2768212.112
B,1589,265601.0642,2771756.581
B,1590,266206.4668,2770156.482
B,1591,261651.3994,2770736.805
B,1592,261063.534,2770227.536
B,1593,266049.468,2773767.04
B,1594,260896.2663,2769924.367
B,1595,265492.4572,2770923.412
B,1596,265483.9802,2768212.112
B,1597,265766.1454,2769509.079
B,1598,266023.6506,2771313.584
B,1599,265532.1799,2768290.411
B,1600,265219.0549,2769896.147
B,1601,266635.6371,2769030.64
B,1602,266635.6371,2769030.64
B,1603,265884.3647,2767686.39
B,1604,263411.4113,2775727.128
B,1605,265551.8596,2768448.657
B,1606,266191.1266,2768073.885
B,1607,264798.247,2772518.104
B,1608,266038.8054,2768142.54
B,1609,265263.3116,2772493.25
B,1610,264843.6006,2766771.253
B,1611,265768.4913,2766781.978
B,1612,265662.6821,2767585.352
B,1613,265532.1799,2768290.411
B,1614,266686.0171,2765443.448
B,1615,265249.2742,2772727.657
B,1616,266435.5331,2770851.171
B,1617,266308.2204,2773062.218
B,1618,261632.0024,2770284.983
B,1619,266425.3047,2771368.654
B,1620,266425.3047,2771368.654
B,1621,265711.2889,2770525.799
B,1622,265587.9352,2770656.8
B,1623,265300.5814,2770773.998
B,1624,265171.2074,2771728.507
B,1625,265219.0549,2769896.147
B,1626,265219.0549,2769896.147
B,1627,266173.1749,2771248.852
B,1628,263476.6307,2774215.812
B,1629,264091.174,2773825.71
B,1630,264824.5681,2773312.905
B,1631,266143.6074,2773941.297
B,1632,265880.9857,2773660.662
B,1633,266317.2628,2770984.406
B,1634,262635.4701,2772022.055
B,1635,264755.9336,2771158.39
B,1636,265500.5327,2772004.662
B,1637,265500.5327,2772004.662
B,1638,264663.6398,2772691.533
B,1639,263528.0534,2778880.904
B,1640,265501.8916,2776274.356
B,1641,266298.6367,2772897.592
B,1642,265225.5514,2772598.626
B,1643,262108.9175,2776756.974
B,1644,265236.5815,2773339.276
B,1645,265705.1475,2776086.231
B,1646,265828.9814,2769563.855
B,1647,265219.0549,2769896.147
B,1648,264913.4658,2769611.717
B,1649,264791.1052,2771471.076
B,1650,261878.6322,2770102.92
B,1651,261878.6322,2770102.92
B,1652,265172.6956,2770911.176
B,1653,265943.9934,2770930.846
B,1654,264185.2325,2770944.597
B,1655,265698.0731,2768365.695
B,1656,260940.8079,2770242.318
B,1657,266286.2813,2771433.425
B,1658,265932.2998,2771067.356
B,1659,266554.6889,2770580.617
B,1660,266236.9375,2774156.795
B,1661,266317.2628,2770984.406
B,1662,266317.2628,2770984.406
B,1663,266317.2628,2770984.406
B,1664,266317.2628,2770984.406
B,1665,266152.0664,2771224.833
B,1666,266152.0664,2771224.833
B,1667,264975.1253,2771879.717
B,1668,265383.4472,2769902.631
B,1669,265383.4472,2769902.631
B,1670,265443.9494,2767815.398
B,1671,265443.9494,2767815.398
B,1672,259428.6276,2766639.127
B,1673,266635.6371,2769030.64
B,1674,265538.9348,2768425.164
B,1675,264763.3458,2768252.533
B,1676,264763.3458,2768252.533
B,1677,266191.1266,2768073.885
B,1678,266191.1266,2768073.885
B,1679,265854.6543,2769052.755
B,1680,262541.5614,2772926.011
B,1681,265873.9185,2768786.235
B,1682,263559.7715,2771044.737
B,1683,261336.7206,2770866.203
B,1684,266504.9888,2770555.535
B,1685,265884.3647,2767686.39
B,1686,265910.8756,2771289.918
B,1687,262624.3683,2776312.998
B,1688,265209.2507,2772261.456
B,1689,266033.4456,2773180.187
B,1690,265459.9706,2776090.449
B,1691,259600.0161,2766293.776
B,1692,265346.1407,2770939.889
B,1693,264674.6913,2766762.744
B,1694,263242.4794,2766214.846
B,1695,263907.8536,2771036.386
B,1696,264551.5364,2770880.427
B,1697,261913.9413,2769817.267
B,1698,262610.6478,2771453.964
B,1699,260103.4172,2768210.956
B,1700,261139.1992,2763591.209
B,1701,261139.1992,2763591.209
B,1702,264260.368,2769629.51
B,1703,266957.3181,2765858.939
B,1704,267052.2213,2765833.053
B,1705,256745.4665,2776008.522
B,1706,265971.1941,2770892.036
B,1707,265957.3913,2770923.192
B,1708,266360.8639,2770245.931
B,1709,265610.8679,2771398.572
B,1710,265718.0765,2769561.767
B,1711,266362.2011,2771309.448
B,1712,266362.2011,2771309.448
B,1713,265383.4472,2769902.631
B,1714,264543.1148,2771012.671
B,1715,331971.0029,2748592.593
B,1716,324599.4461,2739086.678
B,1717,327753.9759,2741778.395
B,1718,326467.9164,2738930.179
B,1719,327753.9759,2741778.395
B,1720,327753.9759,2741778.395
B,1721,327753.9759,2741778.395
B,1722,332625.7774,2748895.229
B,1723,324599.4461,2739086.678
B,1724,325595.9123,2745486.004
B,1725,329880.713,2749887.389
B,1726,324599.4461,2739086.678
B,1727,325050.1713,2738925.329
B,1728,323753.8134,2730863.79
B,1729,323753.8134,2730863.79
B,1731,313749.3792,2739388.282
B,1732,256550.327,2729607.765
B,1733,258938.481,2743881.272
B,1734,257077.0811,2744005.109
B,1735,256550.327,2729607.765
B,1736,256550.327,2729607.765
B,1737,256550.327,2729607.765
B,1738,256550.327,2729607.765
B,1739,255467.4944,2729055.165
B,1740,255844.4869,2730053.692
B,1741,256460.6345,2730118.009
B,1742,256550.327,2729607.765
B,1743,256460.6345,2730118.009
B,1744,256550.327,2729607.765
B,1745,269600.397,2738318.154
B,1746,256550.327,2729607.765
B,1747,256599.8553,2730353.392
B,1748,255997.735,2745145.464
B,1749,256550.327,2729607.765
B,1750,255921.7515,2730750.403
B,1751,255492.206,2728796.182
B,1752,256533.1127,2729371.019
B,1753,255492.206,2728796.182
B,1754,256550.327,2729607.765
B,1755,254343.5871,2742504.248
B,1756,256020.769,2745538.483
B,1757,257848.5202,2743020.307
B,1758,254343.5871,2742504.248
B,1759,256550.327,2729607.765
B,1760,256550.327,2729607.765
B,1761,246768.3159,2731737.275
B,1762,258303.0178,2729564.409
B,1763,268212.2454,2731474.236
B,1764,256550.327,2729607.765
B,1765,256333.6754,2729594.719
B,1766,256550.327,2729607.765
B,1767,258302.9146,2729564.3
B,1768,255894.8066,2745148.503
B,1769,257848.5202,2743020.307
B,1770,257911.6418,2728805.677
B,1771,246768.3159,2731737.275
B,1772,271547.8236,2734388.755
B,1773,269805.9526,2738459.232
B,1774,256569.5339,2729524.866
B,1775,265512.5808,2715086.587
B,1776,268212.2454,2731474.236
B,1777,256106.1839,2745248.719
B,1778,255894.8066,2745148.503
B,1779,255920.3817,2745198.919
B,1780,256319.4255,2731834.793
B,1781,265950.6957,2734593.954
B,1782,256044.8236,2744564.466
B,1783,256090.5992,2744933.588
B,1784,223848.7665,2763555.034
B,1785,248780.0542,2759803.643
B,1786,245100.9247,2758117.994
B,1787,244571.4461,2758132.048
B,1788,248765.3942,2754559.892
B,1789,246092.0249,2758667.32
B,1790,246639.2214,2755237.427
B,1791,244571.4461,2758132.048
B,1792,246592.6495,2756061.448
B,1793,223259.6193,2763350.535
B,1794,244571.4461,2758132.048
B,1795,224117.0986,2763701.941
B,1796,244571.4461,2758132.048
B,1797,246592.6495,2756061.448
B,1798,240575.1758,2757428.905
B,1799,255402.6086,2762921.33
B,1800,246833.9517,2755765.285
B,1801,244571.4461,2758132.048
B,1802,244571.4461,2758132.048
B,1803,244571.4461,2758132.048
B,1804,246092.0249,2758667.32
B,1805,244815.4331,2759810.772
B,1806,246142.7112,2759593.181
B,1807,246126.5881,2759792.317
B,1808,245153.5432,2758099.394
B,1809,244571.4461,2758132.048
B,1810,244571.4461,2758132.048
B,1811,244812.1399,2758639.3
B,1812,246089.0735,2759753
B,1813,244571.4461,2758132.048
B,1814,246952.6461,2758766.247
B,1815,247331.6424,2755397.911
B,1816,244571.4461,2758132.048
B,1817,244571.4461,2758132.048
B,1818,244571.4461,2758132.048
B,1819,244571.4461,2758132.048
B,1820,246142.7112,2759593.181
B,1821,240056.4579,2743528.927
B,1822,247568.8364,2757989.851
B,1823,251811.1212,2745933.346
B,1824,248187.2231,2755018.676
B,1825,248280.3104,2792372.584
B,1826,248280.3104,2792372.584
B,1827,248280.3104,2792372.584
B,1828,248280.3104,2792372.584
B,1829,248280.3104,2792372.584
B,1830,253687.5327,2791245.673
B,1831,248859.1711,2791397.209
B,1832,254023.9758,2792421.702
B,1833,253687.5327,2791245.673
B,1834,249954.3941,2789673.721
B,1835,248280.3104,2792372.584
B,1836,249645.9712,2820661.392
B,1852,246178.8717,2826736.103
B,1857,265634.369,2815452.339
B,1859,267534.1843,2815828.433
B,1862,302363.4523,2822476.919
B,1863,300573.5812,2778566.076
B,1864,311538.8629,2815085.527
B,1865,304808.7366,2791764.802
B,1866,302472.227,2803127.018
B,1867,284648.0981,2827363.426
B,1868,302486.6592,2803129.244
B,1869,320254.2089,2788273.508
B,1870,302612.7776,2802884.968
B,1871,310275.8066,2794623.729
B,1872,286323.8813,2799089.11
B,1873,299507.8571,2820288.945
B,1874,284585.4242,2827136.492
B,1875,305219.48,2791342.294
B,1876,305217.7019,2790994.533
B,1877,320254.2089,2788273.508
B,1878,305219.48,2791342.294
B,1879,304528.8684,2790375.363
B,1880,284648.0981,2827363.426
B,1881,317924.7758,2787482.118
B,1882,320254.2089,2788273.508
B,1883,302363.4523,2822476.919
B,1884,310201.6616,2794976.093
B,1885,302936.7336,2803119.772
B,1886,303790.2319,2804820.032
B,1887,305005.9723,2802740.433
B,1888,290911.0662,2799065.573
B,1889,308107.9731,2798957.352
B,1890,304528.8684,2790375.363
B,1891,311408.4159,2814930.476
B,1892,309247.5792,2818569.793
B,1893,312018.6802,2796393.541
B,1894,305219.48,2791342.294
B,1895,284585.4242,2827136.492
B,1896,311408.4159,2814930.476
B,1897,302973.6318,2804194.578
B,1898,287619.1862,2772766.492
B,1899,272783.8348,2783526.149
B,1900,274393.2994,2775592.969
B,1901,273916.7756,2776663.345
B,1902,270832.9948,2778899.774
B,1903,273941.1382,2782367.515
B,1904,272130.1188,2783910.309
B,1905,285776.2467,2772536.508
B,1906,269771.8797,2776707.412
B,1907,273122.7102,2776217.01
B,1908,292520.0786,2772601.7
B,1909,272827.414,2782881.106
B,1910,271299.3624,2776515.231
B,1911,270258.6672,2776304.238
B,1912,270832.9948,2778899.774
B,1913,270866.9401,2775999.884
B,1914,270832.9948,2778899.774
B,1915,271119.1547,2776805.386
B,1916,271141.1854,2778506.172
B,1917,271976.9791,2782760.821
B,1918,286041.5074,2771641.802
B,1919,271768.0329,2777852.465
B,1920,272130.1188,2783910.309
B,1921,273691.8925,2776454.107
B,1922,271573.9735,2777695.257
B,1923,273242.0544,2775935.546
B,1924,271119.1547,2776805.386
B,1925,276690.3334,2796037.946
B,1926,270809.5229,2777385.735
B,1927,272130.1188,2783910.309
B,1928,270409.9285,2778954.225
B,1929,264839.9585,2785138.501
B,1930,285776.2467,2772536.508
B,1931,273574.3026,2775262.47
B,1932,271462.8097,2778899.489
B,1933,270666.5026,2779300.526
B,1934,272617.519,2775957.48
B,1935,272644.0409,2782767.04
B,1936,272130.1188,2783910.309
B,1937,272922.5609,2775373.602
B,1938,270295.4289,2776371.66
B,1939,273175.4923,2776053.454
B,1940,271119.1547,2776805.386
B,1941,272827.414,2782881.106
B,1942,270462.6186,2777890.37
B,1943,272090.9456,2783523.327
B,1944,290140.7436,2775697.253
B,1945,274316.6133,2776457.151
B,1946,271119.1547,2776805.386
B,1947,285776.2467,2772536.508
B,1948,271775.3175,2776016.885
B,1949,285776.2467,2772536.508
B,1950,272185.9691,2777646.106
B,1951,285776.2467,2772536.508
B,1952,279460.3754,2795132.651
B,1953,272315.4395,2774995.654
B,1954,272076.8456,2776793.537
B,1955,272076.8456,2776793.537
B,1956,285776.2467,2772536.508
B,1957,271775.3175,2776016.885
B,1958,271775.3175,2776016.885
B,1959,274393.2994,2775592.969
B,1960,272023.084,2783500.529
B,1961,272466.8259,2783111.213
B,1962,272432.9118,2778806.103
B,1963,271836.5023,2783051.305
B,1964,270814.1779,2779124.497
B,1965,273931.3662,2776137.854
B,1966,272531.0488,2781223.035
B,1967,272057.7469,2776876.415
B,1968,272395.59,2783753.927
B,1969,272130.1188,2783910.309
B,1970,272130.1188,2783910.309
B,1971,269939.7574,2778066.309
B,1972,272712.4382,2776359.931
B,1973,282688.7472,2788902.556
B,1974,282688.7472,2788902.556
B,1975,280592.5502,2766171.568
B,1976,272756.2239,2764812.079
B,1977,275913.4373,2760864.005
B,1978,275913.4373,2760864.005
B,1979,270231.417,2758350.043
B,1980,274576.829,2762719.836
B,1981,277690.109,2766082.643
B,1982,275634.5671,2759261.545
B,1983,275634.5671,2759261.545
B,1984,276701.6291,2764677.745
B,1985,277617.3345,2765898.044
B,1986,276788.0164,2768380.098
B,1987,274531.1897,2765332.77
B,1988,276357.7969,2768758.241
B,1989,274397.0485,2762763.346
B,1990,269407.5182,2762786.476
B,1991,269903.3875,2766005.22
B,1992,276701.6291,2764677.745
B,1993,275634.5671,2759261.545
B,1994,274059.3977,2766278.808
B,1995,277633.6697,2765703.859
B,1996,273907.2112,2762089.589
B,1997,267385.2913,2761031.843
B,1998,271452.5062,2766467.284
B,1999,269864.5484,2759097.931
B,2000,273873.4264,2760874.529
B,2001,276788.0164,2768380.098
B,2002,274478.8668,2766919.035
B,2003,271317.0584,2766454.145
B,2004,276701.6291,2764677.745
B,2005,270230.2974,2764692.981
B,2006,273829.9783,2765590.458
B,2007,270360.876,2764637.487
B,2008,273523.4233,2763439.65
B,2009,280802.0459,2766068.153
B,2010,272459.2876,2762541.742
B,2011,270230.2974,2764692.981
B,2012,273868.4035,2761990.72
B,2013,276788.0164,2768380.098
B,2014,280407.8324,2764535.122
B,2015,275454.0826,2764284.936
B,2016,276773.469,2769022.49
B,2017,269805.7967,2765577.337
B,2018,274397.0485,2762763.346
B,2019,269083.3527,2762858.981
B,2020,269069.3508,2763933.697
B,2021,273829.9783,2765590.458
B,2022,273829.9783,2765590.458
B,2023,276788.0164,2768380.098
B,2024,263138.752,2752643.084
B,2025,270571.9191,2766013.496
B,2026,273873.4264,2760874.529
B,2027,273183.4324,2763672.445
B,2028,275640.4188,2767246.218
B,2029,280802.0459,2766068.153
B,2030,273868.4035,2761990.72
B,2031,276609.7763,2764699.855
B,2032,275376.6633,2764257.284
B,2033,274397.0485,2762763.346
B,2034,271283.7672,2766474.427
B,2035,270868.3299,2766284.127
B,2036,281590.4655,2765923.57
B,2037,276512.7864,2767133.863
B,2038,274311.9222,2763623.437
B,2039,276512.7864,2767133.863
B,2040,272459.2876,2762541.742
B,2041,269824.6651,2759111.787
B,2042,268896.7309,2765394.076
B,2043,275376.6633,2764257.284
B,2044,268980.5248,2765655.076
B,2045,273668.8669,2760606.967
B,2046,269411.1948,2765919.202
B,2047,273571.3551,2763558.868
B,2048,271851.389,2766640.811
B,2049,274384.4455,2765394.362
B,2050,269069.8183,2765111.008
B,2051,274384.4455,2765394.362
B,2052,277173.5915,2761628.411
B,2053,269614.0161,2765074.465
B,2054,270868.3299,2766284.127
B,2055,271628.4232,2765916.143
B,2056,274257.0339,2766205.179
B,2057,273571.3551,2763558.868
B,2058,268943.9185,2762755.613
B,2059,275376.6633,2764257.284
B,2060,269083.3527,2762858.981
B,2061,281563.9789,2764276.725
B,2062,273571.3551,2763558.868
B,2063,273583.4948,2765379.777
B,2064,274923.2594,2767204.592
B,2065,268768.1748,2762739.628
B,2066,275454.0826,2764284.936
B,2067,274278.3377,2763516.28
B,2068,273571.3551,2763558.868
B,2069,268768.1748,2762739.628
B,2070,277722.7123,2766174.244
B,2071,277772.852,2766326.459
B,2072,272756.2239,2764812.079
B,2073,274576.829,2762719.836
B,2074,273678.0121,2765055.081
B,2075,271848.0522,2767034.039
B,2076,277982.2611,2763011.382
B,2077,273986.8431,2764325.481
B,2078,270289.4965,2761139.454
B,2079,272425.497,2761437.709
B,2080,277168.6695,2767313.644
B,2081,272691.1989,2756894.271
B,2082,274938.9662,2758914.796
B,2083,274641.1296,2763974.167
B,2084,275667.731,2767501.414
B,2085,273196.398,2763412.372
B,2086,275553.2641,2763058.283
B,2087,275634.5671,2759261.545
B,2088,275634.5671,2759261.545
B,2089,266521.6986,2762760.887
B,2090,266521.6986,2762760.887
B,2091,277140.0968,2768404.05
B,2092,272567.4944,2761660.083
B,2093,272567.4944,2761660.083
B,2094,270360.759,2763185.025
B,2095,273841.1708,2765729.898
B,2096,277502.9189,2765712.19
B,2097,279296.5822,2766435.093
B,2098,271804.5815,2760922.108
B,2099,269903.3875,2766005.22
B,2100,266669.2031,2761563.086
B,2101,268282.4807,2761892.437
B,2102,269960.5676,2765255.25
B,2103,276211.6364,2766799.482
B,2104,275836.1968,2766973.511
B,2105,275517.8987,2767287.567
B,2106,278617.1393,2755301.808
B,2107,277936.0005,2748448.234
B,2108,277936.0005,2748448.234
B,2109,277936.0005,2748448.234
B,2110,277302.53,2747262.88
B,2111,283427.8446,2748174.952
B,2112,283285.8809,2760162.45
B,2113,282310.6763,2752225.071
B,2114,283211.3812,2748238.4
B,2115,278581.6071,2757395.177
B,2116,276948.2977,2743504.117
B,2117,283211.3812,2748238.4
B,2118,277876.6778,2754971.423
B,2119,278653.245,2757012.286
B,2120,278352.9599,2753042.646
B,2121,279639.0548,2753187.637
B,2122,278653.245,2757012.286
B,2123,281752.0419,2753179.317
B,2124,281969.2583,2748564.04
B,2125,276986.0595,2754972.882
B,2126,276686.525,2746261.715
B,2127,277659.9393,2754256.552
B,2128,279815.8509,2753408.747
B,2129,286255.9338,2762153.342
B,2130,277716.2322,2754618.652
B,2131,284007.1481,2748637.318
B,2132,279815.8509,2753408.747
B,2133,281275.7476,2753439.965
B,2134,276947.6184,2757012.296
B,2135,274974.0108,2745649.845
B,2136,281158.4742,2753572.029
B,2137,281693.5267,2762696.872
B,2138,282344.2404,2749565.439
B,2139,280164.9892,2759961.748
B,2140,277811.5628,2754738.557
B,2141,276721.9136,2750891.402
B,2142,281473.4984,2753932.125
B,2143,274974.0108,2745649.845
B,2144,276948.2977,2743504.117
B,2145,279815.8509,2753408.747
B,2146,277043.6448,2755282.769
B,2147,279815.8509,2753408.747
B,2148,277674.9333,2754971.028
B,2149,276948.2977,2743504.117
B,2150,276948.2977,2743504.117
B,2151,281291.7199,2760938.34
B,2152,295866.8348,2756360.243
B,2153,279815.8509,2753408.747
B,2154,277936.0005,2748448.234
B,2155,277302.53,2747262.88
B,2156,291713.0584,2755282.931
B,2157,283282.0143,2752076.77
B,2158,276947.6184,2757012.296
B,2159,276947.6184,2757012.296
B,2160,277657.0529,2754715.459
B,2161,278093.0574,2754375.876
B,2162,277273.7759,2754284.633
B,2163,280164.9892,2759961.748
B,2164,280440.1166,2742929.472
B,2165,278083.7029,2754240.951
B,2166,271418.0423,2739243.758
B,2167,276943.8585,2746420.772
B,2168,277657.0529,2754715.459
B,2169,277936.0005,2748448.234
B,2170,292696.3605,2754970.046
B,2171,281926.6821,2758804.945
C,139,315375.8383,2702145.441
C,164,213727.0399,2732394.005
C,165,218779.7646,2701975.192
C,166,213243.9999,2731708.789
C,169,249759.83,2695628.897
C,170,249759.83,2695628.897
C,175,249369.3206,2695244.761
C,176,276966.7153,2700389.1
C,177,276992.1387,2700360.664
C,178,276992.1387,2700360.664
C,184,292219.6392,2733478.317
C,185,274273.0855,2737156.876
C,186,289034.0821,2727084.357
C,187,274273.0855,2737156.876
C,188,289124.9214,2730639.678
C,189,289034.0821,2727084.357
C,190,288579.2402,2730214.537
C,191,291557.6914,2732801.899
C,192,289530.7989,2730119.198
C,193,291557.6914,2732801.899
C,194,289124.9214,2730639.678
C,195,292219.6392,2733478.317
C,305,238876.5186,2827093.573
C,307,239286.8678,2820954.53
C,309,238876.5186,2827093.573
C,310,237946.436,2822960.741
C,321,332460.4139,2824908.628
C,323,311864.1774,2820246.105
C,326,311864.1774,2820246.105
C,328,332460.4139,2824908.628
C,330,318137.3899,2825616.854
C,332,324985.0076,2820829.258
C,334,324985.0076,2820829.258
C,340,333903.8637,2816291.455
C,355,312333.6875,2756517.656
C,356,313073.4867,2757610.324
C,357,312145.0874,2762132.781
C,358,312043.2851,2742903.27
C,359,312333.6875,2756517.656
C,360,301385.6366,2757241.227
C,361,302194.3872,2761853.927
C,362,312330.579,2761982.892
C,363,312043.2851,2742903.27
C,364,312043.2851,2742903.27
C,365,302366.9502,2755580.472
C,366,312085.6519,2756650.889
C,367,298566.2848,2776614.686
C,368,270473.4573,2772797.928
C,369,269406.8724,2771600.397
C,370,267268.3469,2773566.213
C,371,268674.8357,2768898.666
C,372,267954.0371,2769616.359
C,373,268938.7145,2774529.748
C,374,268517.8731,2770778.695
C,375,267168.7659,2767487.699
C,376,269936.9095,2775501.915
C,377,267401.7976,2768357.317
C,378,271800.8418,2771419.91
C,379,267789.6468,2772411.678
C,380,268405.0641,2770217.097
C,381,270918.0902,2770433.247
C,382,269642.3363,2770584.143
C,383,267295.0814,2765284.026
C,384,267168.7725,2774456.244
C,385,268547.8998,2768808.726
C,386,272436.7358,2767600.134
C,387,271645.0226,2772424.737
C,388,270587.4734,2770537.646
C,389,267935.7874,2771275.514
C,390,273029.9532,2774089.013
C,391,268476.6203,2767754.171
C,392,268459.0202,2771148.275
C,393,269974.9265,2771442.135
C,394,267319.049,2769356.872
C,395,270695.914,2772154.747
C,396,269150.4529,2766358.113
C,397,267295.0814,2765284.026
C,398,272365.5773,2767644.647
C,399,268550.8592,2768810.56
C,400,268459.0202,2771148.275
C,401,268938.7145,2774529.748
C,402,268921.4903,2769672.988
C,403,271131.3529,2769452.827
C,404,268349.8483,2769628.48
C,405,267594.9661,2769728.184
C,406,267512.2633,2771524.528
C,407,271047.5061,2773164.256
C,408,268381.0278,2769847.593
C,409,267041.3005,2769915.259
C,410,266752.5669,2772405.43
C,411,270059.4607,2768055.252
C,412,267407.7991,2772041.507
C,413,271803.6268,2770269.706
C,414,268923.819,2768085.041
C,415,269923.7127,2771476.355
C,416,267720.8025,2771498.481
C,417,275471.3586,2769605.425
C,418,271765.5314,2770304.031
C,419,267594.9661,2769728.184
C,420,268756.6377,2769835.91
C,421,268547.8998,2768808.726
C,422,271047.5061,2773164.256
C,423,270695.914,2772154.747
C,424,270321.5444,2771420.23
C,425,271645.0226,2772424.737
C,426,268040.911,2770908.58
C,427,269479.3485,2769882.316
C,428,267594.9661,2769728.184
C,429,268995.5161,2771452.358
C,430,268459.0202,2771148.275
C,431,271026.9825,2767688.943
C,432,268844.1061,2770052.408
C,433,267310.9183,2773404.909
C,434,268299.7699,2769021.38
C,435,267935.7874,2771275.514
C,436,270340.7305,2775167.416
C,437,274600.9278,2770155.765
C,438,271026.9825,2767688.943
C,439,270879.4686,2770424.033
C,440,269936.9095,2775501.915
C,441,268938.7145,2774529.748
C,442,266752.5669,2772405.43
C,443,268889.9302,2766306.882
C,444,268405.0641,2770217.097
C,445,268219.1644,2769150.742
C,446,266752.5669,2772405.43
C,447,270333.1127,2775949.031
C,448,269949.0495,2772470.292
C,449,267610.5173,2771679.996
C,450,271585.1452,2772809.717
C,451,268783.9131,2770564.298
C,452,272588.6662,2767779.342
C,453,268461.7274,2770944.767
C,454,271047.5061,2773164.256
C,455,270321.5444,2771420.23
C,456,266726.7081,2769686.466
C,457,268868.2734,2767134.944
C,458,268040.911,2770908.58
C,459,267541.0978,2770751.406
C,460,268825.0206,2770040.32
C,461,268370.0101,2769888.561
C,462,271009.9762,2767608.11
C,463,270656.7534,2768830.905
C,464,269723.8062,2769805.275
C,465,270144.1414,2769649.479
C,466,268383.2526,2769162.92
C,467,269143.8254,2770485.291
C,468,268161.7393,2769878.353
C,469,268597.198,2769436.008
C,470,271665.9339,2772546.285
C,471,270992.0205,2774770.925
C,472,271026.9825,2767688.943
C,473,271843.8495,2770622.536
C,474,266726.7081,2769686.466
C,475,268054.1764,2774764.301
C,476,266726.7081,2769686.466
C,477,271800.8418,2771419.91
C,478,270992.0205,2774770.925
C,479,269143.8254,2770485.291
C,480,269189.969,2773350.707
C,481,267246.7355,2769912.975
C,482,268027.8009,2774323.468
C,483,266752.5669,2772405.43
C,484,268054.1764,2774764.301
C,485,271800.8418,2771419.91
C,486,267192.9627,2769720.069
C,487,268553.535,2770547.7
C,488,270990.1541,2770209.076
C,489,269143.8254,2770485.291
C,490,267295.0814,2765284.026
C,491,268844.1061,2770052.408
C,492,268373.9648,2771508.438
C,493,272062.6643,2772293.086
C,494,270644.4018,2774014.236
C,495,270324.4666,2768784.181
C,496,270918.7502,2775281.693
C,497,268383.2526,2769162.92
C,498,269087.6634,2769133.931
C,499,268776.3405,2766744.758
C,500,266361.1214,2774187.912
C,501,269329.104,2770862.375
C,502,269110.311,2768753.222
C,503,271470.7409,2773283.711
C,504,269186.3842,2770410.767
C,505,272333.8223,2767751.005
C,506,269311.9472,2766549.984
C,507,267003.1384,2769850.415
C,508,269811.8131,2771617.649
C,509,267295.0814,2765284.026
C,510,268547.8998,2768808.726
C,511,275471.3586,2769605.425
C,512,270218.5094,2770570.889
C,513,271187.9401,2773255.872
C,514,271300.4475,2775148.84
C,515,268597.198,2769436.008
C,516,275471.3586,2769605.425
C,517,270169.6335,2773747.07
C,518,267844.3739,2765488.465
C,519,272236.1128,2771604.684
C,520,272910.9126,2771472.984
C,521,272478.7087,2767913.485
C,522,271248.7443,2772529.669
C,523,266726.7081,2769686.466
C,524,268054.4993,2774368.006
C,525,267365.5581,2765437.087
C,526,272236.1128,2771604.684
C,527,269404.0393,2769566.095
C,528,269143.8254,2770485.291
C,529,269740.159,2771613.096
C,530,267594.9661,2769728.184
C,531,271902.8698,2772420.313
C,532,268868.2734,2767134.944
C,533,268064.3991,2775210.84
C,534,266726.7081,2769686.466
C,535,266726.7081,2769686.466
C,536,271217.7994,2771623.155
C,537,268678.9881,2774796.128
C,538,272238.8293,2773726.539
C,539,266642.0623,2770895.957
C,540,273529.9707,2770365.967
C,541,268197.4769,2770716.753
C,542,268197.4769,2770716.753
C,543,268197.4769,2770716.753
C,544,269367.9143,2773355.676
C,545,268443.5816,2769374.225
C,546,268497.7558,2769490.553
C,547,274225.8784,2771524.862
C,548,267333.1338,2772641.87
C,549,267333.1338,2772641.87
C,550,269991.4052,2776201.143
C,551,271205.6124,2771986.172
C,552,268454.5783,2767382.861
C,553,267067.9286,2773858.985
C,554,267067.9286,2773858.985
C,555,268647.607,2772083.045
C,556,266477.1773,2772523.842
C,557,266477.1773,2772523.842
C,558,269039.6663,2772295.38
C,559,267255.8663,2770176.237
C,560,267407.7991,2772041.507
C,561,267359.1851,2769887.455
C,562,268267.1093,2769852.074
C,563,266775.3337,2772975.431
C,564,266775.3337,2772975.431
C,565,267878.1238,2771256.769
C,566,267878.1238,2771256.769
C,567,267878.1238,2771256.769
C,568,267878.1238,2771256.769
C,569,268271.3964,2769301.234
C,570,267508.2248,2771400.036
C,571,267305.4385,2770798.196
C,572,267305.4385,2770798.196
C,573,268972.1448,2773309.624
C,574,272331.2949,2774512.785
C,575,268027.8009,2774323.468
C,576,268206.6721,2769158.379
C,577,267319.049,2769356.872
C,578,272891.9995,2768058.096
C,579,272075.1314,2774271.386
C,580,274089.9899,2771256.059
C,581,270089.6266,2771742.623
C,582,272874.1,2772633.61
C,583,267850.8787,2771886.795
C,584,269080.0519,2774054.712
C,585,269341.1191,2774552.411
C,586,269110.9558,2773298.519
C,587,267336.8425,2770988.049
C,588,267268.656,2770790.401
C,589,267268.656,2770790.401
C,590,267458.3527,2771127.494
C,591,269533.8207,2767574.182
C,592,268848.444,2766547.281
C,593,267644.6282,2770202.087
C,594,266895.944,2769994.536
C,595,267201.1154,2770808.397
C,596,267949.8865,2774466.31
C,597,264327.7026,2772635.999
C,598,264327.7026,2772635.999
C,599,264327.7026,2772635.999
C,600,264327.7026,2772635.999
C,601,264327.7026,2772635.999
C,602,264327.7026,2772635.999
C,603,264327.7026,2772635.999
C,604,266191.1266,2768073.885
C,605,262075.0018,2774189.773
C,606,262624.3683,2776312.998
C,607,265634.7711,2766516.528
C,608,263542.5572,2771648.019
C,609,266604.4343,2770017.578
C,610,261545.5076,2770477.997
C,611,265877.3074,2772669.988
C,612,265277.4391,2773877.385
C,613,266191.1266,2768073.885
C,614,265474.6774,2775578.645
C,615,265951.6932,2773845.738
C,616,266054.2865,2770738.788
C,617,266135.0107,2766924.426
C,618,265951.6932,2773845.738
C,619,266054.2865,2770738.788
C,620,265943.9934,2770930.846
C,621,266066.8442,2771942.857
C,622,264973.0283,2778407.485
C,623,264620.4283,2763290.009
C,624,266191.1266,2768073.885
C,625,264327.7026,2772635.999
C,626,266146.9826,2771051.819
C,627,265492.4572,2770923.412
C,628,265326.3084,2770790.511
C,629,265732.2278,2770775.229
C,630,265920.1289,2770981.679
C,631,265920.1289,2770981.679
C,632,265300.5814,2770773.998
C,633,265300.5814,2770773.998
C,634,266263.6522,2768783.553
C,635,265327.9383,2771836.743
C,636,266435.5331,2770851.171
C,637,264930.8264,2764823.415
C,638,265282.3656,2772256.984
C,639,264592.742,2767440.826
C,640,264936.4392,2773273.187
C,641,264936.4392,2773273.187
C,642,262610.6478,2771453.964
C,643,259580.6476,2766616.949
C,644,265152.8473,2772879.036
C,645,264392.1794,2774409.415
C,646,266435.5331,2770851.171
C,647,264330.435,2770986.419
C,648,263519.8416,2771205.124
C,649,263531.2958,2771370.937
C,650,265055.3971,2770947.66
C,651,265055.3971,2770947.66
C,652,265055.3971,2770947.66
C,653,266635.6371,2769030.64
C,654,264763.3458,2768252.533
C,655,264763.3458,2768252.533
C,656,265136.9354,2778602.252
C,657,266368.5534,2769963.541
C,658,266416.1316,2771717.562
C,659,265582.6897,2771256.873
C,660,265658.0915,2772525.916
C,661,264330.435,2770986.419
C,662,264553.2531,2773607.052
C,663,265897.0598,2773226.855
C,664,259486.061,2766390.091
C,665,264967.6478,2771533.419
C,666,266019.9848,2767084.09
C,667,251261.888,2775161.568
C,668,266102.7284,2770295.454
C,669,265624.4816,2771232.994
C,670,265718.0765,2769561.767
C,671,266243.7485,2771307.929
C,672,266319.1354,2773222.056
C,673,259580.6476,2766616.949
C,674,265943.9934,2770930.846
C,675,261075.1913,2763628.232
C,676,264237.0606,2776163.58
C,677,326467.9164,2738930.179
C,678,326369.2468,2740537.655
C,679,324457.6626,2739312.577
C,680,324457.6626,2739312.577
C,682,272013.5459,2735389.732
C,683,258302.9146,2729564.3
C,684,256460.6345,2730118.009
C,685,256550.327,2729607.765
C,686,256460.6345,2730118.009
C,687,258302.9146,2729564.3
C,688,256035.1317,2745223.709
C,689,256460.6345,2730118.009
C,690,258303.0178,2729564.409
C,691,256460.6345,2730118.009
C,692,256550.327,2729607.765
C,693,256550.327,2729607.765
C,694,268117.3764,2738920.045
C,695,269457.6843,2739215.677
C,696,256550.327,2729607.765
C,697,256289.27,2736937.484
C,698,269113.1001,2728924.728
C,699,255894.8066,2745148.503
C,700,256177.9185,2734855.087
C,701,256550.327,2729607.765
C,702,256550.327,2729607.765
C,703,256460.6345,2730118.009
C,704,256550.327,2729607.765
C,705,266012.8177,2727877.549
C,706,266012.8177,2727877.549
C,707,266012.8177,2727877.549
C,708,246180.0113,2757795.752
C,709,245602.3954,2758970.433
C,710,239928.2052,2743435.024
C,711,239181.5006,2751326.308
C,712,244571.4461,2758132.048
C,713,245610.9409,2758100.996
C,714,245565.5723,2758957.704
C,715,245565.5723,2758957.704
C,716,229631.0492,2746438.204
C,717,247144.4867,2756121.327
C,718,227602.5301,2789945.246
C,719,248045.2308,2791545.558
C,720,250067.8225,2790700.408
C,721,227691.8405,2787321.503
C,722,248301.194,2791370.107
C,723,248481.9168,2805679.887
C,724,257754.3494,2807147.714
C,725,264273.1314,2799619.396
C,733,305271.2478,2805861.767
C,734,308662.7841,2813839.087
C,735,311649.4066,2801080.545
C,736,320047.0672,2790253.45
C,737,320254.2089,2788273.508
C,738,320471.4664,2800424.544
C,739,311054.0222,2800698.662
C,740,302903.3547,2802662.109
C,741,312057.3823,2796445.518
C,742,311054.0222,2800698.662
C,743,320471.4664,2800424.544
C,744,320254.2089,2788273.508
C,745,312057.3823,2796445.518
C,746,302238.5324,2789825.267
C,747,308106.4361,2798976.763
C,748,304528.8684,2790375.363
C,749,284585.4242,2827136.492
C,750,312289.3406,2796725.033
C,751,308662.7841,2813839.087
C,752,290911.0662,2799065.573
C,753,304783.0215,2787832.934
C,754,286323.8813,2799089.11
C,755,305139.1931,2792296.844
C,756,272859.7068,2779639.514
C,757,272466.8259,2783111.213
C,758,271573.9735,2777695.257
C,759,279460.3754,2795132.651
C,760,273234.0159,2775955.848
C,761,272850.3511,2782020.563
C,762,271024.0982,2776259.435
C,763,271747.959,2776456.067
C,764,286229.8365,2771678.63
C,765,276063.3103,2782596.226
C,766,267134.0877,2784727.145
C,767,272850.3511,2782020.563
C,768,269711.9821,2777849.964
C,769,271573.9735,2777695.257
C,770,272127.3914,2782869.89
C,771,271191.262,2778219.754
C,772,271262.3948,2781705.323
C,773,279460.3754,2795132.651
C,774,271262.3948,2781705.323
C,775,272076.8456,2776793.537
C,776,271670.2376,2776178.222
C,777,272421.7923,2774782.551
C,778,273078.6237,2775302.851
C,779,285776.2467,2772536.508
C,780,272644.3512,2781863.102
C,781,272644.3512,2781863.102
C,782,270691.3223,2780204.272
C,783,266966.0321,2760723.757
C,784,279296.783,2766408.732
C,785,268106.5661,2764426.817
C,786,277617.3345,2765898.044
C,787,277599.3407,2766027.431
C,788,273509.046,2764823.617
C,789,270089.2677,2765298.744
C,790,275454.0826,2764284.936
C,791,274241.0735,2767636.376
C,792,275122.6012,2767615.974
C,793,273807.0419,2767250.937
C,794,270368.6222,2760603.665
C,795,276818.2955,2767105.159
C,796,274112.2411,2757055.767
C,797,275454.0826,2764284.936
C,798,273571.3551,2763558.868
C,799,276179.1873,2766643.214
C,800,270230.2974,2764692.981
C,801,270360.876,2764637.487
C,802,270230.2974,2764692.981
C,803,266918.6145,2763734.207
C,804,268906.2861,2765595.048
C,805,269725.7747,2765473.518
C,806,269878.5983,2764897.472
C,807,273843.2981,2766457.243
C,808,273454.7929,2764749.494
C,809,272425.497,2761437.709
C,810,280003.7786,2764770.319
C,811,269805.4453,2765472.399
C,812,273571.3551,2763558.868
C,813,277263.4642,2762173.024
C,814,277263.4642,2762173.024
C,815,268143.2887,2764889.302
C,816,276031.7,2766720.538
C,817,273921.3849,2766574.634
C,818,274923.2594,2767204.592
C,819,270868.3299,2766284.127
C,820,269825.165,2765804.074
C,821,266966.0321,2760723.757
C,822,279296.783,2766408.732
C,823,273381.6757,2761801.402
C,824,269627.9307,2762311.023
C,825,274267.2423,2756894.535
C,826,267986.751,2760816.86
C,827,272132.9346,2762258.828
C,828,274119.7266,2762785.978
C,829,274119.7266,2762785.978
C,830,274119.7266,2762785.978
C,831,271804.5815,2760922.108
C,832,278617.1393,2755301.808
C,833,283004.0474,2752860.22
C,834,283004.0474,2752860.22
C,835,278601.2188,2751823.748
C,836,278601.2188,2751823.748
C,837,276947.6184,2757012.296
C,838,294258.0907,2759557.609
C,839,281795.0447,2749739.007
C,840,281795.0447,2749739.007
C,841,282346.7201,2752024.165
C,842,282310.6763,2752225.071
C,843,278053.962,2754239.437
C,844,282519.5376,2748462.379
C,845,283004.0474,2752860.22
C,846,274773.8227,2740276.08
C,847,274773.8227,2740276.08
C,848,277657.0529,2754715.459
C,849,281248.358,2753707.001
C,850,277657.0529,2754715.459
C,851,278093.0574,2754375.876
C,852,277758.7467,2755028.845
C,853,275070.843,2740155.006
C,854,280791.512,2748763.895
C,855,292696.3605,2754970.046
D,214,315945.5614,2705642.657
D,224,315945.5614,2705642.657
D,275,214437.8071,2732029.257
D,276,213727.0399,2732394.005
D,277,232747.8125,2730101.717
D,278,213473.6848,2731342.643
D,279,212806.8109,2732204.173
D,280,213473.6848,2731342.643
D,281,213473.6848,2731342.643
D,283,212507.8282,2732524.1
D,284,213473.6848,2731342.643
D,286,249759.83,2695628.897
D,287,249759.83,2695628.897
D,288,249759.83,2695628.897
D,289,251336.9759,2695241.702
D,291,251129.5852,2695990.414
D,292,251131.4496,2695998.249
D,294,250663.52,2695894.152
D,295,250734.7003,2695768.661
D,296,252342.247,2696203.535
D,297,251129.5852,2695990.414
D,298,251778.6249,2696480.757
D,303,276992.1387,2700360.664
D,304,277177.7475,2700374.895
D,305,276992.1387,2700360.664
D,320,287582.7443,2728354.862
D,321,295908.7359,2732090.265
D,322,288795.9776,2726955.902
D,323,288795.9776,2726955.902
D,324,289034.0821,2727084.357
D,325,291597.2361,2729813.474
D,326,289034.0821,2727084.357
D,327,289447.7333,2729401.717
D,328,288795.9776,2726955.902
D,329,289080.4028,2729781.785
D,330,289447.7333,2729401.717
D,331,289447.7333,2729401.717
D,332,295386.9959,2736996.36
D,333,295908.7359,2732090.265
D,334,288135.7633,2729562.382
D,335,295908.7359,2732090.265
D,336,272570.3215,2734259.911
D,337,291326.156,2724947.091
D,338,273398.1843,2735611.302
D,481,227599.4164,2778269.215
D,496,228345.6277,2810044.105
D,522,325050.527,2815623.187
D,523,324294.5308,2821877.169
D,524,325514.0851,2826877.991
D,525,324294.5308,2821877.169
D,530,324294.5308,2821877.169
D,531,318137.3899,2825616.854
D,533,313317.9184,2820298.422
D,535,328243.0696,2826920.687
D,537,318137.3899,2825616.854
D,539,318137.3899,2825616.854
D,557,302194.3872,2761853.927
D,558,301034.8482,2765035.436
D,559,301034.8482,2765035.436
D,560,311227.4488,2748977.217
D,561,313147.7085,2758179.305
D,562,313147.7085,2758179.305
D,563,312191.7535,2760069.406
D,564,302528.6734,2761851.765
D,565,313147.7085,2758179.305
D,566,311987.5094,2759317.528
D,567,312788.6733,2756616.027
D,568,312333.6875,2756517.656
D,569,312333.6875,2756517.656
D,570,312087.9399,2756537.524
D,571,312201.2039,2757342.939
D,572,312426.6435,2757501.494
D,573,312788.6733,2756616.027
D,574,313051.2524,2757535.514
D,575,312563.8315,2757774.701
D,576,312763.2333,2757432.421
D,577,312562.8468,2756592.63
D,578,315346.985,2763296.474
D,579,312408.5906,2756949.251
D,580,313523.271,2763633.493
D,581,315523.8046,2757381.086
D,582,302194.3872,2761853.927
D,583,302194.3872,2761853.927
D,584,271201.0009,2772201.245
D,585,270932.3422,2771357.298
D,586,269396.3547,2769982.315
D,587,266341.7928,2777966.637
D,588,266341.7928,2777966.637
D,589,270185.5961,2772676.674
D,590,266341.7928,2777966.637
D,591,268638.5913,2773676.436
D,592,272196.2412,2774645.25
D,593,271883.7782,2769984.79
D,594,269667.4172,2769143.649
D,595,270107.8949,2770681.241
D,596,269085.9791,2772276.09
D,597,268540.5707,2773699.819
D,598,271735.0819,2773800.897
D,599,267688.5619,2771887.894
D,600,267770.8239,2771732.677
D,601,272381.3556,2768325.343
D,602,267401.7976,2768357.317
D,603,268582.5469,2769071.775
D,604,272422.8836,2770508.929
D,605,269747.7218,2768078.674
D,606,268721.8316,2771077.551
D,607,269270.9074,2774578.533
D,608,268040.911,2770908.58
D,609,267259.1203,2770858.828
D,610,271363.3623,2770000.584
D,611,268167.0552,2771582.874
D,612,268684.1372,2770401.977
D,613,269734.3618,2766469.727
D,614,270905.0985,2771151.224
D,615,271472.3401,2774240.474
D,616,272196.2412,2774645.25
D,617,271907.3822,2772074.27
D,618,267688.5619,2771887.894
D,619,271288.33,2767405.423
D,620,267375.7126,2774983.871
D,621,268582.5469,2769071.775
D,622,267770.8239,2771732.677
D,623,268677.8728,2770771.219
D,624,270444.8368,2770917.375
D,625,269747.7218,2768078.674
D,626,270918.8324,2774475.83
D,627,267618.1336,2770003.84
D,628,267688.5619,2771887.894
D,629,267289.4634,2769208.657
D,630,267375.7126,2774983.871
D,631,270678.2383,2775359.542
D,632,271883.7782,2769984.79
D,633,272092.972,2767368.827
D,634,270747.4298,2766572.723
D,635,267150.662,2769815.208
D,636,271770.3582,2770079.326
D,637,269767.1141,2769109.832
D,638,267661.176,2768877.521
D,639,268582.5469,2769071.775
D,640,271363.3623,2770000.584
D,641,268493.9145,2767767.619
D,642,268840.0167,2774113.967
D,643,267688.5619,2771887.894
D,644,267845.8418,2767711.01
D,645,272196.2412,2774645.25
D,646,268867.6059,2770408.844
D,647,268259.1155,2769803.45
D,648,268361.2066,2767665.477
D,649,268918.2521,2766572.476
D,650,270217.0809,2771313.831
D,651,273550.2599,2768184.917
D,652,270017.5571,2770706.588
D,653,267230.5412,2770248.369
D,654,270335.6329,2771591.538
D,655,271645.0226,2772424.737
D,656,268868.2734,2767134.944
D,657,270017.5571,2770706.588
D,658,269599.0678,2773821.415
D,659,271790.6288,2770349.821
D,660,270432.701,2770135.434
D,661,271645.0226,2772424.737
D,662,270155.7005,2773255.718
D,663,267968.759,2774436.511
D,664,269935.3656,2772239.468
D,665,270395.8737,2770046.845
D,666,269185.2195,2774680.163
D,667,267181.2393,2770211.087
D,668,268794.8253,2773317.837
D,669,267643.9001,2773758.509
D,670,268203.5305,2770799.765
D,671,267753.9149,2773769.711
D,672,270220.7726,2770249.371
D,673,267552.0159,2771511.218
D,674,270654.6972,2770464.486
D,675,267845.8418,2767711.01
D,676,270618.5334,2770481.384
D,677,267319.049,2769356.872
D,678,268521.8809,2770598.215
D,679,270905.0985,2771151.224
D,680,268582.5469,2769071.775
D,681,267842.1322,2775109.013
D,682,268944.8951,2772415.893
D,683,268349.8483,2769628.48
D,684,266912.9284,2772496.997
D,685,267319.049,2769356.872
D,686,268836.9708,2769487.579
D,687,266977.3001,2771809.148
D,688,272974.6619,2773902.323
D,689,270788.153,2770186.756
D,690,268850.0549,2771811.101
D,691,270940.8515,2774200.412
D,692,272956.7225,2772114.839
D,693,270177.2822,2770742.795
D,694,271209.4482,2772901.231
D,695,268459.0202,2771148.275
D,696,272764.1345,2770691.077
D,697,271015.3292,2773189.73
D,698,268570.4834,2771988.051
D,699,267686.3414,2769264.848
D,700,271645.0226,2772424.737
D,701,269964.1838,2773343.833
D,702,271800.8418,2771419.91
D,703,268684.1372,2770401.977
D,704,268698.6482,2770769.869
D,705,272764.1345,2770691.077
D,706,267691.9386,2770217.351
D,707,271424.9429,2771489.697
D,708,268786.4638,2766071.038
D,709,269767.1141,2769109.832
D,710,267691.9386,2770217.351
D,711,270857.4912,2773702.582
D,712,269936.9095,2775501.915
D,713,268137.5539,2770820.721
D,714,270625.3513,2770268.169
D,715,267688.5619,2771887.894
D,716,270992.0205,2774770.925
D,717,267845.8418,2767711.01
D,718,268897.6659,2771814.728
D,719,268450.1058,2773924.433
D,720,270410.5701,2767207.256
D,721,271704.6038,2768289.09
D,722,269897.4255,2772910.887
D,723,272764.1345,2770691.077
D,724,267845.8418,2767711.01
D,725,271014.3492,2774351.661
D,726,270444.8368,2770917.375
D,727,272588.6662,2767779.342
D,728,267230.5412,2770248.369
D,729,268570.954,2770401.9
D,730,268850.0549,2771811.101
D,731,267289.4634,2769208.657
D,732,268933.1929,2766572.113
D,733,268137.5539,2770820.721
D,734,269946.4615,2772969.347
D,735,266726.7081,2769686.466
D,736,267080.0697,2770430.129
D,737,272374.4694,2770499.651
D,738,269599.0678,2773821.415
D,739,268000.8919,2773928.412
D,740,268194.2165,2771268.021
D,741,271506.1917,2770644.029
D,742,270185.1986,2770115.327
D,743,267770.8239,2771732.677
D,744,272764.1345,2770691.077
D,745,270651.5831,2773937.097
D,746,268167.0552,2771582.874
D,747,271143.5599,2774334.532
D,748,271209.4482,2772901.231
D,749,267658.815,2768227.831
D,750,267658.815,2768227.831
D,751,270155.7005,2773255.718
D,752,266996.105,2767370.845
D,753,269143.8254,2770485.291
D,754,269002.0937,2771876.791
D,755,270992.0205,2774770.925
D,756,267691.9386,2770217.351
D,757,274089.9899,2771256.059
D,758,268271.3964,2769301.234
D,759,270339.0735,2769827.275
D,760,268271.3964,2769301.234
D,761,270601.8113,2770014.794
D,762,269496.5328,2769961.261
D,763,270890.5026,2773474.52
D,764,271859.2237,2767739.856
D,765,270377.0774,2771768.702
D,766,267319.049,2769356.872
D,767,270155.7005,2773255.718
D,768,269439.5393,2770137.868
D,769,269907.6224,2772366.268
D,770,267622.2443,2770085.222
D,771,270263.5232,2776215.169
D,772,272458.9437,2770103.963
D,773,269823.1183,2767980.55
D,774,268836.9708,2769487.579
D,775,268401.9984,2773849.561
D,776,268271.3964,2769301.234
D,777,267910.3813,2769994.549
D,778,269496.5328,2769961.261
D,779,268563.8235,2767465.011
D,780,268194.2165,2771268.021
D,781,269693.5889,2766471.411
D,782,267687.8871,2770210.66
D,783,270501.4646,2766828.512
D,784,270829.3859,2769569.259
D,785,269747.7218,2768078.674
D,786,267181.2393,2770211.087
D,787,271363.3623,2770000.584
D,788,267430.8231,2770175.03
D,789,270829.3859,2769569.259
D,790,269778.5089,2769222.784
D,791,271012.9779,2769305.984
D,792,270339.0735,2769827.275
D,793,269693.8141,2772743.22
D,794,270829.3859,2769569.259
D,795,268218.5442,2771178.62
D,796,270289.9645,2776197.214
D,797,269285.4216,2771222.828
D,798,270220.7726,2770249.371
D,799,271215.2406,2771000.632
D,800,268668.4632,2774044.955
D,801,272657.6239,2772751.799
D,802,271848.1715,2773326.595
D,803,268379.9923,2769161.202
D,804,270675.7192,2774687.921
D,805,271731.6338,2771084.63
D,806,271704.6038,2768289.09
D,807,272381.3556,2768325.343
D,808,268825.0206,2770040.32
D,809,271419.799,2773026.695
D,810,268025.0698,2771277.543
D,811,270837.5142,2766952.421
D,812,270182.0117,2774164.089
D,813,271323.9288,2769918.797
D,814,268889.9302,2766306.882
D,815,268868.2753,2767135.055
D,816,266959.5646,2772880.967
D,817,271323.9288,2769918.797
D,818,272297.059,2770549.701
D,819,271215.2406,2771000.632
D,820,271704.6038,2768289.09
D,821,271752.0723,2770453.192
D,822,272735.8411,2770835.164
D,823,270992.0205,2774770.925
D,824,270905.0985,2771151.224
D,825,270169.6335,2773747.07
D,826,269433.6968,2769755.868
D,827,271047.5061,2773164.256
D,828,268938.7145,2774529.748
D,829,268582.5469,2769071.775
D,830,269190.0789,2771184.767
D,831,269975.7429,2771274.898
D,832,271014.3492,2774351.661
D,833,271215.2406,2771000.632
D,834,268576.4452,2770243.337
D,835,269496.5328,2769961.261
D,836,268471.0784,2769102.033
D,837,267734.2896,2770202.224
D,838,271467.1631,2770863.766
D,839,268389.2743,2770941.009
D,840,268844.1061,2770052.408
D,841,267773.2249,2769291.297
D,842,271703.7784,2769267.163
D,843,268825.0206,2770040.32
D,844,271363.3623,2770000.584
D,845,270089.6266,2771742.623
D,846,270606.9935,2769908.545
D,847,269496.5328,2769961.261
D,848,270560.2991,2766825.973
D,849,267358.8152,2766091.917
D,850,267618.1336,2770003.84
D,851,268684.1372,2770401.977
D,852,268401.9984,2773849.561
D,853,272061.6446,2771851.28
D,854,272735.8411,2770835.164
D,855,267182.5179,2765026.071
D,856,274075.1197,2771467.738
D,857,267734.2896,2770202.224
D,858,268000.2073,2771531.408
D,859,268161.7393,2769878.353
D,860,268938.7145,2774529.748
D,861,270391.0745,2771604.568
D,862,267554.1361,2770473.471
D,863,268836.9708,2769487.579
D,864,270169.7861,2770669.339
D,865,271467.1631,2770863.766
D,866,270788.153,2770186.756
D,867,271215.2406,2771000.632
D,868,270932.3422,2771357.298
D,869,269396.3547,2769982.315
D,870,267970.762,2774435.59
D,871,267968.759,2774436.511
D,872,270240.1814,2771336.714
D,873,270240.1814,2771336.714
D,874,273529.9707,2770365.967
D,875,273529.9707,2770365.967
D,876,272650.6528,2767559.785
D,877,273600.4706,2773428.601
D,878,271475.6426,2773317.207
D,879,269620.6491,2772439.596
D,880,269989.2965,2770755.048
D,881,269989.2965,2770755.048
D,882,271721.0941,2773791.379
D,883,271047.5061,2773164.256
D,884,266726.7081,2769686.466
D,885,270867.1231,2769850.654
D,886,272650.6528,2767559.785
D,887,272381.3556,2768325.343
D,888,272219.3325,2770949.933
D,889,271640.157,2771120.291
D,890,270248.9364,2769936.948
D,891,269592.3312,2770001.976
D,892,271520.6985,2771299.707
D,893,270390.0312,2767156.847
D,894,269246.1735,2770405.878
D,895,269936.9095,2775501.915
D,896,269155.7288,2775263.125
D,897,271731.6338,2771084.63
D,898,270882.0408,2775691.558
D,899,268267.1093,2769852.074
D,900,267574.8734,2766467.798
D,901,268868.2734,2767134.944
D,902,271103.3857,2771434.58
D,903,271057.5587,2769309.116
D,904,271010.5132,2769550.486
D,905,267122.3444,2774054.539
D,906,269489.9035,2770417.941
D,907,267682.441,2770216.959
D,908,266873.3726,2772976.526
D,909,271112.9391,2770751.902
D,910,271112.9391,2770751.902
D,911,266697.9544,2772818.835
D,912,271853.9734,2768096.88
D,913,268721.9416,2771286.663
D,914,268137.5539,2770820.721
D,915,266713.5557,2770388.4
D,916,266813.2852,2770777.115
D,917,266858.4014,2771609.819
D,918,270981.3472,2767689.486
D,919,270876.0297,2767238.013
D,920,271731.6338,2771084.63
D,921,271181.6244,2767419.62
D,922,272920.6777,2774018.47
D,923,270298.2251,2770832.295
D,924,270252.5394,2771339.165
D,925,271047.5061,2773164.256
D,926,271731.6338,2771084.63
D,927,270357.7309,2771656.881
D,928,272760.8956,2772346.045
D,929,267804.0485,2771739.205
D,930,268721.9416,2771286.663
D,931,268984.3666,2771813.593
D,932,267120.7322,2773475.422
D,933,269183.2689,2773837.534
D,934,268182.6397,2774293.905
D,935,267906.965,2771676.393
D,936,267804.2856,2772204.086
D,937,267804.2856,2772204.086
D,938,267367.4444,2771948.331
D,939,269334.8475,2771011.106
D,940,268019.3392,2771338.369
D,941,267357.1384,2773948.577
D,942,266424.0611,2773802.176
D,943,267640.0992,2770030.838
D,944,267244.552,2767786.95
D,945,269087.6634,2769133.931
D,946,269087.6634,2769133.931
D,947,269370.762,2768270.426
D,948,266634.9797,2770741.485
D,949,268663.2754,2769193.97
D,950,269349.7109,2770390.83
D,951,272820.4483,2773312.514
D,952,267351.5686,2772531.239
D,953,266293.8378,2772554.978
D,954,264327.7026,2772635.999
D,955,264327.7026,2772635.999
D,956,264327.7026,2772635.999
D,957,264327.7026,2772635.999
D,958,264327.7026,2772635.999
D,959,264327.7026,2772635.999
D,960,264327.7026,2772635.999
D,961,264327.7026,2772635.999
D,962,260892.3217,2765816.393
D,963,266707.9436,2768808.079
D,964,264327.7026,2772635.999
D,965,264327.7026,2772635.999
D,966,264327.7026,2772635.999
D,967,264327.7026,2772635.999
D,968,264327.7026,2772635.999
D,969,265332.6427,2770753.721
D,970,265314.467,2774480.392
D,971,266195.8826,2766976.024
D,972,265289.9306,2774526.805
D,973,265527.5019,2771876.201
D,974,265567.3897,2770759.773
D,975,265663.8013,2770923.905
D,976,266061.0898,2768140.607
D,977,266264.682,2766847.406
D,978,265731.3508,2772259.464
D,979,264536.3351,2767203.089
D,980,263208.1317,2772966.068
D,981,265383.4472,2769902.631
D,982,266513.5148,2769754.938
D,983,264883.9045,2775272.65
D,984,265924.5963,2768472.966
D,985,266188.8733,2771876.49
D,986,266195.8826,2766976.024
D,987,266513.5148,2769754.938
D,988,265731.3508,2772259.464
D,989,266188.8733,2771876.49
D,990,262702.9287,2773253.678
D,991,266253.1799,2771705.391
D,992,266054.2865,2770738.788
D,993,266253.1799,2771705.391
D,994,265967.9843,2773989.193
D,995,265608.4132,2770843.957
D,996,262702.9287,2773253.678
D,997,265620.1194,2768012.628
D,998,266670.9054,2767180.573
D,999,266558.0393,2769967.394
D,1000,265483.9802,2768212.112
D,1001,265314.467,2774480.392
D,1002,261431.4797,2770198.717
D,1003,263564.4087,2773934.019
D,1004,266604.4343,2770017.578
D,1005,261376.5043,2768531.005
D,1006,261987.3443,2773632.308
D,1007,266513.5148,2769754.938
D,1008,265778.3973,2765992.107
D,1009,261431.4797,2770198.717
D,1010,266059.0332,2773847.996
D,1011,266558.0393,2769967.394
D,1012,266502.0992,2768312.816
D,1013,266541.643,2768322.225
D,1014,267015.787,2766172.668
D,1015,265312.5998,2774987.543
D,1016,265483.9802,2768212.112
D,1017,262607.9205,2772614.662
D,1018,265731.3508,2772259.464
D,1019,263020.6034,2771363.724
D,1020,265662.6821,2767585.352
D,1021,265483.9802,2768212.112
D,1022,265662.6821,2767585.352
D,1023,262658.0811,2772758.968
D,1024,264268.9745,2773162.137
D,1025,266541.643,2768322.225
D,1026,261117.8947,2763719.248
D,1027,266191.1266,2768073.885
D,1028,265642.8445,2773730.247
D,1029,262658.0811,2772758.968
D,1030,265483.9802,2768212.112
D,1031,266191.1266,2768073.885
D,1032,265171.2074,2771728.507
D,1033,263938.4761,2774381.356
D,1034,263878.272,2772127.83
D,1035,266191.1266,2768073.885
D,1036,265884.3647,2767686.39
D,1037,265662.6821,2767585.352
D,1038,266493.5562,2767138.608
D,1039,263865.8105,2766774.026
D,1040,266191.1266,2768073.885
D,1041,266522.9948,2766674.216
D,1042,263564.4087,2773934.019
D,1043,266541.643,2768322.225
D,1044,265662.6821,2767585.352
D,1045,266293.8378,2772554.978
D,1046,264327.7026,2772635.999
D,1047,265762.0389,2772459.301
D,1048,263943.5272,2775343.319
D,1049,262647.7129,2773120.432
D,1050,265988.7087,2771012.641
D,1051,266032.1662,2770779.506
D,1052,265492.4572,2770923.412
D,1053,266191.1266,2768073.885
D,1054,263164.1973,2774296.041
D,1055,264300.2202,2769691.991
D,1056,264330.435,2770986.419
D,1057,262610.6478,2771453.964
D,1058,264654.524,2773467.996
D,1059,265289.9306,2774526.805
D,1060,263242.4794,2766214.846
D,1061,264758.2108,2771870.488
D,1062,265476.7345,2776149.672
D,1063,265662.6821,2767585.352
D,1064,266311.2743,2771648.986
D,1065,266451.3552,2771191.783
D,1066,261006.8428,2770173.005
D,1067,266278.3919,2771544.602
D,1068,263547.8855,2774698.318
D,1069,265448.348,2776130.545
D,1070,265246.2336,2766657.505
D,1071,263242.4794,2766214.846
D,1072,265879.1813,2773185.05
D,1073,264282.4534,2770990.904
D,1074,261376.5043,2768531.005
D,1075,261139.1992,2763591.209
D,1076,265545.4867,2763538.669
D,1077,266050.9185,2771213.932
D,1078,318491.332,2721988.307
D,1079,326467.9164,2738930.179
D,1080,327753.9759,2741778.395
D,1082,318491.332,2721988.307
D,1083,323753.8134,2730863.79
D,1084,325438.976,2739291.183
D,1085,324029.623,2740134.328
D,1086,324921.1835,2739235.804
D,1087,312773.2117,2741130.125
D,1088,258938.481,2743881.272
D,1089,256550.327,2729607.765
D,1090,257848.5202,2743020.307
D,1091,255997.735,2745145.464
D,1092,255997.735,2745145.464
D,1093,256011.318,2745118.404
D,1094,257848.5202,2743020.307
D,1095,257826.9048,2727180.088
D,1096,272215.5354,2730777.551
D,1097,256011.318,2745118.404
D,1098,257826.9048,2727180.088
D,1099,256550.327,2729607.765
D,1100,256011.318,2745118.404
D,1101,257848.5202,2743020.307
D,1102,257848.5202,2743020.307
D,1103,256550.327,2729607.765
D,1104,256550.327,2729607.765
D,1105,257127.6856,2743971.748
D,1106,256550.327,2729607.765
D,1107,268386.6659,2736555.648
D,1108,255994.0512,2735509.186
D,1109,251209.9379,2742897.466
D,1110,258082.0401,2743367.3
D,1111,271547.9565,2733899.302
D,1112,256550.327,2729607.765
D,1113,256066.0756,2745257.407
D,1114,256928.702,2726394.049
D,1115,244571.4461,2758132.048
D,1116,246142.7112,2759593.181
D,1117,248187.2231,2755018.676
D,1118,248765.3942,2754559.892
D,1119,247687.6651,2755269.675
D,1120,246592.6495,2756061.448
D,1121,247794.6295,2755286.553
D,1122,244571.4461,2758132.048
D,1123,247331.6424,2755397.911
D,1124,244812.1399,2758639.3
D,1125,244462.7572,2757750.247
D,1126,247331.6424,2755397.911
D,1127,230229.3509,2769727.793
D,1128,255377.8507,2761817.487
D,1129,255377.8507,2761817.487
D,1130,244323.3943,2758174.905
D,1131,247331.6424,2755397.911
D,1132,248045.2308,2791545.558
D,1133,244407.2992,2802963.172
D,1134,248045.2308,2791545.558
D,1135,248045.2308,2791545.558
D,1136,248045.2308,2791545.558
D,1137,241854.9098,2796521.328
D,1138,228341.3311,2801574.143
D,1139,247666.8746,2791342.455
D,1140,248030.366,2791787.018
D,1141,264048.8576,2800339.585
D,1142,249814.3022,2784504.933
D,1143,249204.8967,2792174.983
D,1145,247913.5069,2825026.999
D,1148,247913.5069,2825026.999
D,1152,268805.4982,2819913.293
D,1153,266471.0193,2816768.658
D,1156,302823.2759,2803940.234
D,1157,299507.8571,2820288.945
D,1158,284585.4242,2827136.492
D,1159,299507.8571,2820288.945
D,1160,305498.1082,2804332.341
D,1161,304783.0215,2787832.934
D,1162,305498.1082,2804332.341
D,1163,304528.8684,2790375.363
D,1164,305498.1082,2804332.341
D,1165,302936.7336,2803119.772
D,1166,304970.3907,2800057.668
D,1167,305498.1082,2804332.341
D,1168,286323.8813,2799089.11
D,1169,312057.3823,2796445.518
D,1170,305219.48,2791342.294
D,1171,304970.3907,2800057.668
D,1172,304970.3907,2800057.668
D,1173,308353.9991,2801208.747
D,1174,302823.2759,2803940.234
D,1175,302936.7336,2803119.772
D,1176,304979.5636,2804505.151
D,1177,286323.8813,2799089.11
D,1178,311956.277,2796549.518
D,1179,302331.1435,2803421.596
D,1180,305005.9723,2802740.433
D,1181,278796.9055,2802533.732
D,1182,278796.9055,2802533.732
D,1183,274178.3551,2776389.976
D,1184,271603.8665,2779151.889
D,1185,272924.9023,2775290.008
D,1186,272127.3914,2782869.89
D,1187,272834.7,2775158.311
D,1188,272316.1693,2787778.603
D,1189,273582.7869,2774351.429
D,1190,271976.9791,2782760.821
D,1191,271976.9791,2782760.821
D,1192,272187.0409,2775797.56
D,1193,279680.3752,2796653.859
D,1194,271101.8038,2777778.321
D,1195,273272.8579,2775936.917
D,1196,270911.1218,2777378.596
D,1197,271260.2661,2776939.431
D,1198,273445.9248,2775687.364
D,1199,271976.9791,2782760.821
D,1200,273589.4509,2773999.038
D,1201,272924.9023,2775290.008
D,1202,271588.2661,2779142.177
D,1203,279460.3754,2795132.651
D,1204,273508.696,2774357.092
D,1205,273361.0965,2775787.289
D,1206,272160.8202,2776824.49
D,1207,271610.616,2776293.917
D,1208,277598.465,2800851.314
D,1209,284638.1774,2795795.142
D,1210,279460.3754,2795132.651
D,1211,271101.8038,2777778.321
D,1212,288468.4657,2771682.752
D,1213,273505.0409,2779222.615
D,1214,270519.4499,2777065.26
D,1215,270534.7684,2778794.203
D,1216,271520.5502,2776297.2
D,1217,271927.53,2783210.129
D,1218,270475.2,2777098.254
D,1219,271093.1544,2776633.391
D,1220,288468.4657,2771682.752
D,1221,279460.3754,2795132.651
D,1222,271812.3887,2776434.597
D,1223,285776.2467,2772536.508
D,1224,272194.8109,2777891.084
D,1225,277598.465,2800851.314
D,1226,271191.262,2778219.754
D,1227,275112.4726,2777339.589
D,1228,273505.0409,2779222.615
D,1229,271768.0329,2777852.465
D,1230,277598.465,2800851.314
D,1231,285776.2467,2772536.508
D,1232,276905.7759,2804328.436
D,1233,278796.9055,2802533.732
D,1234,278796.9055,2802533.732
D,1235,274178.3551,2776389.976
D,1236,272505.5067,2774688.401
D,1237,270275.2471,2777179.53
D,1238,273857.9276,2775336.993
D,1239,271249.0689,2777612.501
D,1240,272237.5542,2780341.967
D,1241,270911.1218,2777378.596
D,1242,272633.8917,2774936.592
D,1243,271053.2565,2779247.359
D,1244,270669.164,2777997.374
D,1245,272237.1817,2783648.536
D,1246,272600.9458,2780999.014
D,1247,272933.3516,2781089.315
D,1248,271286.2067,2781651.619
D,1249,270773.5585,2779031.208
D,1250,274944.3053,2768110.649
D,1251,275913.4373,2760864.005
D,1252,275913.4373,2760864.005
D,1253,275913.4373,2760864.005
D,1254,276333.0481,2766887.586
D,1255,277489.9189,2764626.9
D,1256,275454.0826,2764284.936
D,1257,269805.4453,2765472.399
D,1258,275640.4188,2767246.218
D,1259,275454.0826,2764284.936
D,1260,281563.9789,2764276.725
D,1261,272876.7847,2767355.009
D,1262,276020.3534,2766915.642
D,1263,269805.4453,2765472.399
D,1264,273902.888,2763920.625
D,1265,276324.8172,2766896.807
D,1266,272876.7847,2767355.009
D,1267,273518.8598,2763023.178
D,1268,273750.2846,2762650.013
D,1269,271542.7034,2765699.933
D,1270,277306.2646,2762550.192
D,1271,272459.2876,2762541.742
D,1272,273873.4264,2760874.529
D,1273,280407.8324,2764535.122
D,1274,273902.888,2763920.625
D,1275,273794.8641,2763190.156
D,1276,269725.7747,2765473.518
D,1277,276020.3534,2766915.642
D,1278,271156.1857,2766714.149
D,1279,277489.9189,2764626.9
D,1280,272876.7847,2767355.009
D,1281,273518.8598,2763023.178
D,1282,276020.3534,2766915.642
D,1283,280003.7786,2764770.319
D,1284,274238.9789,2763463.295
D,1285,273098.6942,2763374.319
D,1286,273902.888,2763920.625
D,1287,269826.1613,2765539.095
D,1288,269825.165,2765804.074
D,1289,273902.888,2763920.625
D,1290,272868.1101,2767404.244
D,1291,268926.4099,2765446.989
D,1292,268095.2799,2764476.1
D,1293,273465.18,2762977.967
D,1294,267943.9653,2763814.423
D,1295,276357.7969,2768758.241
D,1296,269033.3997,2765287.157
D,1297,263138.752,2752643.084
D,1298,280802.0459,2766068.153
D,1299,269092.7838,2764239.045
D,1300,269001.8433,2763925.859
D,1301,282464.8608,2767837.243
D,1302,271087.8701,2765468.062
D,1303,269887.4826,2764837.15
D,1304,273571.3551,2763558.868
D,1305,273873.4264,2760874.529
D,1306,273798.4896,2758266.127
D,1307,274006.6209,2762757.37
D,1308,274241.0735,2767636.376
D,1309,276357.7969,2768758.241
D,1310,269885.478,2765793.086
D,1311,275454.0826,2764284.936
D,1312,271722.5553,2766999.564
D,1313,271558.0616,2762982.491
D,1314,268768.1748,2762739.628
D,1315,269897.6981,2765967.195
D,1316,268973.6015,2764233.631
D,1317,269805.4453,2765472.399
D,1318,267825.8502,2765051.491
D,1319,273907.2112,2762089.589
D,1320,269739.744,2765517.388
D,1321,274013.0831,2762867.412
D,1322,275376.6633,2764257.284
D,1323,268095.2799,2764476.1
D,1324,270477.8576,2760182.068
D,1325,273299.1051,2764460.299
D,1326,269880.9016,2765076.513
D,1327,276357.7969,2768758.241
D,1328,274042.1749,2762708.137
D,1329,269873.4062,2765543.73
D,1330,276357.7969,2768758.241
D,1331,274169.478,2766174.82
D,1332,275021.5081,2758464.212
D,1333,267943.9653,2763814.423
D,1334,275913.4373,2760864.005
D,1335,274944.3053,2768110.649
D,1336,273381.6757,2761801.402
D,1337,274115.201,2765425.843
D,1338,280802.0459,2766068.153
D,1339,271712.7536,2763996.527
D,1340,277550.1221,2759450.086
D,1341,277550.1221,2759450.086
D,1342,271127.2667,2766265.386
D,1343,280003.7786,2764770.319
D,1344,271156.3122,2761863.427
D,1345,270745.0175,2758895.138
D,1346,271790.7664,2760875.131
D,1347,271995.6699,2760906.074
D,1348,276357.7969,2768758.241
D,1349,269405.4499,2764906.987
D,1350,268041.1847,2761227.404
D,1351,274097.3293,2763559.379
D,1352,275454.0826,2764284.936
D,1353,271519.4338,2763900.462
D,1354,273165.9294,2758847.809
D,1355,269411.1948,2765919.202
D,1356,267442.8573,2763209.103
D,1357,276948.7172,2762027.653
D,1358,275913.4373,2760864.005
D,1359,275913.4373,2760864.005
D,1360,293321.4154,2762166.034
D,1361,278095.4732,2748118.443
D,1362,277936.0005,2748448.234
D,1363,278617.1393,2755301.808
D,1364,278617.1393,2755301.808
D,1365,280349.9451,2748085.148
D,1366,282540.0741,2754029.675
D,1367,275560.4287,2755405.758
D,1368,277631.6699,2754570.932
D,1369,277631.6699,2754570.932
D,1370,283417.0023,2750325.154
D,1371,278126.0645,2753890.887
D,1372,279814.4711,2754162.037
D,1373,276887.5169,2756802.511
D,1374,279915.2222,2753649.27
D,1375,279815.8509,2753408.747
D,1376,274826.4575,2744621.721
D,1377,278195.27,2754590.414
D,1378,274826.4575,2744621.721
D,1379,277661.9893,2754083.325
D,1380,279266.4766,2754460.256
D,1381,276947.6184,2757012.296
D,1382,278195.27,2754590.414
D,1383,278070.3742,2754448.378
D,1384,276947.6184,2757012.296
D,1385,277811.5628,2754738.557
D,1386,278581.6071,2757395.177
D,1387,282310.6763,2752225.071
D,1388,274826.4575,2744621.721
D,1389,277936.0005,2748448.234
D,1390,277256.9231,2747819.985
D,1391,276947.6184,2757012.296
D,1392,277206.5175,2756507.232
D,1393,277332.4165,2752006.778
D,1394,278747.3612,2740814.377
D,1395,275560.4287,2755405.758
D,1396,278581.6071,2757395.177
D,1397,282873.7644,2750381.467
D,1398,289901.3511,2759025.329
E,390,216816.551,2734862.509
E,391,213727.0399,2732394.005
E,392,214437.8071,2732029.257
E,393,214437.8071,2732029.257
E,394,213727.0399,2732394.005
E,395,212806.8109,2732204.173
E,396,224980.7968,2707896.058
E,397,213473.6848,2731342.643
E,398,213473.6848,2731342.643
E,400,213473.6848,2731342.643
E,401,213473.6848,2731342.643
E,402,213484.4908,2731350.845
E,407,249759.83,2695628.897
E,409,250299.1768,2696822.977
E,410,252880.8067,2696562.329
E,413,252342.247,2696203.535
E,419,252963.7183,2700301.27
E,423,251453.3671,2696412.022
E,426,250295.2706,2695554.801
E,428,249563.2282,2696060.733
E,430,277636.6779,2701022.641
E,434,276992.1387,2700360.664
E,435,277651.965,2702885.237
E,436,276992.1387,2700360.664
E,437,276992.1387,2700360.664
E,439,276992.1387,2700360.664
E,440,278002.443,2703043.679
E,442,277636.6779,2701022.641
E,443,276992.1387,2700360.664
E,444,276992.1387,2700360.664
E,461,273348.8666,2734984.827
E,462,273774.0164,2729326.606
E,463,289439.5824,2730907.732
E,464,290148.7057,2723585.835
E,465,272289.629,2734081.793
E,466,280161.3089,2723530.662
E,467,289099.2747,2727209.676
E,468,289124.9214,2730639.678
E,469,288579.2402,2730214.537
E,470,291846.5857,2725086.098
E,471,289034.0821,2727084.357
E,472,272661.3647,2734336.427
E,473,289034.0821,2727084.357
E,474,295908.7359,2732090.265
E,475,289447.7333,2729401.717
E,476,289435.1491,2730387.891
E,477,289124.9214,2730639.678
E,478,294416.1268,2741859.022
E,479,289034.0821,2727084.357
E,480,289393.7656,2729755.424
E,686,218162.5424,2786461.295
E,688,217678.5963,2790445.401
E,690,217678.5963,2790445.401
E,692,224263.649,2785780.992
E,721,234850.8641,2820909.095
E,722,238876.5186,2827093.573
E,724,237946.436,2822960.741
E,725,238876.5186,2827093.573
E,726,238624.2773,2826445.818
E,728,234850.8641,2820909.095
E,730,238609.3242,2825178.416
E,750,332460.4139,2824908.628
E,751,311864.1774,2820246.105
E,754,332460.0873,2825195.008
E,755,324985.0076,2820829.258
E,761,324970.5007,2814069.786
E,794,299116.9732,2761882.825
E,795,304271.3607,2751571.246
E,796,315029.6769,2778178.341
E,797,311337.9401,2756072.866
E,798,303074.9802,2763108.489
E,799,316468.1509,2762223.191
E,800,321754.0702,2769614.083
E,801,302194.3872,2761853.927
E,802,314835.4781,2756547.063
E,803,304271.3607,2751571.246
E,804,311740.3434,2756940.118
E,805,312783.9656,2756908.011
E,806,315591.2518,2751737.864
E,807,317402.7088,2763488.149
E,808,313412.0513,2762192.574
E,809,297203.6178,2748649.825
E,810,297203.6178,2748649.825
E,811,271800.6941,2772836.349
E,812,267692.195,2770313.742
E,813,269686.5668,2768960.04
E,814,267181.0894,2769864.669
E,815,268808.6109,2768503.664
E,816,269964.7333,2770717.341
E,817,267059.0107,2773709.198
E,818,268938.7145,2774529.748
E,819,267475.5946,2772086.231
E,820,273196.7862,2769428.908
E,821,267364.9178,2772161.369
E,822,268349.8483,2769628.48
E,823,268088.5283,2771209.53
E,824,267708.8085,2767521.068
E,825,267262.6131,2773277.515
E,826,266912.9284,2772496.997
E,827,268070.6151,2769798.116
E,828,268461.7274,2770944.767
E,829,268062.1722,2771161.661
E,830,268856.0878,2769274.707
E,831,270524.0884,2769817.738
E,832,268937.6072,2769491.639
E,833,270618.3869,2770592.868
E,834,270564.4198,2769026.827
E,835,267319.049,2769356.872
E,836,269065.5746,2769667.005
E,837,267552.6827,2771846.767
E,838,271731.6338,2771084.63
E,839,268117.722,2771246.159
E,840,271800.8418,2771419.91
E,841,268271.3964,2769301.234
E,842,271795.712,2771330.457
E,843,271185.2224,2774074.521
E,844,270564.4198,2769026.827
E,845,267600.1235,2769621.821
E,846,270594.3604,2771872.651
E,847,267661.176,2768877.521
E,848,270165.3135,2767233.761
E,849,269619.291,2769127.949
E,850,268126.07,2770804.404
E,851,267933.2521,2772349.504
E,852,270602.6217,2771252.936
E,853,268868.2734,2767134.944
E,854,267129.5697,2771793.029
E,855,268361.2066,2767665.477
E,856,271382.5234,2769751.924
E,857,270217.0809,2771313.831
E,858,270564.4198,2769026.827
E,859,268868.2753,2767135.055
E,860,268126.07,2770804.404
E,861,271127.9504,2771111.36
E,862,269747.7218,2768078.674
E,863,273390.136,2768095.151
E,864,268402.4578,2771188.465
E,865,268483.7155,2770633.881
E,866,272351.9654,2772056.097
E,867,270654.7788,2768857.645
E,868,268937.6072,2769491.639
E,869,269942.3635,2776004.272
E,870,269768.3308,2774490.224
E,871,268849.8237,2769477.388
E,872,267644.6282,2770202.087
E,873,267108.0618,2776266.641
E,874,271266.3385,2771477.394
E,875,270419.166,2770411.373
E,876,268684.1372,2770401.977
E,877,268864.8553,2769196.1
E,878,269429.2102,2770745.988
E,879,268756.6377,2769835.91
E,880,270169.6335,2773747.07
E,881,270717.0205,2767379.198
E,882,270463.5387,2769669.374
E,883,268000.8919,2773928.412
E,884,272381.3556,2768325.343
E,885,267747.1326,2769395.799
E,886,271645.0226,2772424.737
E,887,271466.4203,2770940.02
E,888,271413.5774,2773046.968
E,889,267808.7195,2769739.953
E,890,268716.2038,2769081.702
E,891,268062.1722,2771161.661
E,892,271800.8418,2771419.91
E,893,268123.8745,2771257.69
E,894,270328.2211,2772458.807
E,895,271843.8495,2770622.536
E,896,273196.7862,2769428.908
E,897,270874.8017,2770561.08
E,898,269669.48,2769475.623
E,899,271197.914,2767578.368
E,900,270306.4277,2770365.618
E,901,271676.3805,2770104.723
E,902,272236.1128,2771604.684
E,903,267376.1653,2768435.437
E,904,268864.8553,2769196.1
E,905,274151.0804,2770573.32
E,906,268435.1819,2769015.649
E,907,269747.7218,2768078.674
E,908,271178.5655,2769227.301
E,909,268868.2753,2767135.055
E,910,270201.4199,2768276.271
E,911,269897.4255,2772910.887
E,912,271800.8418,2771419.91
E,913,272574.1074,2773433.82
E,914,270163.2007,2771819.289
E,915,268937.6072,2769491.639
E,916,267754.9516,2770057.587
E,917,270726.3982,2769821.987
E,918,269254.6193,2772488.113
E,919,268405.0641,2770217.097
E,920,270220.7726,2770249.371
E,921,267770.8239,2771732.677
E,922,268559.6336,2769513.33
E,923,271833.4638,2770013.002
E,924,266727.1244,2770254.742
E,925,268365.339,2769422.539
E,926,272914.5567,2773953.966
E,927,268074.1196,2769968.828
E,928,267810.7233,2769768.732
E,929,266807.1846,2769538.699
E,930,271676.3805,2770104.723
E,931,269572.0281,2769384.955
E,932,270798.2631,2772905.03
E,933,271800.9592,2772779.177
E,934,267364.9178,2772161.369
E,935,266726.7081,2769686.466
E,936,266959.5646,2772880.967
E,937,272657.6239,2772751.799
E,938,268123.8745,2771257.69
E,939,269747.7218,2768078.674
E,940,268370.0101,2769888.561
E,941,270522.7975,2772293.629
E,942,268606.8717,2773811.84
E,943,269747.7218,2768078.674
E,944,269946.4615,2772969.347
E,945,268098.7116,2769169.187
E,946,269747.7218,2768078.674
E,947,269572.0281,2769384.955
E,948,269572.0281,2769384.955
E,949,271005.5946,2771087.591
E,950,270503.3413,2771352.677
E,951,270482.8263,2767523.089
E,952,267906.965,2771676.393
E,953,271512.1043,2771359.248
E,954,271800.8418,2771419.91
E,955,268444.227,2769954.348
E,956,268776.3405,2766744.758
E,957,268054.1764,2774764.301
E,958,271645.0226,2772424.737
E,959,269078.8819,2767442.672
E,960,270460.114,2770438.832
E,961,267003.1384,2769850.415
E,962,267087.5983,2769871.028
E,963,269932.6076,2773733.89
E,964,270272.949,2771214.153
E,965,268480.1665,2770662.754
E,966,267326.5764,2774641.944
E,967,268529.7106,2770404.926
E,968,269964.1838,2773343.833
E,969,270831.6111,2771981.588
E,970,269181.4021,2772301.404
E,971,273024.419,2769640.767
E,972,269533.8207,2767574.182
E,973,266921.5424,2772108.87
E,974,270169.6335,2773747.07
E,975,270329.5901,2772234.268
E,976,272054.6324,2772029.811
E,977,270857.4912,2773702.582
E,978,271419.799,2773026.695
E,979,267066.1185,2770902.569
E,980,271752.0723,2770453.192
E,981,269199.5727,2770265.151
E,982,270905.0985,2771151.224
E,983,267615.7287,2771671.818
E,984,268921.476,2765705.055
E,985,272657.6239,2772751.799
E,986,268581.1865,2770433.753
E,987,269747.7218,2768078.674
E,988,271421.3517,2773625.3
E,989,269715.861,2769603.5
E,990,271645.0226,2772424.737
E,991,268844.1061,2770052.408
E,992,270432.323,2770473.32
E,993,268483.7608,2771142.647
E,994,270040.012,2770433.267
E,995,268946.4156,2772225.481
E,996,268058.2694,2771270.662
E,997,270614.9756,2770491.971
E,998,268444.227,2769954.348
E,999,266726.7081,2769686.466
E,1000,267996.8893,2771258.961
E,1001,267319.049,2769356.872
E,1002,269433.6968,2769755.868
E,1003,271795.712,2771330.457
E,1004,268137.5539,2770820.721
E,1005,268844.1061,2770052.408
E,1006,272060.4328,2768306.201
E,1007,271817.0007,2772808.829
E,1008,269983.5686,2769713.574
E,1009,271800.8418,2771419.91
E,1010,269747.7218,2768078.674
E,1011,267364.9178,2772161.369
E,1012,271833.4638,2770013.002
E,1013,270169.6335,2773747.07
E,1014,267320.1938,2770218.36
E,1015,270169.6335,2773747.07
E,1016,268868.2734,2767134.944
E,1017,271047.5061,2773164.256
E,1018,268349.8483,2769628.48
E,1019,269497.2934,2775717.904
E,1020,267440.518,2775037.51
E,1021,270201.4199,2768276.271
E,1022,272148.1824,2767482.268
E,1023,271404.7649,2767036.898
E,1024,267610.5173,2771679.996
E,1025,271645.0226,2772424.737
E,1026,269824.3088,2768908.622
E,1027,267401.7976,2768357.317
E,1028,270059.4607,2768055.252
E,1029,267661.4854,2770575.704
E,1030,271645.0226,2772424.737
E,1031,270460.114,2770438.832
E,1032,267692.195,2770313.742
E,1033,269686.5668,2768960.04
E,1034,266531.4002,2772530.449
E,1035,268064.3991,2775210.84
E,1036,266726.7081,2769686.466
E,1037,267777.5925,2771970.269
E,1038,272650.6528,2767559.785
E,1039,266591.2942,2773240.225
E,1040,266591.2942,2773240.225
E,1041,268678.9881,2774796.128
E,1042,267949.8865,2774466.31
E,1043,272650.6528,2767559.785
E,1044,272650.6528,2767559.785
E,1045,268010.4105,2773924.26
E,1046,267354.8588,2769870.573
E,1047,267237.1218,2771830.535
E,1048,267931.6897,2770095.807
E,1049,270155.7005,2773255.718
E,1050,269923.7313,2775803.341
E,1051,270524.0884,2769817.738
E,1052,272272.6046,2771444.168
E,1053,267028.6725,2768084.851
E,1054,271731.6338,2771084.63
E,1055,271703.8345,2771317.919
E,1056,268647.6317,2768723.259
E,1057,272272.6046,2771444.168
E,1058,270829.3859,2769569.259
E,1059,271899.8317,2768599.882
E,1060,268197.4769,2770716.753
E,1061,268197.4769,2770716.753
E,1062,266591.2942,2773240.225
E,1063,271656.3673,2768085.441
E,1064,271656.3673,2768085.441
E,1065,268497.7558,2769490.553
E,1066,274268.6902,2769668.796
E,1067,269311.9472,2766549.984
E,1068,269311.9472,2766549.984
E,1069,269311.9472,2766549.984
E,1070,267318.7479,2773136.038
E,1071,267318.7479,2773136.038
E,1072,267318.7479,2773136.038
E,1073,267517.7464,2772853.712
E,1074,269936.9095,2775501.915
E,1075,269936.9095,2775501.915
E,1076,270934.0569,2775153.553
E,1077,270934.0569,2775153.553
E,1078,269900.8904,2767297.495
E,1079,268099.9171,2773875.196
E,1080,273029.9532,2774089.013
E,1081,273029.9532,2774089.013
E,1082,272239.8103,2768351.083
E,1083,272574.1074,2773433.82
E,1084,270001.3833,2770321.771
E,1085,271423.0162,2772224.552
E,1086,271800.8418,2771419.91
E,1087,271205.6124,2771986.172
E,1088,272369.1847,2770539.965
E,1089,272236.1128,2771604.684
E,1090,270089.6266,2771742.623
E,1091,271902.8698,2772420.313
E,1092,268539.4538,2772700.032
E,1093,272971.7934,2771794.997
E,1094,269160.0055,2766702.705
E,1095,267067.9286,2773858.985
E,1096,270695.914,2772154.747
E,1097,270489.3942,2773368.341
E,1098,267859.7789,2772558.317
E,1099,266477.1773,2772523.842
E,1100,267906.965,2771676.393
E,1101,267463.1998,2771844.634
E,1102,267357.1384,2773948.577
E,1103,267357.1384,2773948.577
E,1104,268299.9881,2770938.867
E,1105,267357.1384,2773948.577
E,1106,267357.1384,2773948.577
E,1107,268919.441,2770715.487
E,1108,266857.4761,2771502.45
E,1109,268976.5257,2771773.831
E,1110,267361.4514,2771578.961
E,1111,267361.4514,2771578.961
E,1112,267124.2787,2770452.98
E,1113,267165.0144,2770349.112
E,1114,266818.5963,2770148.012
E,1115,266818.5963,2770148.012
E,1116,267080.0697,2770430.129
E,1117,268844.1061,2770052.408
E,1118,268844.1061,2770052.408
E,1119,268431.318,2768602.917
E,1120,269452.0437,2768156.243
E,1121,267110.5845,2770461.081
E,1122,266613.9654,2772553.306
E,1123,266949.8451,2772743.384
E,1124,267153.1929,2770863.737
E,1125,267153.1929,2770863.737
E,1126,271890.1033,2773268.713
E,1127,271645.0226,2772424.737
E,1128,267815.5575,2772937.628
E,1129,270697.216,2774201.737
E,1130,268226.7611,2769062.845
E,1131,268271.3964,2769301.234
E,1132,270236.5262,2769379.194
E,1133,267240.9866,2770831.543
E,1134,267226.3829,2771177.105
E,1135,269380.5038,2769834.671
E,1136,267377.478,2772667.156
E,1137,267377.478,2772667.156
E,1138,268257.8132,2771648.157
E,1139,273463.2844,2771172.141
E,1140,268197.4769,2770716.753
E,1141,268197.4769,2770716.753
E,1142,271401.4758,2774871.987
E,1143,271401.4758,2774871.987
E,1144,270089.6266,2771742.623
E,1145,269433.6968,2769755.868
E,1146,275059.5091,2768678.711
E,1147,267610.5173,2771679.996
E,1148,267226.3829,2771177.105
E,1149,268299.9881,2770938.867
E,1150,268200.7664,2770678.576
E,1151,267076.6374,2768896.449
E,1152,271415.4934,2767044.365
E,1153,270460.9736,2769841.183
E,1154,270460.9736,2769841.183
E,1155,271215.2406,2771000.632
E,1156,271866.1483,2767452.84
E,1157,270220.7726,2770249.371
E,1158,269654.4302,2769187.863
E,1159,269842.6578,2768936.904
E,1160,274225.8784,2771524.862
E,1161,270779.1318,2773712.764
E,1162,270169.6335,2773747.07
E,1163,273483.234,2773845.107
E,1164,273730.0281,2770899.214
E,1165,270738.8066,2772935.063
E,1166,270738.8066,2772935.063
E,1167,274089.9899,2771256.059
E,1168,272236.1128,2771604.684
E,1169,270089.6266,2771742.623
E,1170,270089.6266,2771742.623
E,1171,269457.1857,2773961.006
E,1172,271838.1506,2772045.286
E,1173,271782.8297,2772268.619
E,1174,268142.5185,2771838.174
E,1175,267689.6337,2772016.094
E,1176,269196.5448,2772146.224
E,1177,267126.0267,2771295.399
E,1178,269301.2883,2774393.617
E,1179,269406.6125,2775046.882
E,1180,266697.9544,2772818.835
E,1181,266622.9915,2771947.742
E,1182,266622.9915,2771947.742
E,1183,267161.7227,2771902.413
E,1184,267161.7227,2771902.413
E,1185,269337.9519,2775778.669
E,1186,268279.288,2770718.579
E,1187,267259.1203,2770858.828
E,1188,267259.1203,2770858.828
E,1189,267259.1203,2770858.828
E,1190,267603.9707,2770613.363
E,1191,268323.489,2769318.525
E,1192,267687.0492,2769359.918
E,1193,267687.0492,2769359.918
E,1194,269053.5179,2769138.941
E,1195,269087.6634,2769133.931
E,1196,269434.0774,2769096.387
E,1197,267184.374,2770211.366
E,1198,267184.374,2770211.366
E,1199,268538.7882,2769093.461
E,1200,268474.0298,2768584.906
E,1201,267903.8174,2770992.472
E,1202,267903.8174,2770992.472
E,1203,268255.2407,2770711.562
E,1204,268243.2229,2770866.025
E,1205,268570.01,2769428.489
E,1206,272226.9255,2771498.177
E,1207,264327.7026,2772635.999
E,1208,264327.7026,2772635.999
E,1209,264327.7026,2772635.999
E,1210,264327.7026,2772635.999
E,1211,260892.3217,2765816.393
E,1212,265566.8667,2776525.357
E,1213,265535.7052,2771001.906
E,1214,265492.4572,2770923.412
E,1215,266487.0185,2770596.956
E,1216,266300.8696,2771253.536
E,1217,266468.9,2769838.483
E,1218,261812.0619,2775490.453
E,1219,266061.0898,2768140.607
E,1220,265448.6867,2770067.963
E,1221,267038.7198,2765799.373
E,1222,261656.6738,2770761.316
E,1223,265320.0222,2772468.337
E,1224,263932.4049,2765992.03
E,1225,265970.8826,2768298.186
E,1226,266554.6889,2770580.617
E,1227,266627.5679,2769108.019
E,1228,265171.2074,2771728.507
E,1229,265566.8667,2776525.357
E,1230,266513.5148,2769754.938
E,1231,265934.0095,2773903.447
E,1232,265227.7865,2775073.782
E,1233,265934.0095,2773903.447
E,1234,263773.2928,2771533.756
E,1235,261582.1305,2770551.498
E,1236,261315.4605,2769990.622
E,1237,266573.8314,2769745.263
E,1238,264559.3448,2772731.788
E,1239,263520.8569,2777682.474
E,1240,264505.1319,2773123.481
E,1241,265377.5508,2768177.257
E,1242,266690.4435,2767431.91
E,1243,264307.4085,2762523.417
E,1244,265571.72,2770870.852
E,1245,266298.6367,2772897.592
E,1246,265899.0009,2773892.744
E,1247,261929.1825,2771143.225
E,1248,265973.6829,2776372.521
E,1249,266460.7564,2768954.503
E,1250,265492.4572,2770923.412
E,1251,265608.4132,2770843.957
E,1252,266504.9888,2770555.535
E,1253,266627.5679,2769108.019
E,1254,266558.0393,2769967.394
E,1255,266106.4663,2775482.897
E,1256,263421.2739,2775615.025
E,1257,266082.1778,2767230.638
E,1258,265320.0222,2772468.337
E,1259,266146.9826,2771051.819
E,1260,266435.5331,2770851.171
E,1261,266435.5331,2770851.171
E,1262,266435.5331,2770851.171
E,1263,265928.2244,2770941.534
E,1264,265928.2244,2770941.534
E,1265,263720.1981,2770927.702
E,1266,261632.0024,2770284.983
E,1267,266032.1662,2770779.506
E,1268,265471.0678,2770571.591
E,1269,266635.6371,2769030.64
E,1270,265327.9383,2771836.743
E,1271,266300.8696,2771253.536
E,1272,266191.1266,2768073.885
E,1273,263564.4087,2773934.019
E,1274,265263.3116,2772493.25
E,1275,263760.3229,2773286.191
E,1276,264076.7336,2773790.386
E,1277,262831.0562,2773539.479
E,1278,264824.5681,2773312.905
E,1279,265722.0093,2773584.82
E,1280,266038.1133,2773870.076
E,1281,266038.1133,2773870.076
E,1282,263733.7297,2770799.469
E,1283,264330.435,2770986.419
E,1284,264644.6082,2770721.234
E,1285,264788.1973,2767161.297
E,1286,264788.1973,2767161.297
E,1287,264788.1973,2767161.297
E,1288,261904.4551,2770790.573
E,1289,261913.9413,2769817.267
E,1290,261651.3994,2770736.805
E,1291,262635.4701,2772022.055
E,1292,260103.4172,2768210.956
E,1293,264755.9336,2771158.39
E,1294,265225.5514,2772598.626
E,1295,265705.1475,2776086.231
E,1296,266193.0925,2768554.809
E,1297,266406.4693,2767319.955
E,1298,262610.6478,2771453.964
E,1299,265893.4505,2771015.604
E,1300,266509.7762,2770622.942
E,1301,264185.2325,2770944.597
E,1302,261190.4205,2770606.551
E,1303,266445.4429,2771395.017
E,1304,266451.3552,2771191.783
E,1305,266300.8696,2771253.536
E,1306,266300.8696,2771253.536
E,1307,266300.8696,2771253.536
E,1308,266286.2813,2771433.425
E,1309,266286.2813,2771433.425
E,1310,266079.227,2771499.031
E,1311,265166.4988,2774211.206
E,1312,261826.496,2772774.346
E,1313,266152.0664,2771224.833
E,1314,265842.2054,2775363.87
E,1315,266465.809,2771357.987
E,1316,266191.1266,2768073.885
E,1317,265558.074,2767745.286
E,1318,264946.3701,2767332.787
E,1319,262541.5614,2772926.011
E,1320,263720.1981,2770927.702
E,1321,266558.0393,2769967.394
E,1322,266508.7077,2771251.199
E,1323,266508.7077,2771251.199
E,1324,266212.8636,2771249.502
E,1325,264770.2016,2771119.246
E,1326,263242.4794,2766214.846
E,1327,265016.8256,2774077.695
E,1328,265016.8256,2774077.695
E,1329,265840.8212,2772608.665
E,1330,265413.0566,2772125.187
E,1331,264070.9791,2778837.125
E,1332,265501.8916,2776274.356
E,1333,265501.8916,2776274.356
E,1334,266061.0898,2768140.607
E,1335,265492.3991,2771760.442
E,1336,261913.9413,2769817.267
E,1337,262060.9574,2769944.59
E,1338,264304.7241,2769953.009
E,1339,266206.4668,2770156.482
E,1340,266206.4668,2770156.482
E,1341,264778.1054,2767801.571
E,1342,265610.8679,2771398.572
E,1343,265571.8328,2777323.962
E,1344,265374.9606,2772504.739
E,1345,261075.1913,2763628.232
E,1346,262892.5675,2763699.155
E,1347,324457.6626,2739312.577
E,1348,324619.9618,2739013.416
E,1349,326369.2468,2740537.655
E,1350,324871.7813,2734434.202
E,1351,324599.4461,2739086.678
E,1352,321297.9632,2735186.033
E,1353,324921.1835,2739235.804
E,1354,327365.7218,2740263.967
E,1355,313749.3792,2739388.282
E,1356,324457.6626,2739312.577
E,1357,272013.5459,2735389.732
E,1358,258938.481,2743881.272
E,1359,258938.481,2743881.272
E,1360,258938.481,2743881.272
E,1361,272013.5459,2735389.732
E,1362,256930.0436,2730425.847
E,1363,256550.327,2729607.765
E,1364,256550.327,2729607.765
E,1365,256460.6345,2730118.009
E,1366,256550.327,2729607.765
E,1367,256699.9178,2729989.805
E,1368,251336.2979,2744166.387
E,1369,256550.327,2729607.765
E,1370,269113.1001,2728924.728
E,1371,256699.9178,2729989.805
E,1372,269600.397,2738318.154
E,1373,255966.5518,2744011.063
E,1374,256550.327,2729607.765
E,1375,271843.8385,2733904.624
E,1376,256550.327,2729607.765
E,1377,258257.2066,2743149.792
E,1378,256358.8516,2732401.954
E,1379,256550.327,2729607.765
E,1380,256550.327,2729607.765
E,1381,255966.5518,2744011.063
E,1382,268212.2454,2731474.236
E,1383,256550.327,2729607.765
E,1384,257848.5202,2743020.307
E,1385,256550.327,2729607.765
E,1386,256626.4404,2730125.298
E,1387,269113.1001,2728924.728
E,1388,255840.074,2744810.902
E,1389,255774.1793,2744803.092
E,1390,257369.6302,2743882.492
E,1391,258134.117,2743302.222
E,1392,255828.2145,2745106.903
E,1393,257848.5202,2743020.307
E,1394,257848.5202,2743020.307
E,1395,239181.5006,2751326.308
E,1396,230160.0731,2769508.459
E,1397,255857.6137,2761433.339
E,1398,240575.1758,2757428.905
E,1399,255402.6086,2762921.33
E,1400,244571.4461,2758132.048
E,1401,232388.4286,2764737.088
E,1402,249404.8268,2749011.446
E,1403,242662.7785,2761519.097
E,1404,245000.256,2757682.84
E,1405,241821.8238,2758620.525
E,1406,244571.4461,2758132.048
E,1407,242551.1907,2762426.851
E,1408,243025.0966,2759175.293
E,1409,243025.0966,2759175.293
E,1410,243972.9505,2757117.298
E,1411,244571.4461,2758132.048
E,1412,237030.6702,2773894.728
E,1413,226860.9454,2790131.559
E,1414,253109.1404,2791695.44
E,1415,248859.1711,2791397.209
E,1416,248481.9168,2805679.887
E,1417,249409.4121,2794665.018
E,1418,253221.4242,2789037.16
E,1419,241854.9098,2796521.328
E,1424,266155.5468,2824318.856
E,1428,265714.6535,2818800.14
E,1437,266802.5447,2817201.404
E,1438,266802.5447,2817201.404
E,1439,308662.7841,2813839.087
E,1440,284809.7474,2803385.585
E,1441,310275.8066,2794623.729
E,1442,302472.227,2803127.018
E,1443,284648.0981,2827363.426
E,1444,302486.6592,2803129.244
E,1445,305219.48,2791342.294
E,1446,310275.8066,2794623.729
E,1447,299507.8571,2820288.945
E,1448,311054.0222,2800698.662
E,1449,299507.8571,2820288.945
E,1450,302936.7336,2803119.772
E,1451,312057.3823,2796445.518
E,1452,304528.8684,2790375.363
E,1453,311054.0222,2800698.662
E,1454,302936.7336,2803119.772
E,1455,302936.7336,2803119.772
E,1456,308662.7841,2813839.087
E,1457,302458.0364,2803395.359
E,1458,305419.9933,2802193.206
E,1459,311408.4159,2814930.476
E,1460,315521.8186,2797540.117
E,1461,303131.0061,2803555.916
E,1462,305219.48,2791342.294
E,1463,299507.8571,2820288.945
E,1464,299507.8571,2820288.945
E,1465,299507.8571,2820288.945
E,1466,311408.4159,2814930.476
E,1467,311408.4159,2814930.476
E,1468,307129.6192,2793359.21
E,1469,301423.2765,2803441.818
E,1470,305219.48,2791342.294
E,1471,287115.4806,2820120.914
E,1472,312018.6802,2796393.541
E,1473,302849.0408,2803402.816
E,1474,287619.1862,2772766.492
E,1475,272862.7993,2782155.772
E,1476,278190.7002,2801449.126
E,1477,273849.9954,2780002.615
E,1478,272335.2263,2776463.748
E,1479,272420.186,2777803.538
E,1480,271101.8038,2777778.321
E,1481,270911.1218,2777378.596
E,1482,271101.8038,2777778.321
E,1483,271130.8994,2776825.689
E,1484,270801.9827,2778190.62
E,1485,276690.3334,2796037.946
E,1486,285137.332,2770523.679
E,1487,273990.5571,2779119.684
E,1488,271916.3237,2775885.423
E,1489,285137.332,2770523.679
E,1490,285137.332,2770523.679
E,1491,272130.1188,2783910.309
E,1492,271593.9938,2776500.314
E,1493,271775.3175,2776016.885
E,1494,270256.2739,2776329.877
E,1495,271588.2661,2779142.177
E,1496,272185.9691,2777646.106
E,1497,269711.9821,2777849.964
E,1498,272319.0272,2778669.266
E,1499,270422.0641,2777298.51
E,1500,270914.4265,2779109.843
E,1501,287793.2757,2773772.035
E,1502,270573.1041,2779589.673
E,1503,271588.2661,2779142.177
E,1504,275317.6086,2778115.448
E,1505,271677.7843,2775875.787
E,1506,273437.2991,2775739.147
E,1507,270914.4265,2779109.843
E,1508,266400.4802,2781345.277
E,1509,271409.2844,2777394.382
E,1510,270911.1218,2777378.596
E,1511,278190.7002,2801449.126
E,1512,273849.9954,2780002.615
E,1513,272862.7993,2782155.772
E,1514,271573.9735,2777695.257
E,1515,273042.9428,2775438.972
E,1516,272922.5609,2775373.602
E,1517,273315.385,2775290.156
E,1518,272026.452,2779996.32
E,1519,271176.5196,2777462.676
E,1520,285776.2467,2772536.508
E,1521,271869.3106,2775904.494
E,1522,272166.0809,2775515.772
E,1523,277690.109,2766082.643
E,1524,281563.9789,2764276.725
E,1525,273098.6942,2763374.319
E,1526,268896.7309,2765394.076
E,1527,274316.2696,2760440.272
E,1528,274238.9789,2763463.295
E,1529,269715.7238,2765446.427
E,1530,268896.7309,2765394.076
E,1531,273129.8885,2762641.324
E,1532,273873.4264,2760874.529
E,1533,273873.4264,2760874.529
E,1534,273902.888,2763920.625
E,1535,272459.2876,2762541.742
E,1536,275631.6159,2762852.662
E,1537,274238.9789,2763463.295
E,1538,276520.371,2767085.093
E,1539,273907.2112,2762089.589
E,1540,267261.7685,2759629.436
E,1541,276325.1264,2768545.019
E,1542,276788.0164,2768380.098
E,1543,273098.6942,2763374.319
E,1544,282464.8608,2767837.243
E,1545,273902.888,2763920.625
E,1546,273873.4264,2760874.529
E,1547,269805.4453,2765472.399
E,1548,276701.6291,2764677.745
E,1549,280407.8324,2764535.122
E,1550,267468.9974,2763671.768
E,1551,267261.7685,2759629.436
E,1552,275631.6159,2762852.662
E,1553,275640.4188,2767246.218
E,1554,280802.0459,2766068.153
E,1555,268240.0866,2762121.659
E,1556,282464.8608,2767837.243
E,1557,269887.4826,2764837.15
E,1558,275596.4259,2757169.722
E,1559,273907.2112,2762089.589
E,1560,275376.6633,2764257.284
E,1561,276788.0164,2768380.098
E,1562,271283.7672,2766474.427
E,1563,273484.326,2757690.651
E,1564,269649.5791,2758505.572
E,1565,273873.4264,2760874.529
E,1566,268713.3417,2765330.13
E,1567,275667.731,2767501.414
E,1568,274393.3821,2765201.289
E,1569,275477.9582,2759576.706
E,1570,274516.2912,2765801.532
E,1571,276788.0164,2768380.098
E,1572,269805.4453,2765472.399
E,1573,268980.5248,2765655.076
E,1574,282127.3737,2766054.072
E,1575,272649.1069,2767084.194
E,1576,271851.389,2766640.811
E,1577,275454.0826,2764284.936
E,1578,269069.8183,2765111.008
E,1579,266918.6145,2763734.207
E,1580,280003.7786,2764770.319
E,1581,274257.0339,2766205.179
E,1582,273873.4264,2760874.529
E,1583,275376.6633,2764257.284
E,1584,275477.9582,2759576.706
E,1585,275454.0826,2764284.936
E,1586,274305.2709,2759722.832
E,1587,266646.6504,2763738.395
E,1588,275477.9582,2759576.706
E,1589,274088.6378,2762530.181
E,1590,273571.3551,2763558.868
E,1591,276116.2404,2765863.796
E,1592,273381.6757,2761801.402
E,1593,277617.3345,2765898.044
E,1594,274206.9564,2762715.615
E,1595,268143.2887,2764889.302
E,1596,274938.9662,2758914.796
E,1597,274938.9662,2758914.796
E,1598,268612.1319,2762951.043
E,1599,275667.731,2767501.414
E,1600,275667.731,2767501.414
E,1601,268896.7309,2765394.076
E,1602,275553.2641,2763058.283
E,1603,275553.2641,2763058.283
E,1604,268586.6848,2763806.538
E,1605,273901.347,2760043.417
E,1606,268973.6015,2764233.631
E,1607,269537.6877,2765873.852
E,1608,275454.0826,2764284.936
E,1609,277312.0161,2763885.477
E,1610,280864.6589,2764668.195
E,1611,269598.4263,2758462.215
E,1612,269777.3445,2765699.16
E,1613,269777.3445,2765699.16
E,1614,268240.0866,2762121.659
E,1615,269960.5676,2765255.25
E,1616,272411.569,2765225.572
E,1617,275454.0826,2764284.936
E,1618,276676.5422,2768985.622
E,1619,283285.8809,2760162.45
E,1620,281016.2154,2743601.106
E,1621,281752.0419,2753179.317
E,1622,278151.541,2753158.143
E,1623,281969.2583,2748564.04
E,1624,276986.0595,2754972.882
E,1625,283211.3812,2748238.4
E,1626,277639.4654,2754502.99
E,1627,278086.9686,2754543.406
E,1628,276948.2977,2743504.117
E,1629,279815.8509,2753408.747
E,1630,277037.5854,2752210.011
E,1631,281158.4742,2753572.029
E,1632,278151.541,2753158.143
E,1633,279340.4618,2755800.841
E,1634,281607.2912,2755730.046
E,1635,283194.8285,2755201.956
E,1636,292981.1355,2761424.619
E,1637,284230.8882,2750694.538
E,1638,278653.245,2757012.286
E,1639,278581.6071,2757395.177
E,1640,281016.2154,2743601.106
E,1641,277616.3768,2754544.031
E,1642,277657.0529,2754715.459
E,1643,276694.3497,2756507.683
E,1644,277657.0529,2754715.459
E,1645,277352.3144,2754060.08
E,1646,278581.6071,2757395.177
E,1647,278581.6071,2757395.177
E,1648,281248.358,2753707.001
E,1649,275560.4287,2755405.758
E,1650,277928.0313,2754559.159
E,1651,283257.9608,2764341.991
E,1652,283257.9608,2764341.991
E,1653,278130.5775,2743030.428
E,1654,277936.0005,2748448.234
F,64,315375.8383,2702145.441
F,81,213473.6848,2731342.643
F,84,251249.706,2695750.138
F,85,251170.6197,2695301.823
F,87,308943.8379,2718677.845
F,88,308943.8379,2718677.845
F,89,289034.0821,2727084.357
F,90,287300.0089,2730425.315
F,91,289530.7989,2730119.198
F,92,308943.8379,2718677.845
F,93,289175.9674,2730001.042
F,94,289393.7656,2729755.424
F,146,324261.1048,2819079.885
F,148,325367.9484,2817935.484
F,150,324772.9353,2826767.941
F,151,318137.3899,2825616.854
F,152,325065.1453,2813998.867
F,156,317789.7241,2767481.057
F,157,317789.7241,2767481.057
F,158,312345.3541,2757866.315
F,159,323064.6081,2767699.806
F,160,302194.3872,2761853.927
F,161,267237.1218,2771830.535
F,162,267994.4795,2769750.316
F,163,271197.914,2767578.368
F,164,267981.7074,2769872.212
F,165,269311.9472,2766549.984
F,166,267003.1384,2769850.415
F,167,271645.0226,2772424.737
F,168,273390.136,2768095.151
F,169,268141.9432,2769175.989
F,170,270340.7305,2775167.416
F,171,268856.0878,2769274.707
F,172,268754.6712,2769803.252
F,173,272266.7139,2770328.354
F,174,268938.7145,2774529.748
F,175,269748.3624,2769596.857
F,176,268844.1061,2770052.408
F,177,271004.962,2771850.241
F,178,268671.8332,2773220.075
F,179,271027.1702,2772060.753
F,180,272236.1128,2771604.684
F,181,269122.5624,2775628.834
F,182,272641.0478,2767625.879
F,183,272650.6528,2767559.785
F,184,268497.7558,2769490.553
F,185,268497.7558,2769490.553
F,186,272574.1074,2773433.82
F,187,267906.965,2771676.393
F,188,267906.965,2771676.393
F,189,270218.5094,2770570.889
F,190,267766.689,2771869.388
F,191,267766.689,2771869.388
F,192,267970.6671,2770030.649
F,193,267103.3393,2766118.539
F,194,267060.5528,2770866.315
F,195,267124.2787,2770452.98
F,196,274014.5925,2769713.555
F,197,274014.5925,2769713.555
F,198,269937.0762,2771861.885
F,199,269712.5565,2769042.045
F,200,270220.7726,2770249.371
F,201,268533.7747,2774881.042
F,202,268335.1337,2769213.272
F,203,268335.1337,2769213.272
F,204,268692.1869,2768605.37
F,205,267847.5123,2768475.296
F,206,267124.2787,2770452.98
F,207,273104.281,2770819.507
F,208,266641.7572,2768164.925
F,209,266664.487,2767141.785
F,210,266641.7572,2768164.925
F,211,263411.4113,2775727.128
F,212,263200.4252,2773074.587
F,213,266191.1266,2768073.885
F,214,266513.5148,2769754.938
F,215,263676.3848,2773428.944
F,216,254953.0546,2776748.4
F,217,263264.1287,2772778.139
F,218,261315.4605,2769990.622
F,219,263262.7795,2774241.577
F,220,263262.8784,2774241.465
F,221,266198.6733,2767842.032
F,222,262700.6989,2770169.624
F,223,262700.6989,2770169.624
F,224,262700.6989,2770169.624
F,225,261769.5181,2771592.297
F,226,261769.5181,2771592.297
F,227,262275.281,2775544.647
F,228,264905.2687,2770179.705
F,229,260239.0688,2765152.931
F,230,261556.6773,2762619.555
F,231,266106.8292,2766959.594
F,232,264339.5133,2772418.522
F,233,265132.7555,2770866.649
F,234,325205.7665,2738478.488
F,235,325205.5719,2739391.613
F,236,256577.6601,2730375.502
F,237,256550.327,2729607.765
F,238,234813.3726,2762395.522
F,239,242551.1907,2762426.851
F,240,234813.3726,2762395.522
F,241,244571.4461,2758132.048
F,242,247687.6651,2755269.675
F,243,248045.2308,2791545.558
F,244,250637.955,2791956.086
F,245,248223.0217,2791363.026
F,246,247659.304,2791617.918
F,247,247659.304,2791617.918
F,253,284585.4242,2827136.492
F,254,284585.4242,2827136.492
F,255,303131.0061,2803555.916
F,256,303122.3149,2803505.518
F,257,301709.2324,2801524.324
F,258,302231.5995,2803897.72
F,259,309181.8251,2799601.349
F,260,272483.8523,2777615.97
F,261,271544.5254,2778183.346
F,262,271140.9223,2778742.55
F,263,287793.2757,2773772.035
F,264,275317.6086,2778115.448
F,265,271140.9223,2778742.55
F,266,272127.3914,2782869.89
F,267,271976.9791,2782760.821
F,268,271523.3955,2779755.421
F,269,267261.7685,2759629.436
F,270,273830.3636,2758409.769
F,271,275395.7906,2767470.751
F,272,271535.7326,2761364.525
F,273,267463.4819,2759321.045
F,274,277155.8654,2766633.249
F,275,270495.0969,2764877.48
F,276,269825.165,2765804.074
F,277,270601.9211,2765429.547
F,278,273571.3551,2763558.868
F,279,263613.1228,2748827.621
F,280,276520.371,2767085.093
F,281,267992.2311,2761134.703
F,282,267072.6979,2759598.846
F,283,276788.0164,2768380.098
F,284,276520.371,2767085.093
F,285,280599.745,2756315.427
G,67,219742.4372,2747642.374
G,68,214876.6843,2737152.794
G,69,218779.7646,2701975.192
G,77,250470.291,2704481.979
G,78,251117.7756,2695695.506
G,79,249816.9802,2695474.629
G,87,272661.3647,2734336.427
G,88,274273.0855,2737156.876
G,89,272661.3647,2734336.427
G,90,288227.9543,2726389.837
G,156,312563.8315,2757774.701
G,157,303722.7234,2753118.759
G,158,332610.3268,2778534.899
G,159,332610.3268,2778534.899
G,160,312664.2958,2757089.56
G,161,307693.8126,2743424.914
G,162,312125.1953,2756232.796
G,163,314047.7282,2747012.664
G,164,314047.7282,2747012.664
G,165,273390.5324,2771519.784
G,166,270940.8515,2774200.412
G,167,267181.0894,2769864.669
G,168,269747.7218,2768078.674
G,169,267059.0107,2773709.198
G,170,270371.6387,2773346.941
G,171,269975.1647,2773336.556
G,172,269120.1908,2773289.497
G,173,270602.6217,2771252.936
G,174,272648.9686,2767573.886
G,175,269842.6441,2770566.027
G,176,270524.0884,2769817.738
G,177,270335.6329,2771591.538
G,178,270155.7005,2773255.718
G,179,270406.9251,2771766.649
G,180,269842.6441,2770566.027
G,181,268172.7687,2770682.708
G,182,271413.5774,2773046.968
G,183,267246.5355,2769913.09
G,184,271676.3805,2770104.723
G,185,269183.7378,2775045.668
G,186,269470.6745,2768823.713
G,187,268064.3991,2775210.84
G,188,267754.8712,2769524.328
G,189,266925.5681,2771576.091
G,190,272381.3556,2768325.343
G,191,269286.7327,2770852.342
G,192,270008.035,2767165.262
G,193,269183.7378,2775045.668
G,194,272697.6773,2773283.6
G,195,269610.7449,2769243.897
G,196,268123.8745,2771257.69
G,197,269642.3363,2770584.143
G,198,268521.8809,2770598.215
G,199,271005.5946,2771087.591
G,200,268938.7145,2774529.748
G,201,268054.1764,2774764.301
G,202,270059.4607,2768055.252
G,203,269828.7253,2773266.44
G,204,268844.1061,2770052.408
G,205,267066.1185,2770902.569
G,206,268783.9131,2770564.298
G,207,268058.2694,2771270.662
G,208,269120.1908,2773289.497
G,209,269478.1905,2775352.305
G,210,266858.4014,2771609.819
G,211,271723.7104,2770127.535
G,212,267712.9555,2774748.612
G,213,268064.3991,2775210.84
G,214,268443.5816,2769374.225
G,215,266726.7081,2769686.466
G,216,268333.0882,2771865.967
G,217,271398.4144,2771472.965
G,218,268748.0263,2772230.282
G,219,267796.3054,2769514.537
G,220,274268.6902,2769668.796
G,221,267248.8483,2772583.132
G,222,270505.0475,2768461.663
G,223,270505.0475,2768461.663
G,224,268844.1061,2770052.408
G,225,268844.1061,2770052.408
G,226,268379.6736,2769267.483
G,227,267465.2515,2772510.069
G,228,270316.269,2769257.617
G,229,268747.5445,2774755.845
G,230,271234.3398,2772910.787
G,231,271234.3398,2772910.787
G,232,272331.2949,2774512.785
G,233,275059.5091,2768678.711
G,234,275059.5091,2768678.711
G,235,267226.3829,2771177.105
G,236,267226.3829,2771177.105
G,237,267240.9866,2770831.543
G,238,272891.9995,2768058.096
G,239,266913.7352,2771220.118
G,240,268646.5363,2774198.257
G,241,266835.6947,2770215.098
G,242,268938.2503,2774359.427
G,243,268968.4946,2774940.934
G,244,270526.8841,2771101.614
G,245,269202.6777,2770341.341
G,246,264883.2262,2772481.62
G,247,265530.1634,2775043.309
G,248,264472.7092,2771619.304
G,249,266331.7862,2767441.027
G,250,266445.4429,2771395.017
G,251,265530.1634,2775043.309
G,252,266191.1266,2768073.885
G,253,265591.0816,2775486.655
G,254,266286.2813,2771433.425
G,255,263233.3219,2765282.883
G,256,265469.3155,2772314.721
G,257,265942.0615,2770947.724
G,258,265471.0678,2770571.591
G,259,266247.3802,2771278.278
G,260,259631.065,2766549.014
G,261,259631.065,2766549.014
G,262,259524.0396,2766459.132
G,263,260670.7615,2767200.934
G,264,260670.7615,2767200.934
G,265,266474.2525,2770558.942
G,266,266122.7246,2773936.115
G,267,266146.9826,2771051.819
G,268,266453.9097,2770662.352
G,269,265073.1568,2772583.517
G,270,260080.9516,2767316.332
G,271,265386.3205,2768046.893
G,272,265256.8303,2771453.195
G,273,264304.6316,2769906.687
G,274,264304.6316,2769906.687
G,275,266612.0195,2770171.931
G,276,266605.75,2769745.937
G,277,265610.8679,2771398.572
G,278,265664.9302,2770530.806
G,279,265664.9302,2770530.806
G,280,264454.8215,2774518.046
G,281,326369.2468,2740537.655
G,282,325539.8157,2738841.381
G,284,325205.5719,2739391.613
G,285,324145.6203,2737324.011
G,286,256550.327,2729607.765
G,287,256550.327,2729607.765
G,288,256550.327,2729607.765
G,289,256569.5339,2729524.866
G,290,256011.318,2745118.404
G,291,269600.397,2738318.154
G,292,255862.6756,2745339.357
G,293,239181.5006,2751326.308
G,294,248312.5282,2756307.134
G,295,245264.337,2758192.767
G,296,245264.337,2758192.767
G,297,244571.4461,2758132.048
G,298,227691.8405,2787321.503
G,302,308353.9991,2801208.747
G,303,286311.6715,2799017.831
G,304,302936.7336,2803119.772
G,305,312057.3823,2796445.518
G,306,309181.8251,2799601.349
G,307,293195.8784,2808540.112
G,308,293195.8784,2808540.112
G,309,293195.8784,2808540.112
G,310,286323.8813,2799089.11
G,311,305078.9045,2799621.333
G,312,305078.9045,2799621.333
G,313,320254.2089,2788273.508
G,314,272325.1599,2780892.369
G,315,272076.8456,2776793.537
G,316,270573.1041,2779589.673
G,317,272004.6281,2776759.617
G,318,271407.3977,2778580.046
G,319,270914.641,2776057.815
G,320,270914.641,2776057.815
G,321,270984.315,2776024.063
G,322,270604.5767,2779732.874
G,323,269925.1157,2776596.442
G,324,271065.4094,2776291.543
G,325,273873.4264,2760874.529
G,326,267906.1232,2761568.68
G,327,274001.9954,2762134.013
G,328,270581.9,2765205.259
G,329,272069.7351,2763111.266
G,330,272878.0183,2767483.976
G,331,267261.7685,2759629.436
G,332,267261.7685,2759629.436
G,333,273571.3551,2763558.868
G,334,271016.1742,2760241.552
G,335,268240.0866,2762121.659
G,336,268240.0866,2762121.659
G,337,273904.3368,2763445.545
G,338,278410.5505,2743639.825
G,339,292786.2763,2761170.287
G,340,282310.6763,2752225.071
G,341,271418.0423,2739243.758
G,342,277098.8899,2755535.737
G,343,277657.0529,2754715.459
G,344,277533.0438,2754466.151
G,345,277533.0438,2754466.151
H,47,253831.655,2702722.973
H,48,253831.655,2702722.973
H,49,278002.443,2703043.679
H,83,324774.3099,2813656.905
H,91,312333.6875,2756517.656
H,92,316000.4632,2753059.233
H,93,311437.9156,2757577.191
H,94,316993.7833,2769444.057
H,95,312397.9629,2756592.888
H,96,272227.472,2769916.831
H,97,268571.3078,2770917.199
H,98,267605.5775,2770672.181
H,99,266934.782,2769868.204
H,100,270269.5829,2769957.877
H,101,271351.8778,2769278.256
H,102,270211.9341,2767472.009
H,103,270918.8324,2774475.83
H,104,270676.8811,2772782.179
H,105,269084.7187,2773155.897
H,106,270798.417,2766644.232
H,107,268529.7106,2770404.926
H,108,270878.919,2772760.832
H,109,267511.8635,2768315.55
H,110,268031.3537,2774579.732
H,111,268376.3568,2769673.355
H,112,269668.1025,2769615.498
H,113,269501.5623,2771341.741
H,114,269852.4397,2767340.864
H,115,270798.8811,2769869.419
H,116,270414.4204,2770345.295
H,117,269991.4052,2776201.143
H,118,268034.3618,2774602.288
H,119,266964.6492,2773373.585
H,120,267424.5069,2768493.127
H,121,269813.0931,2770549.902
H,122,268742.6339,2769718.458
H,123,272221.8283,2771789.209
H,124,267810.7233,2769768.732
H,125,271731.6338,2771084.63
H,126,269524.1249,2771141.334
H,127,269121.7956,2773020.514
H,128,271248.443,2769957.184
H,129,269974.9265,2771442.135
H,130,269373.2402,2772918.409
H,131,268202.821,2769217.067
H,132,268349.8483,2769628.48
H,133,267912.8761,2771976.501
H,134,271078.595,2769268.98
H,135,275785.8321,2769148.144
H,136,269900.8904,2767297.495
H,137,269121.7956,2773020.514
H,138,271142.3768,2773476.165
H,139,269084.7187,2773155.897
H,140,267955.8179,2770642.288
H,141,267958.3941,2772302.31
H,142,271800.8418,2771419.91
H,143,269183.7378,2775045.668
H,144,268853.6657,2772358.039
H,145,269642.3363,2770584.143
H,146,267572.0778,2772594.245
H,147,268020.0974,2770978.971
H,148,269121.7956,2773020.514
H,149,271773.1624,2770591.47
H,150,267586.958,2769245.593
H,151,269121.7956,2773020.514
H,152,270298.2251,2770832.295
H,153,268396.722,2771885.721
H,154,268020.0974,2770978.971
H,155,270679.593,2768795.947
H,156,269740.159,2771613.096
H,157,267401.7976,2768357.317
H,158,269668.4178,2773080.535
H,159,267846.5128,2770056.584
H,160,268349.8483,2769628.48
H,161,273029.9532,2774089.013
H,162,270422.9747,2769971.256
H,163,270524.0884,2769817.738
H,164,272641.0478,2767625.879
H,165,272641.0478,2767625.879
H,166,273644.1335,2768609.553
H,167,271686.449,2769517.12
H,168,267832.4214,2774023.148
H,169,271731.6338,2771084.63
H,170,267777.5925,2771970.269
H,171,273624.6362,2768560.231
H,172,266591.2942,2773240.225
H,173,268678.9881,2774796.128
H,174,268678.9881,2774796.128
H,175,267949.8865,2774466.31
H,176,268678.9881,2774796.128
H,177,268678.9881,2774796.128
H,178,272035.9212,2774703.117
H,179,268729.7135,2772638.848
H,180,267333.1338,2772641.87
H,181,268755.5589,2771530.891
H,182,270105.4863,2774193.084
H,183,266726.7081,2769686.466
H,184,271800.8418,2771419.91
H,185,272381.3556,2768325.343
H,186,270410.5701,2767207.256
H,187,270410.5701,2767207.256
H,188,266591.2942,2773240.225
H,189,271236.5155,2769480.099
H,190,267662.001,2774773.307
H,191,267662.001,2774773.307
H,192,268532.6426,2770226.459
H,193,268532.6426,2770226.459
H,194,274151.0804,2770573.32
H,195,270099.1971,2773640.432
H,196,267014.3425,2772671.912
H,197,267246.5355,2769913.09
H,198,267333.1338,2772641.87
H,199,267333.1338,2772641.87
H,200,270556.0233,2768725.215
H,201,267510.8655,2771993.65
H,202,267510.8655,2771993.65
H,203,271800.9592,2772779.177
H,204,272328.4255,2773542.972
H,205,267113.4432,2765934.851
H,206,270663.0212,2771639.115
H,207,271286.6515,2771701.567
H,208,267475.5946,2772086.231
H,209,270395.8737,2770046.845
H,210,268405.7444,2770852.518
H,211,267508.2248,2771400.036
H,212,267508.2248,2771400.036
H,213,266964.6842,2770780.292
H,214,267151.5798,2770863.875
H,215,271665.8854,2773128.403
H,216,267582.9882,2771065.197
H,217,267582.9882,2771065.197
H,218,267508.2248,2771400.036
H,219,267957.1372,2771313.938
H,220,267151.378,2770863.879
H,221,271947.0732,2773440.079
H,222,271947.0732,2773440.079
H,223,270072.0317,2769804.395
H,224,270072.0317,2769804.395
H,225,271760.2143,2771803.68
H,226,268314.3445,2772640.908
H,227,266004.1672,2776525.595
H,228,268844.1061,2770052.408
H,229,270798.417,2766644.232
H,230,270798.417,2766644.232
H,231,274225.8784,2771524.862
H,232,274225.8784,2771524.862
H,233,269964.1838,2773343.833
H,234,268597.198,2769436.008
H,235,271155.5863,2774335.438
H,236,270665.387,2768821.895
H,237,272863.7282,2768179.797
H,238,272050.8477,2771851.571
H,239,269942.4733,2767164.037
H,240,269942.4733,2767164.037
H,241,270570.8209,2770513.99
H,242,270213.0258,2771342.822
H,243,270830.8962,2771271.597
H,244,270830.8962,2771271.597
H,245,270830.8962,2771271.597
H,246,270377.0774,2771768.702
H,247,271812.3558,2772736.323
H,248,270603.9114,2769905.383
H,249,267139.5392,2773152.062
H,250,268003.3516,2775039.776
H,251,267823.5776,2772157.214
H,252,267823.5776,2772157.214
H,253,266880.1106,2772809.627
H,254,266880.1106,2772809.627
H,255,268636.4073,2773720.246
H,256,266864.1638,2771042.767
H,257,268260.5548,2768900.145
H,258,268160.7591,2769796.807
H,259,268101.0014,2769881.046
H,260,268868.2734,2767134.944
H,261,268868.2734,2767134.944
H,262,266751.6045,2770464.327
H,263,266698.8061,2770653.844
H,264,267837.4942,2769062.473
H,265,272641.0478,2767625.879
H,266,266619.8037,2773219.125
H,267,266720.2885,2773233.475
H,268,266482.9822,2773216.812
H,269,269696.7096,2772381.303
H,270,266719.4846,2774481.679
H,271,266264.1322,2769368.245
H,272,265778.3973,2765992.107
H,273,265580.6697,2775251.006
H,274,263996.842,2765131.057
H,275,265632.2695,2768791.818
H,276,265632.2695,2768791.818
H,277,266627.5679,2769108.019
H,278,265652.8572,2767194.769
H,279,264095.4314,2770971.305
H,280,265778.3973,2765992.107
H,281,266191.1266,2768073.885
H,282,265778.3973,2765992.107
H,283,265769.8587,2765965.324
H,284,261769.5181,2771592.297
H,285,265769.8587,2765965.324
H,286,265964.6524,2773383.282
H,287,266191.1266,2768073.885
H,288,265559.8646,2772378.993
H,289,266435.5331,2770851.171
H,290,266435.5331,2770851.171
H,291,261582.1305,2770551.498
H,292,261582.1305,2770551.498
H,293,266319.1354,2773222.056
H,294,266319.1354,2773222.056
H,295,266197.7398,2771940.282
H,296,265920.1289,2770981.679
H,297,265920.1289,2770981.679
H,298,265942.0615,2770947.724
H,299,265171.2074,2771728.507
H,300,265171.2074,2771728.507
H,301,266146.9826,2771051.819
H,302,265839.4497,2771210.687
H,303,265839.4497,2771210.687
H,304,263020.6034,2771363.724
H,305,264293.5527,2765409.645
H,306,264297.476,2773964.328
H,307,266319.1354,2773222.056
H,308,266319.1354,2773222.056
H,309,266319.1354,2773222.056
H,310,262610.6478,2771453.964
H,311,263563.0544,2775543.633
H,312,265501.8916,2776274.356
H,313,265501.8916,2776274.356
H,314,262829.9519,2772825.687
H,315,265361.0135,2766006.795
H,316,264330.435,2770986.419
H,317,266445.4429,2771395.017
H,318,266576.9342,2770706.571
H,319,260940.8079,2770242.318
H,320,260217.5856,2767373.226
H,321,266641.7572,2768164.925
H,322,263941.8863,2773639.563
H,323,259580.6476,2766616.949
H,324,266604.4343,2770017.578
H,325,266604.4343,2770017.578
H,326,265326.9478,2773651.345
H,327,265924.5963,2768472.966
H,328,266513.5148,2769754.938
H,329,266513.5148,2769754.938
H,330,263949.5386,2774606.356
H,331,265476.1471,2773305.233
H,332,266061.0898,2768140.607
H,333,264727.8206,2771278.783
H,334,263567.3508,2768740.948
H,335,263567.3508,2768740.948
H,336,261312.8612,2769211.909
H,337,265725.5428,2771515.292
H,338,266641.7572,2768164.925
H,340,272013.5459,2735389.732
H,341,256011.318,2745118.404
H,342,256550.327,2729607.765
H,343,256238.9274,2730658.722
H,344,256550.327,2729607.765
H,345,256550.327,2729607.765
H,346,256550.327,2729607.765
H,347,256460.6345,2730118.009
H,348,258573.7754,2743149.573
H,349,258602.1294,2743313.094
H,350,246649.2404,2759302.963
H,351,246649.2404,2759302.963
H,352,245398.0291,2756463.034
H,354,313671.6037,2812972.251
H,355,304528.8684,2790375.363
H,356,300556.4282,2791500.712
H,357,320254.2089,2788273.508
H,358,305139.1931,2792296.844
H,359,274883.5031,2781729.204
H,360,274883.5031,2781729.204
H,361,272128.5768,2776972.194
H,362,271276.5957,2781841.833
H,363,271982.1739,2775882.326
H,364,272128.5768,2776972.194
H,365,285776.2467,2772536.508
H,366,270136.6416,2776578.576
H,367,271775.3175,2776016.885
H,368,271409.2844,2777394.382
H,369,272466.8259,2783111.213
H,370,272466.8259,2783111.213
H,371,273564.8946,2775668.099
H,372,272682.8641,2778994.746
H,373,272682.8641,2778994.746
H,374,272329.5216,2780676.868
H,375,272130.1188,2783910.309
H,376,274640.0325,2760664.66
H,377,274404.4352,2765271.363
H,378,268768.1748,2762739.628
H,379,277403.9813,2766558.401
H,380,277403.9813,2766558.401
H,381,277155.8654,2766633.249
H,382,277155.8654,2766633.249
H,383,274938.9662,2758914.796
H,384,273571.3551,2763558.868
H,385,280885.2747,2764763.603
H,386,277599.3407,2766027.431
H,387,278410.5505,2743639.825
H,388,283835.8869,2749837.239
H,389,280618.3564,2751692.601
H,390,281275.7476,2753439.965
H,391,281431.1501,2753188.291
H,392,283417.0023,2750325.154
H,393,283417.0023,2750325.154
H,394,277657.3979,2755142.845
H,395,277692.3237,2755383.733
H,396,277657.0529,2754715.459
I,205,232747.8125,2730101.717
I,206,213473.6848,2731342.643
I,207,213473.6848,2731342.643
I,208,213473.6848,2731342.643
I,209,213473.6848,2731342.643
I,210,213473.6848,2731342.643
I,211,214053.4127,2732020.121
I,212,213434.485,2730734.278
I,213,212561.182,2732400.493
I,214,213473.6848,2731342.643
I,215,213473.6848,2731342.643
I,216,213473.6848,2731342.643
I,217,213473.6848,2731342.643
I,221,295375.7472,2703882.009
I,222,253360.9933,2705273.231
I,223,250295.2706,2695554.801
I,225,251349.1452,2695712.587
I,227,276992.1387,2700360.664
I,238,272289.629,2734081.793
I,239,274273.0855,2737156.876
I,240,274273.0855,2737156.876
I,241,272661.3647,2734336.427
I,242,286860.5941,2727698.871
I,243,285724.4509,2725664.119
I,244,295388.0269,2745940.242
I,245,286860.5941,2727698.871
I,246,272661.3647,2734336.427
I,247,272661.3647,2734336.427
I,248,288933.4797,2730053.92
I,249,289039.1612,2729826.177
I,250,289855.8872,2729563.613
I,251,289855.8872,2729563.613
I,347,228345.6277,2810044.105
I,348,228345.6277,2810044.105
I,364,324774.3099,2813656.905
I,385,315124.8307,2748518.713
I,386,313607.6738,2757637.292
I,387,314271.4708,2756693.382
I,388,314271.4708,2756693.382
I,389,302194.3872,2761853.927
I,390,302201.2522,2761720.766
I,391,317402.7088,2763488.149
I,392,313999.6894,2759718.943
I,393,311357.438,2749160.78
I,394,297275.0075,2750147.935
I,395,313999.6894,2759718.943
I,396,302194.3872,2761853.927
I,397,312893.5954,2763437.35
I,398,315124.8307,2748518.713
I,399,312523.0274,2757886.376
I,400,312763.2333,2757432.421
I,401,317402.7088,2763488.149
I,402,315523.8046,2757381.086
I,403,267637.8256,2773465.957
I,404,268889.9302,2766306.882
I,405,270088.9371,2773205.424
I,406,272570.1401,2770348.564
I,407,270110.5827,2776308.176
I,408,270072.1489,2773664.603
I,409,270270.0359,2774793.49
I,410,270857.4912,2773702.582
I,411,268590.7901,2768723.778
I,412,268889.9302,2766306.882
I,413,272636.1902,2770331.617
I,414,269628.2862,2769679.335
I,415,272966.677,2769920.869
I,416,268856.3475,2766297.809
I,417,269546.0352,2769394.37
I,418,270992.0205,2774770.925
I,419,275580.9463,2771634.937
I,420,271047.5061,2773164.256
I,421,268684.1372,2770401.977
I,422,270220.7726,2770249.371
I,423,269129.6759,2769660.159
I,424,267810.6012,2769310.055
I,425,269835.9144,2773243.823
I,426,271703.7784,2769267.163
I,427,266726.7081,2769686.466
I,428,269628.2862,2769679.335
I,429,272508.833,2773883.601
I,430,269761.5403,2772569.201
I,431,271818.6806,2767331.514
I,432,269487.9076,2773772.096
I,433,268404.3207,2770375.691
I,434,267336.5465,2768024.087
I,435,269628.2862,2769679.335
I,436,274225.8784,2771524.862
I,437,268426.3468,2770346.837
I,438,271271.64,2772263.547
I,439,270710.6551,2772196.942
I,440,268040.911,2770908.58
I,441,269033.7232,2769956.889
I,442,269441.1355,2773960.945
I,443,271047.5061,2773164.256
I,444,269033.7232,2769956.889
I,445,271645.0226,2772424.737
I,446,268895.633,2770418.344
I,447,266726.7081,2769686.466
I,448,268866.6184,2770398.223
I,449,271372.7618,2772400.373
I,450,267645.2079,2769500.151
I,451,270997.3754,2774639.073
I,452,275288.2096,2771721.977
I,453,266996.105,2767370.845
I,454,268738.772,2768810.26
I,455,271800.8418,2771419.91
I,456,270663.0212,2771639.115
I,457,269124.1582,2771179.121
I,458,267997.1578,2769729.659
I,459,270059.3974,2769755.627
I,460,270463.111,2772934.159
I,461,271842.0186,2771938.505
I,462,271114.1721,2769391.612
I,463,272819.7819,2770425.192
I,464,269900.8904,2767297.495
I,465,267563.9239,2771759.915
I,466,272976.4069,2773522.086
I,467,271972.5509,2771926.572
I,468,270622.7113,2773792.855
I,469,267637.8256,2773465.957
I,470,270538.4279,2770550.993
I,471,266531.4002,2772530.449
I,472,271913.0437,2771573.399
I,473,270829.3859,2769569.259
I,474,270852.8182,2769058.003
I,475,270290.5126,2772347.627
I,476,266926.514,2773735.177
I,477,270467.095,2775221.472
I,478,268870.2702,2773927.722
I,479,269692.94,2771465.175
I,480,271005.5946,2771087.591
I,481,271645.0226,2772424.737
I,482,272003.2839,2771675.393
I,483,266650.8094,2771880.11
I,484,270885.934,2773797.407
I,485,267777.5925,2771970.269
I,486,267777.5925,2771970.269
I,487,268368.3477,2771819.933
I,488,266613.9654,2772553.306
I,489,266613.9654,2772553.306
I,490,271774.2381,2769090.786
I,491,266889.8802,2770100.694
I,492,266889.8802,2770100.694
I,493,271358.8798,2772234.603
I,494,271665.8854,2773128.403
I,495,267659.9806,2769300.093
I,496,270707.4572,2772721.492
I,497,273463.2844,2771172.141
I,498,269665.4708,2771440.705
I,499,271057.5587,2769309.116
I,500,271057.5587,2769309.116
I,501,268271.3964,2769301.234
I,502,272110.4608,2771129.055
I,503,272185.8942,2767963.685
I,504,270579.9663,2771556.844
I,505,270177.2822,2770742.795
I,506,270953.0136,2774269.468
I,507,271311.5754,2775246.616
I,508,271311.5754,2775246.616
I,509,269590.2013,2775064.611
I,510,269104.9703,2772073.969
I,511,266477.1773,2772523.842
I,512,268005.1829,2775040.632
I,513,268136.1481,2771784.092
I,514,268825.9553,2771258.416
I,515,267610.5173,2771679.996
I,516,266720.6076,2773063.25
I,517,267357.1384,2773948.577
I,518,268844.1061,2770052.408
I,519,268708.5436,2768551.568
I,520,270718.7755,2771153.909
I,521,268350.4974,2775821.318
I,522,264327.7026,2772635.999
I,523,265069.856,2767742.695
I,524,265995.4669,2768359.824
I,525,265660.1694,2770929.952
I,526,265884.3647,2767686.39
I,527,256586.5412,2762725.246
I,528,265608.4132,2770843.957
I,529,265884.3647,2767686.39
I,530,265884.3647,2767686.39
I,531,259635.8231,2766607.113
I,532,265483.9802,2768212.112
I,533,265884.3647,2767686.39
I,534,263810.756,2770927.244
I,535,263985.9071,2765035.829
I,536,263865.8105,2766774.026
I,537,263761.0823,2772274.814
I,538,266089.0908,2772451.474
I,539,264321.5067,2765519.652
I,540,264967.6478,2771533.419
I,541,264791.1052,2771471.076
I,542,263880.8124,2764084.47
I,543,266885.5007,2767719.04
I,544,263549.6446,2771812.357
I,545,263050.4597,2765006.445
I,546,266206.4668,2770156.482
I,547,264790.8371,2772615.311
I,548,265219.0549,2769896.147
I,549,265761.2654,2770290.224
I,550,264988.4283,2766959.375
I,551,264804.3876,2772733.767
I,552,262831.0562,2773539.479
I,553,264839.5797,2772907.15
I,554,263784.8686,2770889.901
I,555,262610.6478,2771453.964
I,556,262610.6478,2771453.964
I,557,265996.0229,2775463.737
I,558,265557.9879,2776156.031
I,559,265171.2074,2771728.507
I,560,265171.2074,2771728.507
I,561,266406.4693,2767319.955
I,562,264002.2785,2770915.066
I,563,264185.2325,2770944.597
I,564,266068.5995,2766779.28
I,565,265790.0594,2775677.171
I,566,264543.0898,2771684.361
I,567,259231.2807,2766461.733
I,568,260916.2589,2770287.742
I,569,265996.318,2775463.289
I,570,265459.9706,2776090.449
I,571,257580.2768,2761828.113
I,572,265129.1949,2771933.03
I,573,260489.6487,2764862.729
I,574,261139.1992,2763591.209
I,575,266010.7256,2768684.819
I,576,324777.9125,2739424.387
I,578,323857.551,2735538.974
I,579,323753.8134,2730863.79
I,580,322191.873,2722632.369
I,581,325205.5719,2739391.613
I,582,312773.2117,2741130.125
I,583,268756.8711,2740277.888
I,584,269600.397,2738318.154
I,585,269600.397,2738318.154
I,586,255966.5518,2744011.063
I,587,269600.397,2738318.154
I,588,256550.327,2729607.765
I,589,271826.0833,2730214.828
I,590,269600.397,2738318.154
I,591,256550.327,2729607.765
I,592,246010.2063,2733621.954
I,593,256550.327,2729607.765
I,594,256569.5339,2729524.866
I,595,257988.1799,2743461.26
I,596,270871.8785,2734422.297
I,597,270871.8785,2734422.297
I,598,246010.2063,2733621.954
I,599,241585.2641,2758843.662
I,600,244571.4461,2758132.048
I,601,244152.9914,2758029.116
I,602,247789.9645,2755026.847
I,603,243826.016,2757612.595
I,604,244682.814,2758364.726
I,605,244323.3943,2758174.905
I,606,243972.9505,2757117.298
I,607,245704.9819,2758534.169
I,608,242551.1907,2762426.851
I,609,255857.6137,2761433.339
I,610,251308.8209,2747507.692
I,611,251308.8209,2747507.692
I,612,248030.366,2791787.018
I,613,228341.3311,2801574.143
I,614,228341.3311,2801574.143
I,615,248006.6051,2792048.816
I,616,247574.647,2791993.021
I,618,266471.0193,2816768.658
I,627,320254.2089,2788273.508
I,628,320252.1797,2788439.713
I,629,286323.8813,2799089.11
I,630,302645.9317,2803470.94
I,631,320250.0384,2788437.858
I,632,309332.9364,2811882.917
I,633,302211.0123,2802220.858
I,634,302307.817,2803025.943
I,635,310498.8571,2806813.291
I,636,312057.3823,2796445.518
I,637,310917.1759,2805879.396
I,638,311054.0222,2800698.662
I,639,304528.8684,2790375.363
I,640,279286.053,2820956.779
I,641,272520.3782,2784265.729
I,642,285776.2467,2772536.508
I,643,285776.2467,2772536.508
I,644,272076.8456,2776793.537
I,645,271775.3175,2776016.885
I,646,277547.1634,2773926.694
I,647,275370.2735,2777209.892
I,648,272194.8109,2777891.084
I,649,273204.2073,2776353.729
I,650,270383.6198,2777304.699
I,651,270700.8527,2778728.349
I,652,286244.4167,2781339.249
I,653,272913.6182,2776163.202
I,654,270556.3423,2778260.362
I,655,272520.3782,2784265.729
I,656,286157.7142,2771810.731
I,657,272592.2419,2776710.342
I,658,272369.1917,2776491.328
I,659,272194.8109,2777891.084
I,660,272868.0765,2781397.034
I,661,270060.7836,2777787.773
I,662,270060.7836,2777787.773
I,663,285776.2467,2772536.508
I,664,285776.2467,2772536.508
I,665,285316.9706,2772015.736
I,666,285316.9706,2772015.736
I,667,272105.9581,2781657.909
I,668,273234.0159,2775955.848
I,669,273234.0159,2775955.848
I,670,268409.3643,2762270.368
I,671,276182.4503,2766646.99
I,672,279556.0763,2766514.126
I,673,275634.5671,2759261.545
I,674,271558.0616,2762982.491
I,675,276788.2353,2768393.503
I,676,276520.371,2767085.093
I,677,274042.1749,2762708.137
I,678,275740.4248,2759747.716
I,679,272098.9109,2760327.791
I,680,273484.326,2757690.651
I,681,275740.4248,2759747.716
I,682,274238.9789,2763463.295
I,683,269627.9307,2762311.023
I,684,274397.0485,2762763.346
I,685,275640.4188,2767246.218
I,686,276520.371,2767085.093
I,687,276844.1029,2764309.856
I,688,275454.0826,2764284.936
I,689,268571.3841,2765446.672
I,690,267261.7685,2759629.436
I,691,274397.0485,2762763.346
I,692,269789.2926,2765454.83
I,693,280802.0459,2766068.153
I,694,270682.5884,2766277.267
I,695,271668.1125,2765429.434
I,696,274635.6782,2764140.032
I,697,271676.4724,2766961.326
I,698,279056.5615,2766173.911
I,699,270289.4965,2761139.454
I,700,272410.5971,2762408.023
I,701,277155.8654,2766633.249
I,702,274024.5078,2763376.188
I,703,273477.2512,2762144.008
I,704,276357.7969,2768758.241
I,705,273682.0733,2763889.478
I,706,271558.0616,2762982.491
I,707,274951.8299,2761231.661
I,708,275107.1007,2761194.207
I,709,275672.8792,2767175.098
I,710,276844.4078,2761467.065
I,711,275913.4373,2760864.005
I,712,283427.8446,2748174.952
I,713,280439.3673,2749153.224
I,714,283835.8869,2749837.239
I,715,296345.7825,2749150.753
I,716,272233.9178,2739537.024
I,717,286205.1324,2752583.167
I,718,283146.7577,2749130.726
I,719,275807.3851,2753394.285
I,720,296238.2962,2754446.375
I,721,277657.0529,2754715.459
I,722,277657.0529,2754715.459
I,723,277314.4284,2754678.899
I,724,281279.7304,2741927.107
I,725,283077.8235,2751314.106
I,726,277661.9893,2754083.325
J,127,231347.5998,2724300.186
J,128,230346.482,2730421.257
J,131,252426.2415,2699915.69
J,132,251391.5901,2696443.477
J,133,249536.7579,2699935.013
J,135,249752.6858,2696033.096
J,137,276992.1387,2700360.664
J,143,272661.3647,2734336.427
J,144,272661.3647,2734336.427
J,145,295388.0269,2745940.242
J,241,238876.5186,2827093.573
J,242,239346.7426,2826483.902
J,243,227081.2811,2813509.687
J,244,228345.6277,2810044.105
J,258,328243.0696,2826920.687
J,259,318137.3899,2825616.854
J,269,316414.0427,2765702.903
J,270,312333.6875,2756517.656
J,271,316400.9343,2765155.667
J,272,315144.9949,2753283.743
J,273,269974.6003,2767236.839
J,274,273390.5324,2771519.784
J,275,269503.0544,2769937.873
J,276,269706.4324,2771523.491
J,277,269078.6461,2769938.509
J,278,272196.2412,2774645.25
J,279,271744.8142,2767661.425
J,280,268349.8483,2769628.48
J,281,270467.095,2775221.472
J,282,267739.8835,2775037.614
J,283,268769.2028,2770256.03
J,284,269425.5063,2769838.898
J,285,267708.8085,2767521.068
J,286,271482.1352,2769200.057
J,287,270169.6335,2773747.07
J,288,272196.2412,2774645.25
J,289,269623.3888,2769113.474
J,290,272410.8393,2773255.47
J,291,268271.3964,2769301.234
J,292,267954.0371,2769616.359
J,293,273104.281,2770819.507
J,294,270905.0985,2771151.224
J,295,270072.1489,2773664.603
J,296,269163.1889,2773032.779
J,297,268418.6313,2771451.495
J,298,271054.2388,2770580.788
J,299,268704.655,2773113.797
J,300,268552.8534,2770555.136
J,301,268630.7302,2770014.797
J,302,272212.8646,2771790.466
J,303,269084.5402,2769779.497
J,304,272272.4052,2770578.813
J,305,271820.2844,2768062.868
J,306,268844.1061,2770052.408
J,307,267188.3709,2769693.551
J,308,267556.1196,2769100.724
J,309,269419.4253,2770860.074
J,310,270021.1847,2769896.786
J,311,268137.5539,2770820.721
J,312,273072.1792,2770193.936
J,313,272200.6669,2773454.126
J,314,269712.5565,2769042.045
J,315,267724.2555,2771440.353
J,316,268349.8483,2769628.48
J,317,271475.6426,2773317.207
J,318,269712.5565,2769042.045
J,319,266993.3576,2771803.554
J,320,269487.9076,2773772.096
J,321,268772.4219,2769736.46
J,322,267547.5791,2769079.481
J,323,268983.8007,2770252.73
J,324,270792.046,2769600.471
J,325,268020.0974,2770978.971
J,326,273559.1537,2772380.647
J,327,267188.3709,2769693.551
J,328,270267.2012,2771268.55
J,329,269888.8318,2771419.428
J,330,268349.8483,2769628.48
J,331,270190.7714,2768820.006
J,332,271168.0385,2773411.35
J,333,272381.3556,2768325.343
J,334,269439.5393,2770137.868
J,335,269843.5513,2770529.996
J,336,270940.8515,2774200.412
J,337,272561.3357,2773672.73
J,338,272663.8217,2771827.163
J,339,271152.629,2770523.73
J,340,271851.7066,2768051.816
J,341,268054.1764,2774764.301
J,342,268659.8288,2769872.9
J,343,271623.7258,2769099.063
J,344,271010.3711,2773122.88
J,345,268510.6385,2773833.421
J,346,269572.0466,2770929.972
J,347,274851.1347,2768919.726
J,348,268968.4946,2774940.934
J,349,267067.9286,2773858.985
J,350,267318.7479,2773136.038
J,351,270829.2389,2775192.328
J,352,270932.3249,2770306.789
J,353,270857.4912,2773702.582
J,354,269650.7701,2769186.373
J,355,268576.2814,2769941.693
J,356,268337.4558,2769284.71
J,357,268847.9187,2773115.137
J,358,269462.7122,2769147.767
J,359,267199.2972,2770109.491
J,360,268054.1764,2774764.301
J,361,268964.6207,2769996.29
J,362,268923.819,2768085.041
J,363,270089.6266,2771742.623
J,364,272433.2797,2768581.347
J,365,267859.7789,2772558.317
J,366,273029.9532,2774089.013
J,367,271645.0226,2772424.737
J,368,266996.105,2767370.845
J,369,268137.5539,2770820.721
J,370,269271.3287,2769874.858
J,371,270155.7005,2773255.718
J,372,267319.049,2769356.872
J,373,270155.8005,2773423.383
J,374,270482.9695,2772212.405
J,375,267605.5775,2770672.181
J,376,267401.7976,2768357.317
J,377,270561.8363,2769738.756
J,378,275288.2096,2771721.977
J,379,268476.8859,2769945.15
J,380,270220.7726,2770249.371
J,381,267259.1203,2770858.828
J,382,271883.7782,2769984.79
J,383,271010.5132,2769550.486
J,384,267289.5354,2770522.638
J,385,270467.095,2775221.472
J,386,270124.0094,2771644.193
J,387,270169.6335,2773747.07
J,388,272932.6099,2773771.264
J,389,271005.5946,2771087.591
J,390,267129.5697,2771793.029
J,391,268844.1061,2770052.408
J,392,273529.9707,2770365.967
J,393,267993.0827,2773065.818
J,394,267399.6391,2770608.642
J,395,271022.4677,2772063.27
J,396,269187.4746,2773322.601
J,397,269747.7218,2768078.674
J,398,272381.3556,2768325.343
J,399,272930.0636,2770706.38
J,400,269133.4857,2774152.325
J,401,270756.675,2770615.147
J,402,270524.0884,2769817.738
J,403,271649.0598,2773238.836
J,404,269747.7218,2768078.674
J,405,269487.9076,2773772.096
J,406,269725.8301,2774208.91
J,407,268776.3405,2766744.758
J,408,268581.1865,2770433.753
J,409,268106.5922,2772545.92
J,410,268564.1004,2770337.077
J,411,270964.1525,2775070.599
J,412,268405.0641,2770217.097
J,413,268026.3388,2771714.591
J,414,271645.0226,2772424.737
J,415,269903.7262,2770392.233
J,416,270220.7726,2770249.371
J,417,267374.0764,2770903.856
J,418,267912.8761,2771976.501
J,419,269974.4666,2772007.866
J,420,269936.9095,2775501.915
J,421,267981.7074,2769872.212
J,422,268459.0202,2771148.275
J,423,271883.5218,2768179.277
J,424,271251.8236,2775282.526
J,425,268847.9187,2773115.137
J,426,269900.8904,2767297.495
J,427,268844.1061,2770052.408
J,428,268788.2429,2770229.665
J,429,269592.3738,2771548.102
J,430,274225.8784,2771524.862
J,431,268463.57,2774562.743
J,432,269930.8595,2767860.162
J,433,271890.9934,2768021.905
J,434,269610.7775,2770532.813
J,435,272236.1128,2771604.684
J,436,267813.2774,2769289.287
J,437,267993.0827,2773065.818
J,438,269503.0544,2769937.873
J,439,269974.6003,2767236.839
J,440,271413.0298,2771429.391
J,441,267737.5967,2769624.802
J,442,272118.1594,2768146.773
J,443,271699.7319,2767749.5
J,444,271893.0649,2768091.574
J,445,271424.9429,2771489.697
J,446,270797.328,2768801.84
J,447,272735.8411,2770835.164
J,448,272604.1107,2772454.264
J,449,273103.1481,2770702.727
J,450,271100.4077,2773687.975
J,451,269507.8027,2771986.262
J,452,268082.4105,2774543.18
J,453,268317.5473,2771134.718
J,454,268862.4953,2773427.287
J,455,267623.1939,2769939.257
J,456,266823.2733,2772271.902
J,457,270169.7861,2770669.339
J,458,272165.5292,2773090.904
J,459,272165.5292,2773090.904
J,460,268868.2734,2767134.944
J,461,268186.5468,2768751.796
J,462,270274.2732,2770092.663
J,463,271101.8412,2769071.449
J,464,272495.8239,2768359.341
J,465,269885.4731,2769578.478
J,466,269617.1447,2769324.021
J,467,271867.1944,2767261.334
J,468,272329.3689,2772093.376
J,469,275288.2096,2771721.977
J,470,270328.2211,2772458.807
J,471,270374.2267,2771737.278
J,472,270647.3617,2771710.522
J,473,271542.7715,2767052.433
J,474,268129.5672,2771955.308
J,475,267398.4678,2771446.566
J,476,269270.9074,2774578.533
J,477,267135.1846,2775373.41
J,478,268099.9171,2773875.196
J,479,269620.6466,2775892.352
J,480,267902.6898,2772564.68
J,481,267797.928,2772773.694
J,482,267797.928,2772773.694
J,483,267023.1996,2768978.147
J,484,267510.7723,2766225.973
J,485,266700.8067,2770126.751
J,486,272197.0401,2767838.722
J,487,264915.8681,2764740.554
J,488,264327.7026,2772635.999
J,489,264327.7026,2772635.999
J,490,264327.7026,2772635.999
J,491,264327.7026,2772635.999
J,492,264327.7026,2772635.999
J,493,264327.7026,2772635.999
J,494,264327.7026,2772635.999
J,495,264734.2407,2779435.554
J,496,263564.4087,2773934.019
J,497,265745.1135,2768506.073
J,498,264166.9029,2771221.968
J,499,263588.1818,2773727.366
J,500,262702.9287,2773253.678
J,501,264770.628,2767173.235
J,502,264939.7435,2772246.259
J,503,265920.1289,2770981.679
J,504,266061.0898,2768140.607
J,505,266191.1266,2768073.885
J,506,265492.4572,2770923.412
J,507,263452.6933,2772969.472
J,508,265476.9481,2768537.934
J,509,263528.0534,2778880.904
J,510,265714.8597,2774684.398
J,511,265714.8597,2774684.398
J,512,264935.2734,2767721.182
J,513,265128.5504,2773426.135
J,514,265920.1289,2770981.679
J,515,265625.6089,2767820.372
J,516,262776.1482,2773696.584
J,517,265551.8596,2768448.657
J,518,266191.1266,2768073.885
J,519,263528.0534,2778880.904
J,520,266191.1266,2768073.885
J,521,265864.426,2768067.065
J,522,266362.2011,2771309.448
J,523,263938.4761,2774381.356
J,524,266191.1266,2768073.885
J,525,265289.9306,2774526.805
J,526,266001.3135,2773990.283
J,527,265119.1862,2764139.193
J,528,261306.4121,2771026.873
J,529,266054.2865,2770738.788
J,530,266061.0898,2768140.607
J,531,266191.1266,2768073.885
J,532,264778.1054,2767801.571
J,533,264913.4658,2769611.717
J,534,265823.214,2774663.807
J,535,262866.7826,2773039.6
J,536,263679.1055,2775321.304
J,537,264164.3025,2764110.282
J,538,264915.8681,2764740.554
J,539,264327.7026,2772635.999
J,540,262919.007,2775363.652
J,541,265382.0846,2770957.557
J,542,265382.0846,2770957.557
J,543,265877.3074,2772669.988
J,544,266146.9826,2771051.819
J,545,265477.9729,2770867.807
J,546,266191.1266,2768073.885
J,547,266889.0828,2767792.895
J,548,263720.1981,2770927.702
J,549,261656.6738,2770761.316
J,550,262610.6478,2771453.964
J,551,262610.6478,2771453.964
J,552,266627.5679,2769108.019
J,553,266286.2813,2771433.425
J,554,266286.2813,2771433.425
J,555,265924.5963,2768472.966
J,556,266317.2628,2770984.406
J,557,266317.2628,2770984.406
J,558,266317.2628,2770984.406
J,559,266317.2628,2770984.406
J,560,266317.2628,2770984.406
J,561,266317.2628,2770984.406
J,562,264824.9863,2771193.217
J,563,264309.0679,2765454.26
J,564,263249.2001,2774779.083
J,565,261769.5181,2771592.297
J,566,263960.6554,2774018.251
J,567,266298.6367,2772897.592
J,568,265725.736,2771950.038
J,569,262774.3518,2773883.463
J,570,259603.8593,2766966.414
J,571,263504.2324,2766971.884
J,572,263242.4794,2766214.846
J,573,263715.4138,2770925.458
J,574,264469.6991,2771427.302
J,575,263791.2077,2770567.632
J,576,263791.2077,2770567.632
J,577,266224.6976,2771987.584
J,578,266317.2628,2770984.406
J,579,266059.0332,2773847.996
J,580,266544.5306,2767403.261
J,581,325124.9592,2739072.048
J,582,325358.1432,2738857.631
J,583,325455.3828,2738859.948
J,584,325020.2908,2739273.986
J,585,258938.481,2743881.272
J,586,258938.481,2743881.272
J,587,258938.481,2743881.272
J,588,260109.9268,2731106.6
J,589,256550.327,2729607.765
J,590,255678.2116,2729306.017
J,591,257911.6418,2728805.677
J,592,257848.5202,2743020.307
J,593,256545.84,2730091.248
J,594,256853.1079,2730519.952
J,595,256550.327,2729607.765
J,596,239943.3702,2718914.333
J,597,258602.1294,2743313.094
J,598,246304.1723,2733468.392
J,599,271148.8286,2734869.387
J,600,257848.5202,2743020.307
J,601,268212.2454,2731474.236
J,602,256126.1939,2729302.245
J,603,268477.2174,2737443.3
J,604,268477.2174,2737443.3
J,605,236689.1426,2727150.826
J,606,246219.9877,2759356.228
J,607,247687.6651,2755269.675
J,608,235701.6107,2760072.028
J,609,244571.4461,2758132.048
J,610,246590.8583,2755799.913
J,611,244525.4517,2757930.851
J,612,255857.6137,2761433.339
J,613,244571.4461,2758132.048
J,614,247331.6424,2755397.911
J,615,247954.3526,2758480.705
J,616,246908.4645,2755793.172
J,617,247548.2056,2758747.52
J,618,239181.5006,2751326.308
J,619,246649.2404,2759302.963
J,620,238827.3546,2751391.102
J,621,246649.2404,2759302.963
J,622,235039.185,2767797.905
J,623,248045.2308,2791545.558
J,624,247941.5938,2791335.01
J,625,228341.3311,2801574.143
J,629,304317.4348,2803300.2
J,630,284648.0981,2827363.426
J,631,305217.7019,2790994.533
J,632,284585.4242,2827136.492
J,633,286323.8813,2799089.11
J,634,311194.4144,2800943.542
J,635,296998.2324,2780208.351
J,636,321566.6113,2802135.623
J,637,305219.48,2791342.294
J,638,300884.4625,2793252.812
J,639,304002.815,2804975.045
J,640,302472.227,2803127.018
J,641,304783.0215,2787832.934
J,642,321566.6113,2802135.623
J,643,305139.1931,2792296.844
J,644,300427.3814,2801713.317
J,645,302936.7336,2803119.772
J,646,303978.7305,2794283.454
J,647,303889.8329,2794212.171
J,648,304936.9057,2791063.834
J,649,273404.3884,2775726.396
J,650,272644.3512,2781863.102
J,651,271775.5358,2775614.174
J,652,271191.262,2778219.754
J,653,272076.8456,2776793.537
J,654,270462.6186,2777890.37
J,655,272550.4863,2777587.817
J,656,272165.2903,2776898.662
J,657,272076.8456,2776793.537
J,658,272130.1188,2783910.309
J,659,270911.1218,2777378.596
J,660,270894.1283,2776128.307
J,661,272076.8456,2776793.537
J,662,270773.5585,2779031.208
J,663,271588.2661,2779142.177
J,664,272483.8523,2777615.97
J,665,285776.2467,2772536.508
J,666,285776.2467,2772536.508
J,667,283999.131,2770889.127
J,668,270484.881,2777331.362
J,669,271691.1558,2776390.639
J,670,269738.5346,2777397.265
J,671,272194.8109,2777891.084
J,672,271588.2661,2779142.177
J,673,267085.5349,2801086.075
J,674,279460.3754,2795132.651
J,675,275913.4373,2760864.005
J,676,275913.4373,2760864.005
J,677,277690.109,2766082.643
J,678,278411.8424,2766821.496
J,679,274174.5967,2761334.313
J,680,269887.4826,2764837.15
J,681,268685.2634,2764744.492
J,682,270791.7672,2762138.69
J,683,267488.6608,2765007.901
J,684,276810.478,2762469.612
J,685,275376.6633,2764257.284
J,686,275740.4248,2759747.716
J,687,273873.4264,2760874.529
J,688,273873.4264,2760874.529
J,689,275437.3155,2761549.153
J,690,274545.9915,2759793.228
J,691,275921.5017,2768210.219
J,692,272837.6325,2767405.415
J,693,266918.6145,2763734.207
J,694,273873.4264,2760874.529
J,695,273852.3502,2763233.532
J,696,267261.7685,2759629.436
J,697,269825.165,2765804.074
J,698,274479.3884,2765351.796
J,699,280802.0459,2766068.153
J,700,273891.3841,2756052.562
J,701,275643.2645,2767105.772
J,702,275885.7413,2766280.899
J,703,275934.3194,2768172.886
J,704,273571.3551,2763558.868
J,705,270168.7134,2765632.961
J,706,269825.165,2765804.074
J,707,272062.5969,2766491.567
J,708,269199.5985,2763384.842
J,709,277528.0934,2764912.503
J,710,278411.8424,2766821.496
J,711,266521.6986,2762760.887
J,712,273571.3551,2763558.868
J,713,280003.7786,2764770.319
J,714,268064.6834,2761624.951
J,715,280864.6589,2764668.195
J,716,269257.5949,2762660.01
J,717,274079.8693,2761146.495
J,718,273971.3047,2760211.364
J,719,272234.5958,2761950.847
J,720,268413.4483,2761422.793
J,721,278410.5505,2743639.825
J,722,278617.1393,2755301.808
J,723,278617.1393,2755301.808
J,724,283417.0023,2750325.154
J,725,277969.9106,2754461.193
J,726,278488.7571,2751148.853
J,727,282305.9921,2755580.56
J,728,282519.5376,2748462.379
J,729,279915.2222,2753649.27
J,730,277992.5262,2741099.508
J,731,296345.7825,2749150.753
J,732,279340.4618,2755800.841
J,733,282949.1827,2751112.253
J,734,282949.1827,2751112.253
J,735,277646.3754,2754592.745
J,736,276947.6184,2757012.296
J,737,276947.6184,2757012.296
J,738,283417.0023,2750325.154
J,739,283417.0023,2750325.154
J,740,279318.5379,2754536.32
J,741,277657.0529,2754715.459
J,742,282310.6763,2752225.071
J,743,277657.0529,2754715.459
J,744,277967.5313,2754376.462
J,745,276947.6184,2757012.296
J,746,282519.5376,2748462.379
a,224,217496.8192,2742657.15
a,225,217557.6227,2749292.915
a,226,214300.2482,2725847.636
a,227,231438.3413,2733252.955
a,228,214276.4686,2734581.326
a,229,217032.9873,2733484.271
a,230,218420.0109,2743961.811
a,231,217740.2492,2742833.858
a,232,213612.3945,2735486.836
a,233,215217.9099,2735299.469
a,234,217241.6647,2724172.447
a,235,218159.3558,2744179.913
a,236,220615.4184,2749365.754
a,237,225535.8885,2745910.068
a,240,244510.5671,2697343.534
a,242,245242.2503,2695982.505
a,243,251074.737,2708068.649
a,244,244095.2666,2696556.509
a,247,246699.7805,2700810.36
a,248,251781.0086,2703842.728
a,249,244303.5975,2696459.445
a,252,251116.8253,2703166.466
a,253,253253.3535,2702799.379
a,254,247668.1295,2700651.334
a,255,252046.4153,2706564.252
a,256,243870.6709,2697325.3
a,258,246876.605,2700876.132
a,262,269052.1759,2695692.965
a,268,277666.1036,2703720.409
a,335,272496.6197,2732146.586
a,336,274323.6058,2729937.435
a,406,227823.2819,2777909.785
a,407,227879.3353,2777908.665
a,411,224518.23,2798206.609
a,413,227786.6361,2777479.421
a,415,227474.6274,2776330.776
a,427,241652.4997,2827184.696
a,428,229034.6526,2814212.852
a,429,234372.1148,2819888.667
a,430,241991.3891,2826290.43
a,431,242450.013,2827342.328
a,432,241226.6383,2827826.02
a,433,241722.2418,2826587.535
a,434,242405.1082,2827258.826
a,435,224076.0149,2813751.908
a,445,332867.3563,2808409.981
a,473,320254.7077,2766497.957
a,474,321586.9074,2765843.211
a,475,316868.441,2759574.035
a,476,265905.5467,2777722.719
a,477,275718.5893,2771735.521
a,478,257902.506,2763909.594
a,479,262492.9454,2775761.44
a,480,260668.6942,2769579.478
a,481,259649.4222,2768131.096
a,482,265400.756,2775304.808
a,483,265711.0458,2777356.143
a,484,259403.0487,2766195.502
a,485,250811.221,2734436.47
a,486,265811.9044,2730128.025
a,487,247981.4277,2732920.63
a,488,255432.4694,2729815.963
a,489,253934.9629,2718652.68
a,490,255965.4169,2723988.446
a,491,265959.4598,2730354.861
a,492,247584.7732,2718648.521
a,493,255898.3499,2739349.62
a,494,270929.0522,2735431.458
a,495,270458.3365,2737142.364
a,496,269440.6015,2738625.391
a,497,269061.1596,2735222.989
a,498,247875.1698,2732707.367
a,499,255993.7147,2724109.853
a,500,271978.1453,2731708.472
a,501,268082.1124,2730918.862
a,502,258590.2522,2743287.653
a,503,265909.6068,2730767.87
a,504,250539.2632,2718634.074
a,505,246560.9575,2756960.452
a,506,231653.3081,2744333.203
a,507,239222.0157,2753123.012
a,508,221309.1091,2763757.461
a,509,239214.6022,2759182.41
a,510,246013.6884,2760963.691
a,511,228700.8067,2770402.06
a,512,252615.6124,2750603.636
a,513,250988.8922,2747711.691
a,514,231351.9288,2766598.347
a,515,251349.1328,2746047.07
a,516,249166.1228,2752701.027
a,517,251600.3784,2746454.763
a,518,239043.9018,2753151.021
a,519,235421.2531,2762517.545
a,520,251265.6428,2746060.891
a,521,252635.5877,2750652.227
a,522,243615.2568,2760300.207
a,523,246623.2065,2755889.757
a,524,247321.0299,2758103.423
a,525,249404.8857,2752440.533
a,526,238760.6474,2760437.391
a,527,238823.0528,2759896.469
a,528,221535.7114,2764312.68
a,529,247874.8663,2752373.355
a,530,244788.9827,2754999.464
a,531,245946.8218,2759061.224
a,532,245701.5118,2795778.42
a,533,248348.0466,2796835.114
a,534,246679.7792,2796763.15
a,535,245846.9233,2800498.424
a,536,252046.4592,2793179.369
a,537,248494.6482,2808736.515
a,538,244660.8449,2796923.081
a,539,245758.8038,2795921.435
a,540,248760.2015,2797319.442
a,541,245023.0426,2796295.529
a,542,246047.9311,2800367.171
a,543,226658.5238,2799396.1
a,544,226837.0609,2803662.674
a,545,258914.6613,2792069.484
a,546,244010.7568,2795223.798
a,547,245632.0798,2817417.047
a,548,261158.6903,2816938.543
a,549,302378.2625,2794029.867
a,550,301807.969,2792186.659
a,551,309472.1692,2813130.875
a,552,302753.9905,2794036.692
a,553,300537.3697,2796932.745
a,554,303558.6201,2800917.494
a,555,307212.922,2790081.054
a,556,301815.4833,2791724.584
a,557,303293.5343,2794030.064
a,558,303303.956,2789719.615
a,559,301434.5873,2793048.662
a,560,306746.9445,2793093.607
a,561,304409.4335,2798549.766
a,562,303781.4055,2792409.656
a,563,302295.5613,2793695.297
a,564,312607.2122,2795245.754
a,565,306227.4656,2790730.03
a,566,302503.8739,2800149.617
a,567,312389.4132,2799590.884
a,568,312090.9794,2799857.553
a,569,312438.8168,2799562.806
a,570,303076.3825,2798161.352
a,571,300177.1929,2796950.686
a,572,312478.9712,2799794.604
a,573,305540.0969,2798159.801
a,574,312141.0102,2799914.406
a,575,301537.3588,2791390.726
a,576,307415.6855,2800495.311
a,577,303153.1754,2794001.329
a,578,312163.6686,2799793.451
a,579,312382.0972,2799648.536
a,580,312416.5221,2799649.288
a,581,312234.8496,2799782.304
a,582,309273.9367,2806469.349
a,583,312201.4179,2799832.625
a,584,306569.3999,2793009.663
a,585,300460.4109,2801644.402
a,586,302163.2677,2794429.729
a,587,303243.3271,2793791.35
a,588,312641.3137,2799880.982
a,589,303376.5621,2794080.562
a,590,301588.6349,2792405.929
a,591,300515.7067,2801638.044
a,592,314723.397,2797661.949
a,593,296548.8156,2783760.984
a,594,270601.8066,2782257.126
a,595,270924.1648,2782529.965
a,596,286834.9707,2772081.236
a,597,271800.3547,2783997.1
a,598,271099.6173,2782881.626
a,599,286906.6209,2772091.198
a,600,284684.9729,2777264.434
a,601,286922.7047,2772326.763
a,602,276318.9127,2764808.534
a,603,274655.7379,2765812.2
a,604,279652.1777,2765368.226
a,605,281367.2877,2764712.803
a,606,281701.8421,2764229.76
a,607,277082.8263,2765822.304
a,608,284888.3194,2762423.059
a,609,290117.4324,2763004.607
a,610,295964.1417,2756944.308
a,611,280871.4196,2762670.784
a,612,274376.2097,2738647.14
a,613,281816.9678,2763724.982
a,614,295480.8961,2757269.422
a,615,279652.8756,2742867.819
a,616,290379.1583,2762745.756
a,620,246516.7991,2796126.776
a,623,248249.7305,2792671.161
b,536,219995.6605,2750036.699
b,537,217447.4829,2733695.377
b,538,218435.7025,2744276.202
b,539,217698.7188,2743718.178
b,540,219825.0719,2748999.349
b,541,232349.2829,2735267.463
b,542,214271.5967,2737154.907
b,543,212833.3765,2734152.613
b,545,217751.8936,2731579.531
b,546,219707.4538,2705203.663
b,547,220154.8357,2749296.271
b,548,215622.6779,2736174.637
b,549,220057.467,2746604.448
b,552,304171.802,2697845.89
b,556,254460.4941,2702730.817
b,557,250205.2661,2702246.198
b,563,245999.0508,2697069.395
b,567,248817.1606,2703721.513
b,569,248824.2528,2703330.115
b,570,250953.1336,2700753.445
b,571,250194.941,2702236.222
b,572,249636.2791,2700497.317
b,574,249723.219,2705027.518
b,575,250357.2926,2702743.121
b,576,250505.9117,2707216.805
b,577,236070.8589,2696568.233
b,582,251659.8736,2703463.767
b,583,250210.272,2702464.369
b,584,250139.6161,2702025.72
b,585,250171.0479,2702604.518
b,586,250157.2295,2708142.851
b,589,250517.8624,2701960.201
b,592,251724.564,2707293.678
b,593,244456.4475,2696257.182
b,595,249691.5822,2700579.45
b,607,278255.1946,2705620.261
b,608,268797.6573,2695149.568
b,637,297314.8428,2730139.938
b,638,297552.4062,2729421.867
b,639,282688.6266,2738356.499
b,640,272748.2559,2731318.164
b,641,272657.8421,2731292.865
b,642,272337.2958,2730817.329
b,643,296810.8497,2730981.631
b,644,296643.3043,2730466.439
b,645,296958.5508,2729659.814
b,646,273471.3704,2729648.519
b,647,273736.3937,2729635.273
b,648,273721.0906,2729679.846
b,649,273726.9022,2729674.211
b,650,291128.9196,2728577.382
b,651,279615.0587,2740549.196
b,652,296732.4745,2730122.908
b,653,296698.9975,2730659.51
b,654,297049.1811,2729626.482
b,655,296764.4029,2729940.865
b,656,297293.1737,2729753.407
b,657,297053.9889,2730705.402
b,658,273398.1843,2735611.302
b,659,272430.0452,2731355.34
b,935,226189.6724,2775233.371
b,936,227329.6973,2778102.57
b,938,226202.279,2775386.466
b,939,215139.4499,2760937.598
b,940,215772.4513,2760807.135
b,941,215931.8053,2760732.696
b,942,215644.9708,2764351.83
b,943,224131.1995,2798710.3
b,946,226500.2543,2775616.049
b,947,217325.7864,2767933.263
b,948,221723.4254,2792745.461
b,992,239399.4832,2812568.953
b,993,240483.7124,2827070.968
b,994,223229.1153,2826700.422
b,995,229880.1361,2805378.401
b,1027,314810.4637,2818579.156
b,1029,317681.1372,2821176.596
b,1030,324033.8376,2814988.342
b,1031,325420.8234,2813973.134
b,1032,315073.7663,2818042.787
b,1036,325366.6363,2813502.999
b,1037,316627.7705,2823491.176
b,1039,330379.4425,2814124.306
b,1042,325501.796,2814075.172
b,1047,318796.1059,2826319.309
b,1060,311894.8972,2757700.664
b,1061,317747.8725,2766475.436
b,1062,319469.1883,2766708.329
b,1063,322572.7374,2753617.81
b,1064,316114.3342,2758347.886
b,1065,316102.5773,2759961.18
b,1066,319675.1531,2767015.803
b,1067,319678.9253,2766536.31
b,1068,320967.1789,2767774.299
b,1069,317746.342,2766065.863
b,1070,317682.3415,2766713.263
b,1071,321236.4931,2767140.547
b,1072,314135.5752,2758022.472
b,1073,271975.5155,2771213.3
b,1074,269739.4496,2771154.483
b,1075,276429.9963,2770673.286
b,1076,272103.6938,2771986.869
b,1077,275492.7457,2771746.006
b,1078,276777.2746,2771417.124
b,1079,257744.96,2764045.371
b,1080,261440.3483,2772132.784
b,1081,264334.7206,2775166.425
b,1082,263512.5538,2773025.779
b,1083,263659.2475,2775567.232
b,1084,256604.3182,2763227.627
b,1085,249812.0948,2774163
b,1086,265347.7211,2775917
b,1087,258809.7258,2778324.36
b,1088,264154.1535,2773317.894
b,1089,258887.5937,2767196.955
b,1090,258896.218,2767399.676
b,1091,252501.4195,2774490.75
b,1092,265077.9407,2771752.471
b,1093,264718.6822,2774905.685
b,1095,329774.7944,2734802.915
b,1097,328833.1162,2736044.097
b,1102,329599.0661,2735323.245
b,1104,326160.0272,2738876.615
b,1105,249366.0002,2734610.299
b,1106,265425.1411,2729229.26
b,1107,267815.0443,2732019.144
b,1108,247813.0399,2733853.425
b,1109,247471.7529,2733259.618
b,1110,265915.1559,2730196.159
b,1111,255836.6871,2743258.486
b,1112,250285.2722,2734871.083
b,1113,248054.3863,2734211.388
b,1114,251072.7471,2734779.952
b,1115,249903.4153,2734671.09
b,1116,255908.9915,2723627.111
b,1117,255012.49,2736297.608
b,1118,250788.627,2734869.102
b,1119,250606.7056,2734761.547
b,1120,267575.4477,2721180.454
b,1121,247643.8096,2733441.201
b,1122,247949.3553,2733895.278
b,1123,265412.2891,2728651.085
b,1124,251338.8164,2734891.544
b,1125,250509.971,2734793.151
b,1126,249667.0861,2734526.046
b,1127,248968.4999,2743296.346
b,1128,250050.7686,2733859.39
b,1129,268432.9915,2731500.311
b,1130,248747.3244,2734457.103
b,1131,266218.5741,2730224.291
b,1132,255799.041,2743291.166
b,1133,271677.8359,2732275.465
b,1134,247706.7674,2733809.488
b,1135,249241.3007,2734448.158
b,1136,250024.3437,2743772.846
b,1137,251128.5993,2743743.663
b,1138,250952.3742,2742215.257
b,1139,251169.3984,2742014.011
b,1140,251029.2688,2741927.873
b,1141,248443.6201,2733234.566
b,1142,254600.3536,2717874.137
b,1143,268665.6078,2732749.536
b,1144,250567.303,2744145.079
b,1145,248654.1438,2733443.786
b,1146,247481.1961,2732758.866
b,1147,272156.2745,2731337.719
b,1148,257331.9096,2731699.849
b,1149,246262.4069,2732619.48
b,1150,247398.7007,2732337.368
b,1151,254598.4188,2719525.106
b,1152,263226.0469,2725042.326
b,1153,248433.9894,2733587.238
b,1154,246702.6122,2732819.856
b,1155,269250.1356,2722522.984
b,1156,250544.1466,2734504.384
b,1157,254619.9876,2725829.586
b,1158,252663.1416,2715405.89
b,1159,255994.0512,2735509.186
b,1160,268097.1942,2731551.179
b,1161,251342.8833,2744054.554
b,1162,248210.1898,2732654.635
b,1163,247156.1834,2732282.691
b,1164,234584.4026,2760425.52
b,1165,227603.4889,2765413.384
b,1166,239797.6577,2760392.12
b,1167,225026.3651,2763370.703
b,1168,248889.0404,2749983.022
b,1169,251556.9348,2751057.394
b,1170,224521.415,2763485.237
b,1171,250336.7048,2746885.493
b,1172,229692.0089,2771096.161
b,1173,225204.3969,2763779.752
b,1174,238273.0694,2759351.512
b,1175,246284.647,2751678.783
b,1176,245577.7669,2761448.674
b,1177,239166.5761,2760052.806
b,1178,250364.3509,2746627.931
b,1179,239648.6266,2760379.247
b,1180,239405.8803,2759157.223
b,1181,241065.614,2759836.094
b,1182,249006.4519,2758964.7
b,1183,233832.1445,2762081.846
b,1184,246341.5205,2761811.357
b,1185,231877.3678,2765887.539
b,1186,249385.7207,2759363.535
b,1187,249386.8654,2759534.073
b,1188,239099.4789,2753119.177
b,1189,239402.8114,2760990.46
b,1190,255432.7102,2747405.867
b,1191,250089.051,2746507.617
b,1192,239412.4712,2760332.007
b,1193,249883.2528,2748653.749
b,1194,249248.9425,2753669.289
b,1195,249255.8561,2762102.233
b,1196,247442.2002,2759088.842
b,1197,250420.2779,2748537.493
b,1198,250694.4986,2746642.893
b,1199,227439.3531,2765289.172
b,1200,248906.9606,2750965.704
b,1201,232981.9626,2760977.604
b,1202,241755.4432,2749688.216
b,1203,226721.3148,2763639.472
b,1204,248316.2826,2757978.924
b,1205,240778.5834,2759562.262
b,1206,228097.3485,2766072.059
b,1207,244457.5703,2753048.148
b,1208,223581.6923,2763448.742
b,1209,234069.0271,2758604.405
b,1210,250338.252,2746365.8
b,1211,247510.0606,2752774.423
b,1212,248035.907,2750230.118
b,1213,241614.0955,2751273.682
b,1214,247645.1523,2752421.899
b,1215,241748.6913,2750302.255
b,1216,238642.9638,2759196.981
b,1217,229681.587,2771221.691
b,1218,250602.8042,2747725.135
b,1219,239215.8215,2759128.505
b,1220,246552.369,2762803.028
b,1221,246293.7827,2760903.223
b,1222,246263.193,2762062.124
b,1223,246552.369,2762803.028
b,1224,248749.2167,2749869.47
b,1225,250820.1092,2754339.768
b,1226,246809.634,2758755.363
b,1227,244445.0207,2800323.298
b,1228,251477.5095,2793213.822
b,1229,251358.8163,2792789.287
b,1230,245168.1168,2798331.038
b,1231,244821.1144,2800543.343
b,1232,257544.3588,2791205.165
b,1233,245858.8839,2798026.446
b,1234,228886.9314,2779715.479
b,1235,247073.0635,2796669.265
b,1236,261745.3732,2799953.371
b,1237,252158.607,2793033.846
b,1238,247196.4413,2796694.665
b,1239,228345.6244,2778792.338
b,1240,248229.9346,2796821.612
b,1241,244259.0927,2801305.561
b,1242,251955.6383,2792196.452
b,1243,247840.2253,2796356.892
b,1244,228477.0792,2778438.68
b,1245,239966.539,2783720.197
b,1246,244980.1661,2802145.389
b,1247,251346.0298,2793190.685
b,1248,245178.7031,2801662.86
b,1249,253937.7966,2791979.554
b,1250,250990.6637,2792566.381
b,1251,251850.664,2792672.503
b,1252,246122.2725,2800197.355
b,1253,245019.9164,2797731.906
b,1254,251765.0819,2792464.717
b,1255,244412.0056,2797414.257
b,1256,251780.5266,2792482.291
b,1257,251846.4219,2792670.425
b,1258,229744.3122,2785565.902
b,1259,244531.6814,2797613.664
b,1260,245724.8044,2795051.669
b,1261,241633.4407,2786485.927
b,1262,227652.3484,2782767.277
b,1263,261059.1833,2817001.274
b,1264,266246.3729,2822876.602
b,1265,303167.488,2792734.343
b,1266,302312.6415,2792987.176
b,1267,305118.0954,2798931.613
b,1268,303414.2783,2792515.624
b,1269,303368.3302,2792628.321
b,1270,304301.1601,2793081.064
b,1271,302760.657,2793860.242
b,1272,301112.6206,2792588.039
b,1273,302419.288,2793581.154
b,1274,303088.9151,2792874.905
b,1275,293228.8616,2786933.375
b,1276,302277.1305,2794349.273
b,1277,317208.9527,2806790.979
b,1278,303053.2625,2802307.689
b,1279,303130.2361,2797997.755
b,1280,305886.3902,2793593.426
b,1281,301762.4273,2792096.533
b,1282,302574.4902,2794433.566
b,1283,302770.6892,2794202.645
b,1284,301050.2416,2804021.265
b,1285,304484.2431,2805652.948
b,1286,303167.7157,2798361.61
b,1287,303526.6192,2792734.048
b,1288,309664.5512,2804826.213
b,1289,302338.9257,2793483.225
b,1290,302291.6106,2792505.821
b,1291,305981.1075,2791121.339
b,1292,293144.2819,2787098.715
b,1293,302920.738,2794262.318
b,1294,306146.263,2793719.268
b,1295,303598.8682,2792735.769
b,1296,292808.1944,2787446.104
b,1297,303161.1945,2793629.428
b,1298,302836.0328,2793789.28
b,1299,306127.6451,2793259.736
b,1300,303598.8682,2792735.769
b,1301,310322.3641,2808082.281
b,1302,301599.9245,2792087.834
b,1303,302416.9993,2794343.843
b,1304,303228.9218,2793782.635
b,1305,302704.9758,2793977.085
b,1306,297267.7941,2782274.217
b,1307,320113.4869,2797506.909
b,1308,279019.4214,2825876.46
b,1309,302258.4555,2794258.754
b,1310,302908.1885,2793957.809
b,1311,297212.3252,2780509.03
b,1312,302308.4723,2793812.678
b,1313,302168.7995,2792396.512
b,1314,305883.1269,2792014.634
b,1315,298092.7217,2793654.405
b,1316,303574.8173,2804664.51
b,1317,302819.7524,2793708.648
b,1318,300243.5911,2790954.102
b,1319,270367.3537,2779723.344
b,1320,272350.796,2775030.18
b,1321,271101.2435,2779915.988
b,1322,271150.4834,2786082.188
b,1323,285987.397,2770437.961
b,1324,264673.5767,2789836.003
b,1325,287445.4289,2772661.44
b,1326,285280.0791,2776735.168
b,1327,288145.1236,2772798.911
b,1328,287315.4847,2772599.138
b,1329,284185.3501,2779604.848
b,1330,287475.9825,2772355.02
b,1331,269776.7527,2776834.5
b,1332,279103.1407,2771110.571
b,1333,277687.9113,2772233.35
b,1334,288818.4826,2772087.021
b,1335,277474.3214,2772616.362
b,1336,295132.3646,2776276.556
b,1337,290077.9592,2787757.413
b,1338,287160.5313,2772838.552
b,1339,287169.5116,2772947.063
b,1340,287712.4693,2772760.084
b,1341,288684.2853,2773721.603
b,1342,286922.7047,2772326.763
b,1343,283741.4542,2779788.736
b,1344,287878.203,2772810.877
b,1345,285312.1326,2768510.076
b,1346,284946.6601,2769149.263
b,1347,285475.8795,2769096.621
b,1348,281112.0812,2764490.649
b,1349,285848.9556,2769907.034
b,1350,274807.7639,2765912.815
b,1351,277443.8214,2763679.935
b,1352,275717.786,2766663.393
b,1353,278588.2372,2766052.722
b,1354,285196.9378,2769210.578
b,1355,278594.1618,2765673.718
b,1356,275696.8462,2767097.136
b,1357,275313.511,2767002.467
b,1358,281562.2567,2764026.992
b,1359,285725.1345,2769986.848
b,1360,275084.4063,2766085.564
b,1361,276736.6793,2767250.384
b,1362,278314.4934,2741852.27
b,1363,279729.5182,2741893.66
b,1364,279168.7956,2742011.262
b,1365,286416.5251,2769654.684
b,1366,280438.5829,2762607.844
b,1367,282616.4085,2761132.628
b,1368,281406.3726,2748883.448
b,1369,290507.9703,2762729.319
b,1370,278784.7346,2741138.651
b,1371,283099.7817,2759865.168
b,1372,278834.9897,2741381.62
b,1373,278699.48,2742272.703
b,1374,279570.0718,2742626.599
b,1375,279038.976,2742433.478
b,1376,281657.4575,2757689.464
b,1377,281705.73,2763716.597
b,1378,292126.8924,2761974.607
b,1379,282817.8268,2760136.488
b,1380,281857.125,2758119.667
b,1381,282453.861,2758208.688
b,1382,281838.3872,2757699.823
b,1405,249552.7836,2753031.965
b,1406,249900.9507,2734285.361
b,1407,268687.4528,2767329.58
c,201,217455.2144,2730745.218
c,202,213244.9704,2735145.224
c,203,214713.9139,2737244.329
c,204,233143.3216,2729609.069
c,205,216394.8156,2715974.381
c,206,218397.5785,2735192.307
c,207,213180.9931,2735044.31
c,208,213379.9421,2730928.632
c,217,245470.5728,2700357.241
c,218,246231.1714,2700557.14
c,219,246463.1805,2700415.653
c,220,246472.9257,2700549.699
c,221,248395.3687,2696876.754
c,225,247110.4005,2700849.759
c,226,277550.6481,2699060.882
c,230,277609.3023,2699040.995
c,232,283225.2825,2694843.872
c,250,288549.3606,2727406.559
c,251,281097.6585,2718554.651
c,252,292784.26,2712628.192
c,253,292784.9245,2712597.099
c,254,297667.0114,2729389.778
c,434,241361.6315,2828262.18
c,435,232491.1112,2813118.081
c,460,318819.5286,2824612.276
c,463,324268.5429,2814773.536
c,464,332008.6534,2825546.781
c,475,312773.0688,2755792.993
c,476,302616.445,2761987.834
c,477,322737.175,2754310.52
c,478,304869.3941,2755640.485
c,479,319631.1752,2766892.367
c,480,314045.8711,2753904.677
c,481,269356.4067,2773695.294
c,482,275860.4678,2770231.677
c,483,274579.5707,2770446.684
c,484,274833.3299,2770273.814
c,485,272322.5076,2769318.106
c,486,274401.1346,2769168.501
c,487,274882.063,2770593.447
c,488,274848.956,2770116.263
c,489,275316.6868,2770930.732
c,490,274841.8007,2770243.816
c,491,274758.6776,2769182.61
c,492,274897.3346,2770244.133
c,493,274738.1887,2770932.569
c,494,266470.4997,2775947.58
c,495,272531.3337,2769161.03
c,496,274681.2306,2770006.298
c,497,271422.3504,2766968.234
c,498,261214.1156,2770117.28
c,499,262985.4994,2775065.759
c,500,259525.1847,2778947.723
c,501,266468.5494,2768788.325
c,502,266274.9058,2768946.167
c,503,263881.881,2770173.102
c,504,258830.1993,2778388.031
c,505,261251.0372,2771987.714
c,506,259897.456,2767303.249
c,507,259380.268,2768266.667
c,508,259494.8294,2768002.057
c,509,258813.8258,2768787.679
c,510,261927.0081,2770526.309
c,511,324760.224,2736330.744
c,512,326300.2845,2736663.972
c,513,321463.1507,2742151.158
c,514,325270.3081,2751596.036
c,515,257078.626,2730582.829
c,516,261985.9908,2727643.053
c,517,257211.7415,2738565.217
c,518,267173.4193,2736850.307
c,519,253607.7376,2721707.309
c,520,244823.454,2736061.964
c,521,262819.1792,2746932.352
c,522,260452.606,2730462.021
c,523,267462.6057,2729649.334
c,524,259033.1265,2743559.127
c,525,253888.4079,2757414.569
c,526,230358.3043,2770514.265
c,527,239875.4756,2750350.751
c,528,242194.5053,2764447.876
c,529,240696.9447,2758287.923
c,530,225886.3697,2765231.196
c,531,232124.7167,2759777.165
c,532,250124.9614,2761278.519
c,533,246641.0004,2775114.402
c,534,251198.8595,2749817.033
c,535,246422.5307,2757841.984
c,536,231417.0167,2758994.133
c,537,229156.7065,2764975.8
c,538,236294.8358,2765026.71
c,539,251365.9419,2746184.379
c,540,246433.4333,2796152.609
c,541,244928.4743,2801809.53
c,542,245983.791,2798347.874
c,543,245136.8814,2801745.549
c,544,248134.516,2777830.518
c,545,248500.9661,2793768.21
c,546,244579.9448,2797545.323
c,550,243967.6977,2826978.426
c,551,248938.6209,2822758.199
c,552,304493.1092,2794276.733
c,553,310455.8755,2815536.897
c,554,286063.6274,2798805.916
c,555,294363.027,2799247.561
c,556,305104.0282,2806314.284
c,557,311884.0701,2800046.629
c,558,307048.3993,2801782.69
c,559,311767.5068,2801356.319
c,560,285998.4956,2771146.019
c,561,265560.3327,2791379.794
c,562,287428.4643,2773515.824
c,563,283678.8695,2781817.982
c,564,277349.5393,2802670.271
c,565,287529.7924,2773865.435
c,566,270591.2941,2776729.946
c,567,279240.2954,2780628.252
c,568,279844.2695,2771370.084
c,569,277322.7022,2774149.274
c,570,264896.8374,2783988.342
c,571,266983.8197,2780924.797
c,572,266376.9991,2780316.765
c,573,266396.5698,2781749.412
c,574,272180.2414,2761427.39
c,575,266464.273,2762702.578
c,576,269327.8649,2764661.074
c,577,274615.9816,2755950.565
c,578,269314.7842,2764584.339
c,579,274845.4317,2756144.108
c,580,276729.4761,2765331.569
c,581,279576.4263,2770221.059
c,582,277852.5286,2759675.214
c,583,272347.9639,2760972.691
c,584,275517.3397,2747526.539
c,585,279710.7934,2759748.355
c,586,284003.1271,2764970.13
c,587,282172.1592,2758002.317
c,588,286993.0292,2758108.863
c,589,269925.5207,2740822.492
c,590,278276.7181,2740828.837
c,591,289380.6373,2760409.922
c,592,284024.8129,2765313.286
c,612,272192.8407,2780467.275
c,613,273062.6521,2769622.345
c,616,275396.6847,2756140.739
c,617,263715.3187,2772493.411
c,618,250478.9856,2734788.912
c,619,253640.8243,2720227.525
c,620,257933.8525,2738844.776
c,621,261390.7695,2730686.645
c,622,313732.8087,2756107.983
c,623,327473.7664,2739416.283
c,624,263622.6463,2766664.967
c,625,266729.3389,2773435.668
c,627,244690.51,2758018.802
c,628,264327.7026,2772635.999
c,629,279897.9917,2762724.234
c,630,280506.6537,2760071.127
c,631,277531.8825,2765587.905
c,632,299116.9732,2761882.825
c,633,303490.2092,2762743.789
c,634,273611.6161,2779191.615
c,635,265173.6605,2773747.849
c,636,269894.5889,2772443.433
c,637,248237.4186,2792600.057
c,638,244690.51,2758018.802
d,42,251026.0909,2698217.413
d,75,312917.2276,2755620.543
d,76,314062.9533,2757551.414
d,77,276484.9698,2769834.522
d,78,276382.7914,2769742.398
d,79,274874.6219,2769410.02
d,80,269658.4935,2768149.315
d,81,260233.3416,2767099.103
d,82,263180.8973,2779626.135
d,83,264886.7399,2777795.685
d,84,263654.9177,2772518.454
d,85,265625.0811,2771680.096
d,86,326368.058,2750736.852
d,87,324819.1678,2747202.684
d,88,325884.9218,2740005.013
d,89,266050.6806,2730593.729
d,90,258219.95,2743165.147
d,91,246048.799,2757309.19
d,92,234904.7462,2757810.481
d,93,255940.6047,2761651.532
d,94,249268.3645,2750943.724
d,96,276618.7905,2775915.94
d,97,275096.2521,2778678.1
d,98,285203.3093,2768902.376
d,99,274536.7083,2768325.312
e,36,214989.7033,2725314.005
e,37,214862.0061,2734394.358
e,38,217348.7854,2742746.401
e,39,213110.0803,2734853.003
e,46,246620.0505,2699420.937
e,47,247260.1268,2699768.985
e,50,251609.0341,2700300.709
e,51,278995.9813,2706607.934
e,92,272753.0248,2728997.556
e,116,238777.5336,2824007.201
e,121,321869.4548,2765853.376
e,122,310335.4668,2743274.375
e,123,314003.3671,2762550.175
e,124,321711.259,2766088.693
e,125,315912.9131,2758017.312
e,126,327579.2708,2738064.661
e,127,263598.2882,2728233.951
e,128,272000.4883,2732759.878
e,129,265536.2335,2730543.923
e,130,253165.8595,2713599.519
e,131,257592.7269,2758101.047
e,132,239359.6557,2758881.923
e,133,251403.547,2749741.841
e,134,245127.7969,2799694.226
e,135,247067.4691,2796475.4
e,136,248874.6292,2807080.057
e,137,248903.9981,2806720.204
e,138,248744.7927,2806164.667
e,139,246740.1755,2796878.399
e,140,303722.4722,2800835.396
e,141,300843.4758,2791076.216
e,142,306456.0895,2803591.333
e,143,301980.7636,2791942.837
e,144,301989.2106,2792232.942
e,145,303278.9933,2793684.343
e,146,302258.365,2793329.754
e,147,306454.526,2803197.967
e,148,302258.365,2793329.754
e,149,288313.6383,2773125.321
e,150,286728.2868,2769254.301
e,151,289979.4277,2762183.405
e,152,282604.8176,2759764.354
f,251,227975.2367,2711420.982
f,254,245178.0179,2707210.43
f,255,259538.4607,2705826.447
f,256,244196.7442,2701856.522
f,257,260062.8679,2700895.124
f,269,298163.4846,2740438.915
f,330,239748.0204,2826318.271
f,333,328625.2916,2810217.158
f,334,334008.7961,2813072.942
f,336,333744.5464,2812923.581
f,375,258125.956,2764962.182
f,376,260527.798,2767981.978
f,377,324439.4533,2720702.362
f,378,328943.4355,2734508.529
f,379,235229.1615,2780966.013
f,380,227436.1359,2783664.09
f,381,273258.4951,2815710.01
f,382,306241.554,2790755.989
g,25,249804.8867,2702414.325
g,27,251675.7155,2703339.427
g,29,249179.7136,2702148.106
g,45,227221.7105,2781177.55
g,52,300896.4353,2762149.674
g,53,261467.8199,2771570.18
g,54,230565.1154,2769079.606
g,55,235384.8808,2762160.466
g,56,234764.9565,2760224.046
g,57,251750.539,2750578.261
g,58,258979.7623,2788976.203
g,59,314151.848,2800031.506
g,60,301206.186,2780822.148
g,61,297341.1629,2785894.112
g,62,303280.0331,2792446.79
g,63,264811.5506,2789136.339
g,64,281870.4242,2759273.998
g,65,286431.6649,2750716.888
g,66,284831.1448,2766172.272
g,69,302228.8185,2762490.611
h,275,313893.831,2700880.318
h,378,214506.538,2734100.198
h,379,216460.9759,2737015.677
h,380,216439.1365,2743699.641
h,381,219275.7544,2747360.919
h,382,215440.0734,2738280.39
h,383,215865.4987,2736754.123
h,384,215656.298,2735688.634
h,385,213309.071,2734721.397
h,386,215000.8822,2723233.666
h,387,215030.1459,2722186.701
h,388,216260.2674,2743518.242
h,389,218006.8978,2748753.749
h,390,216813.9627,2714485.977
h,391,212037.5805,2710273.333
h,392,213574.2055,2736728.028
h,393,214631.9773,2734440.355
h,394,213125.663,2734083.433
h,395,213771.4546,2734402.666
h,396,214541.1996,2734513.051
h,397,214018.0475,2734627.918
h,398,215709.5109,2736061.073
h,399,212218.4476,2734197.388
h,400,214165.8338,2734332.325
h,401,218038.0025,2743440.88
h,402,213539.097,2734335.406
h,403,212506.6887,2734122.737
h,404,217606.4692,2749551.199
h,405,215576.1469,2736826.577
h,406,213696.6278,2734075.943
h,407,217815.395,2743883.313
h,408,216096.9661,2735943.193
h,409,218471.0394,2743775.702
h,410,215881.7492,2738491.802
h,411,234595.705,2732586.81
h,420,247491.6815,2700103.457
h,421,250221.7518,2708411.987
h,422,246860.6433,2700224.706
h,423,254404.8106,2703076.254
h,424,248272.2329,2704391.911
h,425,244500.9764,2696752.939
h,426,251302.3391,2708716.307
h,427,244166.9077,2696805.491
h,428,249297.4143,2703230.846
h,429,244313.2105,2699114.809
h,431,251524.4873,2698738.39
h,432,246932.6224,2700997.031
h,439,264369.8376,2708655.737
h,455,297179.7408,2730689.407
h,456,297278.2599,2731100.976
h,457,273305.3066,2731019.718
h,458,273265.9177,2730777.814
h,459,273576.0639,2730480.031
h,460,273004.4589,2727987.425
h,783,216922.9445,2762865.061
h,786,222882.0838,2792640.698
h,788,216601.2928,2766665.955
h,835,230582.3275,2813116.229
h,836,232765.0771,2816509.088
h,837,241053.1053,2826555.544
h,839,232358.9323,2816780.165
h,841,235067.0753,2819454.266
h,843,240387.1708,2823471.91
h,896,314551.3878,2818542.032
h,905,319951.3333,2766609.038
h,906,319605.5487,2766650.215
h,907,316310.1962,2759395.554
h,908,316090.1937,2760774.377
h,909,316212.2174,2759621.819
h,910,316405.5554,2759958.043
h,911,320085.7151,2767912.35
h,912,320346.4583,2763703.502
h,913,318109.3944,2763460.698
h,914,321376.5795,2763329.062
h,915,320325.1368,2766245.309
h,916,302376.9774,2762833.313
h,917,320336.3241,2765623.551
h,918,303866.1918,2763291.698
h,919,320962.8666,2767381.079
h,920,322023.2893,2753715.997
h,921,318713.743,2766393.974
h,922,305004.1447,2768377.409
h,923,317792.7069,2765756.898
h,924,276625.8359,2769942.106
h,925,276804.2394,2769669.856
h,926,259640.2579,2770304.66
h,927,264798.6808,2780469.259
h,928,262764.7367,2779838.41
h,929,257466.224,2767791.925
h,930,259905.1625,2767742.102
h,931,264262.4048,2779329.063
h,932,257889.578,2764289.092
h,933,264906.708,2780363.032
h,934,255272.7516,2765208.697
h,935,260529.5244,2768792.909
h,936,259385.3141,2768218.861
h,937,259797.3517,2767752.924
h,938,259349.7495,2768318.307
h,939,264790.6304,2780116.921
h,940,264819.4033,2780273.729
h,941,256705.1932,2762934.607
h,942,258200.699,2768491.28
h,943,265320.0076,2779106.991
h,946,326255.2706,2750275.168
h,947,323544.5483,2734131.893
h,948,326072.0474,2737510.572
h,949,329000.5059,2747926.833
h,950,325780.2845,2745170.066
h,951,329649.1205,2734707.842
h,953,249959.2968,2733840.105
h,954,267248.8924,2729048.982
h,955,253865.742,2735280.805
h,956,249636.1703,2734729.173
h,957,255788.734,2738475.125
h,958,249787.2335,2742195.362
h,959,251867.0427,2750481.033
h,960,247831.33,2749551.323
h,961,236381.4351,2759592.788
h,962,250458.2471,2759942.473
h,963,248372.6839,2758191.858
h,964,244509.3974,2755292.831
h,965,239688.3319,2760119.25
h,966,247412.3635,2757910.247
h,967,235958.2989,2762185.738
h,968,248453.9069,2760905.772
h,969,249109.3895,2761399.28
h,970,239646.0911,2762684.162
h,971,249999.5935,2744469.978
h,972,235745.4944,2758104.326
h,973,247839.1419,2751466.11
h,974,231350.1085,2760423.221
h,975,248211.8441,2756693.026
h,976,246699.7072,2762557.176
h,977,234257.7658,2760057.128
h,978,246006.856,2757713.28
h,979,245196.1034,2747498.285
h,980,250771.6338,2747614.638
h,981,254301.088,2762113.979
h,982,231178.8236,2764056.851
h,983,248454.0288,2752615.278
h,984,251218.6948,2747490.698
h,985,249585.4779,2750024.921
h,986,253120.5215,2792650.509
h,987,227509.1329,2783586.259
h,988,244375.9273,2797741.924
h,989,246354.6214,2799156.626
h,990,258363.651,2790851.258
h,991,257717.0346,2794592.243
h,992,258915.1607,2791405.733
h,993,248353.0245,2793958.77
h,994,258450.0473,2791000.568
h,995,258342.6971,2791026.804
h,996,257503.1806,2791329.97
h,997,257016.8487,2791305.439
h,998,227888.0249,2782911.384
h,999,246556.2115,2799099.575
h,1000,245473.6608,2799566.869
h,1001,229127.5038,2802469.66
h,1002,247312.143,2816943.733
h,1003,250170.4637,2821824.071
h,1004,267994.9015,2817858.965
h,1007,248696.8937,2824940.79
h,1008,253666.272,2822691.495
h,1009,314340.8832,2804026.614
h,1010,303699.7821,2792687.831
h,1011,300553.7735,2796868.793
h,1012,308714.0279,2817957.004
h,1013,306486.7584,2790969.147
h,1014,307415.6855,2800495.311
h,1015,304182.4019,2823636.688
h,1016,316185.8525,2800375.089
h,1017,314850.3641,2797868.259
h,1018,303824.5186,2793162.447
h,1019,305998.0121,2791031.538
h,1020,288484.3045,2777815.545
h,1021,265786.337,2779412.644
h,1022,267324.0125,2781169.241
h,1023,266477.9557,2782131.271
h,1024,265897.9253,2779447.356
h,1025,267140.9171,2783976.151
h,1026,280356.7243,2771082.65
h,1027,267377.7034,2783846.804
h,1028,277476.7336,2776611.1
h,1029,266617.8059,2794819.642
h,1030,281938.7532,2766156.189
h,1031,281703.9138,2763778.802
h,1032,282551.7455,2759355.212
h,1033,295509.7925,2757984.863
h,1034,281947.8205,2758986.824
h,1035,277124.5358,2756730.071
i,170,314975.3573,2703111.414
i,262,217341.8886,2730748.756
i,263,220367.5066,2750165.559
i,264,217537.2294,2730834.388
i,265,217644.5332,2731184.789
i,266,217775.799,2731011.525
i,267,214630.6442,2725445.154
i,268,212101.0625,2731319.592
i,269,212706.2234,2733474.377
i,270,212179.6276,2731010.016
i,271,217699.8741,2731318.845
i,273,232221.5618,2740092.542
i,274,229945.2087,2733818.622
i,275,230881.2466,2723380.235
i,276,220073.1907,2749012.167
i,277,232761.3488,2729294.307
i,282,252823.4344,2703275.772
i,286,250108.5839,2703482.362
i,287,249046.5281,2701730.278
i,288,249758.159,2706764.672
i,290,250666.3244,2702653.591
i,291,249764.3307,2701988.993
i,292,248921.3653,2703527.861
i,295,246299.4403,2696055.469
i,298,278115.8,2703290.094
i,325,294580.022,2732990.91
i,326,272455.6789,2730266.881
i,327,294362.9596,2733028.596
i,328,294542.7939,2733002.541
i,329,290356.0885,2730165.717
i,330,294459.0463,2733023.787
i,331,294168.1746,2733203.217
i,538,214605.7251,2764095.06
i,539,218477.4378,2764191.065
i,556,238502.0754,2825808.377
i,557,234365.4734,2819708.661
i,558,226482.1413,2811875.613
i,612,314824.1094,2818616.822
i,614,314573.9089,2817474.498
i,615,315587.2107,2821140.984
i,627,312909.2262,2748715.373
i,628,304550.5113,2766559.509
i,629,312301.8486,2760636.466
i,630,311400.9821,2757189.823
i,631,311345.8724,2749427.869
i,632,315302.8714,2754198.848
i,633,302492.204,2761855.441
i,634,302674.6535,2761821.73
i,635,305883.3861,2763681.499
i,636,302675.9356,2762690.512
i,637,304341.0555,2763521.877
i,638,317460.7207,2766308.474
i,639,312507.6359,2756271.761
i,640,311252.0829,2763699.685
i,641,312790.8664,2752957.88
i,642,315620.2452,2754129.348
i,643,312796.3995,2756331.215
i,644,315477.5454,2757798.206
i,645,301425.0926,2762097.991
i,646,268692.8916,2771720.725
i,647,269478.3818,2773131.445
i,648,269126.4932,2768289.116
i,649,265937.8457,2773956.402
i,650,263719.648,2773455.014
i,651,258962.4266,2778224.99
i,652,252108.4534,2775193.976
i,653,253857.526,2779255.325
i,654,257187.0725,2767553.984
i,655,250252.284,2774663.533
i,656,255941.8855,2763015.605
i,657,250719.8331,2774715.011
i,658,326175.631,2742529.848
i,660,325582.1891,2750775.714
i,661,323868.7302,2739925.667
i,662,325560.6556,2742503.138
i,663,325658.1642,2741993.569
i,664,325505.7246,2741534.544
i,666,253155.4677,2718929.037
i,667,255386.6592,2729674.856
i,668,255554.0896,2743297.655
i,669,252989.6805,2717706.455
i,670,253253.0678,2718031.802
i,671,251435.1887,2722493.961
i,672,253422.15,2718661.733
i,673,253454.5832,2718824.007
i,674,256015.2719,2735599.577
i,675,252778.3388,2718014.96
i,676,253037.4264,2718160.907
i,677,253405.0889,2718429.307
i,678,257161.8978,2741569.387
i,679,255866.9092,2745412.254
i,680,249641.344,2733894.484
i,681,256320.3835,2731407.273
i,682,253194.5988,2717989.738
i,683,238815.1485,2760218.058
i,684,248144.3278,2757589.545
i,685,248915.1187,2755351.092
i,686,248711.4731,2758309.723
i,687,222138.4678,2757403.035
i,688,224386.0553,2764751.701
i,689,248472.3487,2759324.834
i,690,239537.4683,2752842.399
i,691,246666.2027,2756683.58
i,692,250757.6351,2744662.535
i,693,234297.5036,2749865.467
i,694,224711.4109,2763636.613
i,695,249168.4354,2748942.587
i,696,251954.0591,2746262.453
i,697,245830.2521,2794688.531
i,698,250426.4228,2778260.282
i,699,261139.7297,2803017.409
i,700,254002.3227,2791801.049
i,701,227265.0267,2803345.757
i,702,251048.6515,2793191.535
i,703,250677.0716,2776362.591
i,704,254440.7062,2792300.764
i,705,249794.9726,2777185.696
i,706,254053.2964,2791955.289
i,707,244750.2846,2796855.809
i,708,249355.6613,2777171.607
i,709,253833.916,2791919.252
i,710,253761.5525,2791820.819
i,711,254135.944,2791448.265
i,712,254925.6115,2792229.787
i,715,267087.6566,2817647.516
i,716,249038.3651,2820464.367
i,717,248629.0754,2820412.01
i,719,305295.1756,2801701.125
i,720,300245.7425,2785888.588
i,721,306553.9814,2791147.612
i,722,308027.6841,2804924.855
i,723,295753.7348,2787145.035
i,724,302966.9827,2794477.699
i,725,300432.8234,2794874.963
i,726,311917.9324,2816056.735
i,727,293494.5269,2785508.903
i,728,302006.2765,2794048.85
i,729,300061.2707,2795300.568
i,730,304160.1535,2793955.933
i,731,302499.2421,2794723.97
i,732,303457.4854,2805375.209
i,733,302904.3843,2799776.895
i,734,303956.2822,2792288.015
i,735,303086.7792,2794190.036
i,736,307079.6822,2791831.342
i,737,302884.9205,2793686.695
i,738,300507.8435,2794932.642
i,739,304016.3112,2793532.99
i,740,302707.1243,2794757.559
i,741,311741.1165,2815504.321
i,742,296007.9132,2786280.964
i,743,303533.2327,2781592.817
i,744,287626.5005,2772676.164
i,745,277851.4189,2776691.479
i,746,286725.2641,2771969.067
i,747,286875.3498,2772153.86
i,748,289586.7266,2774722.428
i,749,271454.1015,2781883.839
i,750,281481.6227,2780041.385
i,751,287139.8839,2772288.237
i,752,287176.7503,2772961.417
i,753,275842.2114,2764875.124
i,754,281160.4916,2764096.507
i,755,286113.3,2769578.479
i,756,284884.653,2769895.718
i,757,261839.9381,2755690.825
i,758,262199.5478,2756141.118
i,759,262148.1003,2756169.714
i,760,284781.1725,2769859.797
i,761,274137.7458,2763373.925
i,762,274118.9793,2763273.58
i,763,277410.7001,2759653.751
i,764,274101.6273,2767728.561
i,765,282771.3292,2769439.458
i,766,284724.6163,2769670.164
i,767,279149.5338,2763903.509
i,768,277556.5552,2757483.823
i,769,279530.5116,2741661.987
i,770,279299.2013,2742258.492
i,771,281989.6738,2757611.236
i,772,282023.7908,2757673.793
i,773,282245.0397,2757607.183
i,774,282031.8101,2758178.758
i,775,282524.5056,2758203.26
i,776,282008.8713,2758183.739
i,777,276155.5313,2743472.561
i,778,279232.0954,2741276.776
i,779,290174.6951,2762127.167
i,780,282087.243,2757710.336
i,781,281226.2406,2763277.633
i,782,282110.3955,2757648.102
i,783,279914.3124,2741427.794
i,784,281699.3385,2763174.975
i,785,292389.2246,2761752.109
i,786,292608.4623,2761499.49
i,787,282273.228,2756641.492
i,788,295081.5623,2761518.919
i,789,280769.0494,2742742.753
i,826,313160.0499,2757555.698
i,827,327753.9759,2741778.395
